index,title,description,difficulty,certificate_available,students_count,price,rating,reviews_count,source,course
82541,"""Поколение Python"": курс для профессионалов","Курс продолжает серию ""Поколение Python"" и рассказывает о дополнительных возможностях языка Python, а тренировочные задачи помогают закрепить каждую тему.",Продвинутый уровень,True,15164,7900,5.0,1647,stepik,Python
189436,Асинхронность в Python: от новичка до эксперта,"Курс для тех, кто хочет не просто «пользоваться», а «понимать»! Глубокое погружение в асинхронное программирование на Python через практику: от основ до профессионального уровня, от простых задач к сложным сценариям. 🏆 От лауреата Stepik Awards.",Средний уровень,True,607,3700,5.0,16,stepik,Python
52054,Полный курс Python для начинающих + ООП,"Полный курс Python для начинающих с задачами. Обучение языку Python по коротким видео-урокам с большим количеством практики на тренажере. На курсе вы познакомитесь не только с основами языка, но и научитесь программировать. На курсе рассматривается Python 3 (третье поколение Python).",Начальный уровень,True,944,4790,4.6,36,stepik,Python
234245,Лучший по Python,"Самый интересный курс для тех, кто хочет начать программировать! Курс уникален по 5 причинам: 1. Захватывающий сюжет. 2. Всё обучение — в форме диалога! 3. Все задачи взяты из реальной жизни! 4. В курсе нет сложной математики и непонятной теории! 5. Такого или похожего курса не существует :)",Начальный уровень,False,191,4300,5.0,5,stepik,Python
190099,Многопроцессорный Python,"Курс проведёт вас от основ до эксперта в многопроцессорном программировании. Курс от двукратного лауреата премии🏆Stepik Awards в престижных номинациях: 🥇""Прорыв Года"" и 🥇""Лучший платный курс"". Курс содержит все что вам нужно знать о multiprocessing в python.",Начальный уровень,True,800,2900,4.9,26,stepik,Python
130664,"Полный Курс Python 3: от Новичка до Мастера (Питон, Пайтон)",Для начинающих и не только! Базовый + Продвинутый Курс Python. Начните с нуля и пройдите путь до специалиста по Python. 🔥Оперативная поддержка автора!🔥,Начальный уровень,True,3523,500,4.8,85,stepik,Python
173184,Практический Тренажер по Python,"Курс включает в себя разнообразные практические задачи по программированию, которые помогут улучшить ваш уровень программирования на Python. Вы столкнетесь как с классическими задачами, так и с теми, которые встречаются на собеседованиях в таких крупных компаниях, как Google, Amazon, Apple, Twitter и Microsoft. Это позволит вам разносторонне развить навыки работы с переменными, типами данных, условными конструкциями, циклами, функциями и различными алгоритмами.",Средний уровень,True,1155,1299,4.5,15,stepik,Python
114837,Основы Python для исследований и анализа данных,"Данный курс предназначен для тех, кто никогда не сталкивался с данными или с программированием. Но также он будет полезен для тех, кто занимается исследованиями в социально-гуманитарных дисциплинах.",Начальный уровень,True,689,3500,5.0,10,stepik,Python
134773,Программирование на Python с Нуля + Работа с SQL — Stepik,"ДОМАШНИЕ ЗАДАНИЯ ПРОВЕРЯЮТСЯ ЛИЧНО АВТОРОМ + более 250 задач на программирование и тестов! Данный курс подходит для тех, кто желает изучить программирование на Python 3, работу с базами данных и SQL-запросами! Так же он подойдет для тех кто уже работает разработчиком, тестировщиком или в сфере IT и планирует сменить направление.",Начальный уровень,False,9094,3144,5.0,60,stepik,Python
193773,Курс Python-разработчик с Нуля до Open Source:Линтеры.Git.Github,"3 часа видео-лекции! 👍 Оперативная поддержка автора!🔥 200 заданий на практику 🏆 Этот курс - лучший способ начать с нуля и стать специалистом в Python и Github! Курс подойдёт ДЛЯ ВСЕХ кто пишет на Python с Нуля,включая Data Sciene и ML-engineer,Машинное обучение. Я собрал в нём весь свой семилетний опыт работы.  В 2025 году изучение python с нуля требует установки линтеров, например Pylint,black,mypy, а так же знаний Github и open source, CI/CD. 🔥 Почитайте отзывы и записывайтесь!",Начальный уровень,True,96,1890,4.9,15,stepik,Python
104774,WEB Парсинг на Python,"Курс победитель🥇Stepik Awards в номинации ""Прорыв года""
 Практический курс синхронного и асинхронного веб-парсинга на Python, потренируетесь собирать информацию c веб-cайтов и Telegram чатов, а в модуле Selenium научитесь автоматизировать действия в браузере, и обходить captcha. Не упустите свой шанс стать частью нашего сообщества. Запишитесь на курс уже сегодня и начните свое путешествие в мир парсинга на Python!",Средний уровень,True,5087,4900,4.9,166,stepik,Python
170777,Асинхронный Python,"Курс победитель 🏆Stepik Awards в номинации ""Лучший платный курс"". Курс содержит всё, что вам нужно знать о asyncio в Python, от основ до продвинутых тем. Вы получите доступ к обширному набору материалов и задач, которые постоянно обновляются и дополняются, чтобы оставаться актуальными и полезными.   Не упустите свой шанс стать частью нашего сообщества. Запишитесь на курс уже сегодня и начните свое путешествие в мир асинхронного Python!",Начальный уровень,True,3841,3900,4.8,172,stepik,Python
182023,Осознанный Python — ООП,"Погружайтесь в мир Объектно-Ориентированного Программирования с нашим увлекательным курсом на языке Python! Легко усваивайте материал благодаря простым объяснениям, множеству практических примеров и интересных заданий. Ощутите поддержку автора и наслаждайтесь уникальной сюжетной линией, которая поднимет настроение даже в сложные моменты. Вас ждет ""ламповая"" атмосфера тепла и доброты, которая сделает обучение не только полезным, но и приятным. Присоединяйтесь и начните свое путешествие в ООП уже сегодня!",Средний уровень,True,2077,1000,4.9,171,stepik,Python
98974,"""Поколение Python"": ООП","Курс продолжает серию ""Поколение Python"" и рассказывает о концепции объектно-ориентированного программирования на языке Python",Средний уровень,True,8011,7900,4.9,736,stepik,Python
100575,"""Поколение Python"": алгоритмы и структуры данных для начинающих","Курс включает такие темы, как анализ алгоритмов, алгоритмы поиска и сортировки, методы оптимизации, задачи с матрицами, системы счисления, математические алгоритмы и структуры данных. Он подходит как начинающим, так и продвинутым программистам, которые хотят улучшить свои знания и прорешать много задач. В курсе есть тестовые алгоритмические собеседования, которые помогут оценить свой уровень подготовки и потренироваться в решении задач разной сложности в условиях, приближенных к реальным.",Начальный уровень,True,2029,7900,5.0,53,stepik,Python
172356,Многопоточность в Python: от новичка до эксперта,"Все о многопоточном программировании на Python: от основ работы с потоками и пулами до современных возможностей Python 3.14. Освойте субинтерпретаторы и free-threaded сборки, чтобы добиться настоящего параллелизма в ваших приложениях. 🏆 Исчерпывающий и актуальный курс по поточной многозадачности от лауреата премии Stepik Awards.",Средний уровень,True,1960,3200,5.0,108,stepik,Python
190100,Многопоточный Python,"Курс от двукратного лауреата премии🏆Stepik Awards в престижных номинациях: 🥇""Прорыв Года"" и 🥇""Лучший платный курс"". Курс содержит всё что вам необходимо знать о multithreading в python, от простых до продвинутых тем. Запишитесь сегодня, чтобы уже завтра начать использовать многопоточность в своих приложениях.",Начальный уровень,True,1737,2900,4.9,48,stepik,Python
103603,Шаблоны проектирования на Python — Stepik,Курс даёт всеобъемлющий обзор GoF паттернов (шаблонов) проектирования на практике на языке программирования Python.,,False,1251,1990,3.4,10,stepik,Python
237150,"Игра ""Змейка"" за час: Python + Tkinter (GUI)",Создайте свою игру на Python всего за 1 час! В этом курсе вы шаг за шагом разработаете классическую игру «Змейка» — отличный проект для вашего портфолио!,Средний уровень,True,1101,350,5.0,49,stepik,Python
101042,Django 3 - Full Stack разработка веб-сайтов на Python,"Создайте 3 крутых веб-сайта, изучите Back и Frond End веб разработку, сверстайте сайты с HTML5, CSS3 и Bootstrap 4",Начальный уровень,False,1061,1990,4.3,27,stepik,Python
192296,Python [START] — Stepik,"Полный курс Python [START]. Начните погружение в IT с Python - одного из самых популярных и востребованных языков программирования в мире. Курс для людей, которые хотят научиться программировать.",Начальный уровень,False,933,2500,4.7,34,stepik,Python
113983,Профессия Python-разработчик — Stepik,"Python — лучший язык для того, чтобы войти в IT. Прост в освоении. Используется в разработке веб-приложений, различных скриптов, ботов, в машинном обучении и научных вычислениях. Вы на хорошем уровне изучите сам язык и научитесь писать веб-приложения: создадите сайт, генерирующий пароли, сайт с блогом и сайт с личным портфолио. Вы научитесь работать с базами данных (БД): сможете писать код на языке SQL, а так же опрашивать БД на стороне приложения, написанного на Python.",Начальный уровень,False,893,8900,4.4,7,stepik,Python
188951,Многопроцессность в Python: от новичка до эксперта,"Все о многопроцессном программировании на Python в теории и на практике от А до Я. Создание и управление процессами, работа с пулом процессов, межпроцессное взаимодействие. Курс полностью раскрывает тему процессной многозадачности. Победитель 🏆 Stepik Awards 2024 в номинации ""Лучший платный курс"".",Средний уровень,True,946,2900,4.8,36,stepik,Python
227627,Лучший по Python. Часть 3,"Продолжение легендарной 1 части!
 
 Курс уникален по 5 причинам: 
 1. Захватывающий сюжет.
 2. Всё обучение — в форме диалога!
 3. Все задачи взяты из реальной жизни!
 4. В курсе нет сложной математики и непонятной теории!
 5. Такого или похожего курса не существует :)",Средний уровень,True,961,2100,5.0,123,stepik,Python
180018,Разработка backend-приложений на Django: полный курс.,"В этом курсе углублённо рассматривается процесс разработки веб-приложений с помощью Django и Django REST Framework с нуля. Начальные знания по Django не требуются. Мы научимся создавать проекты и приложения Django, разберём ORM, индексы базы данных PostgreSQL. Разработаем приложение через тестирование, создадим CRUD проект с HTMX, Веб-Чат с Сhannels и WebSocket, изучим Celery, Redis, интернационализацию, локализацию, кэширование и Docker. Выполним деплой проектов.",Начальный уровень,False,800,3999,5.0,19,stepik,Python
181396,Python Exclusive — Stepik,"Курс ""Введение в программирование на Python"" подготовит вас к основам программирования, позволит понять логику программирования и научит вас использовать язык Python для создания простых программ и автоматизации задач.",Средний уровень,False,757,589,4.8,20,stepik,Python
211376,Python. Часть 1 (Базовый python и условные операторы) — Stepik,"🔥 Освой Python с нуля и начни думать как разработчик! Легко, понятно и с примерами из реальной жизни — этот курс шаг за шагом проведёт тебя от первых строк кода до уверенного понимания логики программирования. 🚀 Без скучной теории — только практика, понятные объяснения и моментальные результаты. 🧠💻",Начальный уровень,False,687,550,4.7,43,stepik,Python
243826,"Алгоритмы в Python — просто, наглядно, с нуля! — Stepik","🚀 Освой поиск 🔎, сортировки 📊, рекурсию 🔁 и графы 🕸️ на практике. Решай задачи, как профи 🧠, готовься к собеседованиям и уверенно прокачивай навык алгоритмического мышления. Всё понятно, без скучной теории и с примерами на Python!",Средний уровень,False,625,1550,5.0,9,stepik,Python
168486,Python - Модуль 4 (ООП) — Stepik,"""Программирование на Python: Модуль 4"" предоставляет студентам углубленное понимание объектно-ориентированного программирования, наследования, обработки ошибок, а также навыки разработки проектов с использованием библиотек и машинного обучения на языке Python. Курс целенаправленно формирует глубокие знания в этих областях, позволяя студентам успешно разрабатывать программы, а также создавать и применять свои собственные проекты с использованием современных технологий программирования.",Средний уровень,False,627,300,4.6,35,stepik,Python
133721,Роадмап деда-программиста. Python бэкенд с 0 до джуна. — Stepik,"Подробное пошаговое руководство (роадмап) по самостоятельному освоению профессии ""Python бэкенд-разработчик"".
  
 Рассказываю простыми словами что изучать, для чего, насколько глубоко. 
 Что можно пропустить, а что суперважно. 
 Сколько времени уйдет на каждую тему. 
 На каких бесплатных ресурсах изучать и почему именно там.
 Рассказываю о своем опыте самообучения.
 И главное, по каждой теме - даю реальные вопросы из собеседований.",Начальный уровень,False,516,3000,4.5,2,stepik,Python
181030,Python — Stepik,"""Python START"" - это курс по программированию на языке Python, предназначенный для новичков в области разработки программного обеспечения. Курс охватывает основы языка Python, начиная с основ синтаксиса и структур данных, и прогрессирует к более сложным темам, таким как функции и обработка исключений.",Начальный уровень,False,464,1380,4.7,9,stepik,Python
57382,Алгоритмы на Python,Алгоритмы и структуры данных на языке Python.  Погружаемся в серьезное программирование алгоритмов и решаем сложные задачи.,Средний уровень,True,472,5900,5.0,6,stepik,Python
175020,Selenium на Python за 3 часа — Stepik,"На курсе вы научитесь применять Selenium на практике, применяя различные локаторы, техники и изучите паттерн Page Object. А также научитесь скрейпингу с помощью BeautifulSoup.",Начальный уровень,False,452,990,4.2,9,stepik,Python
241971,Лучший по Python. Часть 4 — Stepik,"Продолжение легендарной 1 части!
 
 Курс уникален по 5 причинам: 
 1. Захватывающий сюжет.
 2. Всё обучение — в форме диалога!
 3. Все задачи взяты из реальной жизни!
 4. В курсе нет сложной математики и непонятной теории!
 5. Такого или похожего курса не существует :)",Средний уровень,False,491,3000,5.0,14,stepik,Python
191266,Многопоточное и многопроцессное программирование в Python,Все о многопоточном и многопроцессном программировании на Python. Поточная и процессная многозадачность в теории и на практике от А до Я.,Средний уровень,True,365,4900,4.8,16,stepik,Python
213611,"Python. Часть 4 (Функции, замыкание и декораторы)","Курс «Функции и декораторы в Python» поможет вам углубить знания о функциях, замыканиях, лямбда-выражениях и генераторах. Вы научитесь создавать гибкие и многократно используемые функции, освоите принципы работы с декораторами и генераторами, а также поймёте, как применить эти инструменты в реальных задачах.",Начальный уровень,True,336,1450,4.9,23,stepik,Python
185238,Python в нескучных примерах (50) — Stepik,"Для того чтобы научится программировать - нужно много программировать, совершать ошибки, править код, узнавать как можно сделать код лучше, делать код лучше, и продолжать программировать. В этом курсе нет воды, только большое количество примеров на основании которых вы можете написать много своего кода и стать лучше. Рекомендуем брать пример и расширять его, и свою версию выкладывать на github, потом вы сможете использовать эти переработанные примеры как свое портфолио для фриланса или для найма на работу.",Начальный уровень,False,329,1990,4.7,7,stepik,Python
211817,Python. Часть 2 (Списки и циклы) — Stepik,"🐍 Освой списки и циклы в Python — шаг к настоящему программистскому мышлению! Добавляй, перебирай, считай и управляй потоком кода без страха и багов. Научись писать элегантные циклы, работать с массивами данных и понимать, что на самом деле происходит под капотом Python. 🚀",Начальный уровень,False,297,1450,4.9,32,stepik,Python
138133,Python - Модуль 2 (Функции),"Практический курс для освоения языка Python. Подойдет для первого ознакомления и позволяет получить основные практические навыки по темам:
 1 Списки, множества, кортежи
 2 Словари
 3 Функции",,True,291,200,4.8,39,stepik,Python
211999,Python. Часть 3 (Словари и обработка наборов данных) — Stepik,"🚀 Освой работу со словарями и наборами данных в Python! Этот курс научит тебя превращать хаос в порядок: создавать и комбинировать словари, работать с кортежами и списками словарей, использовать enumerate, zip, collections, itertools и json. Минимум теории — максимум практики и понятных примеров 💡",Начальный уровень,False,285,1450,4.9,27,stepik,Python
145339,Python - Модуль 3 (Библиотеки и файлы),"Курс охватывает базовые концепции работы с модулями Python, основные операции с файлами различных форматов и основы работы с ресурсами Интернет, такими как HTTP запросы, парсинг HTML и работа с регулярными выражениями. В конце предусмотрены две части аттестации для проверки полученных знаний.",Начальный уровень,True,291,200,4.8,10,stepik,Python
187914,Python: самый быстрый курс — Stepik,"Перед Вами самый быстрый курс по Python, тут есть все что нужно чтобы начать программировать на Python. Для тех кому некогда, но очень надо выучить Python или подтянуть базу перед собеседованием. Уже 389 позитивных оценок уроков. Мы отвечаем на все ваши комментарии и вопросы в курсе.",Начальный уровень,False,284,1990,4.7,19,stepik,Python
247604,109 задач по python — Stepik,"Хочешь уверенно писать на Python и не теряться перед задачами на собеседовании? Этот курс — твой идеальный тренажёр. 💪 Внутри тебя ждут 109 продуманных заданий: от простых разминок до настоящих головоломок. Никакой воды — только практика, автоматическая проверка и удовольствие от роста. 🧠🔥 Подойдёт всем, кто хочет прокачать навыки и чувствовать себя уверенно в коде.",Начальный уровень,False,276,1400,5.0,9,stepik,Python
199199,Пакет 2в1: Асинхронный и Многопоточный Python — Stepik,"Стоимость курсов в пакете всегда ниже, чем курсы по отдельности. Добро пожаловать в объединенный пакет курсов -  ""Асинхронный и Многопоточный Python"".Созданный специально для начинающих и продолжающих программистов, стремящихся углубить свои знания.",Средний уровень,False,244,5500,5.0,1,stepik,Python
228563,PROкод: курс по ООП на Python — Stepik,"Погружение в объектно-ориентированное программирование на Python: классы, магические методы, наследование, исключения, data classes. Всё разберем последовательно, с примерами, практикой и без перегрузки теорией. Более 270 задач на программирование. Подойдёт тем, кто уже освоил базовый Python и хочет разобраться, как устроены настоящие программы изнутри.",Средний уровень,False,211,2500,5.0,6,stepik,Python
211111,"Пакет 3в1: Асинхронный, Многопоточный и Многопроцессорный Python — Stepik","В этом пакете курс получивший награду 🏆Stepik Awards в престижной номинации 🥇""Лучший платный курс"".",Средний уровень,False,189,9000,5.0,3,stepik,Python
231086,"Асинхронноcть, многопоточность и многопроцессность в Python — Stepik","Освойте мощные инструменты Python для создания высокопроизводительных приложений! Этот пакет курсов охватывает все аспекты многозадачности: от асинхронного программирования и работы с потоками до параллельных вычислений с использованием процессов. Вы научитесь эффективно решать задачи, требующие кооперативной многозадачности, конкурентного выполнения и настоящего параллелизма. В этом пакете курс получивший награду 🏆 Stepik Awards 2024 в номинации ""Лучший платный курс"".",Средний уровень,False,212,7800,5.0,3,stepik,Python
233342,"""Поколение Python"": профи + ООП — Stepik","Программа содержит два курса линейки ""Поколение Python"": для профессионалов и ООП. В ней рассказывается о дополнительных возможностях языка Python, таких как даты и время, дополнительные типы коллекций, итераторы, генераторы, декораторы, рекурсия и многое другое, а также раскрывается концепция объектно-ориентированного программирования. Для закрепления материала программа включает свыше 600 задач с автоматической проверкой.",,False,174,13400,5.0,5,stepik,Python
200200,"4в1—Парсинг, Асинхронность, Многопоточность, Многопроцессорность — Stepik","В этом пакете два курса из четырёх получили награду 🏆Stepik Awards в престижных номинациях: 🥇""Прорыв Года"" и 🥇""Лучший платный курс"".",Начальный уровень,False,133,13500,,,stepik,Python
214324,Python Data Science: самый быстрый курс — Stepik,"Перед Вами самый быстрый курс по Data Science в Python, тут есть все что нужно чтобы начать программировать на Python + начать работать с данными. Для тех кому некогда, но очень надо погрузится в Data Science или подтянуть базу перед собеседованием. Тут есть NumPy, Pandas (замена Excel), визуализация данных и введение в машинное обучение. Мы отвечаем на все ваши комментарии и вопросы в курсе.",Начальный уровень,False,94,1980,4.0,3,stepik,Python
241839,Профессия: Python-разработчик [ Python + SQL + Git + Linux ] — Stepik,"Учебная программа даст все необходимые навыки: основательное знание Python, работа с Git и GitHub, уверенное владение Linux и эффективное использование SQL. После обучения Вы сможете разрабатывать приложения, управлять версиями кода, работать с серверами и базами данных — всё, что нужно для старта карьеры в IT.",Начальный уровень,False,96,4900,5.0,1,stepik,Python
227274,Django ИИнтенсив: Django с нуля и задачи с ИИ проверкой,"Доступным языком, дружелюбно и с самых азов обучение веб-фреймворку Django.
 70 задач на написание кода с проверкой и подсказками ИИ.
 Подробный разбор каждого компонента Django, но без чрезмерной сложности.
 Ответы на все ""новичковые"" вопросы. 
 ИИ-ментор 🤖 по каждой задаче будет направлять вас, объяснять что вы делаете не так (но не решать задание за вас!).
 Мы прокачаем вас в Django! Вперед, учиться!!",Начальный уровень,True,96,4500,4.9,15,stepik,Python
200018,Python для Excel с библиотекой openpyxl,"Приветствуем вас в увлекательном мире автоматизации Excel с помощью openpyxl! Наш курс разработан специально для тех, кто хочет освоить мощные возможности Python для работы с книгами Excel, начиная с основ и до продвинутых техник. Это идеальный выбор как для новичков, так и для тех, кто желает расширить свои навыки.",Средний уровень,True,93,2500,4.5,2,stepik,Python
241982,Твой путь в AI — PyTorch и Numpy! — Stepik,Сделайте первый шаг в сторону нейронных сетей. Эта программа охватывает две ключевые библиотеки в этой области: PyTorch и Numpy.,,False,94,2750,,,stepik,Python
224770,Топ 100 вопросов с реальных собеседований по Python (+тесты) — Stepik,"Это курс-шпаргалка по Python. В курсе собраны вопросы с более чем 300 реальных собеседований по Python. Вопросы с собеседований на Python Developer в 2023-2024 годах. На каждый вопрос приведен развернутый ответ + тест для проверки знаний этого вопроса. Вопросы расположены по вероятности их появления в среднем интервью. Вначале наиболее вероятные, дальше наименее.",Средний уровень,False,93,990,5.0,3,stepik,Python
250676,f-строки на Python: полный курс от А до Я — Stepik,"Знаете ли вы, что f-строки в Python умеют гораздо больше, чем просто подставлять переменные в текст? Они форматируют числа и даты, помогают в отладке, работают с многострочными блоками, а с Python 3.12 стали просто волшебными!",Средний уровень,False,98,750,5.0,21,stepik,Python
211110,"Пакет 3в1: WEB Парсинг, Асинхронный и Многопоточный Python — Stepik","В этом пакете два курса получившие награду 🏆Stepik Awards в престижных номинациях: 🥇""Прорыв Года"" и 🥇""Лучший платный курс"".",Средний уровень,False,79,10500,5.0,1,stepik,Python
210946,Python. Генетический алгоритм — Stepik,"Узнайте, как реализовать генетический алгоритм с нуля и решите оптимизационные задачи с его использованием.",Начальный уровень,False,82,799,5.0,3,stepik,Python
208826,Django RUN. Курс-симулятор коммерческой разработки с ИИ-ментором,"Это не просто курс. Это симулятор работы бэкенд-программиста в продуктовой компании. Постановка задач, рабочий процесс – все как на реальной работе. 23 больших задания с авто-проверкой, подсказками и объяснением теории.
 Вам нужно будет разрабатывать бизнес-логику и создавать для неё API-интерфейс на Django REST Framework. И все это на настоящем сервере с живым фронтендом! А еще вас ждет код-ревью от автора курса (Senior разработчика)!",Средний уровень,True,78,12500,5.0,10,stepik,Python
204115,Python тренажер — Stepik,Курс предназначен для отработки уже имеющихся знаний языка. Здесь вы не найдете кучи заезженных задач.,Средний уровень,False,65,490,5.0,1,stepik,Python
260403,Программа: Web-разработка на Python [ FastAPI + Git + SQL ],"Создавайте мощные API на FastAPI, работайте с базами данных и освойте Git для командной разработки. Станьте полноценным бэкенд-разработчиком.",,True,91,6990,,,stepik,Python
195698,Junior Python Developer — Stepik,"Этот набор курсов является специализацией для того чтобы с 0 дойти до уровня Junior Python Developer. Особенность включенных курсов в том что первый дает всю базу в максимально короткий срок, а второй дает возможность попробовать множество различных библиотек и нескучных идей кода.",Начальный уровень,False,54,1800,5.0,2,stepik,Python
242221,Python: подготовка к собеседованию Часть 1 [JUNIOR | MIDDLE] — Stepik,"Более 300 ключевых вопросов с объяснениями по направлению Python-разработчик. Системная подготовка к собеседованию на позицию JUNIOR+ | MIDDLE. В каждом уроке проходите тесты, потом разбираете правильные ответы с пояснениями. Максимально полезные выжимки без воды.",,False,54,2500,5.0,6,stepik,Python
240614,Игра Nyan Cat на Python и Pygame с нуля — Stepik,"Создайте полноценную аркадную игру «Nyan Cat» с анимацией, звуками, счётом и бонусами — шаг за шагом на Python с Pygame, даже если вы никогда не писали игры!",Средний уровень,False,55,1050,5.0,8,stepik,Python
234189,Создание PDF с помощью Python и ReportLab,"Приветствуем вас в мире создания PDF-документов с использованием Python и библиотеки ReportLab! Наш курс разработан для тех, кто хочет освоить мощные инструменты автоматизации PDF — от базовых навыков до продвинутых техник форматирования, разметки и визуализации.",Начальный уровень,True,47,1900,5.0,5,stepik,Python
247050,Старт в робототехнику с Python,"Курс ""Старт в робототехнику с Python"" поможет новичкам освоить базу программирования на языке Python и применять полученные знания в робототехнике. Вы научитесь работать с типами данных, управлять логикой программ, использовать циклы и условия, а также познакомитесь с микроконтроллерами ESP32 и созданием электронных схем. Также вас ждёт бонус - мини-курс по проектированию роботов на базе Raspberry Pi! Мы Вас ждём!!!",,True,57,555,5.0,6,stepik,Python
237718,Программируем Pixel Art-студию на Python + Tkinter — Stepik,"Создайте свою собственную Pixel Art-студию на Python всего за несколько часов! Этот курс — отличный способ научиться программировать графические интерфейсы (GUI) с помощью библиотеки tkinter, понять основы работы с изображениями и создать полноценное приложение для портфолио.",Средний уровень,False,42,750,5.0,4,stepik,Python
231240,Осознанный Python – Пиши красиво с PEP 8 — Stepik,"Первый и возможно единственный курс по Python на тему написания красивого кода с соблюдением PEP 8 на Stepik. Здесь вы освоите искусство создания красивого, читаемого и профессионального кода. Будет множество примеров из реального кода, а также увлекательный сюжет, который не позволит вам заскучать.",Средний уровень,False,40,800,5.0,8,stepik,Python
186192,Основы Python: курс для продвинутых,"Онлайн-курс по изучению языка программирования Python (вторая часть). Курс разбит на 2 части и является методическим пособием для изучения алгоритмического программирования на Python. Курс подойдет школьникам, в том числе для подготовки к ОГЭ и ЕГЭ, студентам и взрослым. Курс ведёт выпускник мехмата МГУ.",Средний уровень,True,37,1990,5.0,1,stepik,Python
235391,Python для работы с Excel и PDF,"Освойте мощные инструменты Python для работы с документами! Эта программа охватывает два ключевых направления: автоматизацию работы с Excel с помощью библиотеки openpyxl и создание PDF-документов с ReportLab. Вы научитесь генерировать, редактировать и форматировать файлы Excel, а также создавать динамические PDF-документы, включая таблицы, диаграммы и сложные макеты.",Начальный уровень,True,32,3900,5.0,1,stepik,Python
261419,Асинхронность в Python с asyncio — Stepik,"Практический курс по библиотеке AsyncIO. Разбираем корутины, задачи, отмены, очереди, producer/consumer. С помощью чётких примеров и практики, вы уверенно начнете применять асинхронность в своих проектах.",Средний уровень,False,38,1900,5.0,1,stepik,Python
204886,Junior FullStack Developer: Python+JavaScript (быстрый курс) — Stepik,"Этот набор курсов является специализацией для того чтобы с 0 дойти до уровня Junior FullStack Developer. Программа для тех кому некогда, но очень надо выучить JS и Python или подтянуть базу перед собеседованием. Мы отвечаем на все ваши комментарии и вопросы в курсе.",Начальный уровень,False,24,2240,5.0,1,stepik,Python
225957,Junior Python Developer и Data Scientist +интервью тесты — Stepik,"Этот набор курсов включает две специализации и top100 вопросов+тесты с реальных собеседований: Junior Python Developer + Junior Data Scientist +тесты с собеседований. Особенность включенных курсов в том, что первый дает всю базу Python в максимально короткий срок, второй дает возможность попробовать множество различных библиотек и нескучных идей кода, по сути являясь CookBook для дальнейшего развития. А третий позволяет в сжатые сроки пройти всю основу Data Science (Big Data, Анализ данных, основы AI).",Начальный уровень,False,24,3450,,,stepik,Python
220642,FullStack Developer and Data Scientist (Python+JS+Data+CookBook) — Stepik,"Этот набор курсов является специализацией для того чтобы с 0 дойти до уровня Junior FullStack Developer, плюс специализация Data Scientist для анализа данных и работы с Big Data. Программа для тех кому нужно выучить JavaScript, Python, Dats Science (NumPy, Pandas, визуализация данных и введение в машинное обучение) или подтянуть базу перед собеседованием. В программу включен нескучный курс по Python для тренировки навыков. Мы отвечаем на все ваши комментарии и вопросы в курсе.",Начальный уровень,False,19,3450,,,stepik,Python
223247,Python для начинающих — Stepik,"В этом курсе вы научитесь работать с базовыми конструкциями языка Python — переменными, функциями, циклами и условными операторами. Пошаговые уроки, практические задания и примеры помогут вам понять, как решать реальные задачи с помощью программирования. Этот курс идеально подходит для тех, кто только начинает свой путь в мире технологий и хочет быстро освоить один из самых популярных языков программирования.",Начальный уровень,False,17,4050,,,stepik,Python
185049,Создание игр на  Python с PyGame (видео-курс),"Создание игр на Python с Pygame - это увлекательный видео курс, который научит вас создавать собственные небольшие 2D игры с помощью мощного языка программирования Python и фреймворка Pygame. Вы создадите 5 небольших игр, которые помогут вам освоить Python и Pygame!",Средний уровень,False,17,2500,,,stepik,Python
248659,Django c ИИ ментором. С нуля до middle+. Программа курсов,"Программа состоит из двух курсов от Алексея Senior Pomidor Developer: ""Django ИИнтенсив: Django с нуля и задачи с ИИ проверкой"" и ""Django RUN. Курс–симулятор коммерческой разработки с ИИ-ментором"". Покрывает весь спектр вопросов связанный с разработкой на Django и Django REST Framework. Первый курс мягко и дружелюбно познакомит и ""натаскает"" вас на Django, а второй курс даст вам самую ""жизу"" - API, бизнес-логику, оптимизацию, в общем все то, чем занимаются бэкенд-разработчики на своей работе.",,False,20,14450,,,stepik,Python
251587,Линейная алгебра на Python,"В нашем курсе вы сможете освоить линейную алгебру, решая практические задачи на Python с использованием библиотек Numpy и Scipy. Вы познакомитесь с матрицами, векторами, системами линейных уравнений, векторными пространствами, разложением матриц и комплексными числами. Так как линейная алгебра является фундаментальным “языком” машинного обучения и анализа данных (Data Science), то, если ваша работа или учеба связана с этой темой, наш курс будет вам полезен.",Начальный уровень,True,17,1490,,,stepik,Python
220632,Junior Python Developer and Data Scientist — Stepik,"Этот набор курсов включает две специализации для того чтобы с 0 дойти до уровня Junior Python Developer, плюс специализация Junior Data Scientist. Особенность включенных курсов в том что первый дает всю базу Python в максимально короткий срок, второй дает возможность попробовать множество различных библиотек и нескучных идей кода, по сути являясь CookBook для дальнейшего развития. А третий позволяет в сжатые сроки пройти всю основу Data Science (Big Data, Анализ данных, основы AI).",Начальный уровень,False,14,2245,,,stepik,Python
227787,Гуру разработки на Django,"Курс позволит сделать серьёзный шаг в область веб-разработки. Студенты научатся создавать веб-сайты с использованием фреймворка Django как на фронтенде, так и на бэкенде. Вы разберётесь с шаблонами, приложениями, контроллерами, Django ORM, авторизацией и регистрацией пользователей и много чем ещё. Зачисляйтесь прямо сейчас!",Средний уровень,False,16,2890,,,stepik,Python
253465,Python Backend собеседование | 101 вопрос + 101 тест,"Подготовка к теоретической части собеседования Python - бэкендера. Освойте все ключевые темы бэкенда: FastAPI, Python, Docker, SQL, API, асинхронность.",Начальный уровень,True,11,1390,,,stepik,Python
240006,Асинхронное и многопоточное программирование в Python — Stepik,Освойте современные техники асинхронного и многопоточного программирования в Python! Этот пакет курсов подробно раскрывает все аспекты конкурентной и кооперативной многозадачности — от глубокого изучения асинхронности до прорывных возможностей многопоточного Python с отключенным GIL и субинтерпретаторами. Вы научитесь применять асинхронные паттерны и новейшие языковые возможности для создания высокопроизводительных приложений с истинным параллелизмом на потоках.,Средний уровень,False,15,5400,,,stepik,Python
240369,Python [START] + Git и GitHub [JUNIOR+],"Освойте ключевые инструменты современного разработчика! Эта программа объединяет основы языка Python с практиками работы с системой контроля версий Git и платформой GitHub. Вы познакомитесь с основами языка Python и научитесь эффективно использовать Git в командной разработке, создавать репозитории, коммитить изменения, работать с ветками и пул-реквестами.",Начальный уровень,True,9,3900,5.0,1,stepik,Python
249136,Python: 101 практическая задача с собеседований — Stepik,"Этот курс — твой личный тренажёр для прокачки навыков и гарантированного прохождения технических собеседований. В нем собрана 101 практическая задача с реальных собеседований, которые действительно дают в топовых компаниях. Никакой теории — только концентрированная практика и еще раз практика.",Начальный уровень,False,10,1000,,,stepik,Python
220637,FullStack Developer and Data Scientist (Python+JS+Data) — Stepik,"Этот набор курсов является специализацией для того чтобы с 0 дойти до уровня Junior FullStack Developer, плюс специализация Data Scientist для анализа данных и работы с Big Data. Программа для тех кому некогда, но очень надо выучить JavaScript, Python, Dats Science (NumPy, Pandas, визуализация данных и введение в машинное обучение) или подтянуть базу перед собеседованием. Мы отвечаем на все ваши комментарии и вопросы в курсе.",Начальный уровень,False,7,2400,,,stepik,Python
240265,Телеграм-боты на Python для начинающих: pyTelegramBotAPI — Stepik,"Разработка Telegram-ботов на популярной библиотеке TeleBot является отличным стартом для любого новичка в Python. В этом курсе вы сможете получить все необходимые знания по созданию чат-ботов, получив хороший опыт перед более сложными темами в области программирования.",Начальный уровень,False,6,1890,,,stepik,Python
254532,Продуктовая аналитика - Python PRO,"Это платная версия курса Продуктовая аналитика - Python. Ссылку на бесплатную версию курса вы найдете в бесплатном ознакомительном уроке. Во многом он повторяет бесплатную версию. Отличия заключаются в том, что здесь больше задач, и каждая задача снабжена решением, что поможет намного глубже и увереннее освоить навыки решения задач. Количество задач постонно растёт.",,True,6,1399,5.0,1,stepik,Python
256316,Подготовка к Python Backend собеседованию,"Вы разберетесь со всеми ключевыми вопросами и практическими задачами на позицию Junior/Low Middle. В рамках специализации вас ждет уникальная база практики: 100+ задач, 200+ вопросов с детальными объяснениями, примерами кода и более 100 тестовых заданий. Вы получите опыт, который не оставит сомнений в вашей готовности к реальным проектам.",Начальный уровень,False,3,2290,,,stepik,Python
249404,DataOPS + Python Engineer с нуля до junior,"Этот набор курсов объединяет два направления — DataOps и Python-разработку. Вы начнёте с нуля и постепенно освоите как программирование на Python, так и инструменты DataOps инфраструктуры. Вы научитесь работать с Linux и Git, собирать образы в Docker, разворачивать кластеры в Kubernetes, строить потоковые системы на Hadoop и Spark, автоматизировать задачи с Ansible и Airflow, подключать облако и CI/CD. 
 Углубленное знание Python позволит Вам лучше работать с Airflow, Spark и писать сложные скрипты.",Начальный уровень,False,2,10000,,,stepik,Python
255037,От Python до API: полный бэкенд-трек,"🚀 Полный курс по Python и SQL для подготовки к собеседованиям! От базовых концепций до сложных задач — всё в одном месте, чтобы ты чувствовал себя уверенно на интервью и прокачал скилы до уровня сильного специалиста 💻✨",Начальный уровень,True,2,14700,,,stepik,Python
249785,PySpark + SQL + Python Engineer с нуля до junior,"Если Вы изучаете тему больших данных, то знание SQL, Python и PySpark из данного набора будет для Вас обязательным. На курсе по Python глубоко рассматривается весь инструментарий стека (нейросети, pandas, чат-боты, алгоритмы и сортировки, PyQt5). На курсе PySpark Вы изучите основы распределённых вычислений с Apache Spark, научитесь работать с RDD и DataFrame. На курсе SQL даст такие ключевые навыки как написание сложных SQL-запросов, оптимизацию запросов, администрирование БД и изучите с PostgreSQL.",Начальный уровень,False,2,9990,,,stepik,Python
255036,API на Python: твой старт в бэкенде — Stepik,"🔥 Освой Python с нуля и будь готов к любому интервью! 🚀 Пройдём базу шаг за шагом: от простых команд и циклов до функций, словарей и SQL. Практика, реальные задачи и уверенность в коде — всё в одном курсе. 🐍💻",Начальный уровень,False,,10600,,,stepik,Python
255039,Python для интервью — Stepik,"🐍 Освой Python с нуля и прокачайся до уровня, необходимого для успешного прохождения собеседований! 🚀 Курс объединяет теорию, задачи и алгоритмы: от базовых конструкций до реальных примеров и практики. 🎯",Начальный уровень,False,1,7400,,,stepik,Python
234622,Введение в Python,"Попробуйте бесплатные модули и оцените всё сами! Убедитесь, насколько это просто и эффективно, прямо сейчас! 🚀🚀🚀",Начальный уровень,True,13,590,,,stepik,Python
113918,"""Поколение Python"": базы данных и SQL","Курс продолжает серию ""Поколение Python"" и рассказывает о языке структурированных запросов SQL, который используется при работе с реляционными базами данных",Средний уровень,True,4026,7900,5.0,387,stepik,SQL
209775,SQL Engineer с нуля до junior,"SQL – это актуальное и перспективное направление, которое развивается благодаря слаженной работе различных специалистов в области данных. На курсе вы сможете получить знания, которые позволят вам стать экспертом в работе с базами данных и SQL. По окончании курса вам будет предложено выполнить финальное задание на выбор, которое станет частью вашего портфолио и продемонстрирует все знания, полученные в ходе обучения. На протяжении всего курса вам будет доступен чат в Telegram для общения и поддержки.",Начальный уровень,True,855,3000,5.0,5,stepik,SQL
125646,SQL для всех. PRO,"После прохождения серии курсов по SQL вы сможете: писать сложные SQL-запросы, применять оконные функции, а также создавать базы данных.",,False,337,2500,5.0,4,stepik,SQL
254334,Grafana & Java: Глубокое погружение,"Профессиональный мониторинг на Grafana и Java. Комплексный курс с: Micrometer, Prometheus, Docker и CI/CD, Spring Boot. Создавайте универсальные дашборды быстрее, добавьте проект в портфолио. Мониторинг приложений + бизнес-аналитика в одном решении. Прокачайте карьеру. Сертификат по итогам.",Средний уровень,True,33,1500,5.0,1,stepik,SQL
245261,Apache Superset: полный курс,"🚀 Вам надоело платить за PowerBI и Tableau?  Apache Superset — бесплатная BI-система уровня enterprise, которая не уступает платным аналогам. Хотите молниеносные дашборды, гибкую аналитику и нулевую стоимость лицензий?  Этот курс — быстрый старт для тех, кто хочет развернуть Superset с нуля, настроить его под бизнес-задачи и забыть о дорогих подписках. Вы получите готовую BI-платформу без скрытых платежей и ограничений.  Сэкономьте бюджет компании — переходите на Superset уже сегодня!",Начальный уровень,True,180,4990,5.0,2,stepik,SQL
254840,Продуктовая аналитика — SQL PRO,"Сборник задач по SQL для подготовки к собеседованию на продуктового аналитика. В курсе собраны задачи, которые могут попасться на технической секции интервью.",Начальный уровень,True,9,1600,5.0,1,stepik,SQL
185696,SQL: от новичка до уверенного бизнес-пользователя,"Курс об искусстве формирования SQL-запросов к реляционным базам данных. Он позволяет макс. быстро ознакомиться с основными концептами реляционных баз данных и изучения языка запросов SQL. Курс спроектирован так, чтобы в самый короткий строк и без излишеств сделать из новичка уверенного бизнес-пользователя SQL (причем не просто умеющего написать скрипт, а ПОНИМАЮЩЕГО что он пишет, почему и зачем  - т.е., ""в курсе происходящего"").",Начальный уровень,True,454,1490,5.0,25,stepik,SQL
247822,SQLAlchemy: современный подход к работе с базой данных,"🚀 Освойте SQLAlchemy 2.0 — современный ORM для Python. Создавайте модели, выполняйте запросы, настраивайте связи и миграции, переходите на async и пишите чистый, читаемый код для работы с базой данных.",Средний уровень,True,315,1395,5.0,7,stepik,SQL
95367,Оконные функции SQL,Как делать классные аналитические отчеты без участия Excel. Осваиваем «окошки» в картинках и на практике.,,True,4338,1500,5.0,554,stepik,SQL
130488,Начальный курс SQL: от Новичка до Специалиста (+Оконные Функции) — Stepik,"Уверенно пишите SQL-запросы! 🔥 Поддержка автора - оперативно отвечу на все Ваши вопросы! 🔥 Моя основная работа уже больше 20 лет - это анализ данных, в том числе с помощью сложных SQL запросов. В этом курсе делюсь опытом и решениями задач, с которыми сталкиваюсь в ежедневной работе.🔥 Почитайте отзывы и смелее записывайтесь на курс!)",Начальный уровень,False,4225,900,5.0,169,stepik,SQL
61247,SQL с нуля до PRO,"Освойте SQL с нуля до уровня профи! Полное погружение в три этапа: основы, проектирование баз данных и продвинутый SQL.   Интерактивный тренажер с 300+ заданиями и персональная поддержка преподавателя. Превратитесь из новичка в специалиста по данным!",Начальный уровень,True,3894,6900,4.9,78,stepik,SQL
97207,Практический курс для новичков по SQL и PostgreSQL,"Программирование баз данных: с СУБД PostgreSQL и языком SQL: теория и практика с разборами ДЗ. Все знания, которые вы получите на курсе легко применимы и к другим СУБД, таким как MySQL, Microsoft SQL Server, Oracle.",Начальный уровень,True,3570,2490,4.5,72,stepik,SQL
251856,СУБД PostgreSQL: SQL запросы. Профессиональный практикум — Stepik,"Этот практикум предназначен для тех, кто хочет научиться решать сложные задачи с нетривиальными алгоритмами. Если вы готовы погрузиться в мир SQL и выйти на новый уровень мастерства — этот курс для вас.",Средний уровень,False,4,990,,,stepik,SQL
102883,SQL для всех,На курсе вы изучите SQL до уровня написания сложных SQL-запросов и потренируетесь на данных торговой компании в одной из самых популярных систем управления базами данных.,,True,3512,1990,4.9,480,stepik,SQL
197970,SQL практикум. Полный курс,"Спроектируем базу данных популярного мессенджера и научимся писать все виды запросов к ней
 (12 часов качественного видеоматериала, 300+ тестов, 100+ задач на написание SQL кода).",Начальный уровень,True,3153,890,5.0,100,stepik,SQL
204081,SQL практикум для начинающих и продолжающих (часть 1),Спроектируем базу данных популярного мессенджера и научимся писать все виды запросов к ней.,Начальный уровень,True,2669,2200,5.0,88,stepik,SQL
116332,SQL для Анализа Данных с Глебом Михайловым,Курс по SQL для аналитиков и дата саентистов. Ничего лишнего – только то что нужно в реальной работе. Усиль свой SQL! Суммарно на Stepik и Udemy у этого курса уже 2.8+ продаж и прекрасные отзывы!,Начальный уровень,True,2428,2470,5.0,150,stepik,SQL
201213,SQL практикум. SELECT запросы от А до Я (часть 2) — Stepik,Учимся писать SELECT запросы к базе данных. Только SELECT запросы. Всё про SELECT запросы.,Начальный уровень,False,2204,1150,4.9,72,stepik,SQL
206995,SQL практикум. Продвинутый уровень (часть 3),"Продолжим развивать БД популярного мессенджера. Обсудим более сложные вопросы: транзакции, представления, процедуры, оптимизацию, права доступа и много всего другого",Средний уровень,True,2009,1250,5.0,31,stepik,SQL
122667,SQL для всех. Level Up,"Курс является продолжением «SQL для всех». Мы переходим на следующий уровень — начнем проектировать и создавать базы данных, изучим оконные функции на реальных задачах и оптимизируем анализ данных с помощью полезных лайфхаков.",Средний уровень,True,1438,1500,4.7,106,stepik,SQL
215412,Оптимизация SQL запросов на примере ClickHouse,"🔥 Ваши SQL-запросы тормозят и съедают ресурсы?  На этом курсе вы научитесь писать молниеносные запросы, которые не положат базу — даже на огромных данных в ClickHouse.  Без воды: только практические приемы оптимизации, которые работают в любой СУБД. Узнаете, как избегать типичных ошибок, сокращать время выполнения в 10-100 раз и стать тем самым специалистом, который спасает производительность.  Готовьтесь — ваши запросы больше никогда не будут проблемой!",Средний уровень,True,1069,499,4.9,42,stepik,SQL
90778,SQLite для аналитики — Stepik,"Прикладной анализ данных на SQL. Импорт и экспорт, очистка данных, поиск связей и анализ показателей, аналитические функции и работа с JSON.",,False,482,3000,4.9,34,stepik,SQL
193661,"SQL. Часть 1 (Основы, логика и работа с полями)","🚀 Начни говорить с базами данных! В первой части по SQL ты установишь MySQL, поднимешь базу company и освоишь основы синтаксиса, логику запросов, CASE, сортировку, DISTINCT и строковые функции. 💡 К финалу уверенно извлекаешь и преобразуешь данные — из хаоса таблиц в понятные инсайты. 📊",Начальный уровень,True,481,550,4.8,38,stepik,SQL
243875,151 задача по SQL,"🔍 Хочешь уверенно писать SQL-запросы и проходить собеседования без страха? Тогда тебе сюда!
 💡 В курсе — 151 отобранная задача, которые помогут понять, как действительно работает SQL: от простых SELECT до сложных JOIN, подзапросов и агрегатов. Решай, набивай руку и выходи на новый уровень в работе с базами данных!",Начальный уровень,True,341,1400,4.9,12,stepik,SQL
248063,Оконные функции SQL,"Оконные функции в SQL – это легко и просто. Пройдите этот курс и убедитесь в этом сами.
 Изучаем оконные функции на примере работы с СУБД MySQL.",,True,246,740,5.0,9,stepik,SQL
184095,SQL (lite) — Stepik,"Курс ""SQL Lite"" 😊 представляет собой компактное и практичное руководство для тех, кто желает освоить основы языка SQL и принципы работы с базами данных MySQL. Курс начинается с основ SQL, включая создание, чтение, обновление и удаление данных, а также работу с фильтрами и сортировкой. Затем он переходит к более конкретной теме - базам данных MySQL, исследуя создание и управление базами данных, таблицами и индексами.",Начальный уровень,False,209,690,4.6,14,stepik,SQL
240980,SQL-собеседование: 100 задач уровня Junior — Stepik,"Знаете основы SQL, но залипаете на тестах и теряетесь на экране интервьюера? Этот курс — тренажёр реального скрининга: 100 задач с edge-кейсами, крупные данные, instant-проверка и разбор типовых ловушек. За 2–3 недели доведёте SELECT/JOIN и базовую аналитику до автоматизма и научитесь объяснять решение уверенно и по делу.",Начальный уровень,False,199,2400,4.9,12,stepik,SQL
193756,"SQL Часть 2. (Создание, изменение и управление данными) — Stepik","🚀 Создай свою первую базу данных и научись ею управлять! В этой части курса ты освоишь DDL и DML-команды, узнаешь, как создавать и изменять таблицы, контролировать транзакции через COMMIT и ROLLBACK, работать с ограничениями и временем. ⏳ Всё — на реальных примерах и в живых задачах с автоматической проверкой.",Начальный уровень,False,168,1150,4.7,16,stepik,SQL
194081,"SQL Часть 3. (Объединения, подзапросы и группировка данных) — Stepik","🔗 Научись объединять, группировать и анализировать данные как профессионал! В этой части курса ты разберёшься с JOIN, UNION, подзапросами и представлениями, а также освоишь агрегацию и группировку (GROUP BY, HAVING). 📊 Всё — на реальных примерах, задачах и с автоматической проверкой.",Начальный уровень,False,167,1150,4.8,8,stepik,SQL
100866,Практический курс для новичков по T-SQL и SQL Server — Stepik,Программирование баз данных: с СУБД SQL Server (MS SQL) и языком SQL: теория и практика с разборами ДЗ,,False,155,1990,4.3,7,stepik,SQL
238112,SQL-собеседование: 100 задач уровня Middle — Stepik,"Застреваете на аналитических кейсах? Пройдёте 100 задач «как на собесе»: оконные функции, подзапросы и CTE, ранжирование, даты и сложные агрегаты. Большие тестовые данные, edge-кейсы и детерминированные проверки — видно каждую ошибку. За 3–4 недели отрабатываете технику и объяснение решений на уровне уверенного Middle.",Средний уровень,False,171,3200,4.8,4,stepik,SQL
240148,Typescript. Часть 2 (Продвинутая работа с типами) — Stepik,"Этот курс — твой следующий шаг в мире TypeScript. Разберись, как работают деструктуризация, операторы rest/spread, кортежи, перегрузка функций и сужение типов. Пойми, как мыслит TypeScript, и начни писать надёжный, предсказуемый код, которым можно гордиться 🧠🔥
 Идеально для тех, кто уже знаком с основами и хочет выйти на новый уровень!",Начальный уровень,False,143,1150,4.8,6,stepik,SQL
237860,SQLAlchemy для всех — Stepik,"Курс по SQLAlchemy поможет Вам освоить одно из ключевых средств работы с базами данных в Python. Вы научитесь создавать таблицы, описывать связи между ними, писать запросы и управлять миграциями. На курсе Вас ждет много практики и финальное задание на выбор, которое украсит Ваше портфолио. Это отличное начало для тех, кто хочет уверенно работать с базами данных в реальных проектах. В течение всего курса Вам будет доступен чат в Telegram для общения и поддержки.",Начальный уровень,False,149,2890,3.0,1,stepik,SQL
210499,SQL с нуля: обучение и практика для аналитика и дата-инженера,"Хотите уверенно работать с данными и не бояться SQL? За 3–5 недель по 20–40 минут в день пройдёте путь от простых выборок до оконных функций: соединения, агрегаты, подзапросы, CTE и прикладные кейсы из аналитики и инженерии данных. Много практики, понятные разборы и автопроверка — результат виден сразу.",Начальный уровень,True,95,2900,4.7,6,stepik,SQL
246785,SQL-собеседование: программа подготовки от Junior до Middle,"Быстрый апгрейд до уверенного Middle: 200+ задач от базовых запросов до окон и CTE, большие датасеты и честные проверки без «подглядывания». Учитесь решать точно и объяснять так, как ждёт интервьюер. 4–6 недель по 20–40 минут в день — и вы спокойно проходите скрининг и техсобес.",Начальный уровень,False,58,4900,,,stepik,SQL
229645,SQL и Python Engineer с нуля до junior — Stepik,"Данный набор объединяет 2 курса - SQL и Python Engineer. На курсе Python Engineer изучаются основные и углубленные конструкции языка программирования Python. Множество глав курса посвящено таким библиотекам, как Pandas, MatPlotLib, TensorFlow, Numpy. На курсе SQL такие ключевые навыки как написание сложных SQL-запросов, оптимизацию запросов, администрирование БД и углубленную работу с PostgreSQL. По окончании курса Вам будет предложено решить финальное задание на выбор, которое пойдет в Ваше портфолио.",Начальный уровень,False,39,6000,5.0,2,stepik,SQL
241009,SQL-архитектура и CTE: 50 задач уровня Upper-Middle — Stepik,"Готовы мыслить как Senior, а не просто писать SELECT? За 3 недели вы прокачаете архитектурное мышление в SQL: CTE-пайплайны, оконные функции, многошаговые расчёты и хитрые edge-кейсы — как в реальной разработке витрин и отчётов. Никакой «воды», только практические задачи с большим датасетом и автопроверкой, чтобы ошибки не прятались.",Продвинутый уровень,False,59,3900,,,stepik,SQL
223248,SQL для начинающих,"Этот курс предназначен для тех, кто только начинает знакомство с SQL. Вы шаг за шагом освоите ключевые концепции работы с базами данных, научитесь строить простые и сложные запросы, извлекать, добавлять, изменять и удалять данные. Мы рассмотрим работу с таблицами, фильтрацию данных, сортировку, объединение таблиц, а также использование функций и агрегаций. Курс включает практические задания, которые помогут вам развить навыки работы с реальными данными и подготовят к реальным задачам в области аналитики и р",Начальный уровень,False,34,2250,,,stepik,SQL
253025,IT-фундамент [ SQL + Linux + Git ] — Stepik,"На каком бы языке Вы ни программировали, вероятнее всего, Вам понадобится работать с данными (SQL), управлять сервером (Linux), контролировать версии кода (Git)",,False,34,2500,5.0,1,stepik,SQL
248838,Введение в Apache Superset: первые шаги к визуализации данных,"Научитесь работать с Apache Superset — мощной BI-системой с открытым исходным кодом. Курс охватывает основы визуализации данных, создание дашбордов и подключение источников. Все примеры уникальны и не дублируются с YouTube. Подходит для начинающих и тех, кто хочет уверенно стартовать в аналитике.",Начальный уровень,True,27,2990,,,stepik,SQL
251214,SQL-собеседование: программа от Junior до Upper-Middle — Stepik,"Полная подготовка к SQL-собеседованиям любого уровня: три курса, 250+ задач, рост сложности и проработка edge-кейсов на больших данных. От уверенного SELECT/JOIN до архитектурных CTE-пайплайнов и продвинутой аналитики. Экономите время и деньги, а главное — выходите на интервью с реальной практикой и ясной структурой ответа.",,False,30,7900,,,stepik,SQL
251200,Пакет курсов: Понятный SQL для всех + Оконные функции SQL,Пакет из двух курсов по изучению SQL с нуля и до оконных функций. Знакомство с SQL происходит на примере работы с СУБД MySQL.,,False,18,1880,,,stepik,SQL
249407,DataOPS c нуля до middle: Полная программа — Stepik,"Это полный набор из наших курсов для DataOps, который включает такие курсы как Python, SQL и SQLAlchemy. Вы начнёте с нуля и постепенно освоите как программирование на Python, разработку SQL архитектуры, инструменты DataOps инфраструктуры и SQLAlchemy. Вы научитесь работать с Linux и Git, собирать образы в Docker, разворачивать кластеры в Kubernetes, строить потоковые системы на Hadoop и Spark, автоматизировать задачи с Ansible и Airflow, подключать облако и CI/CD.",Начальный уровень,False,9,14000,,,stepik,SQL
240494,Системный анализ: Проектирование Базы Данных (SQL/NoSQL) — Stepik,"ОЧЕНЬ МНОГО РАЗНООБРАЗНЫХ ЗАДАНИЙ НА ПРАКТИКУ! Друзья, перед Вами НАИБОЛЕЕ ПОЛНЫЙ КУРС ПО ПРОЕКТИРОВАНИЮ БД, в котором Вы изучите теорию реляционных и нереляционных БД, работу с SQL БД, БД для кэширования, хранения документов с реальными кейсами и практикой типовых задач по SQL, а также с указанием примечаний и рекомендаций автора для подготовки непосредственно к собеседованиям, что прокачает ваши навыки для получения ЖЕЛАЕМОГО ГРЕЙДА.",Начальный уровень,False,4,2299,,,stepik,SQL
249406,DataOPS + Python + SQL с нуля до junior — Stepik,"Это набор из трех курсов - DataOps, Python и SQL. Вы начнёте с нуля и постепенно освоите как программирование на Python, разработку SQL архитектуры так и инструменты DataOps инфраструктуры. Вы научитесь работать с Linux и Git, собирать образы в Docker, разворачивать кластеры в Kubernetes, строить потоковые системы на Hadoop и Spark, автоматизировать задачи с Ansible и Airflow, подключать облако и CI/CD.  Более глубокое изучение Python также поможет Вам писать более сложные скрипты для автоматизации.",Начальный уровень,False,2,12000,,,stepik,SQL
249408,SQL + SQLAlchemy с нуля до junior — Stepik,"Набор курсов создателей ""Data Engineer с нуля до junior"". На курсе вы сможете получить знания, которые позволят вам стать экспертом в работе с базами данных и SQL. Освоите SQLAlchemy для работы с базами данных в Python. Вы научитесь создавать таблицы, описывать связи между ними, писать запросы и управлять миграциями. Вы получите знания по администрированию базами данных, что очень важно для безопасного хранения данных. На курсе Вас ждет много практики и финальное задание на выбор.",,False,1,4000,,,stepik,SQL
249409,Python + SQLAlchemy c нуля до junior — Stepik,"Набор курсов создателей ""Data Engineer с нуля до junior"". На курсе изучаются основные и углубленные конструкции языка программирования Python. Рассматриваются архитектура Python приложений, пишутся первые чат-боты, изучаются различные методы оптимизации приложений. Также Вы освоите SQLAlchemy для работы с базами данных в Python. Вы научитесь создавать таблицы, описывать связи между ними, писать запросы и управлять миграциями. На курсе Вас ждет много практики и финальное задание на выбор.",Начальный уровень,False,2,5000,,,stepik,SQL
249405,DataOPS + SQL Engineer с нуля до junior — Stepik,"Данный набор объединяет два наших курса— DataOps и SQL. Вы начнёте с нуля и постепенно освоите инструменты DataOps инфраструктуры. Вы научитесь работать с Linux и Git, собирать образы в Docker, разворачивать кластеры в Kubernetes, строить потоковые системы на Hadoop и Spark, автоматизировать задачи с Ansible и Airflow, подключать облако и CI/CD. Углубленное знание SQL поможет Вам в администрировании и оптимизации баз данных, что очень важно в работе с большими данными и не только.",,False,,10000,,,stepik,SQL
212383,Пакет курсов. Базы данных и SQL с нуля до профи,"Весь SQL, который пригодится в работе, в одном пакете. DDL, DML, транзакции, представления, процедуры, оптимизация и не только. Практика: тесты, задачи, пишем много кода.",Начальный уровень,True,858,1850,5.0,29,stepik,SQL
118518,Java: полный курс — подготовка к собеседованию,"В этом курсе мы изучим язык Java с самого нуля. По окончании курса вы будете знать все, что нужно для прохождения собеседования по части Java SE в большинстве компаний",Начальный уровень,True,4276,6990,5.0,98,stepik,Программирование
55918,Основы программирования на C/C++,"Для новичков этот курс станет идеальной отправной точкой.  Вы научитесь разбираться в основных типах данных, использовать базовые алгоритмические конструкции и уверенно работать с массивами. К окончанию курса вы разовьете алгоритмическое мышление и получите уникальный опыт, который сформирует ваши навыки программирования на всю жизнь!  Присоединяйтесь и начните свой путь в мир программирования!",Начальный уровень,True,9611,1980,5.0,196,stepik,Программирование
96832,Thank Go! Golang на практике,"Осваиваем Golang на практических задачах. Для опытных разработчиков, которые хотят быстро начать применять Go в работе.",Средний уровень,True,6937,3000,4.9,169,stepik,Программирование
197191,"C#, JS: Войти в IT через Fullstack-разработку — Stepik","Это комплексный курс, предназначенный для начинающих в мире разработки ПО. Он охватывает широкий спектр тем, включая использование SQL, Git, HTML+CSS,JavaScript+React.js, C#+ASP.NET Core, построение API-сервисов и FullStack-разработку. Курс предлагает практические задания, примеры и разборы задач, а также обучает навыкам профессиональной работы в сфере программирования от работы с Git до создания FullStack App. Он поможет развить базовые навыки и мотивацию,необходимые для успешной карьеры в IT",Начальный уровень,False,605,5000,4.9,23,stepik,Программирование
253161,Полный курс по FastAPI: от новичка до профессионала,"Освойте FastAPI: Вы начнете с приложения Hello World и далее создадите полноценное API интернет магазина, использующее асинхронные запросы к базе данных, аутентификацию и права доступа. Далее вы освоите продвинутый FastAPI: версионирование API, сложные модели Pydantic, работу с файлами, архитектурные паттерны (Clean Architecture, Onion Architecture), микросервисы (HTTP, RabbitMQ, API Gateway), оптимизацию (кэширование, Rate Limiting, OpenTelemetry) и комплексное тестирование.",Начальный уровень,False,138,5999,5.0,1,stepik,Программирование
214865,Git + GitHub. Полный курс — Stepik,"Практическое руководство по работе с системой контроля версий Git и платформой GitHub. Вы научитесь создавать репозитории, управлять ветками, разрешать конфликты, работать с Pull Request и использовать современные инструменты, как GitHub Copilot. Идеально для начинающих разработчиков!",Начальный уровень,False,4145,990,5.0,181,stepik,Программирование
124803,Основы языка Java,"Откройте дверь в мир возможностей Java! С этим курсом Вы создадите фундамент своих знаний: научитесь писать простые программы, разберетесь с типами данных, алгоритмическими конструкциями, массивами и строками, поймете принципы создания статических методов и передачи параметров. Благодаря тщательно подобранному контенту вы изучите основы Java без необходимости дополнительных поисков в Интернете. Присоединяйтесь к нам сейчас и сделайте свой первый шаг к тому, чтобы стать опытным Java-разработчиком!",Начальный уровень,True,26701,500,5.0,328,stepik,Программирование
115372,Spring для начинающих,"Изучение Spring на простых примерах для начинающих.
 Надоело пытаться выучить Spring по нескольким источникам? Тогда этот курс точно для Вас!",Начальный уровень,False,3016,1750,5.0,185,stepik,Программирование
125685,Jetpack Compose: полный курс,Создаем мобильный клиент VK для отображения ленты новостей с применением самого современного подхода к построению UI - Jetpack Compose.,Средний уровень,False,2501,6990,5.0,33,stepik,Программирование
185939,1С программирование для начинающих,"В данном курсе, понятным и простым языком, вы получите необходимую информацию для начинающего программиста 1С.",Начальный уровень,True,2493,4990,5.0,76,stepik,Программирование
115517,JAVA – получи Чёрный Пояс!,"Разъяснение серьёзных тем доступными словами на простых примерах. 
 Надоело пытаться выучить Java по нескольким источникам? Тогда этот курс точно для Вас!",Средний уровень,False,2193,1750,5.0,96,stepik,Программирование
125859,Бэкенд разработка на Django: с нуля до специалиста,"Курс позволит сделать серьёзный шаг в область веб-разработки. Студенты научатся создавать веб-сайты с использованием фреймворка Django на бэкенде. Вы разберётесь с шаблонами, приложениями, контроллерами, Django ORM, авторизацией и регистрацией пользователей и много чем ещё. Зачисляйтесь прямо сейчас!",Начальный уровень,True,1994,2490,4.7,70,stepik,Программирование
115617,SQL для начинающих: с нуля до сертификата Oracle,"Изучение SQL на простых примерах для новичков. Теория, практика, домашние задания и их разборы. Надоело пытаться выучить SQL по нескольким источникам? Тогда этот курс точно для Вас!",Начальный уровень,False,2034,1750,5.0,60,stepik,Программирование
116440,Основы программирования на С/C++  Часть 2,"Вы уже знаете основы С++, но не понимаете, куда двигаться дальше? В курсе ""Основы программирования на C/C++ Часть 2"" мы продолжим погружаться в море возможностей С++. Указатели и функции, строки и структуры, динамическая память и файлы... Все это мы не только разберем подробно и последовательно, но и научимся применять в комплексе для решения разнообразных задач. Присоединяйтесь и продолжайте развивать свои навыки С++!",Начальный уровень,True,2014,1980,4.9,47,stepik,Программирование
115662,Java (Джава) для начинающих: с нуля до сертификата Oracle,"Изучение Java на простых примерах для новичков. Теория, практика, домашние задания и их разборы. Надоело пытаться выучить Java по нескольким источникам? Тогда этот курс точно для Вас!",Начальный уровень,False,2243,1750,5.0,80,stepik,Программирование
187221,1С: Система компоновки данных — Stepik,"Этот курс предназначен как для начинающих, так и для опытных программистов 1С, желающих углубить свои знания и изучить все нюансы работы с системой компоновки данных в 1С.
 
 Основная часть курса посвящена практическим примерам создания и настройки отчётов в 1С, что позволяет получить ценный опыт применения теоретических знаний на практике.",Средний уровень,False,1606,2990,4.9,20,stepik,Программирование
180000,FastAPI для начинающих — Stepik,"🏆 Победитель Stepik Awards 2024 в номинации ""Лучший платный курс года""! Этот курс представляет собой подробное руководство по созданию приложений с помощью FastAPI. Вы узнаете, как создавать быстрые, эффективные и масштабируемые REST API на Python. Вы начнете с приложения Hello World и далее создадите полноценное API интернет магазина, использующее асинхронные запросы к базе данных, аутентификацию и права доступа. Внимание, данный курс не содержит ни минуты видео!",Начальный уровень,False,1473,2999,5.0,89,stepik,Программирование
126012,Алгоритмические задачи с собеседований — Stepik,"Решайте задачи с алгоритмических собеседований на любом языке программирования! Мы поможем вам с этим: для каждой задачи мы приводим серию подсказок, подробное решение и код на Python.",Начальный уровень,False,1214,3890,5.0,12,stepik,Программирование
118206,Gitlab в работе,"Изучите базовые функциональные возможности платформы GitLab для DevOps. Разберемся на практике с базовыми возможностями от создания групп, проектов, добавления пользователей до написания скриптов для Gitlab CI/CD.  Во второй части курса мы изучим основы Git. В третьей части курса как только вы освоитесь с интерфейсом и функциями GitLab, перейдем к написанию кода на YAML, разберемся с GitLab CI/CD pipeline. На практике сделаем несколько мини проектов. Плюс по завершению курса рассмотрим мини-проекты.",Начальный уровень,True,1088,2000,4.9,53,stepik,Программирование
218864,Запросы в 1С: Углубленное изучение языка запросов — Stepik,"Курс ""Запросы в 1С: Углубленное изучение языка запросов"" создан для специалистов, стремящихся освоить продвинутые аспекты работы с запросами в 1С. В ходе обучения участники познакомятся с тонкостями синтаксиса, методами оптимизации запросов. Курс включает практические задания и реальные примеры, которые помогут углубить понимание языка запросов и эффективно применять его для анализа и обработки данных. Таким образом, вы сможете значительно улучшить свои навыки и повысить свою профессиональную квалификацию.",Средний уровень,False,841,2000,4.7,9,stepik,Программирование
133183,Объектно-ориентированное программирование  на Java,"Окунитесь в мир объектно-ориентированного программирования!  Научитесь создавать и использовать классы, разберитесь с принципами ООП и их реализацией в Java, изучите паттерны проектирования приложений. 
 Если Вы новичок в ООП и к тому же изучаете Java – этот курс для Вас!",Начальный уровень,True,842,2200,5.0,62,stepik,Программирование
133280,Thank Go! Многозадачность в Golang,"Осваиваем инструменты многозадачности (concurrency) в Go на практических задачах. Горутины и каналы, конвейеры и контекст, время и гонки, синхронизация и семафоры, события и атомики, тестирование и внутрянка.",,True,832,1900,5.0,45,stepik,Программирование
181092,PHP (pro),"Курс ""PHP"" является идеальным выбором для начинающих разработчиков, студентов и всех, кто хочет освоить основы программирования на PHP. Так же Вы научитесь создавать динамические и интерактивные веб-сайты. Познакомитесь с инструментами разработки, такими как VS Code, SQL и PHPMyAdmin, для эффективной работы с базами данных. Получите навыки, необходимые для создания красивых и функциональных веб-приложений и станьте уверенным веб-разработчиком.",Начальный уровень,True,730,1560,4.5,21,stepik,Программирование
175966,Практический Тренажер по GO,"Курс включает в себя разнообразные практические задачи по программированию, которые помогут улучшить ваш уровень программирования на Go. Вы столкнетесь как с классическими задачами, так и с теми, которые встречаются на собеседованиях в таких крупных компаниях, как Google, Amazon, Apple, Twitter и Microsoft. Это позволит вам разносторонне развить навыки работы с переменными, типами данных, условными конструкциями, циклами, функциями и различными алгоритмами.",Средний уровень,True,725,1299,4.8,12,stepik,Программирование
197220,Основы программирования на C/C++ Полная версия,"Программа для обучения программированию с нуля. Последовательно, просто, кратко. На интересных, не типовых задачах. В основе язык С/C++. Сформируем основы: понятие типов данных, конструирование кода, базовые алгоритмы, функции. Начните с С++, и Вы легко перейдете на Java, C#, JavaScript, PHP или Scala!",Начальный уровень,False,655,3400,5.0,11,stepik,Программирование
206133,1С программирование. Углубленный курс,"Данный курс является нашим флагманским продуктом, так как мы собрали в нём все основные знания программиста 1С, которые по нашему мнению важны и часто используются в программировании на 1С.
 Курс поможет как начинающему, так и продолжающему программисту освоить множество различных инструментов и техник разработки на 1С.",Средний уровень,True,594,7900,4.7,3,stepik,Программирование
247417,Продвинутый FastAPI для продолжающих — Stepik,"Освойте продвинутый FastAPI: версионирование API, сложные модели Pydantic, работу с файлами, архитектурные паттерны (Clean Architecture, Onion Architecture), микросервисы (HTTP, RabbitMQ, API Gateway), оптимизацию (кэширование, Rate Limiting, OpenTelemetry) и комплексное тестирование. Постройте высокопроизводительные и масштабируемые API. Внимание, данный курс не содержит ни минуты видео!",Средний уровень,False,533,3990,4.6,8,stepik,Программирование
193674,Прокачай Java,"Продвинутый курс по Java: потоки ввода-вывода, коллекции, многопоточность, даты и время, регулярные выражения, лямбда-выражения и Streams. Все, что Вы хотели узнать про Java и не стеснялись спрашивать...",Средний уровень,True,449,2200,5.0,12,stepik,Программирование
183142,FullStack Pro MAX,"Курс ""FullStack Pro MAX"" предоставляет студентам все необходимые знания и навыки для работы как с Frontend (HTML, CSS, JS, Figma), так и с Backend (Git, VS Code, PHP, SQL, MySQL/PHPMyAdmin). По окончанию курса студенты смогут создавать полноценные веб-приложения с использованием различных технологий и инструментов.",Начальный уровень,True,422,3420,4.6,8,stepik,Программирование
233204,JPA & Hibernate,"Изучение JPA и Hibernate на простых примерах. 
 Надоело пытаться выучить JPA и Hibernate по нескольким источникам? Тогда этот курс точно для Вас!",Средний уровень,False,452,1450,5.0,17,stepik,Программирование
171974,Изучаем Git и GitHub за 3 часа на практике — Stepik,"Git с нуля до специалиста: всё необходимое о коммитах, ветках, слияниях и др.
 Научитесь использовать git максимально быстро и без лишней воды.",Начальный уровень,False,407,990,3.1,7,stepik,Программирование
207238,Java + SQL + Hibernate+Spring: База Необходимых Знаний для Джуна,"Получение необходимой базы знаний по языку Java, Spring и Hibernate фреймворкам и SQL.
 Изучение строится  на простых примерах для начинающих и не только. Теория, практика, домашние задания и их разборы. Надоело пытаться выучить SQL и Java по нескольким источникам? Тогда эта программа курсов точно для Вас!",Начальный уровень,False,409,6350,5.0,5,stepik,Программирование
97188,Программирование на C#: от новичка до специалиста — Stepik,"Изучите C# и платформу .NET, включая .NET Core и начните практиковать объектно-ориентированное программирование (ООП).",,False,367,1990,4.4,12,stepik,Программирование
229484,"Этический хакинг — уязвимости, взлом, защита (CyberSecurity)","Курс «Этический хакинг — уязвимости, взлом, защита»  Научитесь находить уязвимости и защищать системы легально и профессионально — даже если вы никогда не это не изучали.  Мечтаете стать востребованным специалистом в кибербезопасности, но вас пугают сложности? Наш комплексный курс по этичному хакингу — это ваш структурированный путь от полного новичка до специалиста, способного проводить пентесты и находить уязвимости в реальных системах. Мы разберем весь процесс на практике и теории.",Начальный уровень,True,564,900,4.9,7,stepik,Программирование
179999,Django REST Framework (DRF) для начинающих,"Этот курс предназначен для разработчиков, желающих освоить создание высокопроизводительных и масштабируемых REST API с использованием мощного фреймворка Django REST Framework (DRF). Вы пройдете путь от базовых концепций API до реализации сложного проекта интернет-магазина и изучения продвинутых техник DRF. Внимание, данный курс не содержит ни минуты видео!",Начальный уровень,True,332,2999,5.0,14,stepik,Программирование
101173,Bootstrap для начинающих — Stepik,"В этом курсе вы изучите Bootstrap, научитесь подключать его к своему проекту разными способами, а также использовать Bootstrap в своей работе, чтобы стилизовать и настраивать различные компоненты на вашей странице.",Начальный уровень,False,268,490,4.5,11,stepik,Программирование
216279,1С: Профессиональный пользователь,"Курс ""1С: Профессиональный пользователь"" предназначен для тех, кто хочет научиться эффективно работать с программами на платформе 1С и начать свой карьерный путь в IT - без программирования!",Начальный уровень,True,289,2490,4.7,18,stepik,Программирование
174887,Практический Тренажер по PHP,"Курс включает в себя разнообразные практические задачи по программированию, которые помогут улучшить ваш уровень программирования на PHP. Вы столкнетесь как с классическими задачами, так и с теми, которые встречаются на собеседованиях в таких крупных компаниях, как Google, Amazon, Apple, Twitter и Microsoft. Это позволит вам разносторонне развить навыки работы с переменными, типами данных, условными конструкциями, циклами, функциями и различными алгоритмами.",Средний уровень,True,217,1299,5.0,3,stepik,Программирование
126716,Основы программирования на C#. Начальный уровень,"Курс включает в себя материал по основам программирования с использованием языка С#. В курсе рассматривается базовый синтаксис языка С#: типы данных, арифметические операции, условия, массивы, циклы и методы. Курс позволит вам сделать первые шаги в освоении программирования и заложить фундамент для дальнейшего изучения.",Начальный уровень,True,214,990,4.8,13,stepik,Программирование
113652,Язык программирования PHP,"Подробный видео курс по языку PHP и MySQL для начинающих, с множеством примеров, дополнительных материалов и практических задач.",Средний уровень,True,190,1490,4.6,15,stepik,Программирование
113803,Xml на примерах — Stepik,"Xml на примерах В этом ускоренном курсе по основам XML вы изучите базовые темы XML, такие как использование XML schema, назначение DTD, разберемся с XPath на примерах. Так же в нашем курсе по XML вас ждет множество примеров по основным концепция и технологиям XML, которые дадут вам понимание XML для дальнейшей работы.",Начальный уровень,False,189,1250,4.4,14,stepik,Программирование
115252,Spark на Scala,"Курс для тех, кто желает изучить Apache Spark для решения задач дата инжиниринга. Курс нацелен на тренировку решения реальных практических задач и отлично подойдет будущим дата инженерам.",Средний уровень,True,185,5980,5.0,12,stepik,Программирование
243521,1С: Интеграции — Stepik,"Освойте работу с форматами данных (JSON, XML, CSV, Excel и др.), возможности платформы для интеграций (веб-сервисы, HTTP, FTP) и научитесь создавать и тестировать сервисы в SoapUI. 
 Практические задания включают интеграции с почтой, файлами, внешними системами, Telegram и ИИ.",,False,,,,,stepik,Программирование
199780,Тренажер С++,"""Тренажёр C++"" - это курс для тех, кто хочет отработать на практике свои знания по данному языку программирования через интерактивные задачи и тестовые вопросы.",,True,147,490,5.0,4,stepik,Программирование
230295,Java Core: программа курсов — Stepik,"Программа из трех курсов. Изучаем Java с нуля: синтаксис языка, основы ООП, основные библиотеки вплоть до Java 8. Все, что нужно знать для прохождения собеседования по Java SE. Последовательно, просто, кратко. На интересных, не типовых задачах.",Начальный уровень,False,120,4200,5.0,1,stepik,Программирование
215129,"""Поколение Python"": профи + ООП + SQL + алгоритмы для начинающих","Программа содержит четыре курса от ""Поколения Python"": курсы для профессионалов и ООП, курс по базам данных и SQL, а также курс по алгоритмам. В первой части программы рассказывается о дополнительных возможностях языка Python (даты и время, дополнительные типы коллекций, итераторы и многое другое), а также раскрывается концепция объектно-ориентированного программирования. Вторая часть программы посвящена языку структурированных запросов SQL. Третья часть программы посвящена алгоритмам и структурам данных.",Средний уровень,False,123,24900,5.0,4,stepik,Программирование
222599,Основы написания bash-скриптов — Stepik,"На данном небольшом курсе Вы изучите самые основы написания bash-скриптов в системе linux. Мы последовательно рассмотрим переменные, условия, циклы, поработаем с функциями и массивами. Вся теория подаётся максимально кратко и просто, с большим количеством примеров кода и задачами для закрепления.",Начальный уровень,False,125,690,4.4,10,stepik,Программирование
230302,🔥Введение в нейронные сети на практике с PyTorch — Stepik,"Освойте нейросети на PyTorch с нуля! В этом курсе вы быстро разберётесь в ИИ — от базовых перцептронов до трендовых моделей, с наглядными анимациями и практикой. Создайте уникальные нейросети: распознавайте цифры с Feed-forward, классифицируйте изображения с CNN, генерируйте тексты с RNN, генерируйте изображения с DCGAN. Максимум практики — минимум сложностей!",,False,,,4.7,3,stepik,Программирование
113802,Регулярные выражения на примерах,"В этом ускоренном курсе мы рассмотрим базовые концепции регулярных выражений на простых и интересных примерах, мы с вами вместе изучим синтаксис регулярных выражений, узнаем про квантификаторы, диапазоны, границы. Поймете что такое жадные и ленивые регулярные выражения, разберемся с группами. Узнаете преимущества использования поиска вперед/назад. Начните использовать регулярные выражения в своей работе.",Начальный уровень,True,106,1000,4.6,12,stepik,Программирование
241005,Ассемблер (NASM Linux x86-64) — Базовый уровень,"Практический курс по работе с NASM (Netwide Assembler) для написания эффективного низкоуровневого кода. Рассматриваются основы ассемблера x86-64 под Linux, работа с памятью и аппаратными ресурсами.",Начальный уровень,True,108,1690,4.8,4,stepik,Программирование
202590,Стандартная библиотека шаблонов STL C++,В курсе рассматриваются основные шаблоны из стандартной библиотеки STL.В курсе помимо теории так же есть и практика.,Средний уровень,True,100,990,5.0,11,stepik,Программирование
204157,Стандартные алгоритмы С++ — Stepik,"Алгоритмы широко применяются в решении различных задач и сильно упрощают жизнь программиста, который в них разбирается.",Средний уровень,False,97,990,5.0,3,stepik,Программирование
181927,Мини-курс по регулярным выражениям — Stepik,"Регулярные выражения — мощный и эффективный инструмент обработки текста, но их вид может отбить всё желание их использовать. На данном мини-курсе Вы изучите регулярные выражения от самых основ до более продвинутых тем. Вся теория подаётся максимально кратко и просто, а изучаемый материал подкрепляется вопросами и заданиями, что делает обучение максимально простым, интересным и эффективным.",Начальный уровень,False,95,850,4.9,16,stepik,Программирование
97259,Алгоритмы и структуры данных от А до Я,"Станьте лучшим программистом, улучшив свои навыки и пройдите собеседование. Для C# и Java разработчиков.",Начальный уровень,False,84,1990,4.5,2,stepik,Программирование
177416,Задачник-тренажер по основам языка программирования C#,"Задачник включает в себя множество практических задач на языке программирования С#. Только практика, и никакой теории! Тренируйтесь в решении более 170+ задач! 
 Курс позволит вам приобрести или улучшить практические и алгоритмические навыки в программировании на языке С#",Начальный уровень,True,82,690,5.0,4,stepik,Программирование
210038,Указатели и память С++ — Stepik,"В курсе содержится вся необходимая информация для работы с ""сырыми"" и умными указателями. Так же затрагиваются важные темы, связанные с указателями.",Начальный уровень,False,87,990,4.9,10,stepik,Программирование
232634,Программист 1С. Интенсив с преподавателем,"В данном курсе мы вместе с вами пройдем путь от 0 до углубленной разработки на 1С. 
 Курс сделан в виде интенсива с преподавателем! Набираем группу и начинаем учиться вместе по расписанию, которое вы можете увидеть в описании курса!",Начальный уровень,True,79,19900,5.0,7,stepik,Программирование
243796,Apache Kafka Java: Продвинутый,"Освойте курс на профессиональном уровне. Ускорьте производительность, Exactly-Once и Кафка Streams. Интегрируйте с контейнеризацией. Оптимизируйте кластер, Debezium, мониторинг в Grafana. Разбор кейсов из production. Изучите топ-техники уровня senior. Разберите сложные системы: транзакции, Real-Time аналитику. Сертификат.",Средний уровень,True,111,1500,5.0,4,stepik,Программирование
237148,RUST DEV <База> => Дай КРАБА! — Stepik,"Погружение в Rust... освойте язык профессионалов! Изучите базовую систему владения, которая делает код безопасным и эффективным! Научитесь создавать надёжные программы благодаря строгой типизации и продвинутой обработке ошибок! Разберите все ключевые концепции: от переменных и циклов до трейтов и модулей! Практикуйтесь на примерах, пишите модульные тесты и организовывайте код как профессионал! Курс наполнен практическими задачами, советами и лайфхаками для реальной разработки. Присоединяйтесь, мы Вас ждём!!",Средний уровень,False,95,609,5.0,5,stepik,Программирование
201589,Биты и типы С++ — Stepik,Курс содержит весь необходимый материал для работы с битами и типами данных на С++. Так же небольшие задачи и тестовую часть.,Начальный уровень,False,62,490,4.9,7,stepik,Программирование
233592,Playwright Java: Автоматизация тестирования. Полный курс — Stepik,"Освойте мощную библиотеку Playwright для профессиональной автоматизации. Комплексный курс с интеграцией CI/CD, WebSocket, Spring, Screenplay Pattern и Docker. Ускорьте тестирование в 4 раза + 7 проектов в портфолио. REST API + UI комбо тесты. Решайте кейсы уровня Senior. Прокачайте скилл. Сертификат об окончании!",,False,,,5.0,5,stepik,Программирование
251069,Современный Fortran: от нуля до научных вычислений — Stepik,"Думаете, Fortran — это язык из прошлого? Узнайте, почему на нём до сих пор работают суперкомпьютеры и ведутся передовые научные расчеты! 🚀Этот курс с нуля научит вас современному, мощному Fortran для решения реальных задач из мира науки и инженерии. Вы не просто выучите синтаксис, а создадите полноценный проект для портфолио и превратите чистый код в наглядный результат.",Начальный уровень,False,53,1500,5.0,1,stepik,Программирование
250785,Мониторинг с Prometheus,"Освоим Prometheus за 30 уроков, научимся мониторить приложения. Соберём метрики, построим дашборды в Grafana, настроим алерты в Telegram и изучим мощный язык запросов PromQL! 🔥",Начальный уровень,True,120,979,5.0,1,stepik,Программирование
200964,Программирование на C++ с нуля,Освой один из самых мощных языков программирования с нуля. Этот курс - фундаментальное изучение программирования на примере языка C++. C++ - один из самых мощных языков. Неспроста его изучение - обязательный предмет в каждом техническом ВУЗе. Вы Научитесь решать реальные задачи и получите опыт через live-кодинг от преподавателя из VK и МФТИ.,Начальный уровень,True,49,1499,5.0,6,stepik,Программирование
252235,PROкод: 200+ сложных задач для умных программистов — Stepik,"Всё просто. Выбираешь любой язык программирования: Python, Kotlin, Go, C или C++. И решаешь задачи: от простых и сложных, до задач для собесов и олимпиад. Решите хотя бы 50% задач, это не так просто, как кажется.",Средний уровень,False,58,700,,,stepik,Программирование
233341,"""Поколение Python"": профи + ООП + SQL","Программа содержит два курса от ""Поколения Python"": курсы для профессионалов и ООП, а также курс по базам данных и SQL. В первой части программы рассказывается о дополнительных возможностях языка Python (даты и время, дополнительные типы коллекций, итераторы и многое другое), а также раскрывается концепция объектно-ориентированного программирования. Вторая часть программы посвящена языку структурированных запросов SQL. Для закрепления материала программа включает свыше 1000 задач с автоматической проверкой.",,False,37,19900,5.0,1,stepik,Программирование
251216,Ассемблер (NASM Linux x86-64) — Углублённый уровень — Stepik,"Практический курс по работе с NASM (Netwide Assembler) для написания эффективного низкоуровневого кода. Рассматриваются углубленные темы ассемблера x86-64, а именно оптимизация, работа с файлами, взаимодействие с другими языками и прочее.",Средний уровень,False,45,1690,5.0,2,stepik,Программирование
213700,Unreal Engine 5: Синематик и Анимация с нуля до профессионала,"В этом курсе вы научитесь создавать профессиональные Синематики в Unreal engine 5. Также научитесь работать с Анимацией, Блюпринтами, разными эффектами и многим другим.",Начальный уровень,False,31,3100,5.0,2,stepik,Программирование
183213,Spark на Scala: Потоковая обработка — Stepik,"Курс для тех, кто хочет продолжить изучение Spark и освоить потоковую обработку данных в Spark на Scala.",Средний уровень,False,28,4679,5.0,1,stepik,Программирование
246596,Unity 6.FNaF с Лабубу: 3D-хоррор игра для ЯндексИгр для новичков — Stepik,"Создай атмосферный 3D-хоррор в стиле FNaF на Unity 6 — с нуля до релиза и монетизации на Яндекс Играх.Научись разрабатывать игру от первого лица с пугающими аниматрониками, интерактивными камерами, системой выживания и скримерами. Вместе с опытным геймдев-разработчиком ты шаг за шагом создашь полноценный хоррор-проект на C#, используя новейшие инструменты Unity 6 и технологии генеративного ИИ.",Начальный уровень,False,32,6990,5.0,2,stepik,Программирование
251929,База Ассемблера (NASM Linux x86-64) — Stepik,"Пакет курсов ""База NASM"" познакомит Вас со всем необходимым для начала работы с языком ассемблера NASM и позволит развиваться в уже более специфичном направлении.",Начальный уровень,False,35,3590,,,stepik,Программирование
233720,Асинхронность и многопоточность в C#. Продвинутый уровень,"На этом курсе вы научитесь создавать высокопроизводительные многопоточные и асинхронные приложения на C#, правильно работать с async/await, Task Parallel Library (TPL), асинхронными потоками, неизменяемыми и конкурентными коллекциями, что позволит вам строить масштабируемые системы без deadlock'ов, гонок данных и снижения производительности.",Средний уровень,True,23,3490,,,stepik,Программирование
250833,Аркадный 3D шутер игра с танками на Unity 6 и С# для ЯндексИгр — Stepik,"Создадим аркадный шутер с танками в стиле Brawl Stars: режимы 5x5 и королевская битва, система оружия через ScriptableObject, AI на NavMeshAgent, эффекты и UI. Освоим Unity 6 и C#, оптимизацию WebGL, локализацию, облачные сохранения. Подключим Plugin Your Games 2.0 для рекламы и внутриигровых покупок. Полный цикл разработки от прототипа до публикации на Яндекс Играх.",Средний уровень,False,25,4990,5.0,3,stepik,Программирование
244991,Playwright на Java + Cucumber BDD: Создание автотестов с нуля — Stepik,"Вы создадите фреймворк для автоматизации тестирования на Java с использованием библиотеки Playwright и других интересных инструментов. Научитесь интегрировать Playwright с Java, Spring, Cucumber и Docker для создания комплексных тестовых решений. Освоите инструменты для генерации отчетов о тестировании.",Средний уровень,False,14,2000,5.0,1,stepik,Программирование
256433,Программа: 1С-разработчик + SQL + Git — Stepik,"Освой профессионально не только все инструменты 1С-разработчика, но и сопутствующие технологии: базы данных (SQL), контроль версий кода (Git)!",,False,19,8400,,,stepik,Программирование
245200,Стандартные алгоритмы в С++,Программа содержит 2 курса по основным стандартным алгоритмам в языке С++ из библиотеки algorithm и ranges.,,False,11,1480,,,stepik,Программирование
247015,Аркадные 3D гонки на Unity 6 и С#.Создаем клон Blur 🏎️ — Stepik,"В данном курсе мы с нуля создадим игру как Blur,  изучим правильные способы реализации механик с системой Power-up’ов,  а также базовую кастомизацию машины как в золотых частях серии NFS.Вы освоите необходимые компоненты Unity 6 и С# которые могут быть применены не только в гоночных полу-аркадных играх.",Средний уровень,False,10,4990,5.0,1,stepik,Программирование
229575,Основы ZIO — Stepik,"Курс для тех, кто желает познакомиться с библиотекой ZIO и получить знания, необходимые для того, чтобы приступить к разработке приложений с использованием этой библиотеки.",Средний уровень,False,7,5590,,,stepik,Программирование
245372,Алгоритмы с нуля и по шагам: от идеи до кода на 4 языках,"Привет! Изучаешь основы алгоритмов и хочешь освоить бинарный поиск, сортировки и два указателя, но даже простые задачи вызывают ужас? Подробные разборы 12 классических задач с идеями решения и кодом на 4 популярных языках от опытных middle-разработчиков помогут тебе начать решать задачи быстро и уверенно!",Начальный уровень,False,8,1190,5.0,1,stepik,Программирование
256176,Создание клонов игр Unity 6 и C# с монетизацией на ЯндексИграх,"Показать изнутри процесс создания игры с нуля поэтапно — от базовой сцены до финальной публикации.Вместе с опытным разработчиком вы  создадите интерактивный хоррор-проект в Unity 6 с логикой выживания до 6 утра, врагами, скримерами, камерами и UI и  полноценный аркадный шутер в стиле Brawl Stars + Танки. В финале — сборка и публикация проекта на Yandex Games с подключением монетизации.",Начальный уровень,False,9,5900,,,stepik,Программирование
240525,Проектирование архитектуры микросервисов — Stepik,"ОЧЕНЬ МНОГО РАЗНООБРАЗНЫХ ЗАДАНИЙ НА ПРАКТИКУ! Друзья, перед Вами НАИБОЛЕЕ ПОЛНЫЙ КУРС по ПРОЕКТИРОВАНИЮ АРХИТЕКТУРЫ, в котором Вы изучите работу с архитектурно-значимыми требованиями, теорию HTTP, использование C4 Model, проектирование монолитной и распределенной Архитектуры ПО с указанием примечаний и рекомендаций автора для подготовки непосредственно к собеседованиям, что прокачает ваши навыки для получения ЖЕЛАЕМОГО ГРЕЙДА.",Начальный уровень,False,5,2199,,,stepik,Программирование
258529,Автоматизация тестирования UI с Playwright на Java. Базовый — Stepik,"Погрузитесь в автоматизацию тестирования на Java с мощной библиотекой Playwright. Освойте создание фреймворка, паттерны проектирования, интеграцию с Allure, JUnit и CI/CD. Обучение ориентировано на практическое применение знаний и навыков. Курс для QA Automation Engineer. Сертификат!",Начальный уровень,False,3,2490,5.0,1,stepik,Программирование
174018,Рефакторинг. Написание чистого кода — Stepik,"Курс для тех, кто желает ознакомиться с основными принципами рефакторинга и научиться писать качественный код.",Средний уровень,False,32,4250,5.0,2,stepik,Программирование
174763,Flink на Scala (Java API) — Stepik,"Курс для тех, кто хочет познакомиться с потоковой обработкой данных и научиться обрабатывать непрерывно поступающие данные на Flink.",Средний уровень,False,40,4980,5.0,2,stepik,Программирование
205482,Корутины и Flow в Kotlin (2025),"От самых простых понятий до каналов и потоков. Без привязки к платформе. Уже во 2-й главе вы напишете свою первую корутину, а к концу курса уверенно будете использовать каналы и потоки. Курс рекомендован российским сообществом Kotlin.",Средний уровень,True,64,3490,4.8,4,stepik,Программирование
181130,Git и Github – базовый курс для разработчика — Stepik,"Обширный курс по основам работы с Git и сайтом Github. Научитесь профессионально управлять вашим кодом как для самостоятельной работы, так и в команде.",Начальный уровень,False,134,2990,5.0,4,stepik,Программирование
230887,Git и GitHub [JUNIOR+],"Курс по использованию системы контроля версий Git и платформы GitHub.
 После курса можно смело вливаться в команду или начинать разработку своего продукта. Пройдите путь от новичка до уверенного пользователя.",Начальный уровень,True,565,2100,5.0,35,stepik,Программирование
201825,PRO Go. Алгоритмы и структуры данных,Сможете оценивать программный код и находить способы его оптимизации и ускорения. Начнете уверенно себя чувствовать при прохождении технических собеседований в любые IT-компании мира.,Средний уровень,False,131,11990,5.0,3,stepik,Программирование
158385,PRO Go. Основы программирования,"Курс посвящен базовым понятиям программирования: типы данных, операторы, переменные, условия, циклы, массивы и функции. Он является вводным и подойдет слушателям с небольшим опытом или вообще без опыта программирования. Обучение будет проходить на языке программирования Go.",Начальный уровень,True,21473,2490,4.8,263,stepik,Программирование
187420,PRO Go. Алгоритмы поиска и сортировки,Сможете оценивать программный код и находить способы его оптимизации и ускорения. Курс формирует базовые знания в работе с алгоритмами поиска и сортировки данных. Примеры алгоритмов даны на языке программирования Go.,Средний уровень,True,185,7990,4.8,9,stepik,Программирование
187922,PRO Go. Базовый курс по структурам данных,"Разбираются основные структуры: массив, список, стек, очередь, множество, ассоциативный массив. Начнете уверенно себя чувствовать при прохождении технических собеседований в любые IT-компании мира.",Средний уровень,True,184,7990,5.0,5,stepik,Программирование
243197,Java Часть 4 (Коллекции),"🚀 Java Коллекции: от списков до сортировки! Погрузитесь в мир List, Set и Map, научитесь управлять данными, писать гибкий и читаемый код, и даже создадите собственную коллекцию! Практика, наглядность и ни капли скуки 💡🧩",Начальный уровень,True,123,1350,5.0,1,stepik,Программирование
253603,Задачи по GoLang (120 задача) — Stepik,"🔥 120 практических задач по Go — от простых примеров до алгоритмов и структур данных. Вы будете писать код, проверять решения автоматически и шаг за шагом превращать теорию в уверенный навык. 🚀 Курс поможет закрепить синтаксис, натренировать мышление разработчика и подготовиться к собеседованиям или реальной работе с Go. 💻",Средний уровень,False,144,900,,,stepik,Программирование
233498,FastAPI: создание API,"🚀 Изучите FastAPI – современный, быстрый и удобный фреймворк для создания API! В этом курсе вы освоите работу с маршрутами, базами данных, аутентификацией и авторизацией, а также автоматическую генерацию документации. Быстрый старт в разработке производительных веб-приложений! 🔥",Средний уровень,True,607,1750,4.8,16,stepik,Программирование
243770,Java для начинающих — Stepik,"🚀 Полный путь Java-разработчика — от первого кода до уверенного владения ООП и коллекциями!
 Научись создавать программы с нуля, работай с объектами, строй гибкую архитектуру и управляй данными как профи. Всё это — в одном курсе, пошагово, понятно и на практике. 💻✨",,False,,,,,stepik,Программирование
206365,Unreal Engine 5: C++ для начинающих программистов. Курс 1,"Сирия курсов по программированию в среде Unreal Engine на языке С++  от профессионального программиста ,простым доступным для начинающих языком. На примере написания учебных , но в то же время основанных на реальном опыте игровых систем с подробным описанием  происходящего.",Средний уровень,False,27,3100,5.0,3,stepik,Программирование
186513,Go (Golang) Турбо — Stepik,! Самый полный курс практики по Go ! 500+ тестовых и практических задач. С решениями и объяснениями. Есть задачи с собеседований.,Начальный уровень,False,193,1500,5.0,3,stepik,Программирование
98359,Основы программирования на языке Си в Linux,"Хотите освоить программирование с нуля и уверенно работать в среде Linux? Этот курс — отличное начало! Мы научимся писать код, компилировать и запускать программы в консоли. Вы освоите работу с переменными, циклами, функциями, указателями и массивами, научитесь устанавливать Linux-сервер. Подходит для всех, кто хочет заложить прочный фундамент для дальнейшего роста в IT!💻🚀🌟",Начальный уровень,True,3414,1850,4.7,58,stepik,Программирование
179453,"Основы веб-разработки (Linux, HTML/CSS, JavaScript, PHP, REST) — Stepik","Хотите узнать как разрабатываются веб-сайты и научиться создавать свои? Получите необходимую базу знаний для выхода на стажировку веб-разработчиком! В курсе Вы научитесь настраивать Linux-сервер и изучите весь стек технологий для фронтэнд: HTML, CSS, JavaScript и бекенд: PHP, MySQL разработки. Освоите REST API и узнаете, как развернуть свой сайт в Интернете. Отличный старт для тех, кто хочет освоить профессию веб-разработчик! Курс включает теорию и практические задания, проверяемые в ручном режиме!",Начальный уровень,False,1575,9350,4.6,10,stepik,Программирование
203979,IT-Старт: Четыре Первых Шага к Профессии Программист,"Эта программа для тех, кто хочет попробовать себя в сфере айти. Пройдя четыре базовых курса Вы получите первые теоретические и практические знания и навыки в области программирования, веб и мобильной разработки. Сможете понять насколько Вам интересна айти разработка и стоит ли глубже погружаться в эту область. Мы начнем с азов и постепенно перейдем к более сложным темам, чтобы Вы смогли сначала научиться программировать, а затем использовать эти знания при разработке своих веб-сайтов и мобильных приложений.",Начальный уровень,False,4,14350,,,stepik,Программирование
244516,Свой веб-сайт и telegram-бот в облаке — настрой и запусти сам,"Практический мини-курс из 2 частей для всех, кто хочет научиться запускать свои сайты и телеграм ботов, разберем по шагам, как развернуть свой веб-сайт на сервере в облаке и как создать и запустить своего телеграм бота на python с помощью библиотеки aiogram",Начальный уровень,False,61,1450,5.0,2,stepik,Программирование
209588,"Воркшоп ""FullStack—приложение за час"". Java, React.JS, MySQL","Воркшоп позволяет погрузиться в мир современной веб-разработки, демонстрируя создание полноценного fullstack-приложения с использованием популярных технологий.
 Курс идеально подходит для новичков, желающих расширить свои навыки в fullstack-разработке и освоить современный стек технологий.",Средний уровень,False,49,3000,4.8,6,stepik,Программирование
212419,C#: Основа Backend-разработки на примере создания API магазина — Stepik,"В этом курсе вы шаг за шагом создадите прототип интернет-магазина, освоив ключевые аспекты веб-разработки. Вы научитесь разрабатывать слоёную архитектуру, включающую презентационный слой, бизнес-логику и слой персистенции с использованием PostgreSQL. Курс охватывает создание инфраструктуры для управления всеми аспектами онлайн магазина. Вы реализуете авторизацию и аутентификацию пользователей с распределением по ролям. По окончании курса у вас будет готовый прототип и практический опыт в разработке api",Средний уровень,False,92,10000,4.7,13,stepik,Программирование
246356,C#: Разговоры о многопоточности без воды,Практический курс по многопоточности и параллельному программированию в C#/.NET. От Thread и lock до PLINQ и потокобезопасных коллекций. Реальные примеры и паттерны для высокопроизводительных приложений,Средний уровень,True,57,6500,5.0,7,stepik,Программирование
229549,"C#: CQRS, чистая архитектура. Как строятся микросервисы","Данный курс покажет вам как создавать поддерживаемые веб-приложения, используя передовые практики и архитектурные подходы. Вы освоите принципы CQRS и чистой архитектуры, работу с ASP.NET Core, EF Core и MediatR. Воркшоп охватывает аутентификацию, авторизацию, обработку исключений и внедрение зависимостей. Вы научитесь структурировать код, применять паттерны проектирования и работать с современными инструментами разработки. Подходит для разработчиков, стремящихся повысить свой профессиональный уровень в C#",Средний уровень,True,94,10000,5.0,6,stepik,Программирование
223081,Java: написание веб-сервисов для начинающих — Stepik,"Буткемп научит вас создавать современные веб-сервисы с использованием Spring Boot. Вы освоите основы, ООП, работу с базами данных, разработку REST API и внедрение безопасности. Практический подход, реальные проекты и современные инструменты помогут вам уверенно программировать на Java и применять полученные знания при решении задач. Подходит для начинающих и тех, кто хочет углубить свои навыки. https://t.me/+IyDjRn6Z3BI4MTIy Присоединяйтесь к нашему телеграм-каналу для получения всех подробностей 🤝",Средний уровень,False,116,5000,5.0,3,stepik,Программирование
249828,C#: Руководство по созданию микросервисов на .NET,"Курс предлагает комплексное обучение разработке микросервисов на .NET и C# с использованием современных технологий: CQRS, MediatR, gRPC, Marten, PostgreSQL, MySQL, Dapper, Entity Framework, Redis, RabbitMQ, MassTransit, Docker, Docker Compose, GitHub Actions, Serilog, ELK Stack, Prometheus, Grafana, k6 и Portainer. Вы создадите микросервисы с продвинутой архитектурой, научитесь их тестировать, логировать и мониторить, а также организуете автоматическое управление инфраструктурой",Продвинутый уровень,True,38,12500,5.0,3,stepik,Программирование
261598,PRO C#. Для профессионалов — Stepik,"Курс продолжает серию ""PRO C#"" и рассказывает о дополнительных возможностях языка C#, а тренировочные задачи помогают закрепить каждую тему.  Знания, которые есть в курсе, необходимы для работы junior C# разработчика",Средний уровень,False,1438,9900,,,stepik,Программирование
251557,Основы C#,"Полный курс по основам C# в 2025. С нуля до первого проекта. Курс несомненно подойдёт начинающим разработчикам, который хотят освоить современный и востребованный язык программирования.",Начальный уровень,True,8,3999,5.0,1,stepik,Программирование
248979,Feature-Sliced Design,"Продвинутая Frontend архитектура для React, Vue, Next, Nuxt, Angular и Svelte приложений. Мы на практике разберём как можно работать с FSD не только с React, но и Next, Vue, Nuxt, Angular и даже Svelte.",,True,14,3999,5.0,2,stepik,Программирование
242750,Unity. 7 проектов для продолжающих — Stepik,"Практическое погружение в разработку игр на движке Unity! На нём освоишь работу с физикой, анимацией, UI и звуком, создавая игры разных жанров. Пошаговые уроки помогут разобраться в основах. В конце курса будет 7 готовых игр и понимание, как создавать свои проекты. Начни разрабатывать игры уже сегодня!",Средний уровень,False,25,19900,,,stepik,Программирование
234209,Golang — Templ Fiber HTMX — Stepik,"Курс по созданию Fullstack приложений на golang с нуля c Fiber, Templ, HTMX, Pgx: авторизация, шаблоны Golang, air, хранение сессий.",Средний уровень,False,29,3999,5.0,2,stepik,Программирование
223447,Продвинутый Golang,"Продвинутый курс по Golang по созданию http API и многопоточности. В рамках курса мы поговорим о Go allocator, Stack, Heap, GC и затем перейдём к горутинам. Посмотрим как они работают, как их можно синхронизировать и использовать каналы для общения между ними. Затем начнём писать большое API на чистом http пакете, разбираясь с роутингом, обработкой запрос и ответа. Подключимся к PostreSQL с помощью ORM Gorm, предварительно запустив её в Docker и напишем все типы CRUD запросов.",,True,189,3999,5.0,5,stepik,Программирование
221681,PRO C#. Unity,Станьте востребованным разработчиком игр на Unity за 3 шага. Пакет курсов для написания своих первых 2D и 3D игр.,Начальный уровень,False,12,39700,,,stepik,Программирование
221373,"PRO C#. Профессия ""Разработчик игр на Unity"" — Stepik","Станьте востребованным разработчиком игр на Unity всего за 12 шагов. Более 52-х часов видео и 2200 задач. Насыщенная программа с короткими видео-уроками, текстовыми конспектами и большим количеством практики. Пакет из двенадцати курсов.",Начальный уровень,False,11,168990,,,stepik,Программирование
211704,Основы Golang,Полный курс по основам Golang в 2024. 5 практических проектов с нуля от простого конвертора валют до менеджера паролей.,Начальный уровень,True,476,3999,4.8,17,stepik,Программирование
210117,"PRO C#. Профессия ""Разработчик Telegram ботов"" — Stepik","Более 54 часов видео и 2100 задач. Насыщенная программа с короткими видео-уроками, текстовыми конспектами и большим количеством практики. Пакет из 8 курсов.",Начальный уровень,False,2,136690,,,stepik,Программирование
205788,PRO C#. Создание Telegram бота,"Создадим телеграмм бота с любой логикой. Напишем бота с чистой и гибкой архитектурой, напишем тесты и опубликуем.",Средний уровень,True,52,34900,5.0,5,stepik,Программирование
201824,PRO Kotlin. Алгоритмы и структуры данных,Сможете оценивать программный код и находить способы его оптимизации и ускорения. Начните уверенно себя чувствовать при прохождении технических собеседований в любые IT-компании мира!,Начальный уровень,False,12,11000,,,stepik,Программирование
200363,PRO C#. Эволюция языка,Изучим историю нововведений языка C# и закрепим на практике. Каждый C# разработчик должен быть в курсе о последних фичах языка.,Средний уровень,True,31,11000,5.0,1,stepik,Программирование
198145,PRO C#. Управление памятью — Stepik,"Разберетесь, что происходит под капотом управления памятью в .NET. Поймете как работает сборщик мусора и для чего нужен метод Dispose. Данные знания выделят Вас среди всех C# разработчиков!",Средний уровень,False,140,4400,5.0,8,stepik,Программирование
197296,PRO C#. Чистый код — Stepik,"Разберетесь с самыми частыми ошибками начинающих разработчиков C#. Научитесь отличать чистый код от не чистого (""грязного""). Узнаете популярные фишки Visual Studio для быстрого и эффективного написания кода.",Средний уровень,False,280,11000,4.9,7,stepik,Программирование
194856,PRO C#. Коллекции,"Узнаешь основные структуры данных, которые необходимы для хранения любого количества и типа информации. А самое главное закрепишь знания на сотнях практических задач",Начальный уровень,True,810,11000,5.0,21,stepik,Программирование
192786,PRO Kotlin. Базовый курс по структурам данных,"Разбираются основные структуры: массив, список, стек, очередь, множество, ассоциативный массив. Начните уверенно себя чувствовать при прохождении технических собеседований в любые IT-компании мира!",Средний уровень,True,18,6600,,,stepik,Программирование
187607,"Unity. 2D игра ""Камень, ножницы, бумага"" — Stepik","Шаг за шагом, словно по кирпичикам, мы будем создавать игру ""Камень, ножницы, бумага"".
 Поработаем с графикой и логикой проекта.
 Перейдём от простой реализации проекта из двух скриптов к модульной архитектуре, удобной для добавления нового функционала и модернизации существующего.",Средний уровень,False,44,9900,5.0,2,stepik,Программирование
184703,PRO C#. WPF — Stepik,Написание десктоп приложений на WPF с использованием паттерна MVVM. Работа с базами данных. Работа с анимацией. Создание кастомных элементов управления,,False,,,5.0,2,stepik,Программирование
170072,"PRO C#. Профессия ""Разработчик оконных приложений""","Станьте востребованным разработчиком оконных приложений всего за 9 шагов. Более 54-х часов видео и 2200 задач. Насыщенная программа с короткими видео-уроками, текстовыми конспектами и большим количеством практики. Пакет из девяти курсов.",Начальный уровень,False,6,164190,,,stepik,Программирование
154096,PRO Kotlin. Курс для продвинутых — Stepik,"Курс дает полное представление, что из себя представляет язык Kotlin. Знания, которые есть в курсе, необходимы для работы Junior Kotlin разработчика.",Средний уровень,False,80,5500,5.0,7,stepik,Программирование
131507,PRO Kotlin. Основы программирования,"Курс посвящен базовым понятиям программирования: типы данных, операторы, переменные, условия, циклы, массивы и функции. Он является вводным и подойдет слушателям с небольшим опытом или вообще без опыта программирования. Обучение будет проходить на языке программирования Kotlin.",Начальный уровень,True,7935,2490,4.7,103,stepik,Программирование
129234,Unity. Прототип шутера от первого лица (FPS) — Stepik,Создайте прототип шутера от первого лица (FPS) с помощью бесплатного трёхмерного движка Unity.,Начальный уровень,False,113,9900,5.0,4,stepik,Программирование
125803,PRO C#. ООП на практике. ВСЕ САМ,"Напишем оконные приложения и игры на Windows Forms, для закрепления изученного материала с основ программирования. Изучим объектно-ориентированное программирование (ООП). Поработаем с системой контроля версий GIT.",Средний уровень,True,458,34900,4.8,12,stepik,Программирование
122149,PRO C#. Базы данных — Stepik,"Поработаем с базой данных MySQL тремя способами: напрямую, через ADO.NET и через Entity Framework Core. В курсе будем делать базу данных Stepik, а также приложение Stepik.",Средний уровень,False,324,14900,5.0,7,stepik,Программирование
120862,PRO C#. Алгоритмы и структуры данных — Stepik,Сможете оценивать программный код и находить способы его оптимизации и ускорения. Начнете уверенно себя чувствовать при прохождении технических собеседований в любые IT-компании мира.,Средний уровень,False,376,16500,4.8,11,stepik,Программирование
114281,PRO C#. ASP.NET Core. ВСЕ САМ — Stepik,Написание WEB приложений с помощью технологии ASP.NET. На примере онлайн магазина рассмотрим все аспекты создания WEB приложений,Средний уровень,False,516,44900,5.0,6,stepik,Программирование
107779,PRO C#. База,"С# разработчик – это человек, который пишет компьютеру волшебное «заклинание» – код. Чтоб компьютер понимал, что и когда ему считать, делать и показывать на экране. 
 
 Каждый С# разработчик чувствует, как сильно его уважают окружающие. Он сам решает, в каком месте ему работать. И поэтому он иногда работает под пальмами.",Начальный уровень,True,523,43190,5.0,10,stepik,Программирование
92718,PRO C#. Git,"Курс посвящен навыку командной разработки. После него поймете как могут 1000 коллег параллельно работать над одним проектом. Зарегистрируйтесь в социальной сети программистов (GitHub) и выложите публично свой первый проект. Изучите все основные функции Git и GitHub, которые используются на практике чаще всего",Начальный уровень,True,626,8800,4.9,42,stepik,Программирование
87925,PRO C#. Подготовка к собеседованиям,"Разберетесь со всеми психологическими, теоретическими и практическими вопросами и получите свой долгожданный оффер. Вы будете выбирать работодателя, а не он вас. В курсе собрана огромная база вопросов: более 200 тестовых заданий, более 300 вопросов с технических собеседований. Сможете пройти симуляцию технического собеседования с Иосифом",Средний уровень,True,322,27500,5.0,1,stepik,Программирование
87924,PRO C#. LINQ — Stepik,"Максимально полный курс об одной из наиболее часто используемых возможностей языка С#. Знания, которые есть в курсе, необходимы для работы junior C# разработчика.",Средний уровень,False,939,13200,5.0,35,stepik,Программирование
84983,PRO C#. Для продвинутых — Stepik,"Курс дает полное представление о том, что из себя представляет язык C#. Знания, которые есть в курсе, необходимы для работы junior C# разработчика",Средний уровень,False,1452,16500,4.9,122,stepik,Программирование
68315,PRO C#. Графы,Познакомитесь с популярными и реально используемыми алгоритмами на графах. Узнаете какие прикладные задачи можно решать с помощью теории графов и как это делать оптимально. Научитесь использовать полученные знания в своих проектах.,Начальный уровень,True,102,11000,4.8,9,stepik,Программирование
62940,Алгоритмический фундамент программиста — Stepik,"Не можете пройти алгоритмическую секцию в крупную IT-компанию? Здесь есть всё, чтобы закрыть этот пробел. 100 практических задач с автоматической проверкой по алгоритмам и структурам данных, концентрированная теория простыми словами от ex-Яндекс разработчика Ильи Шишкова — всё ради одной цели: сделать вас тем, кто уверен в своих силах на собеседовании и на работе. Этот курс даёт реальные навыки, которые позволят вам пройти интервью и будут каждый день пригождаться на работе.",,False,112,60000,4.9,11,stepik,Программирование
58659,PRO C#. ASP.NET Core,Написание WEB приложений с помощью технологии ASP.NET. На примере онлайн магазина рассмотрим все аспекты создания WEB приложений,Средний уровень,True,165,64900,5.0,46,stepik,Программирование
55971,PRO C#. Структуры данных,"Разбираются основные структуры: массив, список, стек, очередь, множество, ассоциативный массив.Начнете уверенно себя чувствовать при прохождении технических собеседований в любые IT-компании мира.",Средний уровень,True,2936,16500,5.0,21,stepik,Программирование
23981,PRO C#. Алгоритмы поиска и сортировки,Сможете оценивать программный код и находить способы его оптимизации и ускорения. Курс формирует базовые знания в работе с алгоритмами поиска и сортировки данных,Начальный уровень,True,592,16500,4.9,46,stepik,Программирование
5482,PRO C#. Основы программирования,"Курс посвящен базовым понятиям программирования: типы данных, операторы, переменные, условия, циклы, массивы и функции. Он является вводным и подойдет слушателям с небольшим опытом или вообще без опыта программирования. Курс полностью обновлен 2025 году!",Начальный уровень,True,98614,2490,4.9,1035,stepik,Программирование
235332,Подготовка к Golang собеседованию — Stepik,"Курс по подготовке к техническому собеседованию на Golang-разработчика, грейд middle/middle+/senior Включает в себя необходимую теорию, стратегии ответов на сложные вопросы, и разбор часто встречающихся практических задач.",Средний уровень,False,176,49900,5.0,8,stepik,Программирование
254741,Подготовка к Golang собеседованию (middle/middle+),"Курс по подготовке к техническому собеседованию на Golang-разработчика, грейд middle/middle+ Включает в себя необходимую теорию, стратегии ответов на сложные вопросы, и разбор часто встречающихся практических задач.  Подробная информация о курсе - в открытом уроке с видео, рекомендую посмотреть его",Средний уровень,False,15,29900,,,stepik,Программирование
68260,Алгоритмы Машинного обучения с нуля — Stepik,"В данном курсе Вы реализуете с нуля все основные алгоритмы классического машинного обучения на чистом Python, Pandas и NumPy.",Средний уровень,False,7122,2900,5.0,10,stepik,Анализ данных и DS
129449,Машинное Обучение в Python: Большой Курс для Начинающих,"50+ часов видео-лекций и много практических заданий! 👍  Победитель Stepik Awards в номинации ""Прорыв года""! 🏆  Этот курс - лучший способ начать с нуля и стать специалистом по Машинному Обучению в Python! Библиотеки NumPy, Pandas, Matplotlib, Seaborn, Scikit-Learn и многое другое.🔥 Оперативная поддержка автора!🔥 Почитайте отзывы и записывайтесь!",Начальный уровень,True,5511,2900,5.0,144,stepik,Анализ данных и DS
113596,Data Science с Глебом Михайловым,"🏆Победитель  Stepik Awards в номинации ""Прорыв года""🏆
 
 Практический видео-курс по основам data science. Никакой математики, никакой теории, только примеры решения реальных задач c помощью pandas и CatBoost. Вводная часть курса по python и pandas для анализа данных доступна бесплатно!🔥",Начальный уровень,True,3145,2970,5.0,191,stepik,Анализ данных и DS
239757,Простая Линейная Регрессия Python. Математика машинного обучения,"Более 2 часов видео-лекции! 👍  Оперативная поддержка автора!🔥  Этот курс - лучший способ начать с нуля и стать специалистом по Машинному Обучению в Python и МАТЕМАТИКЕ! 🏆 Вы реализуете с нуля алгоритм классического машинного обучения метод наименьших квадратов (МНК) на чистом Python, NumPy, Pandas, Scikit-Learn, Matplotlib. Мы подробно разберём всю математику с нуля на примере Python кода, это будет самый ПРАКТИЧНЫЙ ОПЫТ 100%. Много практики + теория тоже есть! 🔥 Почитайте отзывы и записывайтесь!",Начальный уровень,True,136,890,5.0,13,stepik,Анализ данных и DS
209546,Parsing Engineer с нуля до junior,"Парсинг данных - это важное и востребованное направление в IT, которое включает в себя извлечение информации из различных источников. На курсе Вы сможете получить знания, которые позволят Вам стать специалистом по парсингу данных на Python с использованием библиотек BeautifulSoup, Selenium и IMAP. По окончании курса Вам будет предложено решить финальное задание на выбор, которое пойдет в Ваше портфолио и отразит все знания, полученные на курсе. На протяжении всего курса Вам будет доступен чат в Telegram.",Средний уровень,False,2697,9990,4.7,16,stepik,Анализ данных и DS
125501,Практический Machine Learning,"В курсе изучаются классические и продвинутые алгоритмы машинного обучения, подробно разбираются математические обоснования изучаемых методов.",Начальный уровень,True,2453,3900,5.0,61,stepik,Анализ данных и DS
175382,"Пакет курсов ""Data Scientist"": Python + SQL + Машинное обучение","Более 70 часов видео-лекций! 👍 Победитель Stepik Awards в номинации ""Прорыв года""! 🏆 Самые востребованные навыки Python + SQL + Machine Learning в едином пакете - для Дата Сайентистов, Аналитиков данных, Инженеров данных и всех интересующихся. Много практики + теория тоже есть! 🔥Оперативная поддержка автора!🔥 Почитайте отзывы на отдельные курсы, входящие в пакет (особенно отзывы на курс по машинному обучению), и смелее записывайтесь!",,False,2524,3900,5.0,24,stepik,Анализ данных и DS
118593,Python: анализ данных с Pandas,Курс посвящен практической работе с Pandas. Вы получите необходимую теорию и закрепите ее на большом количестве практических задач.,Средний уровень,True,1863,1990,4.8,151,stepik,Анализ данных и DS
133779,Бизнес аналитик в IT с Нуля до Специалиста,"Проверка домашних заданий автором курса. С нуля получишь все знания и навыки, которые требуют работодатели, когда ищут бизнес аналитика. Ты научишься работать с Excel, SQL, Power BI. Научишься строить бизнес процессы в нотации BPMN. Сможешь собирать требования и писать ТЗ, Use Case и User Story. Узнаешь что такое Agile и сможешь работать по Scrum и Kanban и применять Jira и Confluence. И самое главное научишься проходить собеседования, сделаешь крутое резюме и пройдешь настоящие тестовые задания.",Начальный уровень,True,2987,3890,4.8,134,stepik,Анализ данных и DS
138171,Process Mining: Анализ данных процессов с помощью Python — Stepik,"Process Mining - современная область data science / data mining, направленная на анализ данных процессов бизнеса. После прохождения курса вы будете знать, что представляет из себя область процессной аналитики, какие существуют методы анализа процессных данных, и как их применять на практике для анализа процессов организации.",Начальный уровень,False,101,2500,4.9,8,stepik,Анализ данных и DS
108888,Введение в соревновательный Data Science | Kaggle — Stepik,"🏆 Разбираемся в тонкостях соревновательного анализа данных. Прокачиваемся в построении моделей машинного обучения с максимальной точностью. Минимум теории, максимум практики для победы в чемпионатах. 
 Курс стал победителем в номинации ""Прорыв Года""  Stepik Awards 2023.",Средний уровень,False,1587,5250,5.0,142,stepik,Анализ данных и DS
186169,"Нейронные сети с PyTorch: без формул, только практика! — Stepik","Курс по нейронным сетям с PyTorch предназначен для тех, кто хочет овладеть навыками создания и обучения нейронных сетей на Python с использованием библиотеки PyTorch.",Средний уровень,False,1164,2550,5.0,35,stepik,Анализ данных и DS
121043,Специализация «Аналитик данных»,На этой специализации вы освоите профессию «Аналитик данных»,Начальный уровень,False,1067,5490,4.9,11,stepik,Анализ данных и DS
179805,Практический Deep Learning — Stepik,"Курс посвящен теоретическим и практическим основам работы с нейронными сетями. В курсе вы узнаете как устроены полносвязные, сверточные и рекуррентные нейронные сети, как они обучаются. Конечно, про трансформеры и attention mechanism вы тоже узнаете! Также вы познакомитесь с фреймворком PyTorch и напишете на нем свои первые нейронные сети.",Средний уровень,False,999,3900,4.9,16,stepik,Анализ данных и DS
122126,Pandas для Анализа данных,"Начните увлекательное путешествие в мир Pandas! 
 
 Этот курс поможет вам освоить основные концепции и приемы работы с Pandas, которые будут полезны во многих аналитических задачах и проектах. Вы также получите практические навыки путем выполнения упражнений.",Начальный уровень,True,933,1950,4.7,31,stepik,Анализ данных и DS
92012,Визуализация данных и основы работы в Tableau — Stepik,"Это курс про визуализацию данных и основы работы с Tableau. Он подойдет тем, кто хочет уметь рисовать хорошие качественные графики быстро и эффективно (и никакого программирования!). Умение строить графики и коммуницировать ваши данные - это уже базовая необходимость для работы с ними.
 
 Практика построена вокруг Tableau (одного из самых популярных BI инструментов). Сейчас Tableau - один из топовых навыков на рынке, так что будет +1 отличная строчка для резюме. А лекционная часть позволит отличать плохие графики от хороших и вместе смеяться на 3D пайчартами.",Начальный уровень,False,914,4800,5.0,46,stepik,Анализ данных и DS
206464,Аналитик 1С. Основные инструменты и ввод в профессию — Stepik,Этот курс поможет вам стать востребованным специалистом по аналитике в 1С и открыть новые карьерные возможности в области управления и автоматизации бизнес-процессов.,Начальный уровень,False,807,4490,4.8,39,stepik,Анализ данных и DS
194930,А/Б-тесты с Глебом Михайловым — Stepik,"Интуитивный видеокурс по А/Б-тестам, проверке гипотез и p-value. Никакой классической статистики и формул, только уникальные авторские инсайты и лайфхаки. Вводная часть курса по интуитивному пониманию А/Б-тестов доступна бесплатно!🔥",Средний уровень,False,1776,2470,4.8,91,stepik,Анализ данных и DS
114684,Анализ данных в KNIME — Stepik,"Курс создан для тех, кто много работает с данными. KNIME — это мощный инструмент для анализа данных. Он бесплатный, универсальный и сравнительно простой в изучении.",Начальный уровень,False,1587,1500,4.9,60,stepik,Анализ данных и DS
180256,Курс по Numpy — Твой путь в AI — Stepik,"При прохождении этого курса вы развиваете навыки работы с массивами данных, математических и статистических операций и других концепций, которые будут полезны во многих областях, включая научные и инженерные вычисления, обработку данных и машинное обучение.",Начальный уровень,False,790,650,4.9,48,stepik,Анализ данных и DS
204287,Введение в статистику и проверку гипотез — Stepik,Этот курс познакомит вас с основами статистики и А/Б тестирования и поможет систематизировать уже имеющиеся знания.,Начальный уровень,False,754,1990,4.7,20,stepik,Анализ данных и DS
177903,Изучаем Pandas на финансовых данных,"В курсе мы будем учиться работать с библиотекой Pandas, используя при этом различные финансовые и экономические данные. Тем самым, параллельно с изучением самой библиотеки, вы также сможете узнать для себя и что-то новое из мира экономики и финансов.",,True,718,1380,5.0,43,stepik,Анализ данных и DS
197483,Библиотека Matplotlib. Визуализация данных в Python — Stepik,"Если перед тем как построить график, с использованием библиотеки Matplotlib, Вы тратите слишком много времени на то, чтобы понять, как это сделать, то этот курс точно для Вас. Курс для быстрого освоения возможностей библиотеки Matplotlib.",,False,686,680,4.9,47,stepik,Анализ данных и DS
229035,Простой дашборд DataLens для Tg Ads за 15 минут — Stepik,"Создавайте красивые дашборды для своих проектов.  Увеличивайте эффективность и производительность себя и своей команды. Этот курс не нужно будет планировать на выходные, так как он длится всего около 15 минут.",Начальный уровень,False,618,990,5.0,21,stepik,Анализ данных и DS
208942,BI аналитика/Data engineer экспресс-курс — Stepik,"Ускоренный путь в BI/Data Engineering. За 5,5 часов практики вы освоите ключевые технологии (Docker, Airflow, ClickHouse) и построите полный цикл обработки данных - от извлечения до визуализации в DataLens/Superset. Курс сфокусирован на реальных задачах: никакой воды, только применимые на практике знания. Финальный проект станет отличным кейсом в вашем профессиональном портфолио. Начните карьеру в перспективной IT-области уже сегодня!",Начальный уровень,False,608,1990,5.0,42,stepik,Анализ данных и DS
204124,Библиотека Seaborn. Статистическая визуализация данных в Python,"Хотите превращать сложные наборы данных в яркие и понятные графики, которые привлекут внимание и помогут сделать важные выводы? Тогда этот курс по визуализации данных с Seaborn — именно то, что вам нужно!",,True,479,880,5.0,13,stepik,Анализ данных и DS
216086,Продуктовые метрики. Визуализация в  Python и BI Yandex DataLens,"На курсе вы познакомитесь с большим количеством продуктовых и бизнес метрик. Поймете их ценность для бизнеса, и как они взаимосвязаны друг с другом. А также научитесь рассчитывать и визуализировать ключевые метрики, представляя их в виде наглядных графиков с помощью Python и дашбордов в BI-платформе. Курс полностью практический: достаем данные из базы данных, обрабатываем их в Python с помощью библиотеки Pandas, визуализируем данные с помощью библиотек Matplotlib и Seaborn и строим дашборды в BI DataLens.",Средний уровень,True,460,2490,5.0,4,stepik,Анализ данных и DS
175967,Продвинутые методы машинного обучения — Stepik,"Данный курс посвящен различным прикладным задачам, которые решаются при помощи методов машинного обучения и является логическим продолженим курса Практический Machine Learning. В курсе разобраны современные подходы к решению задач рекомендации, анализа временных рядов, динамическое ценообразование, uplift-моделирование и многое другое.",Средний уровень,False,418,5400,4.0,3,stepik,Анализ данных и DS
229209,Data Engineer с нуля до junior: Полная программа,"Это полный набор курсов для погружения в IT направление ""Большие данные"" как Data Engineer. Включенные сюда дополнительные курсы SQL, Python, PySpark и SQLAlchemy дают ключевые навыки для обработки, трансформации и загрузки данных. Они позволяют эффективно работать с БД, автоматизировать пайплайны и масштабировать обработку данных в распределённых системах. По окончании курса Вам будет предложено решить финальное задание на выбор, которое пойдет в Ваше портфолио и отразит все знания, полученные на курсе.",Начальный уровень,False,419,12000,5.0,2,stepik,Анализ данных и DS
177213,Разведочный анализ данных,"В данном курсе мы рассказываем об основных и продвинутых подходах для анализа данных, а затем переходим к построению простых моделей машинного обучения. При этом параллельно осваиваем инструменты разработчика, которые активно исползуются в работе Data Scientst'a: терминал, Git и Docker",Начальный уровень,True,400,1900,4.9,7,stepik,Анализ данных и DS
193192,Доказательства — Stepik,"Доказательства нужны во всех разделах компьютерных наук: нужно доказывать корректность программ, алгоритмов, протоколов, а также оценки на их эффективность. Мы познакомимся с распространёнными типами доказательств (доказательства существования, оптимальности, корректности; метод математической индукции; оценки скорости роста), а также узнаем, как доказательства классифицируются в компьютерных науках с вычислительной точки зрения (увидим примеры интерактивных и вероятностно проверяемых доказательств).",Начальный уровень,False,341,1890,4.7,3,stepik,Анализ данных и DS
153842,Аналитика в SPSS: от новичка до уверенного бизнес-пользователя — Stepik,"Данный курс - аналог курса автора на платформе UDEMY. Он раскрывает искусство анализа данных, поиска скрытых закономерностей, прогнозирования и классификации с помощью программы SPSS.   Курс не имеет аналогов на русскоязычном пространстве и спроектирован в виде ""коктейля"" из основных предметных знаний (описательная и аналитическая статистика) и прикладной работы в SPSS.   На сегодня этот курс: самое полное русскоязычное собрание основных современных методов анализа данных для не-технических дисциплин.",Начальный уровень,False,326,1790,5.0,12,stepik,Анализ данных и DS
211639,Пакет курсов: Pandas + Matplotlib + Seaborn,"Пакет курсов по обработке, анализу и визуализации данных для глубокого освоения всех этапов работы с информацией.",,False,339,2480,5.0,2,stepik,Анализ данных и DS
231306,Разработка LLM с нуля — Stepik,"Этот практический курс погрузит студентов в создание современных языковых моделей (LLM) на примере GPT-архитектуры. Участники с нуля реализуют все основные компоненты Трансформера: от токенизации (BPE) до механизмов Внимания и генерации текста. Для разработки будем использовать только Python и низкоуровневый PyTorch, не полагаясь на какие-либо сторонние библиотеки.",Средний уровень,False,374,4900,4.9,9,stepik,Анализ данных и DS
200649,Анализ Данных с Глебом Михайловым (3 курса сразу!),В эту специализацию входит три моих курса:1) SQL для анализа данных с Глебом Михайловым 2) Data Science с Глебом Михайловым 3)А/Б-тесты с Глебом Михайловым,Начальный уровень,False,270,5970,5.0,2,stepik,Анализ данных и DS
214389,🤖 Машинное обучение с помощью ClearML и Pytorch Lightning ⚡ — Stepik,"Разбираем продвинутую связку ML инструментов для комфортного и быстрого обучения нейронных сетей и других алгоритмов. Учимся писать продакшен код и подключать к нему систему логирования. 
 Курс от победителей в номинации ""Прорыв Года"" Stepik Awards.",Средний уровень,False,244,2150,4.8,4,stepik,Анализ данных и DS
245635,Комбинаторика — Stepik,"Комбинаторика — раздел математики, изучающий способы выбора, размещения и группировки объектов из конечных множеств по определённым правилам. Мы познакомимся с основными концепциями комбинаторики (биномиальные коэффициенты, рекуррентные соотношения, производящие функции), а также напишем код для перебора разных объектов.",Начальный уровень,False,253,1890,5.0,1,stepik,Анализ данных и DS
245638,Теория графов — Stepik,"Теория графов используется повсеместно в математике и компьютерных науках, поскольку изучает попарные связи между объектами. Мы познакомимся с основными понятиями теории графов (деревья, циклы, потоки, паросочетания, раскраски, укладки), увидим большое количество применений и научимся пользоваться этими понятиями в Python.",Начальный уровень,False,251,1890,,,stepik,Анализ данных и DS
245346,Логика и теория множеств — Stepik,"Логика и теория множеств — это основа формального мышления и построения вычислений. Мы научимся формулировать утверждения, работать с кванторами, множествами и операциями над ними, а также увидим, как логика применяется в компьютерных науках (в частности, научимся пользоваться SAT-солверами).",Начальный уровень,False,250,1890,5.0,1,stepik,Анализ данных и DS
245637,Теория вероятностей — Stepik,"Теория вероятностей — это фундамент для понимания случайных процессов, без которого не обойтись в машинном обучении, анализе данных, криптографии и других областях. Мы изучим вероятностные модели, научимся вычислять вероятности событий, ожидания и дисперсии, а также поймём, как применять эти идеи на практике.",Начальный уровень,False,251,1890,,,stepik,Анализ данных и DS
246323,Дискретная математика,"Дискретная математика — это язык компьютерных наук. Знание этого языка необходимо специалистам в таких областях, как искусственный интеллект, разработка программного обеспечения, машинное обучение и многих других. В этой программе вы освоите этот язык, решив много задач — как практических, так и теоретических.",Начальный уровень,False,248,5890,,,stepik,Анализ данных и DS
93964,Математика для Data Science. Специализация. Тариф «Перельман» — Stepik,Избранные разделы высшей математики в контексте Data Science с упором на решение задач.,,False,207,30000,5.0,2,stepik,Анализ данных и DS
109816,"Технологии компьютерного зрения:с нуля к OpenCV, MediaPipe, YOLO — Stepik","Программа охватывает все этапы компьютерного зрения: от основ NumPy и OpenCV до продвинутых нейросетевых методов MediaPipe и YOLO. Вы научитесь обрабатывать изображения, видео, выполнять трансформации изображений, осваивать дополненную реальность с ArUco-маркерами, а также создавать собственные модели, обученные на своих данных. Особенностью курса является система автоматической проверки ваших решений на основе OpenCV.",Средний уровень,False,218,3950,4.8,8,stepik,Анализ данных и DS
205676,Продвинутые методы глубинного обучения,"Курс посвящен изучению современных алгоритмов и подходов из области Deep Learning, таких как генеративные модели в Computer Vision и в NLP, методы эффективного обучения больших языковых моделей, рекомендательные системы, грабовые нейронные сети и многое другое!",Средний уровень,False,188,3900,5.0,3,stepik,Анализ данных и DS
198117,Use Case и User Story: практический курс для аналитиков — Stepik,"В курсе доступным языком с наглядными примерами излагаются базовые способы описания требований к программным продуктам - Use case UML диаграммы, BPMN-схемы для визуализации use cases, user stories. Итоговое задание (сквозное по всему курсу) проверяется вручную. Вы получите развернутую обратную связь по заданию, в котором отработаете все разобранные в курсе способы записи требований на кейсе, актуальном лично для вас.",Начальный уровень,False,170,5900,5.0,17,stepik,Анализ данных и DS
177215,Линейные модели и их презентация — Stepik,"Классические линейные модели машинного обучения появились давно, но никогда не выйдут из моды и активно используются во многих проектах. На курсе вы узнаете о том, как устроены линейные модели, научитесь применять их на практике, интерпретировать и оборачивать в веб-сервисы.",Средний уровень,False,167,1900,5.0,1,stepik,Анализ данных и DS
223260,Аналитика и Data Science для менеджеров и гуманитариев,"Курс является раритетным аналогом древнего (10 летней давности), но самого популярного и одного из самых первых курсов данного автора. Курс создан по мотивам одноименной книги и  предназначен для социально-экономических направлений: в нем кратко разобраны основные методы поиска скрытых закономерностей.",Начальный уровень,True,169,1300,5.0,3,stepik,Анализ данных и DS
247866,Системный аналитик с нуля до старта,"Освойте всё, что нужно начинающему системному аналитику за 2 месяца. База, без которой никуда ни джунам, ни мидлам, ни сеньорам. Внутри вас ждут 11 часов видео 🎬⭐, текстовые уроки, тесты и задания.",Начальный уровень,True,187,7490,5.0,6,stepik,Анализ данных и DS
241343,PySpark с нуля,"Курс предназначен для начинающих специалистов в области обработки больших данных. Вы изучите основы распределённых вычислений с Apache Spark, научитесь работать с RDD и DataFrame, познакомитесь с Spark SQL, оптимизацией запросов, потоковой обработкой и библиотекой машинного обучения MLlib. В финале курса Вы решите практическое задание и добавите готовый проект в портфолио.",Начальный уровень,False,165,9990,,,stepik,Анализ данных и DS
180984,Основы нейронных сетей и NLP,"Интенсив посвящен основам работы с нейронными сетями, а также приложениям глубинного обучения к решению задач автоматической обработки текстов (NLP). 
 Курс является первым в линейке курсов по Natural Language Processing",Средний уровень,True,136,3900,5.0,2,stepik,Анализ данных и DS
223852,Современное компьютерное зрение,"Курс посвящен основам глубинного обучения в области Computer Vision (CV). В курсе мы начнем с азов компьютерного зрения, а затем затронем актуальные задачи CV и посмотрим на устройство популярных решений.",Средний уровень,True,132,10000,5.0,1,stepik,Анализ данных и DS
97158,Анализ данных NGS: практика для начинающих. — Stepik,"Лабораторный практикум для начинающих: Это небольшое исследование от сырых данных до сборки генома.  Мы покажем ГДЕ и КАК можно взять данные и ЧТО с ними в принципе можно сделать полезного, используя доступный любому биологу обычный компьютер.",Начальный уровень,False,120,3000,4.5,2,stepik,Анализ данных и DS
229626,Pandas,"🚀 Освойте Pandas 🚀 — одну из самых популярных библиотек Python для работы с данными! Научитесь создавать и обрабатывать таблицы, анализировать данные, работать с файлами и эффективно применять методы фильтрации, группировки и объединения. Курс подойдет как для начинающих, так и для тех, кто хочет углубить знания в анализе данных.",Средний уровень,True,118,1350,5.0,8,stepik,Анализ данных и DS
224260,Специалист по компьютерному зрению,"Программа состоит из четырех курсов: ""Практический Deep Learning"", ""Современное компьютерное зрение"", ""Генеративные модели компьютерного зрения"" и ""Super Resolution: Основы и Практика"". Прохождение курсов программы позволит слушателям погрузиться в основные алгоритмы и концепции глубинного обучения, а после этого освоить подходы классического и современного Computer Vision - и в теории, и на практике.",,True,113,17490,,,stepik,Анализ данных и DS
214012,Машинное обучение: Кросс-валидация и оптимизация гиперпараметров — Stepik,"Этот курс охватывает ключевые методы и инструменты кросс-валидации и оптимизации гиперпараметров моделей машинного обучения, используя инструменты библиотеки Scikit-learn. В рамках курса рассматриваются различные стратегии разбиения данных. Важным аспектом станет изучение GridSearchCV и RandomizedSearchCV для эффективной оптимизации моделей.",,False,118,880,5.0,5,stepik,Анализ данных и DS
198640,ExplainableAI: Интерпретация моделей от ML до LLM — Stepik,"Курс посвящён методам интерпретации моделей машинного и глубинного обучения (XAI). Рассматриваются математические основы и практическое применение интерпретируемости: от линейных моделей и ансамблей до CNN, Transformers и LLM. Особое внимание уделено современным методам объяснимости и их значению для повышения надёжности и безопасности AI-систем.",Средний уровень,False,104,7900,4.0,1,stepik,Анализ данных и DS
237232,Профессия DataOPS Engineer с нуля до middle — Stepik,"DataOps — внутреннее устройство инструментов в Data Engineering. Если Data Engineering — это здание, то DataOps — это его фундамент, электрика и система жизнеобеспечения. Вы научитесь работать с Linux, Python и Git, собирать образы в Docker, разворачивать кластеры в Kubernetes, строить потоковые системы на Hadoop и Spark, автоматизировать задачи с Airflow и Ansible, подключать облако и CI/CD. Много практики, настоящие Dev & Data инструменты и финальный проект, которым не стыдно поделиться.",Начальный уровень,False,101,12990,,,stepik,Анализ данных и DS
216263,Машинное обучение: Метрики качества классификации и регрессии — Stepik,"Одним из основных требований к датасаентисту является – хорошее знание метрик качества оценки моделей машинного обучения. Обучить модель и сделать предсказания – это важный момент, но не менее важным является способность правильно оценить качество этих предсказаний, используя именно те метрики оценки, которые наиболее точно соответствуют вашим данным и целям конкретной задачи. В курсе рассмотрены метрики качества для задач классификации и регрессии с использованием библиотеки Scikit-learn.",,False,110,1480,5.0,1,stepik,Анализ данных и DS
193305,Трансформеры в NLP и приложениях,"Курс посвящен трансформерам - самой востребованной архитектуре нейронных сетей для решения задач в области NLP и приложениях. На курсе подробно разобрано теоретическое устройство трансформеров, много практики на Python, а также проектное задание: сервис, реализующий применение трансформера для решения NLP-задачи.",,True,90,3900,,,stepik,Анализ данных и DS
232553,Генеративные модели компьютерного зрения — Stepik,"Курс посвящен современным моделям для генерации изображений, а также техникам для оптимизации и повышения стабильности их обучения. В курсе будет подробно разобрана теория методов, а также - большое количество практики для закрепления полученных знаний.",Средний уровень,False,81,5000,,,stepik,Анализ данных и DS
244062,Анализ данных Python: с 0 до уверенного бизнес-пользователя — Stepik,Раскройте возможности Python для анализа данных и машинного обучения  - от основ языка - до знакомства с основными библиотеками для анализа данных - и аналитики (вплоть до нейросетевых методов).,Начальный уровень,False,116,2990,5.0,2,stepik,Анализ данных и DS
237433,Numpy для анализа данных — Stepik,"Освойте NumPy — мощную библиотеку для научных вычислений в Python! Этот курс поможет вам легко работать с массивами, проводить статистический анализ и эффективно обрабатывать большие данные. Узнайте, как применять NumPy для анализа данных и временных рядов. Подходит для новичков и тех, кто хочет прокачать свои навыки в Python и анализе данных!",Начальный уровень,False,80,390,4.7,15,stepik,Анализ данных и DS
115951,Математика для аналитиков. Специализация (Перельман) — Stepik,"Специализация Математика для аналитиков состоит из 2 курсов: теории вероятностей и статистики. Она подойдет тем, кто хочет начать работать или уже работает аналитиком, а также техническим менеджерам, работающим с аналитиками.",Средний уровень,False,58,16000,3.8,4,stepik,Анализ данных и DS
188632,Рекуррентные сети в NLP и приложениях — Stepik,"Интенсив посвящен рекуррентным нейронным сетям, применяющимся для решения широкого класса задач в области NLP, а также их приложениям в других областях.
 Курс является вторым в линейке курсов по Natural Language Processing после курса ""Основы нейронных сетей и NLP"".",,False,61,3900,,,stepik,Анализ данных и DS
229210,Data Engineer с нуля до junior + Python — Stepik,"Это набор курсов для погружения в IT направление ""Большие данные"" как Data Engineer. Во включенном сюда дополнительном курсе Python глубоко рассматривается и прорабатывается весь инструментарий стека (нейросети, pandas, чат-боты, алгоритмы и сортировки, PyQt5). По окончании курса По окончании курса Вам будет предложено решить финальное задание на выбор, которое пойдет в Ваше портфолио и отразит все знания, полученные на курсе. На протяжении всего курса Вам будет доступен чат в тг.",Начальный уровень,False,51,6000,,,stepik,Анализ данных и DS
175964,Машинное обучение — Модуль 1 (Анализ данных) — Stepik,"Данный курс является первым модулем из серии моих курсов по машинному обучению (ML). В этом курсе в качестве задачи будет рассматриваться прогнозирование в футбольной аналитике. Мы сосредоточимся на сборе данных, которые будут использоваться для прогнозирования в следующих модулях. Помимо сбора данных, мы также применим некоторые техники предобработки данных.",Средний уровень,False,48,500,,,stepik,Анализ данных и DS
233293,"Создание нейросетей с нуля: математика, алгоритмы и практика — Stepik","Курс ""Создание нейросетей с нуля: математика, алгоритмы и практика"" предоставит вам уникальное, глубокое понимание основ искусственного интеллекта и нейросетей. Мы разберем, как работают стандартные библиотеки ИИ, такие как TensorFlow и PyTorch, изнутри, и научим вас строить нейросети с нуля. Курс охватывает все этапы создания моделей — от фундаментальных математических принципов до оптимизации и применения на практике, давая вам мощные инструменты для работы с ИИ.",Начальный уровень,False,44,4990,,,stepik,Анализ данных и DS
229211,Data Engineer с нуля до junior + SQL,"Это набор курсов для погружения в IT направление ""Большие данные"" как Data Engineer. Включенный сюда дополнительный курс SQL даст такие ключевые навыки как написание сложных SQL-запросов, оптимизацию запросов, администрирование БД и углубленную работу с PostgreSQL. По окончании курса По окончании курса Вам будет предложено решить финальное задание на выбор, которое пойдет в Ваше портфолио и отразит все знания, полученные на курсе. На протяжении всего курса Вам будет доступен чат в тг.",Начальный уровень,False,40,6000,5.0,1,stepik,Анализ данных и DS
241837,Data Science с нуля: Python и машинное обучение для начинающих — Stepik,"🎓 Data Science с нуля: Python и машинное обучение для начинающих
 
 Освой Data Science с нуля! 🔍
 Ты пройдёшь весь путь — от основ Python и анализа данных до построения моделей машинного обучения.
 📊 Теория объясняется просто и наглядно.
 💻 Практика — на реальных задачах, с пошаговыми инструкциями и кодом.
 
 🚀 Подходит для новичков.
 📈 Полезен для старта карьеры в аналитике и IT.
 💡 После курса у тебя будет портфолио проектов и уверенность в своих знаниях!",Начальный уровень,False,44,1390,5.0,2,stepik,Анализ данных и DS
146189,Компьютерное зрение (CV): от основ до нейросетей,"Этот курс по компьютерному зрению создан для всех, кто хочет узнать, как использовать технологии в разных областях — от медицины до искусства. Мы познакомим вас с основами работы с изображениями, чтобы даже новички чувствовали себя уверенно.",Начальный уровень,True,39,3500,,,stepik,Анализ данных и DS
230539,Гибкий График – Теория + Практика — Stepik,"Научитесь делать понятные графики и дашборды за 11 недель!  22 практических задания с детальной обратной связью помогут вам освоить ключевые принципы визуализации, разобраться в типах графиков и избегать типичных ошибок. Максимум практики — минимум воды! Курс подходит и новичкам, и опытным специалистам.",Средний уровень,False,31,14900,5.0,1,stepik,Анализ данных и DS
221326,Pandas для анализа данных — Stepik,"Этот курс позволит вам освоить ключевые концепции и методы работы с Pandas, которые будут полезны в различных аналитических задачах и проектах. Вы также приобретете практические навыки через выполнение упражнений.",Начальный уровень,False,41,1090,5.0,3,stepik,Анализ данных и DS
248994,Визуализация с Matplotlib для анализа данных,"Освой визуализацию в Python — от базовых графиков до сложных настраиваемых диаграмм. Без догадок, без часами читаемой документации, только практика и наглядные примеры.",Начальный уровень,True,34,590,5.0,1,stepik,Анализ данных и DS
252129,Простой дашборд DataLens для Яндекс Директ — Stepik,"Создавайте удобные дашборды для анализа рекламных кампаний в Яндекс Директ. Упрощайте отчётность, повышайте прозрачность и эффективность своей рекламы.",Начальный уровень,False,31,1890,5.0,2,stepik,Анализ данных и DS
248368,"Анализ данных с нуля: визуализация, корреляции, практика — Stepik","Этот курс — идеальный старт для тех, кто хочет уверенно войти в мир аналитики данных. Вы научитесь работать с реальными таблицами, создавать наглядные визуализации, выявлять закономерности и строить простые модели машинного обучения. Всё на Python — современно, понятно и с большим практическим уклоном.",Начальный уровень,False,35,1190,5.0,2,stepik,Анализ данных и DS
230478,Дашборды в DataLens для Tg Ads за 30 минут (расширенная версия) — Stepik,"Создайте дашборд Telegram Ads в DataLens за 30 минут — наглядно, красиво и без сложных настроек. Подключите выгрузку, настройте визуализацию и получите отчёт, которым приятно делиться.",Начальный уровень,False,25,1490,5.0,8,stepik,Анализ данных и DS
250055,Программирование на языке R: Полный курс (дополняемый курс) — Stepik,"Курс для начинающих и практикующих пользователей языка R. Осваивайте основы и продвинутые приёмы анализа данных, визуализации и написания функций. Курс пополняется новыми материалами, и все обновления становятся доступны бесплатно после покупки.",Начальный уровень,False,25,1200,,,stepik,Анализ данных и DS
256378,Продуктовая аналитика — введение в специальность + A/B-симулятор,"Ищете свой путь в IT? Этот курс для вас! Познакомьтесь с профессией продуктового аналитика. Узнайте, чем занимается такой специалист, что ему нужно знать и уметь, и самое важное — подходит ли эта профессия именно вам. Очень плотно познакомитесь с A/B-тестированием. Аналогов А/B-симуляции в курсе на текущий момент на Степике нет. Если вы уже определились с выбором, начали изучать отдельные аспекты Продуктовой аналитики, но у вас еще не сложилась целостная картина — этот курс также для вас!",Начальный уровень,True,50,389,4.8,4,stepik,Анализ данных и DS
209885,Математический анализ: часть 1,"Этот курс предназначен для тех, кто хочет овладеть фундаментальными знаниями математического анализа, открывающими широкие перспективы для применения в современных технологиях и научных исследованиях.",Начальный уровень,True,27,1470,5.0,1,stepik,Анализ данных и DS
219364,Junior Python Data Scientist,"Этот набор курсов является специализацией для того чтобы с 0 дойти до уровня Junior Python Data Scientist. Особенность включенных курсов в том что первый дает всю базу в максимально короткий срок по языку Python, а второй дает все необходимое для старта в области Data Science (Big Data, Анализ данных).",Начальный уровень,False,14,1845,,,stepik,Анализ данных и DS
212889,Математический анализ: часть 2 (ВСЕ о пределах),"Изучите понятие предела функций и последовательностей — фундаментальную тему высшей математики. Освойте методы вычисления пределов, включая важнейшие теоремы и приёмы, чтобы успешно решать задачи и подготовиться к экзаменам. Практические примеры и пошаговые объяснения сделают сложные концепции понятными.",Начальный уровень,True,17,1390,5.0,1,stepik,Анализ данных и DS
93965,Математика для Data Science. Специализация. Тариф «Коши» — Stepik,Избранные разделы высшей математики в контексте Data Science с упором на решение задач и устные беседы с предподавателями.,,False,13,60000,,,stepik,Анализ данных и DS
225824,Разработка ИИ-агентов на Python с помощью Function Calling,"ИИ-агент - это бот, с которым можно не только чатиться, но который может выполнять активные действия.  Например, вызывать внешнее API, ходить в вашу БД и т.д. ИИ-агент может работать за вас!  В этом курсе вы шаг за шагом освоите создание ИИ-агентов с помощью OpenAI Function Calling — без сложных фреймворков, только Python и OpenAI API.",Начальный уровень,True,15,3000,5.0,1,stepik,Анализ данных и DS
225812,Анализ и прогнозирование временных рядов — Stepik,"Овладейте искусством прогнозирования с помощью анализа временных рядов! Наш курс охватывает все этапы — от предобработки данных и визуализации до применения классических моделей ARIMA, машинного обучения (XGBoost, LGBM) и глубоких нейронных сетей (LSTM, TCN). Вы научитесь строить точные прогнозы, обнаруживать аномалии и реализовывать проекты на реальных данных.",Средний уровень,False,22,2990,3.5,2,stepik,Анализ данных и DS
244445,SQL-собеседование: 200 задач уровня Junior — Stepik,"Готовитесь к собеседованию? Этот курс — ваш тренажёр для уверенного решения SQL задач уровня Junior. 200 практических кейсов, как на реальных интервью, с автопроверкой и понятными условиями. Идеально для аналитиков и дата-инженеров, уже знакомых с SELECT, JOIN, GROUP BY и др. Ускорьте подготовку и выходите на рынок труда с уверенностью в своих силах.",Начальный уровень,False,21,1860,,,stepik,Анализ данных и DS
249723,Нейросети в PyTorch: быстрый старт с нуля,"С нуля до первых нейросетей на PyTorch! Научитесь создавать, обучать и оценивать модели, работать с данными и визуализировать результаты. Все знания сразу закрепляются на практике через реальные проекты, которые станут частью вашего портфолио!",Начальный уровень,True,22,1590,5.0,1,stepik,Анализ данных и DS
202357,YOLO Computer Vision: от новичка до Junior Engineer за 12 недель — Stepik,"Освойте YOLO за 12 недель и получите востребованную профессию в Computer Vision! Пошаговая программа: от установки до развертывания работающих моделей детекции объектов в медицине, ритейле, безопасности. Практические проекты + живые онлайн-консультации. Результат: портфолио из 3 реальных проектов + сертификат + пожизненный доступ к обновлениям курса. Подходит начинающим в ML, разработчикам, аналитикам данных. Закрытые мастер-классы для разбора ваших кейсов. Доступ к комьюнити практиков Computer Vision.",Начальный уровень,False,10,10000,5.0,1,stepik,Анализ данных и DS
254944,Теория вероятностей для собеседований,"Этот курс поможет вам разобраться в основах теории вероятностей, научиться решать типичные задачи с собеседований. Вы пройдёте путь от базовых определений до формул Байеса и математического ожидания, научитесь мыслить вероятностно и уверенно решать задачи любого уровня.",,True,23,1290,5.0,1,stepik,Анализ данных и DS
83861,Математика для Data Science. Специализация. Тариф «Фейнман» — Stepik,Избранные разделы высшей математики в контексте Data Science с упором на решение задач и устные беседы с предподавателями.,,False,8,90000,,,stepik,Анализ данных и DS
248385,Аналитик 1С. Интенсив с преподавателем! — Stepik,Этот курс поможет вам стать востребованным специалистом по аналитике в 1С и открыть новые карьерные возможности в области управления и автоматизации бизнес-процессов. В данном курсе все уроки проверяются лично преподавателем.,Начальный уровень,False,7,9900,,,stepik,Анализ данных и DS
250095,МЕГА-ПАК: Профессия «Аналитик данных» от А до Я — Stepik,"Хочешь войти в Data Science, но не знаешь, с чего начать? В этом паке собраны лучшие курсы для полного погружения в профессию аналитика данных. Ты освоишь инструменты, научишься разбираться в данных, решать реальные задачи и с нуля дойдёшь до уверенной подготовки к собеседованиям. Всё, что нужно для старта — в одном месте. Начни путь в востребованную и высокооплачиваемую сферу уже сегодня! 🚀",Начальный уровень,False,9,4190,,,stepik,Анализ данных и DS
250096,Матанализ от А до Я — Stepik,"Полный курс по математическому анализу: от основ работы с функциями и отображениями до глубокого понимания пределов последовательностей и функций. Подходит для студентов, школьников, программистов и всех, кто хочет овладеть фундаментом высшей математики для учёбы, работы или поступления в вузы.",Начальный уровень,False,10,2190,,,stepik,Анализ данных и DS
255538,Продуктовая аналитика — MatStat PRO — Stepik,"Это платная версия курса Продуктовая аналитика - MatStat. Ссылку на бесплатную версию курса вы найдете в бесплатном ознакомительном уроке. Во многом он повторяет бесплатную версию. Отличия заключаются в том, что здесь больше задач, и каждая задача снабжена решением, что поможет намного глубже и увереннее освоить навыки решения задач. Количество задач постонно растёт.",Средний уровень,False,10,689,5.0,1,stepik,Анализ данных и DS
249148,Логарифмы: от свойств до неравенств — Stepik,"Освойте логарифмы — одну из важнейших тем алгебры! Этот курс поможет вам понять основы, свойства и правила работы с логарифмами, научит решать уравнения и неравенства, а также применять логарифмы в практических задачах. Материал изложен простым языком и сопровождается большим количеством примеров и заданий для закрепления.",Начальный уровень,False,8,399,5.0,1,stepik,Анализ данных и DS
115950,Математика для аналитиков. Специализация (Коши) — Stepik,"Специализация Математика для аналитиков состоит из 2 курсов: теории вероятностей и статистики. Она подойдет тем, кто хочет начать работать или уже работает аналитиком, а также техническим менеджерам, работающим с аналитиками.",,False,,,,,stepik,Анализ данных и DS
253170,Системный аналитик: практикум с ручной проверкой — Stepik,Отработайте теорию на практике и соберите полный набор навыков «от требований до API». Автор вручную проверяет каждое задание: требования → User Story Map → Use Case → BPMN → ER-модель → REST API.,Средний уровень,False,7,26890,,,stepik,Анализ данных и DS
249784,Data Engineer с нуля до junior + PySpark — Stepik,"Это набор курсов для погружения в IT направление ""Большие данные"" как Data Engineer. Со включенным сюда дополнительным курсом PySpark Вы изучите основы распределённых вычислений с Apache Spark, научитесь работать с RDD и DataFrame, познакомитесь с Spark SQL, оптимизацией запросов, потоковой обработкой и библиотекой машинного обучения MLlib. По окончании курса По окончании курса Вам будет предложено решить финальное задание на выбор, которое пойдет в Ваше портфолио и отразит все знания, полученные на курсе.",Начальный уровень,False,5,9990,,,stepik,Анализ данных и DS
248866,Погружение в NLP: от эмбеддингов до трансформеров,"Погрузитесь в мир обработки естественного языка и узнайте, как машины “понимают” тексты. За 8 модулей вы пройдёте путь от простых эмбеддингов до мощных трансформеров вроде BERT и RuBERT. Вас ждут реальные практики, мини-проекты и пошаговые инструкции. Всё максимально прикладное — вы сразу применяете знания на деле и создаёте собственный NLP-проект. После завершения курса получите сертификат Stepik.",Начальный уровень,True,17,2890,,,stepik,Анализ данных и DS
115943,Математика для аналитиков. Специализация (Фейнман) — Stepik,"Специализация Математика для аналитиков состоит из 2 курсов: теории вероятностей и статистики. Она подойдет тем, кто хочет начать работать или уже работает аналитиком, а также техническим менеджерам, работающим с аналитиками.",Средний уровень,False,4,48000,,,stepik,Анализ данных и DS
250081,Быстрый старт в Data science с нуля,"Хочешь войти в Data Science, но не знаешь, с чего начать?
 В этом мегапаке собраны лучшие курсы, которые проведут тебя от полного нуля до уверенного джуна.
 
 Ты научишься анализировать данные, строить графики, писать SQL-запросы, решать бизнес-задачи, мыслить как аналитик и уверенно проходить собеседования.
 Всё, что нужно для старта — в одном месте, без воды и лишней теории.",Начальный уровень,False,5,2760,,,stepik,Анализ данных и DS
252721,Пакет «Нейросети и временные ряды»,"Мечтаешь разбираться в данных глубже и применять нейросети для прогнозов? Этот пакет даст тебе всё необходимое: от изучения методов анализа временных рядов до построения собственных моделей в PyTorch. Ты научишься выявлять закономерности, работать с трендами и сезонностью, создавать предсказательные модели и понимать их математическую основу. С этим курсом ты получишь навыки, которые ценят работодатели, и сделаешь уверенный шаг в карьеру в Data Science. 🚀",Средний уровень,False,5,3490,,,stepik,Анализ данных и DS
255038,Data-аналитик с нуля: Python и SQL на практике — Stepik,"Python и SQL с нуля до профи! 🚀 На курсе ты не просто изучишь синтаксис, а решишь сотни задач, разберёшь реальные кейсы и соберёшь проекты в портфолио. Всё, чтобы стать уверенным дата-аналитиком и прокачать карьеру.",Начальный уровень,False,4,11500,,,stepik,Анализ данных и DS
249783,PySpark + Python Engineer с нуля до junior,"Если Вы изучаете тему больших данных, то знание Python и PySpark из данного набора будет для Вас обязательным. На курсе по Python глубоко рассматривается и прорабатывается весь инструментарий стека (нейросети, pandas, чат-боты, алгоритмы и сортировки, PyQt5), когда на курсе PySpark Вы изучите основы распределённых вычислений с Apache Spark, научитесь работать с RDD и DataFrame, познакомитесь с Spark SQL, оптимизацией запросов, потоковой обработкой и библиотекой машинного обучения MLlib.",Начальный уровень,False,,7990,,,stepik,Анализ данных и DS
252726,Профессия Аналитик данных — Stepik,"Этот пакет поможет полностью освоить анализ временных рядов и глубокое обучение в PyTorch. Вы пройдёте путь от базового понимания данных и трендов до построения собственных моделей RNN и LSTM. Курс сочетает теорию, практику и реальные проекты, чтобы вы могли уверенно применять знания на практике и подготовиться к работе в Data Science. Всё необходимое для полного погружения и профессионального старта — в одном курсе. 🚀",,False,5,6990,,,stepik,Анализ данных и DS
261872,"Твой путь в AI — Нейронные сети, PyTorch, Numpy — Stepik","От работы с массивами и математики до создания, обучения и отладки реальных нейросетей в PyTorch. Понятные объяснения и готовые навыки для первой работы в AI.",Средний уровень,False,6,6490,,,stepik,Анализ данных и DS
262235,Тренажер: 40 задач по PySpark для собеседований,"Попробуйте бесплатные модули и оцените всё сами! Убедитесь, насколько это просто и эффективно, прямо сейчас! 🚀🚀🚀",Средний уровень,False,3,1490,5.0,1,stepik,Анализ данных и DS
239591,Введение в анализ данных и машинное обучение на Python — Stepik,"Попробуйте бесплатные модули и оцените всё сами! Убедитесь, насколько это просто и эффективно, прямо сейчас! 🚀🚀🚀",Начальный уровень,False,3,1499,5.0,1,stepik,Анализ данных и DS
252263,Регуляризация. L2. Ridge. Тихонова. Гребневая регрессия в Python — Stepik,"Более 3 часов видео-лекции! 👍  Этот курс - лучший способ начать с нуля и стать специалистом по Машинному Обучению в Python и МАТЕМАТИКЕ! 🏆 Вы реализуете с нуля алгоритм классического машинного обучения гребневая регрессия и регуляризация в Python, NumPy, Pandas, Scikit-Learn, Matplotlib. Мы подробно разберём всю математику с нуля на примере Python, это будет самый ПРАКТИЧНЫЙ ОПЫТ 100%. Много практики + теория тоже есть! 🔥 Оперативная поддержка автора!🔥 Почитайте отзывы и записывайтесь!",Начальный уровень,False,14,1890,,,stepik,Анализ данных и DS
250384,"Переобучение, Недообучение в ML. Полиномиальная регрессия Python — Stepik","Более 3 часов видео-лекции! 👍  Оперативная поддержка автора!🔥 Этот курс - лучший способ начать с нуля и стать специалистом по Машинному Обучению в Python и МАТЕМАТИКЕ! 🏆 Вы реализуете с нуля алгоритм классического машинного обучения полиномиальная регрессия, переобучение, недообучение в Python, NumPy, Pandas, Scikit-Learn, Matplotlib. Мы подробно разберём всю математику с нуля на примере Python, это будет самый ПРАКТИЧНЫЙ ОПЫТ 100%. Много практики + теория тоже есть! 🔥  Почитайте отзывы и записывайтесь!",Начальный уровень,False,16,1890,,,stepik,Анализ данных и DS
245654,Градиентный спуск и SGD в Python. Математика машинного обучения — Stepik,"Более 6 часов видео-лекции! 👍  Оперативная поддержка автора!🔥 Этот курс - лучший способ начать с нуля и стать специалистом по Машинному Обучению в Python и МАТЕМАТИКЕ! 🏆 Вы реализуете с нуля алгоритм градиентного спуска и стохастического, классическое машинное и глубокое обучение  на чистом Python, NumPy, Pandas, Scikit-Learn. Мы подробно разберём всю математику с нуля на примере Python кода, это будет самый ПРАКТИЧНЫЙ ОПЫТ 100%. Много практики + теория тоже есть! 🔥  Почитайте отзывы и записывайтесь!",Начальный уровень,False,28,1890,,,stepik,Анализ данных и DS
249447,Разложение Холецкого и LU Python. Математика машинного обучения — Stepik,"4 часа видео-лекции! 👍  Оперативная поддержка автора!🔥 Этот курс - лучший способ начать с нуля и стать специалистом по Машинному Обучению в Python и МАТЕМАТИКЕ! 🏆 Вы реализуете с нуля алгоритм LU-разложение и Холецкого, классическое машинное и глубокое обучение Python, NumPy, Pandas, Scikit-Learn. Мы подробно разберём всю математику с нуля на примере Python кода, это будет самый ПРАКТИЧНЫЙ ОПЫТ 100%. Много практики + теория тоже есть! 🔥  Почитайте отзывы и записывайтесь!",Начальный уровень,False,28,890,,,stepik,Анализ данных и DS
248961,QR-разложение Python.Грама-Шмидта. Математика машинного обучения,"4 часа видео-лекции! 👍  Оперативная поддержка автора!🔥 Этот курс - лучший способ начать с нуля и стать специалистом по Машинному Обучению в Python и МАТЕМАТИКЕ! 🏆 Вы реализуете с нуля алгоритм QR-разложения, классическое машинное и глубокое обучение Python, NumPy, Pandas, Scikit-Learn. Мы подробно разберём всю математику с нуля на примере Python кода, это будет самый ПРАКТИЧНЫЙ ОПЫТ 100%. Много практики + теория тоже есть! 🔥  Почитайте отзывы и записывайтесь!",Начальный уровень,True,14,1890,5.0,2,stepik,Анализ данных и DS
246258,Сингулярное разложение SVD Python. Математика машинного обучения,"5 часов видео-лекции! 👍 Оперативная поддержка автора!🔥 Этот курс - лучший способ начать с нуля и стать специалистом по Машинному Обучению в Python и МАТЕМАТИКЕ! 🏆 Вы реализуете с нуля алгоритм Спектрального и Сингулярного разложения(SVD).Мура-Пенроуза, классическое машинное и глубокое обучение Python, NumPy, Pandas, Scikit-Learn. Мы подробно разберём всю математику с нуля на примере Python кода, это будет самый ПРАКТИЧНЫЙ ОПЫТ 100%. Много практики + теория тоже есть! 🔥  Почитайте отзывы и записывайтесь!",Начальный уровень,True,34,1890,5.0,3,stepik,Анализ данных и DS
242962,Множественная Регрессия в Python. Математика машинного обучения — Stepik,"Более 4 часов видео-лекции! 👍  Оперативная поддержка автора!🔥 Этот курс - лучший способ начать с нуля и стать специалистом по Машинному Обучению в Python и МАТЕМАТИКЕ! 🏆 Вы реализуете с нуля алгоритм классического машинного обучения метод наименьших квадратов (МНК) на чистом Python, NumPy, Pandas, Scikit-Learn, Matplotlib. Мы подробно разберём всю математику с нуля на примере Python кода, это будет самый ПРАКТИЧНЫЙ ОПЫТ 100%. Много практики + теория тоже есть! 🔥 Почитайте отзывы и записывайтесь!",Начальный уровень,False,49,1890,5.0,5,stepik,Анализ данных и DS
193773,Курс Python-разработчик с Нуля до Open Source:Линтеры.Git.Github — Stepik,"3 часа видео-лекции! 👍 Оперативная поддержка автора!🔥 200 заданий на практику 🏆 Этот курс - лучший способ начать с нуля и стать специалистом в Python и Github! Курс подойдёт ДЛЯ ВСЕХ кто пишет на Python с Нуля,включая Data Sciene и ML-engineer,Машинное обучение. Я собрал в нём весь свой семилетний опыт работы.  В 2025 году изучение python с нуля требует установки линтеров, например Pylint,black,mypy, а так же знаний Github и open source, CI/CD. 🔥 Почитайте отзывы и записывайтесь!",Начальный уровень,False,96,1890,4.9,15,stepik,Анализ данных и DS
237390,Переносим Python(FastAPI/Django/Flask/TG БОТ)на сервер.VPS+ДОМЕН — Stepik,"Автор курса Руслан Сенаторов t.me/RuslanSenatorov, Преподаватель и Президент IT-организации(CEO) github.com/SENATOROVAI | Курс подойдёт для Data Science,Машинное обучение,ML-инженер,python-разработчик,перенос модели. FastAPI/Django/Flask/Телеграм БОТ
 
 1. деплоймент/развертывание приложения и как перенести его на VPS?  
 2. Как настроить NGINX?  
 3. Как создать демонов?  
 4. Как работать с API?  
 5. Как создать телеграм-бота и подключить SSL/HTTPS к домену?  
 6. Как создать домен, VPS и привязать домен к VPS?",Начальный уровень,False,45,890,4.6,7,stepik,Анализ данных и DS
135371,Power BI — Stepik,"На курсе ""Power BI"" обучим функционалу программных продуктов Power BI и Power Query для ускорения обработки данных и их визуализации! Приглашаем всех, кто регулярно работает с данными  и хочет уметь их эффективно визуализировать в дашбордах.",Начальный уровень,False,7,15000,,,stepik,Анализ данных и DS
262835,Тренажер: 50 задач по Pandas для собеседований,"Попробуйте бесплатные модули и оцените всё сами! Убедитесь, насколько это просто и эффективно, прямо сейчас! 🚀🚀🚀",Продвинутый уровень,False,1,990,5.0,1,stepik,Анализ данных и DS
134850,Самый полный курс по JavaScript для начинающих программистов,"🏅 Признан одним из лучших курсов 2023 года и неизменно входит в топ бестселлеров!  Самый полный курс по JavaScript для начинающих программистов на платформе Stepik! Этот курс идеально подходит для программистов, которые хотят изучить основы языка программирования JavaScript. В ходе курса вы узнаете основные концепции языка, включая переменные, типы данных, условные конструкции, циклы, функции и объекты. Курс включает в себя большое количество практических заданий, которые помогут закрепить знания.",Начальный уровень,True,2023,2999,4.8,74,stepik,Веб-разработка
247486,Твой JavaScript PRO — Stepik,"Вторая часть нашего уникального курса по JavaScript! Этот курс — твой ключ к мастерству в одном из самых востребованных языков программирования. Глубокое понимание всех аспектов JavaScript, без лишней воды и сложных терминов - это то что нужно. Задачи, тесты, простые и увлекательные объяснения помогут в эффективном  и интересном обучении.
 Присоединяйся к сообществу JS-разработчиков и открой для себя мир возможностей.
 Начни изучать JavaScript сегодня — это твой верный шаг к успешной карьере в IT!",Средний уровень,False,339,3500,5.0,3,stepik,Веб-разработка
114165,Фундаментальный JavaScript,"Современный JavaScript с основ до продвинутых техник. Для начинающих и желающих закрыть пробелы и попрактиковаться.  За 20 часов вы получите глубокие знания от профессионала-практика. Вы изучите современный синтаксис, основы языка, работу с браузером, ООП и асинхронное программирование. Курс включает реальную практику с автопроверкой и создание нескольких проектов.   Инвестируйте в свое будущее сейчас и станьте специалистом в JavaScript!",Начальный уровень,True,1571,3550,5.0,57,stepik,Веб-разработка
114109,Курс по верстке и веб разработке сайтов с нуля! Web development,"В этом курсе вы найдете все о современной верстке сайтов, для быстрого старта в профессию веб разработчик!",Начальный уровень,True,3310,3290,5.0,351,stepik,Веб-разработка
174634,Django 5 для начинающих,"Этот курс проведет вас через весь процесс разработки профессиональных веб-приложений с помощью Django и Django REST Framework. Все лекции посвящены объяснению механизмов работы веб-фреймворка Django путем написания нескольких проектов на Python с нуля и последующим их деплоем на сервер. В курсе 161 интерактивная задача для закрепления и проверки знаний. Внимание, данный курс не содержит ни минуты видео!",Средний уровень,True,2051,1999,5.0,156,stepik,Веб-разработка
170073,"PRO C#. Профессия ""Backend разработчик""","Получение самой популярной профессии с полного нуля. Более 87-х часов видео и 2100 задач. Насыщенная программа с короткими видеоуроками, текстовыми конспектами и большим количеством практики. Пакет из девяти курсов.",Начальный уровень,False,226,174190,5.0,2,stepik,Веб-разработка
260155,Чистый JavaScript: ошибки функций и их исправление на практике — Stepik,"Практический курс по JavaScript. На примерах учимся находить ошибки в функциях, проводить рефакторинг и превращать сложный код в чистый, понятный и поддерживаемый. Курс подходит для начинающих разработчиков и для тех, кто уже имеет некоторый практический опыт в JavaScript.",Начальный уровень,False,3,999,5.0,1,stepik,Веб-разработка
237390,Переносим Python(FastAPI/Django/Flask/TG БОТ)на сервер.VPS+ДОМЕН — Stepik,"Автор курса Руслан Сенаторов t.me/RuslanSenatorov, Преподаватель и Президент IT-организации(CEO) github.com/SENATOROVAI | Курс подойдёт для Data Science,Машинное обучение,ML-инженер,python-разработчик,перенос модели. FastAPI/Django/Flask/Телеграм БОТ
 
 1. деплоймент/развертывание приложения и как перенести его на VPS?  
 2. Как настроить NGINX?  
 3. Как создать демонов?  
 4. Как работать с API?  
 5. Как создать телеграм-бота и подключить SSL/HTTPS к домену?  
 6. Как создать домен, VPS и привязать домен к VPS?",Начальный уровень,False,45,890,4.6,7,stepik,Веб-разработка
175308,Старт карьеры в IT. Front-end разработчик сайтов с нуля.,"В этом пакете из 2-х курсов, вы найдете все для старка карьеры в IT в качестве Front-end web разработчика. Быстрый старт в IT! 
 Цена на пакет курсов ниже на 20% чем если бы вы приобретали курсы отдельно.",Начальный уровень,False,458,5490,5.0,8,stepik,Веб-разработка
208780,Flutter Разработка (2025). От 🐣 базы до 😎 вайб кодинга,"Научись использовать самые мощные ИИ инструменты.
 Освой разработку мобильных и кроссплатформенных приложений на Flutter.
 На курсе тебя ждёт пошаговое обучение с «разжёванным» материалом, множеством инфографики, gif-анимаций, презентаций и шпаргалок. 
 ""Сложные"" темы разбираются на простых и понятных примерах. Текстовый формат сэкономит время, нервы и позволит учиться в своём ритме.",Начальный уровень,False,79,4000,5.0,1,stepik,Веб-разработка
222852,Программирование на JavaScript (beta) — Stepik,"Полный курс по созданию сайтов на JavaScript для начинающих с задачами. Обучение базовой фронтенд разработке по коротким видео-урокам с большим количеством практики на тренажере. На курсе вы познакомитесь не только с основами языка, но и научитесь взаимодействовать с браузером, а также с серверной частью сайта.",Начальный уровень,False,20,5990,5.0,1,stepik,Веб-разработка
172576,Практический Тренажер по JavaScript — Stepik,"Курс включает в себя разнообразные практические задачи по программированию, которые помогут улучшить ваш уровень программирования на JavaScript. Вы столкнетесь как с классическими задачами, так и с теми, которые встречаются на собеседованиях в таких крупных компаниях, как Google, Amazon, Apple, Twitter и Microsoft. Это позволит вам разносторонне развить навыки работы с переменными, типами данных, условными конструкциями, циклами, функциями, объектами и алгоритмами.",Средний уровень,False,810,1299,5.0,8,stepik,Веб-разработка
209074,CSS на практике,"Вы изучите такие темы, как синтаксис CSS, селекторы, свойства, значения, псевдоклассы и псевдоэлементы. Курс подходит как для начинающих, так и для опытных веб-разработчиков, желающих улучшить свои навыки в CSS.",Средний уровень,True,26,900,5.0,2,stepik,Веб-разработка
210689,CSS Flexbox — Создание адаптивных веб-сайтов,"Вы освоите CSS Flexbox и создадите адаптивный, многостраничный сайт по макету в Figma. Вас ждут практические задания, видеоуроки и полезные лайфхаки. Автор курса ответит на ваши вопросы в комментариях к урокам. Курс подходит для тех, кто уже знает основы HTML и CSS и может создать простую веб-страницу. Записывайтесь и попробуйте бесплатные уроки уже сейчас!",Средний уровень,True,83,990,5.0,6,stepik,Веб-разработка
113714,Redux для управления состоянием React-приложений,Освойте принцип работы Redux — на классическом и современном вариантах использования. 2 проекта внутри.,Средний уровень,False,911,2950,5.0,31,stepik,Веб-разработка
114197,React для современных веб-приложений,"React от азов до создания полноценного SPA-приложения - с роутингом и продвинутым управлением состоянием. 
 
 Вы создадите 3 полноценных проекта для портфолио, изучите все хуки React и поймете жизненный цикл приложения. Курс ведет профессионал-практик с опытом преподавания с 2016 года.
 
 Инвестируйте в свое будущее сейчас и станьте экспертом по React, как разработчики VK, Yandex и Netflix!",Начальный уровень,True,1395,3300,4.9,46,stepik,Веб-разработка
177355,Продвинутый Django 5 для продолжающих,"В этом курсе углублённо рассматриваются вопросы разработки веб-приложений Django, подробно разберем ORM Django, с индексами базы данных PostgreSQL. Разработаем приложение через тестирование, создадим CRUD проект с HTMX, Веб-Чат с использованием Сhannels и WebSocket и познакомимся с Celery и Redis. Рассмотрим вопросы интернационализации и локализации. Изучим кэш в Django. Разберем Docker Compose и выполним деплой проекта.",Средний уровень,True,1355,2499,4.9,47,stepik,Веб-разработка
120081,"Компетенция Верстальщик - HTML, CSS, JavaScript",Освойте необходимые технологии современной верстки сайтов и начните работать в сфере веб-разработки!,Начальный уровень,True,866,2550,4.9,14,stepik,Веб-разработка
121859,TypeScript для профессиональной разработки,От базовых типов TypeScript до создания серьезных приложений на современном стеке. Три проекта внутри!,Средний уровень,True,865,3450,4.8,16,stepik,Веб-разработка
121498,Профессия веб верстальщик. Пакет из 2-х курсов-веб разработке,"В этом пакете из 2-х курсов, вы найдете все о современной верстке сайтов.Быстрый старт в профессию веб разработчик! 
 Цена на пакет курсов ниже на 20% чем если бы вы приобретали курсы отдельно.",Начальный уровень,False,781,5190,5.0,13,stepik,Веб-разработка
133728,SQL для начинающих,"SQL — декларативный язык программирования, применяемый для создания, модификации и управления данными в реляционной базе данных, управляемой соответствующей системой управления базами данных. В этом курсе вы изучите синтаксис, основные функции, конструкции языка SQL и узнаете, как работать с SQL базами данных.",Начальный уровень,True,760,1399,4.7,69,stepik,Веб-разработка
177315,Самый полный курс по JavaScript для опытных программистов,"Этот курс представляет следующий этап вашего путешествия в мире разработки приложений на JavaScript. Если вы владеете основами и стремитесь глубже освоить продвинутые концепции и методы, то этот курс именно для вас. Обширные практические задания позволят вам закрепить и применить знания на практике. Вы также столкнетесь с разнообразными тестовыми и классическими задачами, которые часто встречаются на собеседованиях в ведущих компаниях.",Средний уровень,True,718,2999,4.4,14,stepik,Веб-разработка
127468,Основы вёрстки с HTML и CSS,"Хотите научиться верстать сайты, используя HTML и CSS? Этот курс проведёт вас через все основы, позволяющие с лёгкостью применять HTML и CSS на практике. Вы сверстаете на практике сайт по макету, переданному вам дизайнером, получив в конце курса грамотно свёрстанный сайт.
 
 Если вы программист, этот курс позволит вам продвинуться в изучении front-end разработки, а также перейти к изучению back-end разработки, которая так или иначе зачастую касается фронта.",Начальный уровень,False,692,990,4.2,6,stepik,Веб-разработка
198613,Javascript. Часть 1 (Переменные и условные операторы) — Stepik,"⚡ Освой JavaScript — язык, на котором живёт современный веб! Вместо скучной теории — понятные объяснения, живые примеры и практика, которая закрепит знания железно. От первых строк кода до уверенной работы с интерактивными веб-приложениями — шаг за шагом и без лишней воды. 🚀 Пиши код, создавай проекты, прокачивай навыки, которые ценят во всех IT-компаниях!",Начальный уровень,False,683,550,4.8,24,stepik,Веб-разработка
180358,Задачи по Javascript (153 задачи),"🚀 Практико-ориентированный курс, который прокачает вас от уверенного новичка до человека, умеющего решать реальные задачи кодом. Никакой воды — 153 тщательно отобранные задачи по темам и уровням сложности, автотесты и мгновенная проверка на Stepik, чтобы вы видели прогресс сразу.",Средний уровень,True,610,1400,4.9,23,stepik,Веб-разработка
200433,Тестирование JavaScript и React приложений,"Научитесь обязательному навыку для опытного разработчика.
 
 За 7 часов вы освоите Jest и Testing Library, научитесь писать юнит-тесты и настраивать интеграционные тесты. Вы сможете доказывать работоспособность кода, снижать количество багов и безопасно рефакторить. Курс подходит как новичкам, так и опытным разработчикам. 
 
 Инвестируйте в свои навыки сейчас и станьте экспертом по тестированию JavaScript и React!",Средний уровень,True,583,3450,4.9,26,stepik,Веб-разработка
101175,Вёрстка на HTML & CSS для начинающих,Изучи два основополагающих языка для создания сайтов. Язык HTML для разметки и язык CSS для оформления внешнего вида своего сайта. Сверстаем более 10-ти сайтов по макету из Figma и Pixso в ваше портфолио. И расскажу как взять свой первый заказ на фриланс бирже.,Начальный уровень,True,582,490,5.0,11,stepik,Веб-разработка
114174,Инструменты разработчика,"Освойте множество крутых инструментов в одном курсе и станьте профессионалом! Контроль версий, сборка и многое другое.",Начальный уровень,False,565,2350,5.0,2,stepik,Веб-разработка
178647,React - Полное руководство 2023,"Данный курс предназначен для тех, кто много слышал о библиотеке React, но при этом ни разу полноценно не пробовал поработать с ней. Обучение построено вокруг небольшого учебного проекта, который вы начнете разрабатывать практически с первых лекций.",Начальный уровень,False,531,1990,4.7,3,stepik,Веб-разработка
221235,Полный курс по React JS (Redux / Router / Tailwind CSS) — Stepik,Ультимативный курс по React JS + Полное изучение библиотек экосистемы React ( Redux / Router ) Бонус - полный курс по Tailwind CSS,Средний уровень,False,452,3890,5.0,13,stepik,Веб-разработка
208466,Курс по WordPress с нуля до результата. Создание сайтов без кода,"Курс по WordPress познакомит вас со всеми инструментами для создания современного сайта с любым дизайном и полным функционалом без подписок и дополнительных трат, которые есть у других CMS и конструкторов сайтов.
 
 Быстрый старт в создании сайтов с нуля!",Начальный уровень,True,429,3290,5.0,17,stepik,Веб-разработка
170115,HTML CSS (pro),"На курсе web-разработки вы познакомитесь с основами HTML и CSS, научитесь верстать адаптивные страницы. Освоите современные технологии и инструменты. Узнайте как работать с Git репозиторием, а также получите базовые знания для работы с Figma.",Начальный уровень,True,401,1280,4.6,21,stepik,Веб-разработка
180789,Профессия Frontend-разработчик — Stepik,"Мечтаете о карьере в IT? Пакет курсов ""Профессия Frontend-разработчик"" - ваш билет в мир веб-разработки! За 6 курсов вы пройдете путь от новичка до профессионала. Вы освоите HTML, CSS, JavaScript, TypeScript и React, научитесь работать с API и инструментами разработчика. Создайте портфолио реальных проектов и станьте востребованным специалистом! Курс ведет опытный разработчик, готовый поделиться секретами профессии.",Начальный уровень,False,386,12550,5.0,5,stepik,Веб-разработка
191652,JavaScript (pro),"Курс ""JS PRO"" — это уникальная программа, предназначенная для тех, кто стремится стать настоящим профессионалом в области JavaScript. Вы получите практические навыки в разработке веб-приложений, а также понимание основных концепций языка.",Начальный уровень,True,358,1280,4.3,9,stepik,Веб-разработка
233860,Node.js — бэкенд для фронтенда. От концепции до деплоя!,"Node.js через призму бэкенда для фронтеда. Курс для тех, кто знаком с фронтендом и хочет сделать первые шаги к бэкенду.",Средний уровень,True,353,6000,5.0,8,stepik,Веб-разработка
199492,Верстка и создание сайтов в Webflow - с нуля до результата! — Stepik,"Научитесь создавать удивительные сайты любой сложности на no-code платформе Webflow с нуля, без программирования.",Начальный уровень,False,290,3290,5.0,11,stepik,Веб-разработка
179698,Git и GitHub — Stepik,"Курс Git и GitHub предназначен для тех, кто хочет погрузиться и узнать о контроле версий Git, о его установке и настройке, работе в локальном репозитории, клонирование, ветвление, синтаксис Markdown для оформления профиля и многое другое.",Начальный уровень,False,277,349,4.8,20,stepik,Веб-разработка
233990,Typescript. Часть 1 (Погружение в TypeScript) — Stepik,"🚀 Этот курс познакомит вас с основами TypeScript 🚀 и поможет уверенно работать с типами данных, функциями и модулями ⚙️. Вы научитесь эффективно использовать типизацию 🛠, работать с массивами и объектами 📦, а также освоите ключевые концепты, такие как перечисления и псевдонимы типов 🔑. Пройдите путь от первого приложения до создания модульных программ на TypeScript! 💻🎉",Начальный уровень,False,187,550,5.0,8,stepik,Веб-разработка
177582,HTML CSS (lite) — Stepik,"На курсе web-разработки вы познакомитесь с основами HTML и CSS. Вы научитесь создавать структуру страницы, добавлять текст, изображения, ссылки и другие элементы. Также вы узнаете, как стилизовать страницу с помощью CSS, изменять цвета, шрифты, расположение элементов и многое другое.",Начальный уровень,False,181,479,4.8,6,stepik,Веб-разработка
101092,Git + GitHub для разработчика,"Система управления версиями это просто. Понятный курс для начинающих по изучению Git, а так же по работе с удаленными репозиториями на GitHub.",Начальный уровень,True,169,490,4.6,12,stepik,Веб-разработка
113653,Супер курс по языку JavaScript — Stepik,"Изучим язык программирования JavaScript, фреймворк Vue.js и основы работы с библиотекой React.",Средний уровень,False,162,1490,4.9,7,stepik,Веб-разработка
130424,Полный курс по JavaScript - С нуля до результата!,В этом курсе вы найдете все о современном языке программирования JavaScript. Станьте Front-end разработчиком на JavaScript.,Начальный уровень,True,1565,3890,5.0,64,stepik,Веб-разработка
181463,Мини-курс по Markdown,"Markdown — один из самых популярных языков разметки в мире. Он широко используется на Github, Gitlab, Jira и во многих других системах и инструментах. На данном курсе Вы изучите этот мощный, но в тоже время простой язык и будете полностью готовы к его практическому применению.",Начальный уровень,True,150,750,5.0,36,stepik,Веб-разработка
252144,"Javascript. Часть 5 (Методы массивов, работа с данными) — Stepik","🎯 Прокачай работу с данными в JS: map/filter/reduce, flatMap, сортировки, группировки и агрегаты — всё на живых примерах без «воды». Освой понятные паттерны и преврати массивы в чистый, быстрый код с практикой и мини-кейсами — от первых шагов до продакшена. 🚀",,False,136,1200,,,stepik,Веб-разработка
99855,Игра на Vue.js — Stepik,"Создадим игру на Vue.js от начала разработки интерфейса до реализации алгоритмов на JavaScript и разместим её в каталоге приложений ВК. Напишем интерактивное приложение, сгенерируем идею с помощью чат-бота и вы выполните самостоятельную работу.",Средний уровень,False,133,490,4.8,6,stepik,Веб-разработка
218079,React (mini),"Курс ""React (mini)"" поможет вам освоить основы React с нуля. Вы научитесь настраивать среду разработки, создавать компоненты, работать с хуками, роутингом и деплоем. На практике пройдёте все шаги от создания первого компонента до полноценного проекта.",Средний уровень,True,135,510,5.0,4,stepik,Веб-разработка
241001,TypeScript. Часть 3 (Архитектура через классы и интерфейсы) — Stepik,"🚀 Прокачайте архитектуру своих TypeScript-приложений!
 Научитесь создавать 💡 гибкие и 🏗️ масштабируемые структуры с помощью классов, интерфейсов и продвинутых принципов типизации. Этот модуль — ваш путь к 🔧 уверенному проектированию кода, который легко поддерживать и развивать.",Начальный уровень,False,131,1150,5.0,5,stepik,Веб-разработка
204117,Пакет курсов JavaScript и React разработчика,"Пакет из 4-х курсов для тех, кто хочет освоить востребованные инструменты для веб-разработки. JavaScript, React, Redux и создание тестов к ним. В рамках курсов вы не только изучите необходимую теорию, но и создадите несколько проектов, которые пригодятся для портфолио.",Начальный уровень,False,120,7900,,,stepik,Веб-разработка
219444,Git (система контроля версий),"🚀 Боишься сломать main и жить с final_final_v2? На этом курсе ты приручишь Git по-взрослому: начнёшь ветвиться под задачи, писать внятные коммиты, решать конфликты с холодной головой и откатываться без драмы. 🚀 В итоге вместо хаоса — чистая история и PR, которые хочется принимать. Присоединяйся — пора навести порядок в репозитории.",Начальный уровень,True,114,1250,4.9,16,stepik,Веб-разработка
241673,Typescript. Часть 4 (Дженерики и Продвинутая Типизация),"💡 Освой дженерики и продвинутую типизацию в TypeScript: научись создавать гибкие универсальные типы, работать с динамическими ключами и сопоставленными структурами 🧩. Пиши масштабируемый, предсказуемый и безопасный код ✨ — как настоящий профессионал!",Начальный уровень,True,104,1150,5.0,2,stepik,Веб-разработка
200297,JavaScript: самый быстрый курс,"Перед Вами самый быстрый курс по JavaScript, тут есть все что нужно чтобы начать программировать на JS. Для тех кому некогда, но очень надо выучить JS или подтянуть базу перед собеседованием. Мы отвечаем на все ваши комментарии и вопросы в курсе.",Начальный уровень,True,98,1890,4.7,3,stepik,Веб-разработка
187189,Пакет Frontend-Разработчик — Stepik,"Станьте профессиональным Frontend-разработчиком с нашим пакетом курсов! Изучайте HTML, CSS, JavaScript, VS Code, Figma и Git, создавайте красочные и интерактивные веб-сайты.",Начальный уровень,False,97,2180,,,stepik,Веб-разработка
109663,Web-технологии: практический курс CSS — Stepik,"Курс рассчитан на тех, кто уже знаком с HTML и CSS на базовом уровне. Если вы знаете, что такое селектор класса, но такие вещи как анимация, transitions, фильтры и многое другое пугают - вы по адресу!",Средний уровень,False,94,1699,5.0,12,stepik,Веб-разработка
200153,Javascript. Часть 2 (Работа с функциями) — Stepik,"Данный курс покрывает базовые темы, а именно работу с переменными, примитивами и условными операторами. Курс ориентирован на получение практических навыков в разработке и глубоком понимании того, как работает Javascript и почему. После каждого блока теории предлагается закрепить результат тестами и практическими задачами на программирование. Так что даже если у вас нет опыта программирования, курс для вас будет понятным и точно полезным.",Начальный уровень,False,84,1150,4.8,11,stepik,Веб-разработка
209386,Javascript. Часть 3 (Массивы и циклы),"Данный курс покрывает базовые темы, а именно работу с массивами и итерируемыми объектами, циклами и связанными операторами. Курс ориентирован на получение практических навыков в разработке и глубоком понимании того, как работает Javascript и почему. После каждого блока теории предлагается закрепить результат тестами и практическими задачами на программирование. Так что даже если у вас нет опыта программирования, курс для вас будет понятным и точно полезным.",Начальный уровень,True,81,1150,5.0,6,stepik,Веб-разработка
158971,JavaScript (lite),"Курс JavaScript Lite предназначен для тех, кто хочет изучить язык программирования JS и научиться создавать динамические Web-страницы и интерактивные приложения с помощью языка программирования JavaScript.",Начальный уровень,True,72,580,4.4,7,stepik,Веб-разработка
253160,Программа: Frontend-разработка [ JavaScript + Git + GitHub ] — Stepik,"Ваш старт во фронтэнд разработке. Освойте JavaScript с нуля до продвинутого уровня, работу с Git и станьте востребованным специалистом. Курс подходит для начинающих разработчиков и верстальщиков. Научитесь создавать интерактивные сайты, работать с API и управлять проектами в GitHub.",,False,74,3450,,,stepik,Веб-разработка
244691,JavaScript – курс для начинающих,"Курс с большим количеством практических задач, удобный для самостоятельного изучения. Вас ждут красочные иллюстрации, научно-фантастическая тематика задач и индивидуальные проекты.",Начальный уровень,True,70,199,,,stepik,Веб-разработка
209740,Javascript. Часть 4 (Работа с объектами) — Stepik,"На этом курсе вы узнаете, как эффективно работать с объектами в JavaScript. Вы изучите основы создания объектов, научитесь добавлять и изменять их свойства и методы. Курс также охватывает использование функций в качестве значений в объектах и понимание ключевого слова this. 
 
 Присоединяйтесь и станьте экспертом в работе с объектами в JavaScript!",Начальный уровень,False,59,1150,5.0,6,stepik,Веб-разработка
200517,React (pro),"Курс React Pro — это углубленное обучение современным подходам и продвинутым техникам фронтенд-разработки с акцентом на React. Вы изучите сложные аспекты работы с компонентами, оптимизацию производительности, управление состоянием и другие ключевые темы для создания масштабируемых приложений. Курс сосредоточен исключительно на фронтенде, предоставляя вам все необходимые знания и инструменты для профессиональной разработки.",Средний уровень,True,57,5150,,,stepik,Веб-разработка
220975,"Продвинутая вёрстка с HTML, CSS, Figma — Stepik","Продвинутая вёрстка с использованием HTML и CSS. Научитесь делать адаптивную вёрстку, используя современные подходы.",Средний уровень,False,58,1390,3.0,2,stepik,Веб-разработка
187192,Пакет FullStack-Разработчик — Stepik,"Поднимите навыки разработки на новый уровень с нашим комплексным пакетом курсов. Изучайте HTML, CSS, JS, Figma для Frontend и PHP, Git, SQL для Backend. Станьте полноценным Full Stack-разработчиком.",Начальный уровень,False,53,3680,4.3,3,stepik,Веб-разработка
258802,Профессия: Web-верстальщик [ верстка + Git + GitHub ],"Современная вёрстка на JSX, SCSS, JavaScript и Git. Создавайте сложные проекты с нуля и работайте в команде с системой контроля версий.",Начальный уровень,True,105,2998,5.0,1,stepik,Веб-разработка
236544,Проект на Vue 3 + Pinia + Supabase: Разработка менеджера ссылок,"Научитесь создавать полный стек-приложение для управления ссылками с помощью Vue 3, Pinia и Supabase. В курсе разберём всё от аутентификации до работы с базой данных, фильтрации и деплоя. Максимальный акцент на практике — кодим вместе, разбираем ошибки и улучшаем проект шаг за шагом.",Средний уровень,True,49,3890,5.0,7,stepik,Веб-разработка
120077,Шаблонизатор Pug — Stepik,"Прокачайте свои навыки по HTML, освоив современный инструмент веб-разработки - шаблонизатор Pug. Превратите большие файлы разметки в небольшие декларативные инструкции.",Начальный уровень,False,36,990,5.0,1,stepik,Веб-разработка
223246,Javascript для начинающих — Stepik,"Освойте JavaScript с нуля и научитесь уверенно работать с одним из самых популярных языков программирования. Курс подходит для начинающих, охватывает базовые концепции, структуры данных, функции, работу с объектами и массивами. Без привязки к HTML и библиотекам, вы сосредоточитесь на понимании языка как самостоятельного инструмента. Идеально для тех, кто хочет начать программировать или углубить свои знания.",Начальный уровень,False,24,3600,5.0,1,stepik,Веб-разработка
227788,Web Frontend разработка с React — Stepik,"Три курса посвящены фронтенд разработке. Первая два: вёрстке, третий - React, самой популярной фронтенд-библиотеке.",Начальный уровень,False,15,1990,,,stepik,Веб-разработка
118223,Верстка и веб-разработка сайтов. Продвинутый уровень Web Develop,"Этот курс сделает вас настоящим ""PRO"" верстальщиком веб сайтов! 
 Освойте современные методы создания CSS анимаций, работу с GRID CSS и продвинутые методы адаптации сайтов.
 Бонус: работа с Git и NPM",Средний уровень,True,1478,3290,4.8,43,stepik,Веб-разработка
195269,HTML и CSS: с нуля до первого сайта,"Погрузитесь в мир веб-разработки! За короткий срок вы освоите основы HTML и CSS, научитесь создавать адаптивные страницы и увидите результат своей работы уже после первых уроков. Этот курс идеально подойдет для новичков, желающих начать свой путь в IT.",Начальный уровень,True,16,1890,,,stepik,Веб-разработка
249305,MERN стек: современная веб-разработка от клиента до сервера — Stepik,"Освой MERN стек — один из самых востребованных стеков в веб-разработке. React, Node.js, Express и MongoDB + TypeScript — всё, что нужно, чтобы создавать полнофункциональные приложения от клиента до сервера. Практика, проекты, четкая структура и современный подход.",Средний уровень,False,18,8750,,,stepik,Веб-разработка
216887,React (lite) — Stepik,"Курс React lite — это всё, что нужно для старта в веб-разработке. Вы начнете с основ интернета, HTML и CSS, освоите адаптивную верстку, Flexbox, Grid, и ключевые методологии для работы с кодом. Затем изучите Git для контроля версий.
 
 Основная часть курса посвящена JavaScript: от базовых конструкций до работы с асинхронностью, DOM и API. Вы также познакомитесь с Tailwind и Sass для стилизации, и научитесь работать с React — одним из самых востребованных инструментов для создания веб",Начальный уровень,False,8,3050,,,stepik,Веб-разработка
242073,Typescript для начинающих — Stepik,"🚀 Полный путь освоения TypeScript — от основ до продвинутых техник. 🔧 Вы научитесь уверенно работать с типами, строить масштабируемую архитектуру и применять дженерики в реальных проектах. 📚 Курс разбит на 4 части, чтобы вы шаг за шагом прокачивали навыки без перегруза. ✅ TypeScript станет вашим инструментом для надёжного, читаемого и предсказуемого кода.",Начальный уровень,False,9,3150,,,stepik,Веб-разработка
227786,"Веб-вёрстка с HTML, CSS, Figma — Stepik","Курсы предназначены для всех кто хочет освоить основы и нюансы технологий HTML и CSS в целях приобрести навыки вёрстки web-страниц на практике. Такой курс как правило необходим и тем, кто хочет больше заниматься back-end разработкой, нежели front-end разработкой, поскольку бэкендеры так или иначе довольно часто сталкиваются с необходимостью понимать HTML-код с CSS-стилями.",Начальный уровень,False,5,1390,,,stepik,Веб-разработка
255035,Frontend: быстрый вход — Stepik,"🚀«Frontend: быстрый вход» — это старт в веб-разработку без лишней воды
 Ты шаг за шагом освоишь JavaScript от простых конструкций до работы с массивами и объектами 🧩, научишься уверенно пользоваться Git для командной работы 🛠️ и подтянешь английский так, чтобы грамматика перестала мешать в IT 💬. Всё в одном пакете: теория + задачи + практика = уверенный старт в профессии!»",Начальный уровень,False,2,7400,,,stepik,Веб-разработка
257551,Разработка на React.js,"Освойте React.js с нуля! Начните с основ: JSX, компоненты и состояние. Затем перейдите к современным хукам (useState, useEffect). Курс даст прочную базу для создания динамических веб-приложений и подготовки к изучению продвинутых тем",Средний уровень,True,4,3890,,,stepik,Веб-разработка
261695,Основы Spring Framework + Создание резюме разработчика,"Уникальная образовательная программа, которая объединяет глубокое техническое обучение с практическими навыками карьерного развития. Вы не только освоите фундаментальные основы Spring Framework, но и научитесь эффективно презентовать свои знания на рынке труда.",Начальный уровень,False,1,4000,,,stepik,Веб-разработка
252382,Nuxt — fullstack Vue фреймворк — Stepik,"В этом курсе мы познакомимся с Nuxt — веб-фреймворком на Vue. Курс будет максимально практическим, так как мы всё будем изучать, создавая интернет-магазин и сразу применяя полученные знания на практике. Для проекта подготовлено множество макетов и готовое API, которое вы сможете запустить локально.",Средний уровень,False,10,3999,5.0,2,stepik,Веб-разработка
242505,"Vue.js 3, Vue Router и Pinia — Stepik","Полный курс по Vue.js 3 с Composition API, Vue Router и state менеджеру Pinia для создания полноценных frontend приложений",,False,47,3999,5.0,2,stepik,Веб-разработка
235945,C# Backend developer,"Комплексная программа обучения C# разработке: от создания fullstack-приложений на React и ASP.NET Core до продвинутых микросервисов с CQRS, Event Sourcing и Kafka. Практические проекты, современные технологии и навыки, востребованные на рынке IT",Начальный уровень,False,18,30000,,,stepik,Веб-разработка
209332,Zustand — State менеджер для React — Stepik,"рс по работе со state менеджером Zustand на TypeScript. Курс подойдёт тем, кто только начинает свой путь во frontend и уже освоил React, а также тем, кто структурировать свои знания по Zustand.",Средний уровень,False,26,3999,5.0,2,stepik,Веб-разработка
206721,React Native и Expo Router,"В этом курсе мы изучим React Native и Expo Router написав полноценное мобильное приложение с авторизацией и нативными возможностями. Этот курс подойдёт тем, кто хочет погрузиться в мобильную разработку имея опыт frontend разработки на React.",,True,62,3999,5.0,1,stepik,Веб-разработка
201643,Fullstack разработка,"Вы сможете самостоятельно писать полноценные web приложения, сайты, интернет магазины от начала и до конца с использованием знаний как backend, так и frontend. За счёт современного стека технологий, вы получите только актуальные знаний, которые пригодятся вам в работе.",,False,29,32000,5.0,1,stepik,Веб-разработка
201642,Backend разработка — Stepik,"Node.js — это среда выполнения JavaScript на backend, спроектированная для построения масштабируемых сетевых приложений. На текущий момент его используют уже не только для создания backend for frontend, но и для написания полноценных backend приложений, микросервисов и парсеров сайтов.",,False,20,20000,,,stepik,Веб-разработка
201640,Frontend разработка — Stepik,"Вы сможете создавать frontend приложения любой сложности, от простых посадочных страниц до полноценных интернет магазинов и SAAS платформ. За счёт современного стека технологий, вы получите только актуальные знаний, которые пригодятся вам в работе.",,False,16,20000,3.5,2,stepik,Веб-разработка
186300,"Основы React, React Router и Redux Toolkit — Stepik","В этом курсы вы изучите всё о современном React в 2024 - Hooks, Redux Toolkit, React Router, а так же создадите 2 приложения: личный дневник и сервис доставки еды.",,False,299,3999,5.0,8,stepik,Веб-разработка
130339,JavaScript Advanced — продвинутые концепции языка и ООП — Stepik,"Продвинутый курс по JavaScript с погружением в ООП, асинхронность, Event Loop, модульность, структуры данных и сборку.",Средний уровень,False,288,3999,4.9,12,stepik,Веб-разработка
122243,JavaScript с нуля — основы языка и практика для начинающих,Базовый курс по современному JavaScript в 2023 году для начинающих. С нуля до проекта на реальных примерах и упражнениях,Начальный уровень,True,385,3999,4.9,21,stepik,Веб-разработка
117212,Microservices — паттерны и практика построения микросервисов — Stepik,"Полный курс по микросервисной архитектуре и построению асинхронных систем на примере Node.js, RabbitMQ и monorepo Nx",Средний уровень,False,432,3999,5.0,10,stepik,Веб-разработка
111297,TypeScript с нуля — полный курс и паттерны проектирования,Полный курс по современному TypeScript в 2022 году и ООП паттернам проектирования для создания поддерживаемых приложений,,True,937,3999,4.9,24,stepik,Веб-разработка
105538,"Node.js — с нуля, основы и построение архитектуры приложений — Stepik",Полный курс по написанию приложений на Node.js и построению масштабируемой и поддерживаемой архитектуры!,Начальный уровень,False,417,3999,4.8,17,stepik,Веб-разработка
102551,"React + Next.js 14 — с нуля. TypeScript, Hooks, SSR и CSS Grid","Next.js - готовый к production framework для React - самой популярной JavaScript библиотеки на сегодняшний день. Он позволяет разрабатывать производительные, SEO-friendly сайты с использованием Server Side Rendering (SSR) и статической генерацией страниц.
 
 При этом от вас требуется только базовое знание CSS, HTML и JavaScript, так в рамках курса мы не только разберём Next.js, но и React с нуля. При этом мы будем писать не просто какой-то учебный проект, а реальный production сайт, посвящённый рейтингам.",,True,795,3999,4.8,16,stepik,Веб-разработка
95448,"NestJS — с нуля, современный backend на TypeScript и Node JS — Stepik","Полный курс по современному Backend на NodeJS, TypeScript и MongoDB с использованием лучший практик и фреймворка NestJS!",Начальный уровень,False,335,3999,4.7,9,stepik,Веб-разработка
194549,Chrome Dev Tools полный курс [2025] — Stepik,"Вы хотите узнать, как эффективно использовать Chrome Dev Tools для разработки и отладки веб-приложений? Тогда этот курс для вас! Вы познакомитесь с разными панелями, которые помогут вам анализировать и изменять элементы, консоль, сеть, производительность, память, анимацию и многое другое. Вы также узнаете множество лайфхаков, которые сэкономят вам время и силы. После этого курса вы станете настоящим мастером chrome dev tools!",Начальный уровень,False,393,570,5.0,21,stepik,Веб-разработка
221935,"TypeScript с 0 до ПРО | Решение задач по TS, разбор сложных тем — Stepik","Курс по TypeScript: от азов до самых сложных концепций. От типов данных до работы с infer. На курсе будет рассказано: зачем TS нужен, как работать с типами, дженериками, infer, перегрузками и многое другое. Куча практические примеров, включая разбор задач из TypeScript Challenge. Подходит для новичков и разработчиков, которые хотят углубить навыки работы с TypeScript. После курса вы сможете уверенно использовать TS в реальных проектах.",Начальный уровень,False,164,2080,5.0,6,stepik,Веб-разработка
122729,JavaScript: от теории к практике,"Если вы хотите изучить язык программирования JavaScript, но не знаете, с чего начать, наш курс - идеальное решение для вас. Мы начинаем обучение с самых азов и не требуем никаких предварительных знаний, ну почти :)  Вы узнаете все о переменных, условиях, циклах, массивах, строках, функциях, объектах и коллекциях.Ваш успех - наш приоритет, поэтому мы предоставляем множество практических заданий, чтобы вы могли отработать полученные знания и уверенно продолжать свой путь в программировании.",Начальный уровень,True,12,3200,5.0,1,stepik,Веб-разработка
210257,Основы backend на Java 21 и Spring с @NikiforovJava [2024] 27 ч,"27 часов видео. Курс охватывает основы:  bash (работа с коммандной строкой), git (система контроля версиями), (java - java core, Stream API и т.д), maven (система сборки), Spring dependency injection, введение в Spring Web Курс предназначен для начинающих изучать Java backend разработку. Главный принцип курса - не пытаться покрыть все возможные темы, но отобрать самое важное и объяснить это вам так, чтобы вы сразу начали это использовать.",Начальный уровень,True,230,1500,4.8,4,stepik,Веб-разработка
118206,Gitlab в работе,"Изучите базовые функциональные возможности платформы GitLab для DevOps. Разберемся на практике с базовыми возможностями от создания групп, проектов, добавления пользователей до написания скриптов для Gitlab CI/CD.  Во второй части курса мы изучим основы Git. В третьей части курса как только вы освоитесь с интерфейсом и функциями GitLab, перейдем к написанию кода на YAML, разберемся с GitLab CI/CD pipeline. На практике сделаем несколько мини проектов. Плюс по завершению курса рассмотрим мини-проекты.",Начальный уровень,True,1088,2000,4.9,53,stepik,Инструменты DevOps
237963,Charles Proxy — Анализ сетевого трафика,"Курс охватывает все ключевые аспекты работы с Charles Proxy – от базового знакомства и понимания HTTP-запросов до продвинутых инструментов модификации и управления трафиком. Практические уроки помогут эффективно анализировать, перехватывать и изменять сетевой трафик для тестирования и отладки приложений. Все задания выполняются в интерактивных тренажёрах, специально разработанных под каждую теоретическую тему и развернутых на выделенном VPS-сервере, что обеспечивает стабильную и безопасную среду.",Средний уровень,True,143,2387,5.0,7,stepik,Инструменты DevOps
248858,Gitlab CI простым языком,"Освойте Gitlab CI — ключевой инструмент в DevOps, который реально нужен на работе и очень популярен на собеседованиях.",,True,267,2890,,,stepik,Инструменты DevOps
240280,"Введение в системный анализ (требования, User-Story, UML, BPMN)","ОЧЕНЬ МНОГО РАЗНООБРАЗНЫХ ЗАДАНИЙ НА ПРАКТИКУ! Друзья, перед Вами НАИБОЛЕЕ ПОЛНЫЙ КУРС ДОКУМЕНТАЦИИ Системного Анализа, в котором Вы изучите работу с требованиями, все их виды и взаимосвязи, техники выявления, а также самые используемые нотации для проектирования процессов и вариантов использования с указанием примечаний и рекомендаций автора для подготовки непосредственно к собеседованиям, что прокачает ваши навыки для получения ЖЕЛАЕМОГО ГРЕЙДА.",Начальный уровень,True,17,2199,,,stepik,Инструменты DevOps
231158,Курс Linux,"Освой Linux с нуля до уверенного пользователя. Пошагово разберём всё: от установки сервера до написания скриптов. Простой язык, максимум практики на сервере, который ты сам создашь. Актуальные навыки для DevOps и IT-карьеры.",Начальный уровень,True,236,3000,4.9,17,stepik,Инструменты DevOps
245648,GitLab CI/CD: Автоматизация DevOps и деплой нейросети — Stepik,"Освоим GitLab CI за 54 урока, научимся писать CI/CD пайплайны: от основ до продвинутых фишек — шаблонизация, оптимизация, кэширование. Напишем пайплайн для нейросети. Подготовимся к собесам и разберём сложные вопросы! 🔥",Начальный уровень,False,307,1789,5.0,5,stepik,Инструменты DevOps
113793,Jenkins в работе — Stepik,"Вы узнаете основы Jenkins, разберемся на практике с базовыми проектами. Далее изучим на сквозных примерах возможности Jenkins для CI/CD. Во второй части курса как только вы поймете базовые вещи, перейдем к написанию кода на Groovy, разберемся с синтаксисом Jenkins Pipeline. В третьей части курса мы изучаем язык программирования Groovy. В результате вы сможете писать/читать код Groovy для Jenkins Pipeline.",Начальный уровень,False,823,2000,4.9,38,stepik,Инструменты DevOps
209011,Основы Git,Полный курс с нуля по работе с системой контроля версий Git и работе с удалёнными репозиториями на GitHub.,Начальный уровень,True,268,3999,4.8,20,stepik,Инструменты DevOps
251890,DevOps: Junior,"Станьте DevOps-инженером с нуля! Эта расширенная программа курсов готовит вас к реальной работе на позиции DevOps. Вы освоите не только базовый фундамент (Linux, Docker и Git), но и продвинутые инструменты оркестрации и автоматизации: Kubernetes  и GitLab CI. Материал подается простым и доступным языком с множеством практических примеров.",Начальный уровень,False,150,12990,,,stepik,Инструменты DevOps
179051,"Hello, DevOps!","Перед тем, как пойти учиться на DevOps я рекомендую пройти этот ознакомительный курс, чтобы обучение более сложным вещам на следующих курсах попало на подготовленную почву.",Начальный уровень,True,279,4990,4.9,8,stepik,Инструменты DevOps
235725,Linux простым языком,"Мы разработали программу, которая шаг за шагом проведет вас через основы Linux, а затем углубит ваши знания до уровня, необходимого для решения задач в DevOps и других IT-направлениях.
 Наш курс — это ваш путь к полной уверенности в работе с самой популярной ОС в мире IT.",Начальный уровень,True,582,3290,4.1,9,stepik,Инструменты DevOps
114966,Windows CMD — быстрый старт,"Windows командная строка это основа которая поможет вам в работе. Курс о командной строке Windows CMD, которая установлена на всех версиях операционный windows. Командная строка высоко ценится профессионалами потому что некоторые задачи можно решить только с помощью нее. Это базовый курс поможет вам быстрее и лучше понять как работать в командной строке Windows CMD.",Начальный уровень,True,212,789,4.9,22,stepik,Инструменты DevOps
256051,Jenkins простым языком — Stepik,Ультимативный курс по Jenkins с понятной теорией и упором на практику. Овладейте Jenkins с 0 до Middle-уровня,Начальный уровень,False,56,2890,,,stepik,Инструменты DevOps
240351,"Системный анализ: Асинхронные API и брокеры сообщений (Kafka,MQ) — Stepik","ОЧЕНЬ МНОГО РАЗНООБРАЗНЫХ ЗАДАНИЙ НА ПРАКТИКУ! Друзья, перед Вами НАИБОЛЕЕ ПОЛНЫЙ КУРС ПО АСИНХРОННЫМ ИНТЕГРАЦИЯМ, в котором Вы изучите теорию HTTP и работу интернета, Long/Short Polling, Webhook, Websocket, SSE-интеграции и интеграции через ESB, Kafka и RabbitMQ с реальными кейсами и практикой, а также с указанием примечаний и рекомендаций автора для подготовки непосредственно к собеседованиям, что прокачает ваши навыки для получения ЖЕЛАЕМОГО ГРЕЙДА.",Начальный уровень,False,16,3299,5.0,1,stepik,Инструменты DevOps
208072,Курс компьютерные сети — Stepik,"Разберем теорию компьютерных сетей. Практику отрабатываем на Cisco и Eltex. Настроим VLAN, отказоустойчивость STP/RSTP/MSTP, балансировку трафика LACP. Научим рассчитывать адресное пространство. Настроим протоколы маршрутизации RIP,  OSPF, IS-IS, BGP. Разберем NAT, DHCP, MPLS, MPLS L2 VPN, MPLS L3 VPN. Найдем и устраним неисправности в сети.",Начальный уровень,False,208,4400,5.0,9,stepik,Инструменты DevOps
259625,Pytest для Python-разработчиков: Уверенное тестирование — Stepik,"Практический текстовый курс по Pytest — самому популярному фреймворку для тестирования на Python. Перестаньте бояться вносить изменения в код! Научитесь писать надежные автоматические тесты и обретите уверенность в качестве ваших приложений. Мы пройдем путь от первого assert до профессиональных техник: фикстур, мокирования, параметризации и настройки проекта.",Средний уровень,False,458,,5.0,4,stepik,Инструменты DevOps
220336,Системный аналитик Middle+/Senior — Stepik,"ОЧЕНЬ МНОГО РАЗНООБРАЗНЫХ ЗАДАНИЙ НА ПРАКТИКУ! Друзья, перед Вами НАИБОЛЕЕ ПОЛНЫЙ КУРС по Системному анализу с нуля до MIDDLE+/SENIOR, в котором Вы изучите работу с требованиями, самые используемые диаграммы, Интеграции, Базы Данных и Архитектуру ПО, поддержку системы и секцию System Design с указанием примечаний и рекомендаций автора для подготовки непосредственно к собеседованиям, а также часть про ПОЗИЦИОНИРОВАНИЕ НА СОБЕСЕДОВАНИИ для получения ЖЕЛАЕМОГО ГРЕЙДА.",Начальный уровень,False,73,19590,5.0,1,stepik,Инструменты DevOps
184604,Linux Command Line Basics,"Learning Linux is not just watching nicely made videos. It includes knowledge checks, tests, practice. All here!",Начальный уровень,True,58,1200,5.0,5,stepik,Инструменты DevOps
231081,Linux pack: from zero to certificate — Stepik,"""Linux: 2 in 1"" package. And nothing else is needed. Watch the video course, pass the test, get the certificate.",Начальный уровень,False,6,1550,5.0,1,stepik,Инструменты DevOps
257014,Интенсив по тестированию API — Stepik,"Этот интенсив для тех, кто хочет быстро погрузиться в тестирование API на практике. Реальный учебный API, практика в Postman, подробный фидбек по заданиям и готовность к реальным задачам QA. Вы научитесь тестировать REST API и сможете уверенно применять знания на собеседованиях и в работе.",Начальный уровень,False,1,15000,,,stepik,Инструменты DevOps
243921,Git простым языком — Stepik,Полный курс по Git с упором на практику.,Начальный уровень,False,355,1690,4.7,3,stepik,Инструменты DevOps
247273,DevOps: Фундамент — Stepik,"Станьте востребованным DevOps-специалистом с нуля! Этот пакет курсов закладывает прочный фундамент для работы с ключевыми инструментами современной разработки: Linux, Docker и Git. Вы освоите администрирование Linux-систем, научитесь контейнеризировать приложения с помощью Docker и работать с Git. Материал подается простым и доступным языком, что делает обучение комфортным даже для новичков. После прохождения программы вы будете уверенно работать с основными DevOps-инструм",Начальный уровень,False,107,6777,5.0,1,stepik,Инструменты DevOps
189333,Certified Kubernetes Application Developer + практический опыт,"Kubernetes - уже необходимость для современного DevOps специалиста. Если вы хотите сделать карьеру в этом направлении, получение знаний о разработке приложений в Kubernetes - хорошее начало. Если вы разработчик, и в вашей организации появился Kubernetes - получение CKAD поможет избежать массу ошибок при проектировании и написании ваших приложений.",Средний уровень,False,22,6990,,,stepik,Инструменты DevOps
193545,Курс компьютерные сети. Маршрутизаторы Eltex — Stepik,"Рассмотрим архитектуру сетей, модель OSI, стек протоколов TCP/IP.  Выполним первоначальные настройки маршрутизатора, настроим безопасность, VLAN, туннели, Policy-based IPSec VPN,  статическую и динамическую маршрутизацию RIP / BGP, настроим мониторинг с помощью Zabbix. Курс предназначен для новичков! Сейчас курс находится в стадии обновления, просим обратить на это внимание!",Начальный уровень,False,146,500,4.3,15,stepik,Инструменты DevOps
179348,Основы Linux — Stepik,"Linux является основой, без которой невозможно представить работу с современным стеком технологий. Всё больше организаций внедряют в свою работу облачные решения, контейнеризацию и оркестрацию, работа которых невозможна без Linux.",Начальный уровень,False,334,3999,4.8,20,stepik,Инструменты DevOps
185283,Терминал Linux. Работа в командной строке — Stepik,Авторский видеокурс от программиста с 15+ годами опыта и преподавателя онлайн школ GeekBrains и Otus.,Начальный уровень,False,3318,1290,4.9,213,stepik,Инструменты DevOps
247588,Kubernetes простым языком,"Освойте Kubernetes — ключевой инструмент в DevOps, который реально нужен на работе и очень популярен на собеседованиях.",Начальный уровень,True,324,4990,4.2,4,stepik,Инструменты DevOps
198983,Программа. Linux: с нуля до сертификата,"Пакет ""Linux: 3 в 1"". И больше ничего не нужно. Просмотри видеокурс, пройди тестирование, получи сертификат.",Начальный уровень,True,1561,1950,5.0,92,stepik,Инструменты DevOps
257798,DevOps: CI/CD — Stepik,"Программа из трёх курсов подготовит вас к профессиональной работе с CI/CD на уровне Middle-специалиста. Вы не просто изучите основы автоматизации, но и освоите два главных инструмента рынка — GitLab CI и Jenkins — на глубоком уровне.",Начальный уровень,False,32,5000,,,stepik,Инструменты DevOps
194442,Kubernetes и Helm — Stepik,"В этом курсе мы изучим Kubernetes и Helm, и развернём на нём полноценное приложение. Этот курс подойдёт как backend разработчикам, которые хотят научиться разворачивать свои приложения в Kubernetes и использовать Helm charts, так и системным администраторам, которые развиваются в направлении DevOps.",Начальный уровень,False,437,3999,4.8,24,stepik,Инструменты DevOps
128089,Kubernetes для начинающих + практический опыт,"Курс для самых маленьких создан не только для технических специалистов, но и менеджеров, которым сейчас все больше требуется знать о технологиях.  Практические упражнения на платформе rotoro.cloud избавят вас от необходимости подготавливать собственные вычислительные кластера и позволят максимально сфокусироваться на изучении самой технологии.",Начальный уровень,True,305,4990,4.9,28,stepik,Инструменты DevOps
184745,Certified Kubernetes Administrator (CKA) + практический опыт — Stepik,"Kubernetes - одна из самых популярных технологий в облачных вычислениях на сегодняшний день. У Kubernetes был самый быстрый рост поисков работы - более 173% по сравнению с прошлым годом, согласно недавнему опросу, проведенному Indeed. Kubernetes находится на переднем крае развертывания приложений. Чтобы повысить свою карьеру в DevOps, узнайте, как эффективно развертывать приложения в Kubernetes.",Средний уровень,False,127,7990,5.0,3,stepik,Инструменты DevOps
194642,Регулярные выражения в Linux: искусство точного поиска,"Практическое руководство по использованию регулярных выражений в Linux. Вы освоите основы и научитесь решать прикладные задачи, с которыми сталкиваются администраторы, разработчики и инженеры по анализу данных в Linux",Средний уровень,True,103,1500,5.0,9,stepik,Инструменты DevOps
218689,Zabbix 6. Мониторинг IT инфраструктуры предприятия — Stepik,"Курс раскрывает ключевые концепции и архитектуру Zabbix, проводя вас от базовых принципов до продвинутых техник, необходимых каждому IT-специалисту. Хотя вышла версия Zabbix семь, этот курс останется актуальным на долгие годы. Освоив Zabbix 6, вы получите прочную основу и легко перейдёте на новые версии. Администратор Zabbix отвечает за стабильную и безотказную работу IT-инфраструктуры, развитие систем мониторинга, формирование отчетов, оптимизацию и траблшутинг IT-инфраструктуры.",Начальный уровень,False,23,28900,5.0,2,stepik,Инструменты DevOps
195504,Русский сертификационный экзамен LPI Linux Essentials 010-160,"Чтобы сдать сертификационный экзамен LPI Linux Essentials 010-160, нужно решать тесты к нему. Также в данном курсе можно просто проверить свои базовые знания ОС Linux.",Начальный уровень,True,1920,1190,4.8,63,stepik,Инструменты DevOps
219492,Планирование и установка Exchange Server 2016 — Stepik,"Курс представляет собой пошаговое руководство по развертыванию корпоративной почтовой системы Exchange Server 2016. Курс охватывает все этапы от планирования до запуска в производственную среду, что поможет вам эффективно управлять почтовой системой организации. Курс подойдет как для начинающих администраторов, так и для тех, кто хочет углубить свои знания в области корпоративных почтовых систем.",Начальный уровень,False,38,5800,5.0,3,stepik,Инструменты DevOps
230224,Docker простым языком,Ультимативный курс по Docker c понятной теорией и упором на практику. Овладейте Docker с 0 до Middle-уровня,Начальный уровень,True,721,2900,4.2,11,stepik,Инструменты DevOps
240834,От IPIP до IPsec: строим защищённые сети на Linux и Cisco,Практический курс по настройке защищённых сетей на Cisco и Linux. Разберём теорию и посмотрим всё на практике.,Средний уровень,False,82,750,5.0,2,stepik,Инструменты DevOps
195426,LPI Linux Essentials 010-160 Certification Exam Practice,"Want to pass LPI 010-160 exam? You need practice, not just watching entertaining videos!",Начальный уровень,True,1649,1090,4.9,30,stepik,Инструменты DevOps
235737,Netbox для сетевых инженеров,"В этом курсе вы познакомитесь с NetBox — мощной системой для документации и управления сетевой инфраструктурой. Мы подробно разберём ключевые модули DCIM и IPAM, а так же поработаем с его API",Начальный уровень,True,49,1500,5.0,4,stepik,Инструменты DevOps
240320,"Системный анализ: Проектирование API (REST, gRPC, GraphQL, SOAP) — Stepik","ОЧЕНЬ МНОГО РАЗНООБРАЗНЫХ ЗАДАНИЙ НА ПРАКТИКУ! Друзья, перед Вами НАИБОЛЕЕ ПОЛНЫЙ КУРС ПО СИНХРОННЫМ ИНТЕГРАЦИЯМ, в котором Вы изучите теорию HTTP и работу интернета, REST API, gRPC, GraphQL, JSON-RPC и SOAP с реальными кейсами и практикой, а также с указанием примечаний и рекомендаций автора для подготовки непосредственно к собеседованиям, что прокачает ваши навыки для получения ЖЕЛАЕМОГО ГРЕЙДА.",,False,26,3899,5.0,2,stepik,Инструменты DevOps
253714,Системный аналитик: Повышение до Middle+/Senior — Stepik,"ОЧЕНЬ МНОГО РАЗНООБРАЗНЫХ ЗАДАНИЙ НА ПРАКТИКУ! Друзья, перед Вами НАИБОЛЕЕ ПОЛНЫЙ КУРС по повышению квалификации в Системном Анализе до грейда MIDDLE+/SENIOR, в котором Вы изучите поддержку системы после релиза,  секцию System Design с указанием примечаний и рекомендаций автора для подготовки непосредственно к собеседованиям, а также Doc-As-Code(документация в коде) с практикой локального запуска сайта с собственной документацией к сервису.",Средний уровень,False,4,9990,5.0,1,stepik,Инструменты DevOps
240538,Системный аналитик Middle,"ОЧЕНЬ МНОГО РАЗНООБРАЗНЫХ ЗАДАНИЙ НА ПРАКТИКУ! Друзья, перед Вами НАИБОЛЕЕ ПОЛНЫЙ КУРС по Системному анализу с нуля до MIDDLE , в котором Вы изучите работу с требованиями, самые используемые диаграммы, Интеграции, Базы Данных и Архитектуру ПО с указанием примечаний автора для подготовки непосредственно к собеседованиям, а также часть про ПОЗИЦИОНИРОВАНИЕ НА СОБЕСЕДОВАНИИ для получения ЖЕЛАЕМОГО ГРЕЙДА.",Начальный уровень,True,106,12990,5.0,4,stepik,Инструменты DevOps
261410,DevOps-инструменты [ Linux + Docker + Git ] — Stepik,"DevOps-специалист: освойте Linux, Git, Docker и основы DevOps. Научитесь разворачивать приложения, работать с контейнерами и автоматизировать процессы. Старт в востребованной профессии.",Начальный уровень,False,117,5190,,,stepik,Инструменты DevOps
188289,Администратор Kubernetes [Junior],"Вы научитесь администрировать Kubernetes. Мы познакомимся с ресурсами Kubernetes, научимся его устанавливать, делать CI/CD, шаблонизировать манифесты с Helm, а также мы пройдемся по трюкам из жизненного опыта.",Начальный уровень,True,1537,2990,4.8,46,stepik,Инструменты DevOps
253958,Командная строка Linux — Stepik,"🚀 Хочешь уверенно чувствовать себя в Linux? Этот курс — твой старт! Мы шаг за шагом разберём основы командной строки 🖥️, научимся работать с файлами 📂, писать первые скрипты ✍️ и автоматизировать рутину ⚙️. Всё просто, без скучной теории, только то, что реально пригодится каждый день.",Начальный уровень,False,138,900,5.0,1,stepik,Инструменты DevOps
249741,Linux с нуля: пошаговый и понятный курс — Stepik,"Этот курс шаг за шагом проведёт вас через ключевые концепции Linux, начиная с самых основ. Всё доступно, наглядно и с практикой.",Начальный уровень,False,120,5900,4.9,10,stepik,Инструменты DevOps
193691,"Добрый, добрый C/C++ с Сергеем Балакиревым","На чем пишутся самые быстрые программы? Да, в большинстве случаев на языке C/C++. Именно в областях, где необходима максимальная скорость выполнения и контроль над железом, язык C/C++ снискал свою популярность. И несмотря на свою долгую историю продолжает доминировать в быстрых вычислениях и системном программировании.",Начальный уровень,True,51560,,5.0,201,stepik,C/C++
3078,Основы программирования на C. Задачи,"Практический курс по основам программирования на языке Си для начинающих. Изучайте базовые конструкции языка и доводите их применение до совершенства на сотнях практических задач. Начните с основ, чтобы стать мастером!",Начальный уровень,True,71508,,4.9,821,stepik,C/C++
211750,C++ для начинающих,"Знание языка С++ пригодится каждому, кто собирается поступать в вуз на компьютерную или инженерную специальность, а также всем олимпиадникам. Это подробный курс по основам языка С++ с нуля, который поможет школьникам подготовиться к учебе в вузе или сделать первые шаги в олимпиадном программировании.",Начальный уровень,True,6281,,5.0,123,stepik,C/C++
7,Программирование на языке C++,"Данный базовый курс повествует об основных средствах языка C++. Особое внимание уделяется обсуждению базовых принципов работы программ, а также процессу их компиляции. Курс далеко не исчерпывающий и покрывает лишь небольшую часть стандарта языка C++, однако мы постарались рассказать о наиболее важных возможностях этого языка.",,True,193518,,4.6,1047,stepik,C/C++
57680,C для начинающих (теория и задачи),"Предназначен как для студентов и школьников, которые еще ни разу не писали программ, так и для желающих изучить особенности языка Си (пропускайте части ""для начинающих"").
 
 Синтаксис языка Си, в том числе работа с указателями и динамической памятью. Объяснения на пальцах. Много задач.
 
 Алгоритмы (чуть-чуть). Задачи на ""подумать"".
 
 Инструменты программиста:
 работа в командной строке UNIХ,
 тестирование и отладка,
 система контроля версий git",,True,21889,,4.9,48,stepik,C/C++
182643,Основы программирования на C++,"Этот курс – ваш идеальный старт в программировании и/или освоении языка C++. Вы изучите основы алгоритмов, работу с массивами, текстом, функциям и файлами. Курс отлично подходит для новичков: понятная, хорошо поданная теория, увлекательные задачи, заставляющие задуматься, и постоянная поддержка преподавателей.",Начальный уровень,True,15108,,4.9,240,stepik,C/C++
3693,Задачи по программированию на языке C++,"Данный курс содержит задания различного уровня сложности по программированию на языке C++. Курс будет полезен тем, кто изучает программирование с нуля.",,True,38195,,4.6,296,stepik,C/C++
128382,C++ for beginners,"Курс по основам программирования на языке C++. Здесь вы научитесь работать с вводом/выводом данных, условными операторами, циклами, функциями и массивами. Подходит для начинающих.Этот курс разработан преподавателями Академии SoftClub.",Начальный уровень,False,3148,,4.7,86,stepik,C/C++
55918,Основы программирования на C/C++,"Для новичков этот курс станет идеальной отправной точкой.  Вы научитесь разбираться в основных типах данных, использовать базовые алгоритмические конструкции и уверенно работать с массивами. К окончанию курса вы разовьете алгоритмическое мышление и получите уникальный опыт, который сформирует ваши навыки программирования на всю жизнь!  Присоединяйтесь и начните свой путь в мир программирования!",Начальный уровень,True,9611,1980,5.0,196,stepik,C/C++
180462,Программирование и алгоритмы на С++ (дорабатывается) — Stepik,"После прохождения курса Вы научитесь: писать простые программы на языке С/C++, правильно строить и вычислять выражения,  писать функции, работать с массивами, в т.ч. двумерными, работать с графами: разберетесь в базовых типах данных; узнаете о рекурсии и проблеме циклической зависимости, про контейнеры stack, queue, deque.",Начальный уровень,False,2280,,4.5,4,stepik,C/C++
80538,Основы C/C++ для спортивного программирования — Stepik,"C и C++ являются наиболее подходящими языками для спортивного программирования. Курс направлен на участников, не имеющих опыта работы с данными языками. Программа курса включает в себя знакомство с базовыми понятиями языка: переменные, типы данных, условные операторы, циклы, функции и многое другое.",,False,31120,,4.6,120,stepik,C/C++
205781,"Добрый, добрый ООП C++ с Сергеем Балакиревым","В этом продолжении курса по языку C/C++ вы подробно познакомитесь с парадигмой объектно-ориентированного программирования (ООП), которая теперь используется при разработке практически любых современных проектов. Дополнительно узнаете о механизме обработки исключений, а также шаблонах классов и функций.",Средний уровень,True,2354,2500,5.0,52,stepik,C/C++
185684,C++ для 7-8 классов  — Stepik,Курс предназначенный для учеников НИШ 7-8 классов. Включает в себя все основные цели обучения для лучшего понимания школьного материала.,Начальный уровень,False,554,,4.3,7,stepik,C/C++
116440,Основы программирования на С/C++  Часть 2,"Вы уже знаете основы С++, но не понимаете, куда двигаться дальше? В курсе ""Основы программирования на C/C++ Часть 2"" мы продолжим погружаться в море возможностей С++. Указатели и функции, строки и структуры, динамическая память и файлы... Все это мы не только разберем подробно и последовательно, но и научимся применять в комплексе для решения разнообразных задач. Присоединяйтесь и продолжайте развивать свои навыки С++!",Начальный уровень,True,2015,1980,4.9,47,stepik,C/C++
74336,Олимпиадное программирование. Базовый уровень,"Курс, прежде всего, предназначен для начинающих программистов  и  для быстрого старта  в олимпиадное программирование мы рекомендуем Python.   В курсе выделены следующие темы: теоретико-числовые алгоритмы, алгоритмы поиска и основы структур данных, а также рассматриваются вопросы эффективности алгоритмов.   Освоение этих тем даст  школьникам возможность решать существенную часть задач школьного и муниципального этапов Всероссийской олимпиады школьников по информатике, а студентам формировать  компетенции  в области программирования.",,False,12853,,4.8,21,stepik,C/C++
195311,C++ для начинающих,Курс по языку программирования C++ для учеников 7-10 классов предоставляет структурированный и интерактивный подход к изучению программирования с использованием видеоуроков и видео разборов задач. В течение курса ученики будут знакомиться с ключевыми концепциями языка C++ через наглядные материалы и практические примеры.,Начальный уровень,False,8202,,4.7,59,stepik,C/C++
82772,ОСНОВЫ АЛГОРИТМИЗАЦИИ И ПРОГРАММИРОВАНИЯ НА ЯЗЫКЕ С++ — Stepik,"Курс для начинающих разработчиков, студентов, знакомых с основами программирования. Поможет разобраться в основных структурах данных и базовых алгоритмах языка С++. Даёт общее понимание процессов внутри программы и базовые навыки выстраивания работы алгоритмов.",Начальный уровень,False,3351,,4.7,16,stepik,C/C++
86957,Основы Алгоритмизации и Программирования на языке С++ — Stepik,"Курс лабораторных работ по дисциплине ОАиП для студентов первого курса Факультета компьютерных систем и сетей специальности Информатика и технологии программирования. Беларусь, Минск",Начальный уровень,False,4454,,4.6,25,stepik,C/C++
202067,Введение в объектно-ориентированное программирование (С++),"Добро пожаловать на курс ""Введение в объектно-ориентированное программирование на C++""!  Этот курс предназначен для студентов, начинающих программистов и профессионалов, которые хотят глубже понять концепции объектно-ориентированного программирования (ООП) и научиться применять их на практике с использованием языка C++.",Средний уровень,False,1179,,4.8,35,stepik,C/C++
548,Основы программирования для Linux,"Курс нацелен на изучение основ программирования в операционной сиcтеме Linux. Он затрагивает базовый инструментарий и все основные компоненты: управление процессами, межпроцессные взаимодействия, сетевые возможности.",,True,41475,,4.7,164,stepik,C/C++
3206,Программирование на языке C++ (продолжение),"Мы продолжаем изучать язык программирования C++. В курсе будет рассмотрено множество различных возможностей языка, и в том числе мы поговорим о нововведениях стандартов C++11 и C++14, стандартной библиотеке шаблонов и обработке ошибок.",Средний уровень,True,35199,,4.8,261,stepik,C/C++
196036,С++ для студентов: указатели и динамические массивы,"Указатели — это первая серьёзная тема, с которой сталкиваются студенты, изучающие С++. Этот курс идеально подойдет для первого знакомства с указателями и поможет заложить прочный фундамент для дальнейшего освоения языка.",Начальный уровень,True,2501,,4.9,100,stepik,C/C++
251363,Язык программирования C++ — Stepik,"Данное тестирование направлено на проверку знаний и навыков работы с языком программирования C++. Основная цель – определить уровень усвоения теоретических основ и практических умений, необходимых для написания корректных и эффективных программ.",,False,69,,5.0,1,stepik,C/C++
212074,Олимпиадное программирование для начинающих — Stepik,Курс по алгоритмическому программированию для начинающих разработан лабораторией олимпиадного программирования  АНО ВО «Университет НЕЙМАРК» для подготовки школьников Нижегородской области к олимпиадам по информатике.  В курсе вы постепенно перейдёте от настройки среды разработки и изучения синтаксиса С++ к изучению базовых алгоритмов и принципов олимпиадного программирования.,,False,1227,,,,stepik,C/C++
3094,Язык программирования C++ — Stepik,"Курс основан на элементарной базе для преподавания в общеобразовательной школе в 8-9 классах. Материал меняется, исправляется, добавляется.",Начальный уровень,False,7657,,4.6,47,stepik,C/C++
85190,Программирование на языках C и C++ — Stepik,Программирование на языках С и C++ для студентов первого курса ОНУ им. И. И. Мечникова Пока что находится в стадии разработки,,False,7621,,4.7,19,stepik,C/C++
90892,ОСНОВЫ ПРОГРАММИРОВАНИЯ НА ЯЗЫКЕ С++.  СТРУКТУРЫ ДАННЫХ — Stepik,"Курс для разработчиков, студентов, знакомых с основами программирования. Является продолжением курса ""Основы алгоритмизации и программирования на языке С++"". В курсе не разбираются, ранее описанные понятия и конструкции.  Данный курс поможет разобраться в различных структурах данных и алгоритмах языка С++.",Средний уровень,False,3400,,5.0,4,stepik,C/C++
108648,C++ для 7 классов — Stepik,Курс для 7 классов Костанай НИШ,,False,2687,,4.5,46,stepik,C/C++
190655,Параллельное программирование,"Курс рассматривает принципы и возможности многопоточного программирования в теории и на практике: классическое многопоточное программирование, алгоритмы и шаблоны || программирования, иные методы повышения производительности систем",Средний уровень,False,1185,,4.9,7,stepik,C/C++
149,Многопоточное программирование на С/С++ — Stepik,"В курсе принцип многопоточного программирования рассматривается в контексте разработки сетевых и высоконагруженных систем. Ядром курса является обучение межпроцессному взаимодействию (IPC) и синхронизации потоков. Пройдя курс, вы сможете разработать собственный веб-сервер, который позволит отработать полученные навыки.",Средний уровень,False,22179,,4.3,47,stepik,C/C++
238113,Exams C++ — Stepik,"Ин курс барои онҳое таҳия шудааст, ки мехоҳанд забони пурқуввати C++-ро аз бунёд омӯзанд ва онро дар барномасозии системаҳо, алгоритмҳо ва лоиҳаҳои касбӣ истифода баранд. Дар ҷараёни курс шумо бо синтаксис, операторҳо, идоракунии раванд (if, for, while), массивҳо  ва функсияҳо  шинос мешавед.",Начальный уровень,False,71,,,,stepik,C/C++
55628,Курс Программирование для школьников на C++ — Stepik,"Данный курс разрабатывается для учащихся Назарбаев Интеллектуальных школ и направлен на эффективное изучение языка программирования в рамках программы NIS-Programme. В рамках прохождения курса учащиеся научатся использовать основные функции языка программирования С++, освоят основные три типа построения алгоритма, научатся решать несложные задачи, покажут высокие результаты во время суммативного оценивания. Для автора это первый опыт разработки курса, поэтому все пожелания по улучшению курса вы можете отправлять автору на почту bzfar77@gmail.com",,False,6210,,4.2,11,stepik,C/C++
110631,Информатика ЕГЭ №24-27,"Курс по №24-27 ЕГЭ по информатике. Курс содержит всю необходимую теорию, алгоритмы и разборы всех типов задач на Python. В курсе сделан упор на системное изучение, понимание основ, а не натаскивание на шаблонное решение задачи, и на комфортную большую практику.",,True,2011,3333,5.0,5,stepik,C/C++
195444,Курс по С++ (Индивидуальная Выпускная Работа) — Stepik,"Данный некоммерческий курс на платформе stepik создан для изучения языка C++. Он подходит как для новичков, не имеющих опыта в написании кода, так и для опытных программистов, желающих освежить свои знания или изучить C++ с нуля. Программа курса охватывает основные аспекты языка C++, и успешное его прохождение способствует улучшению навыков программирования и обретению практических навыков для применения полученных знаний. В курсе будет краткая история C++,  основы языка, ООП и обобщенное программирование.",Начальный уровень,False,1760,,4.7,12,stepik,C/C++
214397,простые задачки по Си,"Задачки в рамках курса по информатике, изучаем язык Си, для моих учеников.   Теории скорее всего почти не будет, или будет тезисно.  Это курс для школьников, дома они используют кто что, задачи давать чистый Си у меня не было, это скорее подмножество С++, очень похожее на Си.   Если вы не мой ученик, скорее всего вам этот курс не очень подойдёт.   Сейчас курс заброшен, простите :( Простые вещи тут нормально проверяются, но с какого-то момента стало удобнее давать задания побольше, которые они мне присылают.",Начальный уровень,False,419,,5.0,5,stepik,C/C++
61598,Основы разработки на C++: жёлтый пояс,"Так как этот курс является продолжением ""Белого пояса"", он подходит для тех, для кого подходит ""Белый пояс"" и кто овладел его материалом, а именно студентам и специалистам, которые владеют хотя бы одним языком программирования, а в области C++ знакомы со следующими темами:
 * условный оператор и циклы
 * функции
 * использование vector, map, set
 * создание собственных классов
 * ввод/вывод с помощью потоков
 * перегрузка операторов
 * выбрасывание и ловля исключений",,False,421,20000,5.0,11,stepik,C/C++
115024,Введение в параллельное программирование (OpenMP и MPI) — Stepik,"В рамках данного курса учащиеся смогут познакомиться с основными архитектурами МВС, с двумя стандартами (OpenMP и MPI), позволяющими писать параллельные программы для систем с общей и распределенной памятью. На простых примерах будут разобраны основные конструкции и способы распределения работы. Предполагается выполнение практических заданий для приобретения практических навыков создания параллельных программ. Курс будет интересен всем, кто занимается программированием.",Средний уровень,False,2886,,4.9,35,stepik,C/C++
175446,Основы С++ для школьников c 3 класса. Знакомство с C++ — Stepik,"Курс предназначен для первого знакомства учащихся 3-11 классов с языком программирования С++, как  самым популярным языком для участия в олимпиадах по программированию. Очень плавная и подробная программа курса предусматривает выработку навыков программирования посредством решения большого количества интерактивных тестов и задач. Мы познакомимся с основами программирования на языке C++.",Начальный уровень,False,1491,,4.6,27,stepik,C/C++
182798,C++ Группа D — Stepik,С++ для начинающих,,False,428,,5.0,3,stepik,C/C++
240126,C: полный курс — Stepik,"Данный курс охватывает все ключевые аспекты программирования на языке C — от базовых понятий до продвинутых техник. Курс удобно проходить в своем темпе, что позволяет глубже усваивать материал и возвращаться к сложным темам по мере необходимости.",,False,95,990,5.0,2,stepik,C/C++
61368,Основы разработки на C++: белый пояс — Stepik,"Курс посвящён знакомству с языком программирования С++. Вы научитесь использовать его основные конструкции, создавать свои типы данных, разбивать программу на классы и функции.
 В конце курса вас ждёт финальный проект: вы сможете самостоятельно реализовать простое хранилище данных с возможностью добавления, удаления и поиска.",,False,478,20000,5.0,25,stepik,C/C++
200964,Программирование на C++ с нуля — Stepik,Освой один из самых мощных языков программирования с нуля. Этот курс - фундаментальное изучение программирования на примере языка C++. C++ - один из самых мощных языков. Неспроста его изучение - обязательный предмет в каждом техническом ВУЗе. Вы Научитесь решать реальные задачи и получите опыт через live-кодинг от преподавателя из VK и МФТИ.,Начальный уровень,False,49,1499,5.0,6,stepik,C/C++
240555,Знакомство с языком программирования C++ — Stepik,"Данный курс предназначен для проведения занятий Летней школы на базе ГБОУ Школа № 444 по направлению ""Язык программирования С++""",Начальный уровень,False,196,,5.0,3,stepik,C/C++
101804,Программирование С++  Основы,Записи уроков информатики Лицея №29 Тамбов.,,False,5321,,4.8,22,stepik,C/C++
227630,Алгоритмы и структуры данных: полный курс,"Алгоритмы и структуры данных на практике: от Big-O, поиска и сортировок до стеков/очередей, куч, деревьев и хеш-таблиц. 120+ задач с автопроверкой, визуализации и разборы собес-задач. В дорожной карте — расширенные модули: графы, геометрия, теория чисел (обновления включены).",Средний уровень,True,129,3990,5.0,2,stepik,C/C++
153,Углубленное программирование на C/C++ — Stepik,"Курс формирует практические умения и навыки разработки программных систем среднего уровня сложности на языке C++ с применением стандартной библиотеки языка, а также типовых приемов (шаблонов) объектно-ориентированного проектирования.",,False,24735,,3.4,26,stepik,C/C++
58723,Введение в С++,"Программа курса описывает начальные сведения основ программирования. В ходе обучения предстоит решить множество небольших, но интересных задач, которые охватывают основные базовые конструкции языка C++.",,False,3452,,4.0,14,stepik,C/C++
82480,Программирование на языке C++. МНМЦ СПбГУ — Stepik,"Курс создан в рамках программы переподготовки МНМЦ СПбГУ «Разработка программного обеспечения и анализ данных».  Данный базовый курс повествует об основных средствах языка C++. Особое внимание уделяется обсуждению базовых принципов работы программ, а также процессу их компиляции. Курс далеко не исчерпывающий и покрывает лишь небольшую часть стандарта языка C++, однако мы постарались рассказать о наиболее важных возможностях этого языка.",,False,1369,,3.0,4,stepik,C/C++
194982,С++ с абсолютного нуля — Stepik,"Программисты на C++ создают сложные программы и сервисы. Они разрабатывают высоконагруженные сетевые приложения, игры, графические движки, компоненты для операционных систем и железа. На этом языке написаны Windows, Linux и macOS, Android, Chrome, Counter-Strike, StarCraft и Diablo.",Начальный уровень,False,93,390,4.0,3,stepik,C/C++
202590,Стандартная библиотека шаблонов STL C++ — Stepik,В курсе рассматриваются основные шаблоны из стандартной библиотеки STL.В курсе помимо теории так же есть и практика.,Средний уровень,False,100,990,5.0,11,stepik,C/C++
218261,Базовые навыки программирования C++,"Этот курс предназначен для полного погружения в мир программирования на языке C++. Ученики узнают, как работать с основными структурами данных, операторами управления, функциями, указателями и динамической памятью. Курс обеспечит прочные базовые знания, необходимые для будущей работы в крупных корпорациях или продолжения учебы в программировании.",Начальный уровень,False,296,,5.0,6,stepik,C/C++
219111,Очень продвинутые навыки программирования С++ — Stepik,"Курс «Очень продвинутые навыки программирования на C++» углубленно изучает все возможности языка C++, от работы с памятью и многопоточностью до шаблонов и оптимизации производительности. В рамках курса рассматриваются современные стандарты C++ (C++11/14/17/20), а также интеграция с операционной системой и внешними языками. Практические примеры и теория помогут вам достичь экспертного уровня в C++ и получить сертификат по завершении курса.",Продвинутый уровень,False,51,3990,5.0,1,stepik,C/C++
223434,Язык программирования C++ для начинающих — Stepik,"Ищите простой способ научиться программировать на одном из самых востребованных языков? Бесплатный курс ""Язык программирования C++ для начинающих"" откроет вам двери в мир кода, практических задач и перспективных карьерных возможностей!",Начальный уровень,False,356,,,,stepik,C/C++
62031,Основы разработки на C++: коричневый пояс — Stepik,"В курсе будут освещены темы, которые не поместились в объём предыдущих курсов: пространства имён и эффективное использование ассоциативных контейнеров.",,False,391,20000,4.7,3,stepik,C/C++
62270,Основы разработки на C++: черный пояс — Stepik,"В «Чёрном поясе» будут изложены темы, без которых ваше представление о C++ будет неполным, — это таблицы виртуальных методов, виртуальные деструкторы, неопределённое поведение, шаблоны с произвольным числом аргументов и forwarding-ссылки. Во-вторых, мы предоставим вам возможность поработать с библиотеками и инструментами, без которых трудно представить современную разработку на С++, — это санитайзеры и protobuf.",,False,373,20000,5.0,1,stepik,C/C++
111615,OpenCV в С++ — Stepik,"Данный курс предназначен для тех, кто хочет ознакомиться с библиотекой компьютерного зрения OpenCV.  Здесь будут изучены основные функции, используемые для работы с этой библиотекой.",Начальный уровень,False,708,,3.8,13,stepik,C/C++
199780,Тренажер С++,"""Тренажёр C++"" - это курс для тех, кто хочет отработать на практике свои знания по данному языку программирования через интерактивные задачи и тестовые вопросы.",,True,147,490,5.0,4,stepik,C/C++
210038,Указатели и память С++,"В курсе содержится вся необходимая информация для работы с ""сырыми"" и умными указателями. Так же затрагиваются важные темы, связанные с указателями.",Начальный уровень,True,87,990,4.9,10,stepik,C/C++
243773,C++ with Anfisa — Stepik,"Курс для школьников, поступающих в 10 класс МатИнфо Лицея при Высшей школе экономики, желающих освоить основы программирования на языке C++. Простые объяснения, много практики, интерактивные задания.",Начальный уровень,False,89,,5.0,4,stepik,C/C++
61655,Основы разработки на C++: красный пояс — Stepik,"Этот курс является продолжением курса ""Основы разработки на C++: жёлтый пояс"". Основная цель курса — научить писать на С++ эффективный код. Кроме того рассмотрены некоторые возможности С++, которые не попали в предыдущие курсы.",,False,401,20000,5.0,3,stepik,C/C++
98223,C++ Летняя школа НИШ — Stepik,"Программирование С++ содержит теоретический материал по условным операторам, и операторам цикла.",,False,490,,4.5,16,stepik,C/C++
126518,Основы С++ для школьников. Углубленный курс C++ — Stepik,"Курс предназначен для изучения учащимися 3-11 классов в качестве второго языка программирования С++, как  самого популярного языка для участия в олимпиадах по программированию. Очень плавная и подробная программа курса предусматривает выработку навыков программирования посредством решения большого количества интерактивных тестов и задач. Мы познакомимся с основами программирования на языке C++.",Начальный уровень,False,528,4990,5.0,3,stepik,C/C++
134002,Введение в С++ — Stepik,"Научим писать и понимать код уже в школе.  С вас — серьёзный настрой на годичную учёбу с постоянными домашками, с нас — насыщенная программа, преподаватели-профи и компания таких же талантливых школьников, как и вы.",Начальный уровень,False,3596,,4.9,19,stepik,C/C++
172637,IT-квантум. Электроника и прототипирование.  — Stepik,"Модуль “Электроника и прототипирование” - проектирование и сборка электронных устройств на основе конструктора ""Матрешка"".",Начальный уровень,False,449,,5.0,6,stepik,C/C++
182317,Массивы и сортировки на С++ для школьников. Углубленный курс C++,Курс предназначен для учащихся 3-11 классов. Очень плавная и подробная программа курса предусматривает выработку навыков программирования посредством решения большого количества интерактивных тестов и задач.  Мы познакомимся с решением на языке С++ задач на массивы и сортировки.,Начальный уровень,True,206,4990,5.0,1,stepik,C/C++
204157,Стандартные алгоритмы С++,"Алгоритмы широко применяются в решении различных задач и сильно упрощают жизнь программиста, который в них разбирается.",Средний уровень,True,97,990,5.0,3,stepik,C/C++
209865,Практика языка C (задачник с курса Константина Владимирова) — Stepik,"Задачи с курса ""Практика языка Си"" Констатина Владимирова, прочитанного в МФТИ на кафедре информатики в 2023-2024 учебном году.",Средний уровень,False,734,,,,stepik,C/C++
219046,C++ Группа D (1 неделя) — Stepik,С++ для начинающих,,False,81,,,,stepik,C/C++
243177,D2  — Stepik,,,False,,,5.0,3,stepik,C/C++
251874,Программирование на C и C++ — Stepik,"Интенсивный практический курс «Программирование на C и C++» для начинающих: от основ синтаксиса и алгоритмов до объектно‑ориентированного дизайна, работы с памятью, STL и простых проектов. Готовит к реальным задачам, собеседованиям и первой работе в разработке системного, встроенного и прикладного ПО.",,False,,,,,stepik,C/C++
51112,Интерактивный учебник по программированию на C++ — Stepik,"Курс представляет из себя интерактивный учебник по программированию на C++. Каждый урок курса -- это определённая тема, раздел программирования, раскрывающаяся в виде теории, примеров для тестирования, задач для самостоятельного решения.",,False,646,490,4.2,10,stepik,C/C++
52108,Beginner C/C++ — Stepik,"This courses introduces learners to the C and C++ programming languages. It contains detailed information about how the language works, with multiple exercises tackling the theoretical concept. The course prepares the learners with a strong set of procedural and object-oriented programming skills and sufficient curiosity to go beyond this course.",Начальный уровень,False,4136,,4.2,4,stepik,C/C++
52966,Programming Fundamentals — Stepik,Programming in C++,,False,2819,,2.8,6,stepik,C/C++
58082,С++ для начинающих (Р) — Stepik,Начало работы с С++,,False,304,,,,stepik,C/C++
63458,С++.  Теория и практика. — Stepik,"Подробные видеоразборы тем и 170 задач для изучающих язык с ""нуля"", а также и для тех, кто уже освоился с указателями, функциями и шаблонами.",,False,2267,3500,4.7,32,stepik,C/C++
65259,Моя первая большая программа — Stepik,"Продолжение курсов ""С для начинающих"". Пришла пора написать большую программу, с последовательными изменениями. Работа с git прилагается.
 
 https://stepik.org/course/57680/syllabus
 https://stepik.org/course/55690/syllabus",Средний уровень,False,1567,,5.0,7,stepik,C/C++
67114,Мова програмування C++ — Stepik,,,False,924,,,,stepik,C/C++
103283,Работа с массивами на С — Stepik,"Начальный курс для получения базовых навыков  выполнения операций над массивами данных с использованием индексов и  указателей, включая алгоритмы поиска и сортировки",,False,976,,4.9,60,stepik,C/C++
106962,Технологии программирования,"Основы языков С++ и Python, основные конструкции и структуры языков, изучение стандартных алгоритмов языка",Начальный уровень,False,530,,,,stepik,C/C++
114378,Основы параллельных вычислений — Stepik,"Курс содержит теоретические сведения, презентации и практические примеры построения параллельных алгоритмов обработки данных. Изучив этот курс вы получите навыки создания параллельных программ с использованием стандарта OpenMP и интерфейса передачи сообщений MPI.",Начальный уровень,False,825,,5.0,10,stepik,C/C++
117402,Программирование на С++ с T-Boom — Stepik,"Курс обучения программированию на С++  T-Boom.  Курс развивается и будет обновляться.  Этот курс создан для школьников 3-7 классов. Основные пожелания к учащимся:  желание развития математических способностей, наличие компьютера в домашних условиях ; умение работать на ПК, знание текстовых и графических редакторов, умение работать в Интернет. Язык: Русский",Начальный уровень,False,386,,4.4,12,stepik,C/C++
118286,C++ dasturlash,C++ ni o'rganuvchilar uchun ajoyib kurs. Qadam va qadam har bir mavzularni o'rganib borishingiz mumkin.,Начальный уровень,False,2263,,4.9,29,stepik,C/C++
128053,Основы С++ для школьников. Базовый курс C++,"Курс предназначен для изучения учащимися 3-11 классов в качестве второго языка программирования С++, как  самого популярного языка для участия в олимпиадах по программированию. Очень плавная и подробная программа курса предусматривает выработку навыков программирования посредством решения большого количества интерактивных тестов и задач. Мы познакомимся с основами программирования на языке C++.",Начальный уровень,True,464,2990,5.0,7,stepik,C/C++
132889,Школьный кружок по информатике. Python — Stepik,Основы программирования на Python. Курс для работы кружка по программированию.,,False,116,,,,stepik,C/C++
133364,8 класс C++ — Stepik,"Курс для освоения навыков программирования в С++ C++ широко используется для разработки программного обеспечения, являясь одним из самых популярных языков программирования",,False,315,,4.8,9,stepik,C/C++
133367,9 класс C++,"Курс предназначен для учащихся 9 -х классов.  C++ широко используется для разработки программного обеспечения, являясь одним из самых популярных языков программирования",Средний уровень,False,515,,4.7,9,stepik,C/C++
137879,C(Си) - учебное пособие в примерах и задачах — Stepik,"Курс направлен на изучение базовых понятий и элементов языка программирования С (лексика и базовые определения). Курс является вводным. Однако для его освоения вам потребуются начальные знания в области алгоритмизации. Изучение программирования на языке С расширяет кругозор тех, кто уже имеет некоторый опыт программирования.",Начальный уровень,False,30,1000,,,stepik,C/C++
140282,Язык программирования C++. Базовый курс.,"Освойте базовые навыки IT, необходимые C++ разработчику для успешного старта.  На C++ можно написать практически любое программное обеспечение, от простых консольных утилит до сложных приложений.  В курсе представлены видео уроки, дополненные отдельной теоретической частью, а так же более 100 практических заданий. В процессе обучения Вы не только научитесь писать программы, но и создадите свой собственный проект.",Начальный уровень,True,136,890,4.4,11,stepik,C/C++
174369,Программирование от 0 к 1: Современный язык C++,"Курс по современному языку C++ (актуальному на 2024 год), который включает в себя широкий набор тем. После его изучения по объёму знаний Вы будете подходить для позиции Junior C++ Developer. Авторы ставят перед собой задачу создать наиболее полный курс по современному C++, поэтому, помимо уже имеющейся обширной информации, Вы сможете видеть его эволюцию и получать обновления.",Начальный уровень,True,323,500,4.5,12,stepik,C/C++
175327,Безопасное программирование на C++,"Этот курс посвящен теме безопасного программирования на C++ и предназначен для начинающих разработчиков, имеющих знание основ языка.",Средний уровень,False,932,,4.0,14,stepik,C/C++
179235,American Corner: C++ — Stepik,"Это курс созданный для American Corner. Данный курс научит вас основам С++. 
 Курс предлагает знания, необходимые для программирования и также практические задачи.",,False,97,,5.0,1,stepik,C/C++
183456,C++ Basic — Stepik,SimSimSchool IT orayining C++ basic kursi. Bul kursda siz C++ tiykarlarin uyrenesiz. Kursdi tamamlauiniz ushin baslang'ish bilim talab etilmeydi.,Начальный уровень,False,1501,,4.0,2,stepik,C/C++
186531,C++ Autumn 2023 — Stepik,С++ для начинающих,,False,159,,5.0,1,stepik,C/C++
186717,Практикум по решению задач на С/С++.,"В данном курсе собраны только практические задачи с короткими памятками к ними. Прохождение курса позволит набить руку в решении задач, хорошо усвоить и уложить в голове базовый синтаксис и конструкции, понять на практике что и как работает. Курс требует знания основ С/С++ или готовность изучать его самостоятельно, подробных теоретических знаний курс не содержит.",Начальный уровень,False,81,1250,5.0,1,stepik,C/C++
188228,Паттерны проектирования в C++ — Stepik,Этот курс — ключ к глубокому пониманию и применению GOF паттернов проектирования и принципов SOLID в ваших проектах. Так же полученные знания и навыки сделают вас более уверенным кандидатом на собеседованиях.,Средний уровень,False,43,1499,,,stepik,C/C++
204057,Задачник-тренажер по основам языка С++. Базовый уровень,"Более 100 практических задач.  Этот учебный курс является сборником практических заданий различной степени трудности, для выполнения которых применяется язык программирования С++",Начальный уровень,True,48,390,4.8,4,stepik,C/C++
208583,Жадные алгоритмы на С++ — Stepik,"В данном курсе вы узнаете о жадных алгоритмах о том ,что это и зачем это и как их реализовывать на c++.",Начальный уровень,False,942,,5.0,2,stepik,C/C++
209169,Введение в университетский C++,"Этот курс представляет собой комплексное введение в основы программирования на языке C++. Он охватывает ключевые концепции и элементы, необходимые для разработки программ, включая функции, переменные, циклы, условные операторы и массивы. Курс пока что состоит из шести модулей, каждый из которых подробно разбирает определенную тему, сопровождаемую примерами кода и практическими задачами для закрепления материала. Курс обновляется и улучшается",Средний уровень,False,316,,4.8,5,stepik,C/C++
231296,Программирование микроконтроллеров AVR на языке С — Stepik,"Курс для тех, кто хочет разобраться в программировании микропроцессорной техники на языке С/С++. В курсе представлены основы языка С/С++, а также особенности написания программ для устройств с микроконтроллером.",Начальный уровень,False,219,,,,stepik,C/C++
233393,Квест Тайна ночного ограбления — Stepik,"Этот квест — захватывающее расследование, в котором участники должны разгадать тайну ограбления банка «Сапфир». Вчера ночью сработала тревога, а камеры зафиксировали четырех человек, оказавшихся рядом в момент преступления. Каждому игроку предстоит решить логические задачи, чтобы постепенно сузить круг подозреваемых. Журналист первым находит того, кто не мог быть преступником. Детектив изучает факты и исключает еще двух человек. Хакер, используя сложные методы анализа, делает финальный вывод. Решая задачи,",Средний уровень,False,109,,,,stepik,C/C++
240127,C++: полный курс — Stepik,"Полный курс по C++ — это пошаговое, глубоко проработанное руководство, охватывающее язык C++ с нуля до профессионального уровня. Он структурирован так, чтобы вы не просто ""учили синтаксис"", а становились уверенным разработчиком на C++.",Начальный уровень,False,50,1490,5.0,1,stepik,C/C++
242870,Группа D — Stepik,,,False,60,,,,stepik,C/C++
245018,Программирование роботов на C++ — Stepik,"Курс «Программирование роботов на C++» познакомит вас с основами создания и управления робототехническими системами с использованием языка программирования C++. Вы изучите ключевые концепции программирования, работу с сенсорами и актуаторами, а также методы обработки данных и алгоритмы управления роботами. Практические занятия помогут закрепить навыки разработки программного обеспечения для различных типов роботов и подготовят к решению реальных инженерных задач.
 Курс регулярно актуализируется.",Начальный уровень,False,47,490,5.0,2,stepik,C/C++
3032,CloudCoder Exercises,Problem set based on CloudCoder exercise repository (https://cloudcoder.org/repo/).,,False,2330,,,,stepik,C/C++
16657,Сравнительное Программирование (Delphi - C++ - Java - Prolog) — Stepik,"Курс предназначен для русско-язычных студентов желающих освоить технологии программирования Java с опорой на предварительные знания языка программирования Delphi (Object Pascal) и др. Предусмотрена поддержка обучения для слабовидящих, в этой связи курс был создан на основе сопоставления структур программирования четырех языков программирования: Delphi, Java, C++ и декларативного языка Prolog.",,False,,,3.7,3,stepik,C/C++
47561,С++ — Stepik,"Курс рассчитан для тех, кто хочет с нуля за короткие сроки изучить С++ вплоть до написание собственных GUI приложений как в Qt, так и в VisualStudio",,False,1927,,3.1,7,stepik,C/C++
59874,Моделирование простых молекулярных систем методами Монте-Карло — Stepik,В этом курсе рассматривается моделирование простых молекулярных систем (идеальный газ и система твердых сфер) методом Монте-Карло.,,False,37,,,,stepik,C/C++
63041,Основы программирования — Stepik,Курс по основам программирования с использованием языков Pascal и С++. В курсе будут рассмотрены следующие темы: – линейные алгоритмы, – условные алгоритмы, – циклы, – символьные и строковые типы данных, – массивы. .,,False,1486,
66646,Программирование на языке С++ для решения олимпиадных задач — Stepik,"Курс «Программирование на языке С++» разработан и утвержден АНО ДО «Детский технопарк «Кванториум» для школьников, заинтересованных в развитии своих инженерных навыков с применением математики в разработке технических устройств. Курс будет полезен участникам Олимпиады НТИ",,False,914,,3.0,2,stepik,C/C++
70993,Tracing signatures of adaptation with PopHuman,,,False,30,,,,stepik,C/C++
73168,Информатика 10 технологический — Stepik,"Информатика и ИКТ 10 класс. Технологический профиль. Темы:  1) Программирование на C++. 2) Логика, MMLogic. 3) HTML. JavaScript. 4) Электронные таблицы. Excel. 5) Базы данных. СУБД Access. 6) Подготовка к ЕГЭ.",,False,297,,,,stepik,C/C++
82217,Информатика 11 технологический — Stepik,"Информатика и ИКТ 11 класс. Технологический профиль. Темы: 1) ""Программирование"". Язык программирования C++; 2) Визуальное ООП на языке программирования C# в среде Visual Studio; 3) Базы данных. СУБД Access; 4) Подготовка к ЕГЭ.",,False,304,,,,stepik,C/C++
82481,Программирование на языке C++ (продолжение). МНМЦ СПбГУ — Stepik,"Курс создан в рамках программы переподготовки МНМЦ СПбГУ «Разработка программного обеспечения и анализ данных».  Мы продолжаем изучать язык программирования C++. В курсе будет рассмотрено множество различных возможностей языка, и в том числе мы поговорим о нововведениях стандартов C++11 и C++14, стандартной библиотеке шаблонов и обработке ошибок.",,False,1069,,3.0,2,stepik,C/C++
84294,Programación estructurada  C — Stepik,,,False,33,,,,stepik,C/C++
85593,CPP-trainer — Stepik,,,False,103,,,,stepik,C/C++
93862,C++_Yellow _Course — Stepik,Курс програмування на мові С++ від Hello World до ООП  Презентації в описі до кожного відео,,False,616,,4.5,4,stepik,C/C++
94094,C++_ Green_course — Stepik,,,False,89,,,,stepik,C/C++
94145,ООП_C++ — Stepik,,,False,74,,,,stepik,C/C++
98779,Шаг. Домашние задания — Stepik,Своевременное выполнение домашних заданий гарантирует максимальный балл за 100% решение. Сдача работ с опозданием влечёт штраф в 1 балл. Как говорится: нормально делай - нормально будет:),,False,49,,,,stepik,C/C++
101789,C programming and program execution — Stepik,,,False,464,,,,stepik,C/C++
102103,"C++. Теория, практика, алгоритмизация. — Stepik","Введение в программирование на С++. В курсе представлен материал, ориентированный на широкую аудиторию: введение в лексику С++ с решением практических задач, различные алгоритмические конструкции, как для простых задач, так и для сложных.",,False,132,1000,4.0,1,stepik,C/C++
107725,Алгоритмизация и программирование — Stepik,Курс представляет собой задания к зачету по дисциплине.,Начальный уровень,False,125,,,,stepik,C/C++
109478,С++ для учащихся 8 классов — Stepik,"При изучении данного курса будут полезны знания основ программирования, полученные учащимися в 7 классах. Необходимо иметь навыки программирования задач линейной и разветвляющейся структур, обладать знаниями о видах и формах записи алгоритма, строить блок-схемы, объяснять выполнение алгоритма.  Данный курс предназначен для формирования навыков программирования алгоритмов циклической структуры, предназначен для формирования навыков использования при составлении программ одномерных массивов.",Средний уровень,False,1870,,4.3,31,stepik,C/C++
110701,программирование на C++ с нуля — Stepik,На данном курсе вы изучите C++ с нуля до вершин. Учить легко и быстро. Материала очень много.,,False,339,,2.0,6,stepik,C/C++
115044,C++: от основ до подготовки к ОГЭ и создания игр — Stepik,"Изучение основ программирования, также предусмотрено выполнение проектов. В качестве бонуса есть модуль по созданию игры на sfml.",Начальный уровень,False,39,1000,,,stepik,C/C++
123579,Програмування мовами C та C++ — Stepik,Програмування мовами С та C++ для студентів першого курсу ОНУ ім. І. І. Мечникова Поки що перебуває у стадії розробки / перекладу з російської,Начальный уровень,False,154,,,,stepik,C/C++
123733,Подготовка к собеседованиям по С++ — Stepik,,,False,,,,,stepik,C/C++
127753,Программирование на С++,"Это курс для тех, кто хочет научиться программировать на С++. Будет изучены переменные, функции, операторы, классы, GUI, объекты (надпись, кнопка, поле для ввода текста). Для ОС Windows.",Начальный уровень,True,1649,1500,4.3,20,stepik,C/C++
129792,Основы разработки на C++: белый пояс | 1 модуль — Stepik,"Здесь представлен только первый модуль программы. 
 Сам курс посвящён знакомству с языком программирования С++. Вы научитесь использовать его основные конструкции, создавать свои типы данных, разбивать программу на классы и функции.
 В конце курса вас ждёт финальный проект: вы сможете самостоятельно реализовать простое хранилище данных с возможностью добавления, удаления и поиска.",,False,35,3990,,,stepik,C/C++
130003,С++ GOF Паттерны проектирования,Изучение и практика применения классических GoF паттернов проектирования на языке программирования С++,Средний уровень,True,16,2490,2.0,1,stepik,C/C++
132226,Внутреннее устройство контейнеров в STL (C++) — Stepik,,Начальный уровень,False,30,5000,,,stepik,C/C++
133231,Реализация файловой базы данных: практикум на языке С — Stepik,"Проектный подход к разработке программы управления записями типа координатная точка путем декомпозиции задачи на подзадачи, а также последовательного использования структур данных и массивов значений собственного типа, статически и динамических",Средний уровень,False,8,4890,,,stepik,C/C++
134959,Зачетный минимум по основам программирования (язык С) — Stepik,"Мы сделали максимально доступный и понятный для начинающих курс. Независимо от вашего уровня подготовки, вы сможете быстро вникнуть в тему и получить необходимые навыки. Материалы курса структурированы так, чтобы вы могли последовательно углублять свои знания и практиковаться на реальных задачах.
 ​​​​​​​Инвестируй свое время в зачетный минимум по основам программирования (язык С) - он станет надежным помощником на пути к успеху.",Начальный уровень,False,16,2390,5.0,2,stepik,C/C++
151460,АнлимPro С++. Begin — Stepik,"Что такое ""плюсы"" ?  Так ли они сложны? Стоит ли изучать язык программирования, который все так боятся и характеризуют как самый трудный? На все эти вопросы вы найдете ответы в нашем курсе. Запрыгивай в наш космолет знаний, получай генеральские погоны и вперёд в путь по комиксу языка программирования с++",Начальный уровень,False,205,,,,stepik,C/C++
175222,Алгоритмдеу және программалау — Stepik,"""Алгоритмдеу және бағдарламалау"" цифрлық білім беру ресурсы 10 сынып оқушыларына арналған. Ресурстың негізгі компоненті-Алгоритмдеу және бағдарламалау бойынша өзіндік жұмыс. Өз бетінше жұмыс жасамас бұрын әр зерттелген тақырып бойынша ұсынылған қысқаша теориялық мәліметтермен танысу ұсынылады. Цифрлық білім беру ресурсында өз бетінше орындауға арналған көптеген тапсырмалар, сондай-ақ қарастырылатын тақырыптардың әрқайсысы бойынша көптеген интерактивті тапсырмаларға сілтемелер бар.",Начальный уровень,False,56,,,,stepik,C/C++
175709,C/C++ MegaDojo 2023 - intermediari,"Acest modul conține informații despre tablouri unidimensionale, tablouri bidimensionale, funcții, funcșii recursive și șiruri de caracte.",,False,67,,,,stepik,C/C++
175711,C/C++ MegaDojo 2023 - începători — Stepik,"Acest modul conține elemente introductive în limbajul de programare C++, cum ar fi: variabile, structuri decizionale, structuri repetitive.",,False,133,,5.0,2,stepik,C/C++
178781,Программирование на С++ для начинающих — Stepik,"📚 Добро пожаловать на курс ""Программирование на C++ для начинающих"" 🖥️
 
 Этот курс предназначен для всех, кто хочет освоить язык программирования C++ с нуля.
 
 Мы начнём с основ и шаг за шагом познакомимся с ключевыми концепциями и возможностями этого мощного языка.
 
 1. Основы C++: переменные, типы данных, операторы;
 2. Условия и циклы: как писать логику выполнения программы;
 3. Работа с функциями: создание, вызов, параметры и возвращаемые значения;
 4. Указатели и динамическая память: эффективное управлен.",Средний уровень,False,8,1499,,,stepik,C/C++
179160,C++ по университетским материалам — Stepik,"Курс построен на совокупности тестов, лекций и презентаций различных ВУЗов России.   Для удобства восприятия используются видео материалы из общего доступа, зарекомендовавшие себя как достоверные и доступные.",Начальный уровень,False,444,,,,stepik,C/C++
181359,Программирование на языках высокого уровня — Stepik,"Изложены основы программирования на языке высокого уровня C++. Отражены следующие темы: структура программы, типы данных, объявление переменных и констант, присваивание, арифметические и логические операции, операции сравнения, операторы, ввод и вывод данных, условный оператор и оператор выбора, циклы со счётчиком, с предусловием и постусловием, функции, структуры, массивы.",,False,123,,3.0,2,stepik,C/C++
185497,Сокеты в С++ — Stepik,Небольшой курс по введению в сокеты с нуля. Так же рассмотрим немного сети и вы пополните свой стек знаниями как на C++ создавать сокеты),Начальный уровень,False,185,499,3.9,22,stepik,C/C++
185689,Решение практических задач на C++ — Stepik,"В курсе «Решение практических задач на C++» на примере создания игры «Быки и коровы» рассматриваются основные принципы проектирования, разработки и оптимизации приложения, написанного на C++.",Средний уровень,False,17,800,3.0,4,stepik,C/C++
188087,Школьный кружок по информатике. С++ — Stepik,Курс создан для личного использования. Для работы в кружке по информатике. Разделы открываются по расписанию кружка,,False,84,,5.0,1,stepik,C/C++
195165,Массивы и сортировки на С++ для школьников. Базовый курс C++ — Stepik,Курс предназначен для учащихся 3-11 классов. Очень плавная и подробная программа курса предусматривает выработку навыков программирования посредством решения большого количества интерактивных тестов и задач.  Мы познакомимся с решением на языке С++ задач на массивы и сортировки.,Начальный уровень,False,118,2990,5.0,2,stepik,C/C++
195438,C++ Programming : Hands-on Approach — Stepik,"This course helps learners to obtain hands-on experience on C++ programming concepts. Also, this course helps with necessary hints for C++ Programming in Linux Environment using GNU Tools.",Средний уровень,False,77,,,,stepik,C/C++
196214,C++ для школьников. Углубленный курс С++,Курс предназначен для обучения программированию на C++ учащихся 3-11 классов. Очень плавная и подробная программа курса предусматривает выработку навыков программирования посредством решения большого количества интерактивных тестов и задач.,,True,31,8990,5.0,1,stepik,C/C++
196604,C++ для школьников. Базовый курс С++ — Stepik,Курс предназначен для обучения программированию на C++ учащихся 3-11 классов. Очень плавная и подробная программа курса предусматривает выработку навыков программирования посредством решения большого количества интерактивных тестов и задач.,,False,72,6990,5.0,5,stepik,C/C++
197220,Основы программирования на C/C++ Полная версия — Stepik,"Программа для обучения программированию с нуля. Последовательно, просто, кратко. На интересных, не типовых задачах. В основе язык С/C++. Сформируем основы: понятие типов данных, конструирование кода, базовые алгоритмы, функции. Начните с С++, и Вы легко перейдете на Java, C#, JavaScript, PHP или Scala!",Начальный уровень,False,655,3400,5.0,11,stepik,C/C++
198358,Основы C++ и бэкенд разработка — Stepik,Изучите основы языка C++ и бэкенд разработку с библиотекой httplib в этом курсе. Погрузитесь в мир программирования и создайте свой первый backend проект!,Начальный уровень,False,25,990,3.8,4,stepik,C/C++
201589,Биты и типы С++,Курс содержит весь необходимый материал для работы с битами и типами данных на С++. Так же небольшие задачи и тестовую часть.,Начальный уровень,True,62,490,4.9,7,stepik,C/C++
205962,Летняя школа IT специалистов 2024 (С++  7-8 класс) — Stepik,"Курс для очных занятий летней школы IT специалистов на базе ГБОУ школы 444 с 1 по 16 июня.  На курсе будут рассмотрены различные аспекты олимпиадного программирования, а также работы над объемными проектами",Начальный уровень,False,50,,5.0,1,stepik,C/C++
206365,Unreal Engine 5: C++ для начинающих программистов. Курс 1 — Stepik,"Сирия курсов по программированию в среде Unreal Engine на языке С++  от профессионального программиста ,простым доступным для начинающих языком. На примере написания учебных , но в то же время основанных на реальном опыте игровых систем с подробным описанием  происходящего.",Средний уровень,False,27,3100,5.0,3,stepik,C/C++
208696,C++ простыми словами — Stepik,"C++ — один из наиболее востребованных языков программирования по всему миру. В курсе ""C++ простыми словами"" простым и понятным языком рассматриваются ключевые аспекты языка: работа с переменными, условные операторы, циклы, массивы, строки, ссылки и указатели, управление динамической памятью, функции и рекурсия. Курс сосредоточен на теории и объяснении ключевых понятий, что делает его отличным справочником. Практических задач нет, но после завершения вы сможете уверенно писать собственные программы.",Начальный уровень,False,306,,4.3,6,stepik,C/C++
208871,Основы C++. Часть 1 - погружение в мир программирования — Stepik,"Знакомит с начальными сущностями языка программирования C++
 Даёт начальные навыки для развития в себе программиста",,False,1,10900,,,stepik,C/C++
209270,Основы C++. Часть 0 - пролог,"Знакомство с основами мира IT и языка программирования C++
 Рассмотрение основополагающих принципов и подходов",Начальный уровень,False,54,,5.0,4,stepik,C/C++
209312,C++ Практикум по циклам — Stepik,"В данному курсе вы познакомитесь со циклами и пройдёте мощный практикум по ним. В начале курса Вас ожидает лекция
 Потом 16 примеров написания кода со циклами, разобранных мной
 И на последок множество задач разной сложности, в которых Вам предстоит написать исходный код на языке C++ на тему ""Циклы""",Начальный уровень,False,2,2900,,,stepik,C/C++
209404,C++ Практикум по условным операторам — Stepik,"Данный курс ознакомит Вас с уловными операторами в языке C++: if, тернарный, switch
 Курс начинается с лекции. Затем Вас ждёт ряд примеров решения задач, разобранных мной. Вторая часть курса составлена из практических заданий, где Вам предстоит самим написать исходный код C++ на тему ""Условные операторы""",Начальный уровень,False,2,1900,,,stepik,C/C++
209590,"C++ Практикум начальный (std::cout, std::cin, std::string)","Первая ступенька в мир C++
 В курсе рассматриваются первый код, std::cout, std::cin, переменные, строки
 Много практических заданий на написание кода",Начальный уровень,True,4,990,5.0,1,stepik,C/C++
211818,Простые задачки C++ — Stepik,"Если вы уже знаете основы C++, но хотите попрактиковаться и улучшить свои навыки программирования, то этот курс именно для вас.",Средний уровень,False,16,590,,,stepik,C/C++
212979,Задачник на основы синтаксических конструкций языка C/C++ — Stepik,"Данный курс создан для поддержки онлайн-преподавания языков C/C++ и ориентирован прежде всего на работу с моими студентами. Однако, если Вы не являетесь моим студентом, Вы также можете на него записаться и потренироваться решать простые задачи. Курс будет дополняться, но пока что не предполагает пояснений и разбора решений.",Начальный уровень,False,126,,4.0,1,stepik,C/C++
213066,"Современный C++, базовый курс — Stepik","Онлайн курс - дополнение к оффлайн курсу в IT-кубе г. Ростов-на-Дону, автор курса - Носкова Анна Юрьевна.  Предназначен для обучающихся от 14 лет, предполагает самостоятельное изучение",Начальный уровень,False,74,,,,stepik,C/C++
213825,C++ by simple words — Stepik,"The course ""C++ by simple words"" covers topics such as variables, conditional statements, loops, arrays, strings, references and pointers, dynamic memory, functions, and recursion.",Начальный уровень,False,65,,5.0,1,stepik,C/C++
214844,Профессия: Разработчик C++ (Junior) — Stepik,"Программа, которая поможет вам стать уверенным разработчиком на C++. Вы начнете с основ программирования на C/C++, затем освоите объектно-ориентированное программирование, структуры данных и углубитесь в управление данными с помощью Git и SQL. Курсы построены последовательно и охватывают ключевые навыки, которые требуются начинающему специалисту. Каждую тему преподают опытные эксперты, авторы популярных курсов на Stepik.",Начальный уровень,False,465,5670,5.0,3,stepik,C/C++
214876,C programming and program execution (for LLP2024) — Stepik,"""C Programming and Program Execution"" is a comprehensive course designed to introduce students to the fundamentals of the C programming language and the process of program execution. This course covers essential topics such as basic syntax, data types, control structures, functions, arrays, pointers, and memory management in C.",,False,422,,4.8,6,stepik,C/C++
216261,C++ қарапайым тілде — Stepik,"C++ - бүкіл әлем бойынша ең көп сұранысқа ие бағдарламалау тілдерінің бірі. ""Қарапайым сөздермен"" қарапайым және түсінікті тілде тілдің негізгі аспектілері қарастырылады: айнымалылармен жұмыс, шартты операторлар, циклдар, массивтер, жолдар,сілтемелер мен Көрсеткіштер, динамикалық жадыны басқару, функциялар және рекурсия. Курсты аяқтағаннан кейін сіз өзіңіздің бағдарламаларыңызды сенімді түрде жасай аласыз.",Начальный уровень,False,47,,5.0,1,stepik,C/C++
219413,Unreal Engine 5:C++ для начинающих программистов. Курс 2 часть 1 — Stepik,Этот курс является второй частью из серии курсов посвященных работе в игровом движке Unreal Engine 5 и работе в нем на языке программирования С++. Информация из этого курса является выборкой из самых востребованных вопросов по Unreal Engine.,Начальный уровень,False,8,2700,5.0,1,stepik,C/C++
220552,Unreal Engine 5:C++ для начинающих программистов. Курс 2 часть 2 — Stepik,"Этот курс является продолжением второй части из серии курсов посвященных работе в игровом движке Unreal Engine 5, и работе в нем на языке программирования С++. Информация из этого курса является выборкой из самых востребованных вопросов по Unreal Engine.",Начальный уровень,False,6,2500,,,stepik,C/C++
223756,"# 1 Основы, операции и выражения, условный оператор, циклы в С++ — Stepik","Этот курс представляет собой введение в язык программирования C++. Вы изучите основы, в том числе работу с переменными, операциями и выражениями, а также научитесь использовать условные операторы и циклы. Это отличный старт для изучения C++ с нуля.",Начальный уровень,False,31,,5.0,2,stepik,C/C++
223757,"# 2 Функции, определение функций, рекурсивные функции в С++ — Stepik","Этот курс расширит ваши знания C++, сосредоточившись на функциях — одном из ключевых инструментов программирования. Вы научитесь определять функции, работать с параметрами и возвращаемыми значениями, а также использовать рекурсию для решения сложных задач.",Средний уровень,False,33,,5.0,3,stepik,C/C++
223758,"# 3 Массивы и строки, одно-многомерные массивы в С++","Этот курс посвящён работе с массивами и строками в C++. Вы научитесь создавать и использовать одномерные и многомерные массивы, а также работать с текстовыми данными с помощью строк. Это важный шаг в изучении структур данных для эффективного управления и обработки информации.",Средний уровень,False,33,,5.0,1,stepik,C/C++
223759,# 4 Указатели и динамическая память в С++ — Stepik,Этот курс посвящен одному из самых мощных аспектов C++ — указателям и управлению динамической памятью. Вы научитесь использовать указатели для эффективного управления памятью программы и динамически выделять ресурсы по мере необходимости. Эти знания необходимы для написания сложных и оптимизированных программ.,Средний уровень,False,32,,5.0,1,stepik,C/C++
223760,# 5 Основы объектно-ориентированного программирования в С++ — Stepik,"Этот курс познакомит вас с основами объектно-ориентированного программирования (ООП) в C++. Вы изучите ключевые концепции, такие как классы, объекты, инкапсуляция, наследование и полиморфизм, что позволит вам создавать более структурированные и масштабируемые программы.",Средний уровень,False,37,,5.0,1,stepik,C/C++
223779,Unreal Engine 5: C++ для начинающих программистов. Курс 3 — Stepik,"Этот курс является третьей частью из серии курсов посвященных работе в игровом движке Unreal Engine 5, и работе в нем на языке программирования С++. Информация из этого курса является выборкой из самых востребованных вопросов по Unreal Engine.",Средний уровень,False,3,2500,,,stepik,C/C++
224326,Проверка знаний в программировании на разных языках — Stepik,"Этот курс направлен на проверку знаний и навыков программирования на нескольких языках. Он включает задания по ключевым концепциям программирования, таким как работа с переменными, операторами, циклами, функциями, а также задачи на работу с файлами, коллекциями данных и обработку ошибок.",Начальный уровень,False,36,,,,stepik,C/C++
228919,Programming II (C++) 2024-2025,"The Programming II laboratories from West University of Timisoara, Computer Science department. The C programming language is presented, as well as introduction to object oriented language in C++.",Начальный уровень,False,308,,,,stepik,C/C++
229505,C++ для продвинутых — Stepik,"Знаете основы языка C++ и не знаете, как продолжить? Хотите освоить указатели, ООП, разобраться в архитектуре C++ программ и инструментах разработки? Этот курс значительно углубит ваши знания программирования и языка C++! Это продолжение бесплатного курса «Основы программирования на C++».",Средний уровень,False,77,1300,,,stepik,C/C++
230900,Курс по программированию C++ для начинающих — Stepik,"Простой курс для начинающих в программировании на с++. Поможет научиться мало чему, т.к. курс для начинающих.",Начальный уровень,False,74,,4.8,6,stepik,C/C++
231357,"Библиотека SFML, создавайте игры на C++ — Stepik","Онлайн курс - дополнение к оффлайн курсу в IT-кубе г. Ростов-на-Дону, автор курса - Носкова Анна Юрьевна.  Предназначен для обучающихся от 14 лет и предполагает самостоятельную работу.",Средний уровень,False,26,,,,stepik,C/C++
232476,Геометрия на C++ для школьников. Базовый курс С++ — Stepik,Курс предназначен для учащихся 1-11 классов. Очень плавная и подробная программа курса предусматривает выработку навыков программирования посредством решения большого количества интерактивных тестов и задач. Мы познакомимся с решением на языке C++ задач по геометрии на плоскости.,Начальный уровень,False,65,2990,,,stepik,C/C++
235683,CMake Удобная сборка проектов и библиотек C++ — Stepik,"Курс поможет Вам разобраться в сборке проектов и библиотек на C++ с использованием генератора сборки CMake, а также сборщиков make, ninja и Visual Studio. Что сделает Вас ценным кандидатом на трудоустройство в IT компанию",Средний уровень,False,5,15215,5.0,1,stepik,C/C++
236205,Стандарт С++ — Теория + Практика,"Знание стандартных алгоритмов и шаблонов языка является необходимым навыков для каждого разработчика, желающего писать чистый и правильный код.",,False,31,2900,5.0,1,stepik,C/C++
236597,Алгоритмдеу және ЖДТП_С++ (СОӨЖ) — Stepik,Алгоритмдеу(с++). Бұл курс студенттердің білімін бағалау үшін арналған өздік жұмыс тапсырмалары. Алгоритмдеудің негізгі базалық түрлері бойынша студенттерге программалау бойынша дағдысын қалыптастыруға мүмкіндік береді. Бұл курс студенттердің білімін бағалау үшін арналған өздік жұмыс тапсырмалары. Алгоритмдеудің негізгі базалық түрлері бойынша студенттерге программалау бойынша дағдысын қалыптастыруға мүмкіндік береді.Бұл курс студенттердің білімін бағалау үшін арналған өздік жұмыс тапсырмалары.,Начальный уровень,False,217,,4.9,28,stepik,C/C++
242317,Стандартные алгоритмы (С++20 и новее) — Stepik,Курс посвящен представлениям и обновленным алгоритмам начиная со стандарта С++20 из библиотеки. По мере добавления новых алгоритмов курс будет обновляться.,Средний уровень,False,30,990,5.0,1,stepik,C/C++
243131,Основы UNIGINE (C++) — Stepik,"Данный курс – знакомство с платформой 3D-визуализации UNIGINE, он предназначен для тех, кто уже имеет базовые навыки программирования на языке C++ и делает или только собирается сделать свои первые шаги в 3D, а может быть уже создавал какие-то трехмерные модели.",Начальный уровень,False,144,,5.0,1,stepik,C/C++
245200,Стандартные алгоритмы в С++ — Stepik,Программа содержит 2 курса по основным стандартным алгоритмам в языке С++ из библиотеки algorithm и ranges.,,False,11,1480,,,stepik,C/C++
245555,Язык программирования Си. Академический курс.  — Stepik,Язык программирования Си и основы программирования. С абсолютного нуля до университетского уровня. C language .,Начальный уровень,False,16,3900,5.0,1,stepik,C/C++
247947,Unigine Basics (C++) — Stepik,This course is an introduction to UNIGINE 3D visualization platform. It is intended for those having basic C++ programming skills and already makes (or plans to make) first steps in 3D.,Начальный уровень,False,37,,5.0,1,stepik,C/C++
247998,Unigine Basics (C#),This course is an introduction to UNIGINE 3D visualization platform. It is intended for those having basic C# programming skills and already makes (or plans to make) first steps in 3D.,Начальный уровень,False,45,,,,stepik,C/C++
90684,Легкий старт в Java. Вводный курс для чайников,Вводный курс по языку программирования Java. Доступно изложенный материал и большое количество задач.,Начальный уровень,False,55470,,4.6,760,stepik,Java
187,Java. Базовый курс — Stepik,Этот вводный курс познакомит слушателей с базовыми возможностями языка программирования Java.,Средний уровень,False,227854,,4.6,1114,stepik,Java
182389,Java Тренажер,"Курс включает в себя разнообразные практические задачи по программированию, которые помогут улучшить ваш уровень программирования на Java. В рамках курса вы столкнетесь как с традиционными задачами, так и с теми, которые часто встречаются на собеседованиях в крупных компаниях, таких как Google, Shopify, Autodesk, Netflix и Philips. Это поможет вам разносторонне развить свои навыки работы с переменными, типами данных, условными конструкциями, циклами, функциями и различными алгоритмами.",Средний уровень,False,17551,,4.9,22,stepik,Java
82867,Основы Java,"Курс по программированию на языке Java для учеников города Смоленска  14 - 16 лет. Если вы хотите освоить один из самых популярных языков программирования, то вы по адресу.",,False,35072,,4.2,34,stepik,Java
188161,Java ♨ разработчик (курс для новичков с постепенным наполнением),"Live Курс по основам Java (для абсолютных новичков в программировании) с постепенным добавлением модулей.  Здесь ты найдешь полезные материалы, видео и задания.",Начальный уровень,False,4397,,5.0,61,stepik,Java
124803,Основы языка Java,"Откройте дверь в мир возможностей Java! С этим курсом Вы создадите фундамент своих знаний: научитесь писать простые программы, разберетесь с типами данных, алгоритмическими конструкциями, массивами и строками, поймете принципы создания статических методов и передачи параметров. Благодаря тщательно подобранному контенту вы изучите основы Java без необходимости дополнительных поисков в Интернете. Присоединяйтесь к нам сейчас и сделайте свой первый шаг к тому, чтобы стать опытным Java-разработчиком!",Начальный уровень,True,26701,500,5.0,328,stepik,Java
234723,Тренажер по автоматизации тестирования на Java с нуля,"Бесплатный курс по автоматизации тестирования на Java с нуля, который подойдет тестировщикам с опытом в ручном тестировании, а также новичкам без опыта в QA.",Средний уровень,False,2198,,4.8,8,stepik,Java
133183,Объектно-ориентированное программирование  на Java,"Окунитесь в мир объектно-ориентированного программирования!  Научитесь создавать и использовать классы, разберитесь с принципами ООП и их реализацией в Java, изучите паттерны проектирования приложений. 
 Если Вы новичок в ООП и к тому же изучаете Java – этот курс для Вас!",Начальный уровень,True,842,2200,5.0,62,stepik,Java
91497,Java. Functional Programming,"This course explains how to leverage a wide variety of functional programming concepts to solve challenges in Java. After completing it, you will have a strong understanding of lambda expressions, method references, functional interfaces, composition, stream API, optionals, lazy evaluation and other amazing concepts.",,True,11129,,5.0,127,stepik,Java
146162,Java AP Computer Science — Stepik,"Научим писать и понимать код уже в школе.  С вас — серьёзный настрой на годичную учёбу с постоянными домашками, с нас — насыщенная программа, преподаватели-профи и компания таких же талантливых школьников, как и вы.",Начальный уровень,False,565,,4.8,4,stepik,Java
207869,Космическая Java с Артуром Вартаняном,"«Космическая Java для начинающих» — это практический курс, который научит Вас программировать на Java с нуля. Только нужная теория, реальные проекты и поддержка ментора. Без воды — исключительно практика и готовые решения для Вашего портфолио!",Начальный уровень,False,1027,2000,5.0,15,stepik,Java
172528,Java: основы многопоточности,"Предобучение перед курсом ""Многопоточное программирование на Java"". Задача - пройтись по базовым темам многопоточки и заполнить пробелы, если они есть",Начальный уровень,False,5593,,4.8,108,stepik,Java
83092,"Java: оценочные материалы по курсу ""Программирование на Java"". — Stepik","Курс содержит оценочные материалы по курсу ""Основы программирования на языке Java"". Курс разработан для облегчения работы преподавателя по оценке правильности решения задач учениками.",,False,685,,4.5,2,stepik,Java
116546,Собеседование Java Developer.,Цель курса - подготовка к собеседованию на позицию Java Developer: - более 300 вопросов с подробными ответами - практические задания,Средний уровень,False,2592,,4.9,15,stepik,Java
146,Разработка веб сервиса на Java (часть 1) — Stepik,"Изучение Java, на примере разработки веб-сервера. Первая часть курса: основы разработки серверной части веб-приложений. Пройдя курс, вы глубже поймете затронутые темы ООП и проектирования, попробуете себя в роли разработчиков серверной части веб-приложений.",,False,53189,,4.7,251,stepik,Java
252386,Spring Core,"🚀 Бесплатный курс по Spring Core от Sorokin School. Разберём основы IoC, DI, Bean Scope, жизненный цикл бинов, работу с property и AOP. Теория, тесты и примеры кода помогут вам уверенно стартовать с Spring и подготовиться к работе над реальными проектами.",Начальный уровень,False,352,,4.5,2,stepik,Java
115662,Java (Джава) для начинающих: с нуля до сертификата Oracle,"Изучение Java на простых примерах для новичков. Теория, практика, домашние задания и их разборы. Надоело пытаться выучить Java по нескольким источникам? Тогда этот курс точно для Вас!",Начальный уровень,False,2243,1750,5.0,80,stepik,Java
190655,Параллельное программирование,"Курс рассматривает принципы и возможности многопоточного программирования в теории и на практике: классическое многопоточное программирование, алгоритмы и шаблоны || программирования, иные методы повышения производительности систем",Средний уровень,False,1185,,4.9,7,stepik,Java
193674,Прокачай Java,"Продвинутый курс по Java: потоки ввода-вывода, коллекции, многопоточность, даты и время, регулярные выражения, лямбда-выражения и Streams. Все, что Вы хотели узнать про Java и не стеснялись спрашивать...",Средний уровень,True,449,2200,5.0,12,stepik,Java
253934,Готовая профессия Frontend-разработчик. — Stepik,"Курс «Готовая профессия: Frontend-разработчик» включает в себя все самые важные темы, полностью ориентированные на практику:
 ·	Введение в профессию фронтенд-разработчика
 ·	Основы HTML, CSS и JavaScript
 ·	Работа с адаптивностью и кроссбраузерностью
 ·	Подключение библиотек и фреймворков (React, Vue.js, Bootstrap и др.)
 ·	Взаимодействие с сервером и API
 ·	Настройка окружения и Git
 ·	Создание и запуск первых веб-проектов и многое-многое другое...",Начальный уровень,False,127,,4.9,18,stepik,Java
133803,Простые практические задачи на Java,"Тренажер с задачами на Java для самостоятельной практики. На данный момент содержит задачи на типы данных, математические и логические операции.",Начальный уровень,False,2944,,3.9,31,stepik,Java
190140,Ускоренная разработка веб-приложений | Знакомство с Jmix — Stepik,"Практический курс по созданию фулстек веб-приложения на привычной связке Java + Spring с дополнительным ускорением благодаря open-source фреймворку Jmix и автогенерации кода в Jmix Studio. В рамках курса вы разработаете собственное приложение, научитесь работать с базой данных, создавать пользовательский интерфейс, контролировать доступы пользователей и использовать инструменты развертывания такие как Docker.",Начальный уровень,False,1513,,4.9,35,stepik,Java
207420,MOST Java Backend Access — Stepik,3 месячный интенсивный курс по изучению продвинутого программирования на языке Java и созданию веб-приложений на основе популярного фреймворка Spring.   Курс предназначен для новичков и тех кто только начинает изучение Backend.   Изучение этого курса позволяет студентам познакомиться с основами backend части веб-разработки и архитектуры высоконагруженных веб-приложений.,Начальный уровень,False,1343,,,,stepik,Java
126090,Основы программирования на языке Java для детей,,,False,1546,,,,stepik,Java
118518,Java: полный курс — подготовка к собеседованию,"В этом курсе мы изучим язык Java с самого нуля. По окончании курса вы будете знать все, что нужно для прохождения собеседования по части Java SE в большинстве компаний",Начальный уровень,True,4276,6990,5.0,98,stepik,Java
184582,Алгоритмы и структуры данных в Java — Stepik,Данный курс предназначен для обучения студентами  второго курса программы бакалавриата по направлению подготовки 09.03.03 Прикладная информатика. Направления: Прикладная информатика и Прикладная информатика в государственном и муниципальном управлении.,Средний уровень,False,1547,,4.7,6,stepik,Java
121172,Middle Java Developer для МТС Банк,Курс для подготовки Middle Java Developer,Средний уровень,False,5564,,4.8,9,stepik,Java
254933,Готовая профессия Java-разработчик. От обучения к работе. — Stepik,"Курс «Готовая профессия Java-разработчик» собрал всё самое важное, чтобы вы не теряли время на лишнюю теорию и сразу шли к практике:  - Введение в профессию Java-разработчика  - Экосистема Java (JDK, JVM, JRE)  - Основы программирования и объектно-ориентированное мышление  - Переменные, типы данных, управляющие конструкции  - Работа с базами данных и SQL  - Популярные фреймворки (Spring, Hibernate)  - Создание первых приложений и отладка кода  - Настройка окружения, тестирование и многое другое.",Начальный уровень,False,93,,5.0,18,stepik,Java
123002,Основы Java для сообщества Sputnik — Stepik,"Язык Java используется повсеместно. Если вы попали сюда, скорее всего вы встретились с ним при программировании роботов для соревнований FIRST Tech Challenge. Здесь мы узнаем необходимые основы этого языка",Начальный уровень,False,540,,4.8,8,stepik,Java
127896,Array — Stepik,"Массивы в C++ — это структура данных, позволяющая хранить несколько значений одного типа в одной переменной. Они используются, когда нужно работать с набором однотипных данных, например, списком оценок, координатами точек или числами Фибоначчи.",,False,987,,4.5,6,stepik,Java
181437,Практикум по решению задач на Java.,"В данном курсе собраны только практические задачи с короткими памятками к ними. Прохождение курса позволит набить руку в решении задач, хорошо усвоить и уложить в голове базовый синтаксис и конструкции, понять на практике что и как работает.  Курс требует знания основ Java или готовность изучать его самостоятельно, подробных теоретических знаний курс не содержит.",Начальный уровень,True,441,1250,3.7,9,stepik,Java
183156,Многопоточное программирование на Java. Теория и практика — Stepik,"Если вы зашли на этот курс, значит вы уже не новичок в Java и ищете ответы на более сложные темы, чем коллекции или паттерны проектирования. Данный курс посвящен многопоточному программированию на Java, содержащий теорию и практику, а так же много практических заданий.",Средний уровень,False,953,500,5.0,22,stepik,Java
223081,Java: написание веб-сервисов для начинающих,"Буткемп научит вас создавать современные веб-сервисы с использованием Spring Boot. Вы освоите основы, ООП, работу с базами данных, разработку REST API и внедрение безопасности. Практический подход, реальные проекты и современные инструменты помогут вам уверенно программировать на Java и применять полученные знания при решении задач. Подходит для начинающих и тех, кто хочет углубить свои навыки. https://t.me/+IyDjRn6Z3BI4MTIy Присоединяйтесь к нашему телеграм-каналу для получения всех подробностей 🤝",Средний уровень,True,116,5000,5.0,3,stepik,Java
233592,Playwright Java: Автоматизация тестирования. Полный курс,"Освойте мощную библиотеку Playwright для профессиональной автоматизации. Комплексный курс с интеграцией CI/CD, WebSocket, Spring, Screenplay Pattern и Docker. Ускорьте тестирование в 4 раза + 7 проектов в портфолио. REST API + UI комбо тесты. Решайте кейсы уровня Senior. Прокачайте скилл. Сертификат об окончании!",Средний уровень,True,65,5585,5.0,5,stepik,Java
177262,Задачник,"В этом курсе вы найдете задачи для закрепления материала, пройденного на уроках Java. Задачи объединены в тематические разделы в порядке следования уроков. В задачнике представлены основные конструкции языка. А также вопросы по теории, которые помогут Вам лучше понять и изучить язык программирования Java, и примеры решения задач.",Начальный уровень,False,85,,4.5,2,stepik,Java
184295,Введение в Java для QA Auto,"Введение в Java для QA Auto: курс для тестировщиков. Освойте основы Java с нуля — от первого приложения до классов, строк и перечислений. Практические задачи с вариантами решений и примеры с комментариями помогут уверенно стартовать в автоматизации тестирования. Идеально для будущих AQA-инженеров!",Начальный уровень,True,558,2300,5.0,4,stepik,Java
243796,Apache Kafka Java: Продвинутый,"Освойте курс на профессиональном уровне. Ускорьте производительность, Exactly-Once и Кафка Streams. Интегрируйте с контейнеризацией. Оптимизируйте кластер, Debezium, мониторинг в Grafana. Разбор кейсов из production. Изучите топ-техники уровня senior. Разберите сложные системы: транзакции, Real-Time аналитику. Сертификат.",Средний уровень,True,111,1500,5.0,4,stepik,Java
108794,Java Core: курс-шпаргалка — Stepik,"Курс-шпаргалка по Java Core содержит описание тем, которые необходимо знать разработчику Java на начальном уровне (стажер, юниор). Минимум текста, максимум отсылок на книги и внешние источники.",,False,3468,,4.0,2,stepik,Java
109340,Quarkus Framework: учебный курс — Stepik,"Quarkus Framework - современный Kubernetes-нативный фреймворк для создания enterprise приложений на Java, основанный на спецификации Microprofile. Данный курс содержит уроки и задания по множеству технологий, использующихся в современных бизнес решениях.  Внимание! Курс находится в стадии доработки (новые уроки).",,False,737,,4.0,1,stepik,Java
120228,"Java, курс для начинающих — Stepik",,,False,99,,,,stepik,Java
180585,Основы Java и практикум решения задач на Java — Stepik,"Хотели научится программировать на Java, но не знали как? Этот курс откроет вам путь в мир программирования на Java и научит всем необходимым основам!",Начальный уровень,False,5549,590,4.4,35,stepik,Java
181438,BotLab: Лаборатория создания телеграм ботов — Stepik,"В наше время IT специальности не теряют своей значимости и популярности, а наоборот спрос на услуги в этой сфере только растёт. Создание телеграм бота- хороший старт вашего профессионального становления и отличный способ познакомиться с огромным количеством сложных технологий и решений на простом, интересном и практичном примере.",Средний уровень,False,183,1299,5.0,4,stepik,Java
226691,Java Часть 2 (Знакомство с ООП) — Stepik,"🚀 Открой для себя Java с новой стороны! Этот курс — твой старт в мир объектно-ориентированного программирования: методы, классы, исключения, перегрузка и статические члены — всё станет ясно и просто. Пиши понятный, мощный и гибкий код, создавая собственные проекты. Готов перейти на новый уровень? Тогда вперёд! 💻🔥",Начальный уровень,False,126,1350,5.0,3,stepik,Java
53650,Java - ваш ...надцатый язык. Быстрое введение в Java — Stepik,"Курс рассчитан на специфичную аудиторию, а именно - на опытных программистов, которым необходимо срочно освоить еще один язык программирования и немедленно начать на нем работать.",,False,2067,,4.5,17,stepik,Java
73163,Java — Stepik,,,False,346,,,,stepik,Java
116286,"Тестирование ПО: Автотесты для API с Java, REST Assured и TestNG","Курс ""Тестирование ПО: Автотесты для API с Java, REST Assured и TestNG"" знакомит тестировщиков ПО с часто встречающимися задачами при тестировании backend приложений. На примере простого микро сервиса вы увидите что собой представляет REST API. Какие основные подходы для тестирования ПО используются при его проверках. С помощью каких инструментов и библиотек пишутся автотесты и создаются тестовые фреймворки.",Начальный уровень,True,421,2300,4.8,76,stepik,Java
121507,Android-разработка: базовый курс — основы Java,"С нуля изучаем все, что нужно, чтобы начать карьеру в Андроид разработке. Предварительные знания не требуются.",Начальный уровень,True,2776,6990,5.0,67,stepik,Java
178929,Задачник Python,"В этом курсе вы найдете задачи для закрепления материала, пройденного на уроках Java. Задачи объединены в тематические разделы в порядке следования уроков. В задачнике представлены основные конструкции языка. А также вопросы по теории, которые помогут Вам лучше понять и изучить язык программирования Java, и примеры решения задач.",Начальный уровень,False,57,,5.0,1,stepik,Java
209683,Java Core: ООП и функциональная парадигма — Stepik,"IBS знает, какие навыки действительно важны, и готов поделиться своим богатым международным опытом в обучении Java-разработчиков. Мы сотрудничаем с ведущими IT-компаниями, много лет обучаем их сотрудников и формируем сильные аутсорс-команды. Накопленный за годы работы опыт позволяет нам предложить тебе проверенные решения для самых разнообразных задач.  Мы уже прошли через множество ошибок и готовы поделиться ценным опытом их преодоления, таким образом, сэкономив твое драгоценное время.",Средний уровень,False,885,,4.9,10,stepik,Java
1891,Java. Collections Framework. — Stepik,"This course about basic things in the work with java collections. The course includes the functionality introduced in java 8(Stream API + lambda expr., new methods of collections)",,False,5512,,4.7,48,stepik,Java
56704,Подготовка к собеседованию Java,"Курс-помощник в подготовке к прохождению собеседования на позицию Java-разработчик. Позволяет разобрать теоретические и практические вопросы, которые наиболее часто задают интервьюеры кандидату.",Средний уровень,True,2089,799,4.9,11,stepik,Java
58514,Legasoft Java — Stepik,"Курс по изучению языка программирования Java. На нём вы узнаете основы языка программирования, научитесь писать свои первые программы, парсить сайты, работать с АПИ других сайтов и т.п.",,False,3051,,4.2,19,stepik,Java
119904,Основы объектно-ориентированного программирования на Java,"Практический учебный курс для тех, кто хочет изучить основы объектно-ориентированного программирования на языке Java. Вы узнаете что такое классы, объекты, интерфейсы. Познакомитесь с концепциями: инкапсуляция, наследование, полиморфизм.",Начальный уровень,True,3797,1850,4.7,95,stepik,Java
138316,Spring Framework: Фундаментальные основы,"Курс Spring Framework даст вам глубокое понимание, как работает spring под капотом.  Сочетание теории и  практики поможет вам еще лучше понять тему. Есть даже материалы для самостоятельного изучения. Успешно пройдите курс и получите сертификат.",Средний уровень,True,571,1500,4.7,16,stepik,Java
205977,Java Start Spring 2024 — Stepik,"Научим писать и понимать код уже в школе.  С вас — серьёзный настрой на годичную учёбу с постоянными домашками, с нас — насыщенная программа, преподаватели-профи и компания таких же талантливых школьников, как и вы.",Начальный уровень,False,222,,,,stepik,Java
207238,Java + SQL + Hibernate+Spring: База Необходимых Знаний для Джуна,"Получение необходимой базы знаний по языку Java, Spring и Hibernate фреймворкам и SQL.
 Изучение строится  на простых примерах для начинающих и не только. Теория, практика, домашние задания и их разборы. Надоело пытаться выучить SQL и Java по нескольким источникам? Тогда эта программа курсов точно для Вас!",Начальный уровень,False,409,6350,5.0,5,stepik,Java
210257,Основы backend на Java 21 и Spring с @NikiforovJava [2024] 27 ч — Stepik,"27 часов видео. Курс охватывает основы:  bash (работа с коммандной строкой), git (система контроля версиями), (java - java core, Stream API и т.д), maven (система сборки), Spring dependency injection, введение в Spring Web Курс предназначен для начинающих изучать Java backend разработку. Главный принцип курса - не пытаться покрыть все возможные темы, но отобрать самое важное и объяснить это вам так, чтобы вы сразу начали это использовать.",Начальный уровень,False,230,1500,4.8,4,stepik,Java
241520,Продвинутая автоматизация тестирования на Java — Stepik,"Погрузитесь в мир автоматизации тестирования: от основ Java до мощных инструментов (Selenium, API-тестирование). Освойте фреймворки JUnit и TestNG, научитесь создавать отчеты в Allure, работать с Docker и Selenoid. Изучите BDD-подход с Cucumber, CI/CD (Jenkins, GitLab CI), брокеры сообщений (Kafka). Курс даст не только технические навыки, но и понимание процессов, а также подготовку к собеседованиям. Идеально для начинающих и ручных тестировщиков, желающих освоить автоматизацию. Бонус: поддержка в ТГ чате.",Средний уровень,False,84,14990,,,stepik,Java
254261,"Java Часть 3 (Наследование, Полиморфизм и Enum) — Stepik","🚀 Продвиньтесь в изучении Java! Научитесь использовать наследование, полиморфизм, интерфейсы и enum для создания гибкого и масштабируемого кода. Идеально для тех, кто уже освоил основы и хочет прокачать навыки объектно-ориентированного программирования. 💡",Начальный уровень,False,114,1350,5.0,2,stepik,Java
60082,HHS-SEMESTER-SE-DEELTIJD — Stepik,In deze course leren studenten van HBO-ICT DT aan De Haagse Hogeschool de basisprincipes van het coderen in Java. Vanaf week 5 gaan zij ook aan de slag met object orientatie (OO).,Начальный уровень,False,102,,3.0,1,stepik,Java
61503,Java Аничков — Stepik,"Разбираем основы языка, уровень задач соответствует углубленной базе по естественным наукам. Для решения задач требуются знания в области математики.",,False,3041,,4.3,6,stepik,Java
194637,Введение в программирование на Java [osu-2024] — Stepik,"Курс проходит в ОГУ. Цель курса – помочь освоить базовые принципы, понятия и навыки программирования, познакомить слушателей курса с языком программирования Java.",,False,269,,,,stepik,Java
202947,Java Core: Основы программирования — Stepik,"Основной идеей была модульность, а модульность - удобство. Данный курс «Java Core: Основы Программирования» предназначен для самых начинающих, для тех, кто хочет узнать, что такое компьютерная наука, с чем она работает и как устроен один из самых мощных и популярных языков на данный момент.",Начальный уровень,False,43,799,5.0,4,stepik,Java
223448,Java Часть 1 (Базовая работа со встроенными конструкциями),"Этот курс по Java идеально подходит для начинающих, желающих освоить основы программирования на одном из самых популярных языков мира. Он охватывает ключевые темы, такие как установка и настройка среды разработки, работа с переменными и типами данных, использование циклов и условных операторов, а также манипулирование массивами и строками. Пошаговое руководство с примерами и практическими заданиями поможет вам легко разобраться в Java и развить уверенные навыки программирования.",Начальный уровень,True,148,550,4.7,3,stepik,Java
243197,Java Часть 4 (Коллекции) — Stepik,"🚀 Java Коллекции: от списков до сортировки! Погрузитесь в мир List, Set и Map, научитесь управлять данными, писать гибкий и читаемый код, и даже создадите собственную коллекцию! Практика, наглядность и ни капли скуки 💡🧩",Начальный уровень,False,123,1350,5.0,1,stepik,Java
244416,Оценка Java разработчика — Stepik,"Оцените свои знания и навыки в Java-разработке с нашим комплексным опросником, который подходит как для начинающих специалистов, готовящихся к собеседованиям, так и для опытных разработчиков, желающих обновить знания и освоить новые технологии. Пройдите тест и узнайте, на каком уровне вы находитесь!",Начальный уровень,False,10,350,5.0,3,stepik,Java
254281,Программа: Java-разработчик [ Java + ООП + SQL + Linux + Git ],"Программируете на Java или интересуетесь этим языком? В данной учебной программе Вы не только с нуля изучите сам язык Java, но и научитесь работать с данными (SQL), управлять сервером (Linux), контролировать версии кода (Git).",,True,73,6490,5.0,1,stepik,Java
258529,Автоматизация тестирования UI с Playwright на Java. Базовый,"Погрузитесь в автоматизацию тестирования на Java с мощной библиотекой Playwright. Освойте создание фреймворка, паттерны проектирования, интеграцию с Allure, JUnit и CI/CD. Обучение ориентировано на практическое применение знаний и навыков. Курс для QA Automation Engineer. Сертификат!",Начальный уровень,True,3,2490,5.0,1,stepik,Java
186,Разработка веб сервиса на Java (часть 2) — Stepik,"Изучение Java, на примере написания веб сервера. Вторая часть курса: углубленное изучение возможностей языка на примере доработки веб-сервера до промышленного уровня. Пройдя курс, вы глубже поймете затронутые темы ООП и проектирования,  что позволит вам сформировать набор приложений (библиотек), который вы сможете использовать в промышленной разработке.",,False,19789,,4.7,68,stepik,Java
1595,"Java. Functional programming [OLD, 2017] — Stepik","The course introduces elements of functional programming in Java 8. 
 After completing this course, you will have a basic understanding of lambda expressions, functional interfaces, stream API, lazy evaluation, currying and monads.",,False,21036,,4.9,121,stepik,Java
10498,Летняя Java школа — Stepik,"Летняя школа программиста Кадетский корпус школа ИТ. Курс состоит из 2 модулей:
 1) Базовый синтаксис Java.  
 2) Основы объектно-ориентированного программирования.  
 Курс рассчитан на две недели.",,False,14718,999,4.5,113,stepik,Java
16657,Сравнительное Программирование (Delphi - C++ - Java - Prolog),"Курс предназначен для русско-язычных студентов желающих освоить технологии программирования Java с опорой на предварительные знания языка программирования Delphi (Object Pascal) и др. Предусмотрена поддержка обучения для слабовидящих, в этой связи курс был создан на основе сопоставления структур программирования четырех языков программирования: Delphi, Java, C++ и декларативного языка Prolog.",,False,1099,,3.7,3,stepik,Java
52681,Отбор в Сәләт-Санак 2019 — Stepik,"Задачи по математике, информатике и программированию для прохождения отбора в летний IT-лагерь Сәләт-Санак 2019",,False,24,,,,stepik,Java
59874,Моделирование простых молекулярных систем методами Монте-Карло,В этом курсе рассматривается моделирование простых молекулярных систем (идеальный газ и система твердых сфер) методом Монте-Карло.,,False,37,,,,stepik,Java
62197,Intro to Programming in Python then Java using Media Computation — Stepik,CSE8A at UCSD,,False,1317,,4.1,18,stepik,Java
65259,Моя первая большая программа,"Продолжение курсов ""С для начинающих"". Пришла пора написать большую программу, с последовательными изменениями. Работа с git прилагается.
 
 https://stepik.org/course/57680/syllabus
 https://stepik.org/course/55690/syllabus",Средний уровень,False,1567,,5.0,7,stepik,Java
90739,Java: Spring Boot 3.x + HATEOAS,"Открытый курс для всех желающих приобщиться к живой современной разработке на Java. Разработка Java приложения на самом современном и востребованном стеке: Spring Boot 3.5, Spring Data Rest/HATEOAS, Lombok, JPA, H2, ....",,False,3922,,3.9,18,stepik,Java
91970,Разработка мобильных приложений под Android на Java,Научись разрабатывать мобильные приложения для платформы Android на языке программирования Java в среде разработки AndroidStudio! Разработай свои первые приложения и получи практический опыт для старта в профессии мобильный разработчик!,Средний уровень,True,1649,6450,4.7,13,stepik,Java
92714,Java. Первые шаги!,"Программирование на языке JAVA, для всех от 10 лет и старше, с любым уровнем начальных знаний от одного из ведущих ИТ-экспертов в России по разработке программного обеспечения.",,True,26,2000,,,stepik,Java
94075,Programowanie obiektowe w Javie (POJ) — Stepik,Laboratorium z przedmiotu programowanie obiektowe w Javie dla studentów kierunku informatyka I stopnia (studia niestacjonarne),,False,165,,,,stepik,Java
102784,Aplikacje przemysłowe — Stepik,Laboratorium z przedmiotu Technologie Java Enterprise na trzecim roku kierunku Informatyka Praktyczna.,,False,122,,,,stepik,Java
108870,Java расширенный: курс-шпаргалка — Stepik,"Курс-шпаргалка по Java расширенный содержит описание тем, которые необходимо знать разработчику Java на среднем уровне (юниор, мидл) для понимания Enterprise концепций разработки. Минимум текста, максимум отсылок на книги и внешние источники.",,False,1025,,3.0,2,stepik,Java
115372,Spring для начинающих,"Изучение Spring на простых примерах для начинающих.
 Надоело пытаться выучить Spring по нескольким источникам? Тогда этот курс точно для Вас!",Начальный уровень,False,3016,1750,5.0,185,stepik,Java
115517,JAVA – получи Чёрный Пояс!,"Разъяснение серьёзных тем доступными словами на простых примерах. 
 Надоело пытаться выучить Java по нескольким источникам? Тогда этот курс точно для Вас!",Средний уровень,False,2193,1750,5.0,96,stepik,Java
119726,Демоверсия курса «Java-разработчик» школы ProductStar — Stepik,"Практический курс для всех, кто хочет познакомиться с языком Java и сделать первые шаги в программировании. Уроки включают теорию, тесты и практические задания в формате тренажера.",Начальный уровень,False,330,,3.8,6,stepik,Java
120178,Автоматизация тестирования c Java и TestNG,"Курс ""Автоматизация тестирования c Java и TestNG"" познакомит инженеров по тестированию и java qa automation с возможностями тестового фреймворка TestNG. Начнём с основной аннотации @Test. Рассмотрим какие есть возможности по параметризации тестов. Познакомимся с assert методами. Напишем базовую версию testng.xml. Рассмотрим способы автоматизации тестирования с обработкой исключений и многопоточного запуска автоматических тестов.",Начальный уровень,True,185,2300,4.9,57,stepik,Java
121686,Basics of Neural Networks — Stepik,"The content of the course includes the basic information about artificial neural networks - starting from biological and artificial neurons, basic ANN topologies, ANN training for different tasks. High attention is devoted to manual calculations as the basis of deep understanding of artificial neural networks.  This course is a part of double degree master program RCSE between KNRTU-KAI and TU Ilmenau. It is the basis for study of some advanced courses such as deep learning.",Начальный уровень,False,32,,,,stepik,Java
121912,Профессия: Android-разработчик — расширенный стек (2025),"Крупнейшая русскоязычная программа подготовки Android-специалистов. Системная подготовка с нуля, работа с современным и классическим стеком, практика и задачи, тренинг собеседований и портфолио-проекты — всё, что нужно для трудоустройства на позицию Junior Android Developer.",,True,1485,22440,5.0,19,stepik,Java
126185,Разработка программных приложений - Калькулятор BMI — Stepik,Изучение основ разработки программ путем создания калькулятора индекса массы тела на языке Java,,False,,,5.0,1,stepik,Java
127640,Разработка высоконагруженных приложений на Java — Stepik,"Курс посвящен изучению фреймворка Spring Framework, NodeJs, RabbitMQ, NoSQL-базы данных для разработки на Java.",Средний уровень,False,33,,,,stepik,Java
127815,Java для начинающих (Курс на ранней стадии создания) — Stepik,"Курс поможет вам освоить азы языка java, даст все необходимые базовые знания, для дальнейшего углубленного изучения",,False,472,,5.0,5,stepik,Java
127977,Javanglish — Stepik,"Курс по программированию на языка Java для начинающих. Просто о сложном для тех, кто хочет с чашечкой кофе (это лого Java) узнать об одном из самых востребованных языков программирования с английскими и русскими терминами. Поехали!",Начальный уровень,False,420,,2.4,5,stepik,Java
129221,Интенсив по программированию на языке Java — Stepik,"Java Start from Jusan Singularity: Интенсив - это интенсив по программированию на языке Java, на котором за 2 недели вы изучите основы программирования для самостоятельного прохождения.
 
 Студенты, показавшие лучшие результаты, приглашаются на дальнейшее обучение в школе программирования Jusan Singularity по программе Java Backend и Android. В прошлых потоках мы уже трудоустроили 50+ слушателей этого курса на различные должности в группе компаний Jusan.",Начальный уровень,False,3569,,3.7,19,stepik,Java
131301,Паттерны проектирования на Java (экспресс-курс),"Курс познакомит вас с основными принципами разработки программного обеспечения (DRY, KISS, YAGNI, APO и SOLID). Кроме этого, на примерах будут разобраны порождающие, структурные и поведенческие паттерны, а так же антипаттерны.",Начальный уровень,False,1288,,5.0,25,stepik,Java
134187,Java Developer,JAVA is one of the most popular programming languages on the market. This course will help you to learn Java from scratch. Learn the basics of Java and build a strong foundation for your career.,Средний уровень,False,678,,3.3,3,stepik,Java
139192,Java для студентов СмолГУ,,,False,187,,,,stepik,Java
151461,АнлимPro Java. Junior — Stepik,Курс находится в разработке. Но на него можно записаться и получать уведомления о выходе новых модулей,,False,77,,,,stepik,Java
172057,"(РЕДАКТИРУЕТСЯ) Введение в программирование с нуля, на Java.","Плавное и последовательное обучение программированию для абсолютных новичков. Используем язык Java.
 Нет опыта программирования или не знаете с чего начать? Этот курс создан специально для вас!",Начальный уровень,True,16,1990,5.0,3,stepik,Java
173721,Java Developer. Project Prerequisite Course — Stepik,"This course is designed to teach students how to develop modern web applications using Java technologies. The course covers four key areas: JDBC and Hibernate for database integration, Spring Core Essentials for dependency injection and inversion of control, and building RESTful APIs with Spring Boot.",,False,,,,,stepik,Java
175222,Алгоритмдеу және программалау,"""Алгоритмдеу және бағдарламалау"" цифрлық білім беру ресурсы 10 сынып оқушыларына арналған. Ресурстың негізгі компоненті-Алгоритмдеу және бағдарламалау бойынша өзіндік жұмыс. Өз бетінше жұмыс жасамас бұрын әр зерттелген тақырып бойынша ұсынылған қысқаша теориялық мәліметтермен танысу ұсынылады. Цифрлық білім беру ресурсында өз бетінше орындауға арналған көптеген тапсырмалар, сондай-ақ қарастырылатын тақырыптардың әрқайсысы бойынша көптеген интерактивті тапсырмаларға сілтемелер бар.",Начальный уровень,False,56,,,,stepik,Java
175891,CS 1 Fall 2023 Southwestern University — Stepik,"This course covers the basics of computer programming in Java. We will learn about basic input/output operations, data types, control flow, object-oriented programming, and recursive data and functions.",Начальный уровень,False,160,,,,stepik,Java
178757,Java для начинающих Полный курс по Джаве с нуля — Stepik,"Откройте дверь в мир программирования с этим уникальным курсом по языку Java ! Независимо от вашего уровня подготовки, мы создали хорошую понятную программу для тех, кто хочет войти в мир программирования. Так же хочется  отметить, что курс качественно записан, хороший уровень ""картинки"" и звука, всё это поможет вам обучаться более продуктивно.",Начальный уровень,False,2,1690,5.0,1,stepik,Java
179830,Java Stream API с нуля для новичков и не только — Stepik,"Курс ""Java Stream API с нуля"" - идеальный выбор для новичков и тех, кто хочет освоить Stream API в Java. Этот курс предоставит вам все необходимые знания и практические навыки для эффективной обработки данных с использованием Stream API. Не важно, новичок вы или уже имеете некоторый опыт программирования в Java, этот курс ""Java Stream API с нуля"" подойдет именно вам.",Начальный уровень,False,10,1400,4.0,3,stepik,Java
181439,Telegram бот для начинающих на Java. Определяем знака зодиака.,"Маленький Java проект по созданию Telegram бота определения знака зодиака.
 
 Используем: Java, Gradle, telegrambots (Java API для создания Telegram ботов).",Начальный уровень,False,122,256,5.0,4,stepik,Java
181456,Основы языка Java. Базовый уровень,"Курс освещает основы программирования на языке Java, создан для желающих изучить программирование с нуля. В курсе представлены видео уроки, дополненные отдельной теоретической частью, а так же более 100 практических заданий. В процессе обучения Вы не только научитесь писать программы, но и создадите свой собственный проект.",Начальный уровень,True,87,890,4.7,7,stepik,Java
183074,Шаблоны проектирование на языке Java — Stepik,"Курс предназначен для тех, кто решил изучить шаблоны проектирование на языке Java.  В каждом видео я постарался как можно подробнее и проще объяснить соответствующий шаблон. Всем удачи в прохождении курса) Смотрите все видео на моём youtube канале:  @Dimitry_Luk",Средний уровень,False,136,,4.5,2,stepik,Java
183603,DevClub: Web-5 (Технология разработки Web-магазина) — Stepik,"Курс создан для закрепления знаний, получаемых на очных занятиях. В курсе описаны легкие примитивы и интересные моменты.",,False,84,,,,stepik,Java
184219,Работа с документами в Java,"Реализация небольшого консольного приложение на Spring Shell, которое демонстрирует основы эффективной работы с документами XML(JAXB, StAX, XPath, XSLT 2.0, XSD),PDF(Apache FOP, iTextPDF), Excel(Apache POI)",Средний уровень,False,58,1390,4.5,2,stepik,Java
184559,Одномерные массивы Java с нуля — Stepik,"«Одномерные массивы с нуля» является отличной отправной точкой для тех, кто новичок в программировании на Java и хочет изучить основы.",Начальный уровень,False,1,1300,,,stepik,Java
185081,Введение в программирование на Java [hse-2023],Курс читается на факультете  БИ в ВШБ ВШЭ. Вся информация по курсу находится в репозитории: https://gitlab.com/Costello1329/hse-java-2023,Начальный уровень,False,791,,5.0,2,stepik,Java
185160,Intro in Java - CoderDojo@UVT — Stepik,Java programming language course for CoderDojo@UVT (beginner level).,Начальный уровень,False,33,,5.0,1,stepik,Java
185713,Java: основы для начинающих — Stepik,"Данный курс рассчитан на освоение основ программирования на языке Java для начинающих. Если ты пугаешься количества информации в интернете и хочешь четко структурированный план обучения, то этот курс идеально тебе подойдет.",Начальный уровень,False,8,990,3.0,1,stepik,Java
188342,Начальный веб-проект для разработки и ведения бизнеса,"Задеплоенное на собственный хостинг Java Spring Boot приложение с начальной инфраструктурой (Ubuntu, Nginx), моделью, администрированием и UI",Средний уровень,False,943,,5.0,6,stepik,Java
189614,Selenide Java — Stepik,"Курс "" Selenide Java"" представляет собой углубленное обучение по использованию фреймворка Selenide для автоматизации тестирования веб-приложений на языке Java. Этот курс предназначен для тестировщиков, разработчиков и всех, кто стремится овладеть передовыми навыками в области автоматизации тестирования с использованием современных инструментов.",Средний уровень,False,79,889,4.1,10,stepik,Java
191970,Selenium Java — Stepik,"Курс Selenium с использованием Java предоставляет  углубленные знания о тестировании веб-приложений, используя мощный инструмент Selenium WebDriver на языке программирования Java. Участники изучат основные концепции автоматизированного тестирования, научатся создавать эффективные тестовые сценарии, и освоят методы взаимодействия с веб-элементами для полноценного функционального тестирования.",Средний уровень,False,69,1189,4.0,5,stepik,Java
198363,Основы Java и Android разработка — Stepik,Погрузитесь в захватывающий мир разработки мобильных приложений с этим курсом! Узнайте основы языка Java и начните свое путешествие в создании приложений для Android.,Начальный уровень,False,12,790,,,stepik,Java
203509,DevClub: Java для детей (+ графика на Swing/JavaFX) [> 60 задач] — Stepik,"Язык Java является одним из самых популярных языков программирования. Ребёнок познакомится с библиотекой Swing для создания графического интерфейса программ на языке Java. Также рассмотрена современная графическая библиотека JavaFX. Это позволит создавать игры и приложения в графическом окне. В курсе есть идеи проектов, которые периодически пополняются.   Курс специально создавался для учеников из обычных школ, увлеченных, но еще не знакомых с программированием.",Начальный уровень,False,19,450,5.0,1,stepik,Java
203979,IT-Старт: Четыре Первых Шага к Профессии Программист,"Эта программа для тех, кто хочет попробовать себя в сфере айти. Пройдя четыре базовых курса Вы получите первые теоретические и практические знания и навыки в области программирования, веб и мобильной разработки. Сможете понять насколько Вам интересна айти разработка и стоит ли глубже погружаться в эту область. Мы начнем с азов и постепенно перейдем к более сложным темам, чтобы Вы смогли сначала научиться программировать, а затем использовать эти знания при разработке своих веб-сайтов и мобильных приложений.",Начальный уровень,False,4,14350,,,stepik,Java
204059,Задачник-тренажер по основам языка Java. Базовый уровень — Stepik,"Более 100 практических задач. 
 Этот учебный курс является сборником практических заданий различной степени трудности, для выполнения которых применяется язык программирования Java",Начальный уровень,False,37,390,4.8,4,stepik,Java
206901,JAVA - Двойной Удар: с нуля до обладателя Чёрного Пояса,"Изучение Java на простых примерах для начинающих и не только.
 Начни изучать Java или расширь свои знания!
 Теория, практика, домашние задания и их разборы. Надоело пытаться выучить Java по нескольким источникам? Тогда эта программа курсов точно для Вас!",Начальный уровень,False,201,3000,5.0,3,stepik,Java
209588,"Воркшоп ""FullStack—приложение за час"". Java, React.JS, MySQL","Воркшоп позволяет погрузиться в мир современной веб-разработки, демонстрируя создание полноценного fullstack-приложения с использованием популярных технологий.
 Курс идеально подходит для новичков, желающих расширить свои навыки в fullstack-разработке и освоить современный стек технологий.",Средний уровень,False,49,3000,4.8,6,stepik,Java
210129,Java — Stepik,"Здравствуйте! Меня зовут Алина, и я рада представить вам свой курс по основам программирования на языке Java.  Я преподаю Java уже более четырех лет детям и взрослым, и за это время смогла разработать эффективную программу, которая поможет каждому освоить этот популярный язык программирования.  Практика играет ключевую роль в моем обучении. В каждом занятии вы найдете множество вопросов для самопроверки и практических задач, которые будут способствовать развитию ваших навыков программирования.",Начальный уровень,False,34,,5.0,1,stepik,Java
210937,ВИРТУАЛЬНАЯ СТАЖИРОВКА JAVA — Stepik,"Практический обучающий проект по созданию Java Backend приложений.
 Дает опыт разработки коммерческих приложений равноценный стажировке или первой работе.
 Подходит для начинающий специалистов с опытом работы и без него.",Начальный уровень,False,3491,,5.0,42,stepik,Java
211169,Java - проект Fraud Detector — Stepik,"Изучаем Single Responsibility Principle (SRP), тестирование и рефакторинг кода. Курс подойдет для начинающих.",Начальный уровень,False,1292,,5.0,57,stepik,Java
212037,Spring framework: создаем бизнес - приложение — Stepik,"Добро пожаловать на курс по разработке бизнес-приложений на фреймворке Spring! В ходе этого обучения вы освоите ключевые концепции и технологии, необходимые для создания современных веб-приложений на языке Java. Мы подробно рассмотрим архитектуру Spring, включая его основные модули, такие как Spring Boot и Spring Data. Вы научитесь разрабатывать RESTful API, интегрировать базы данных, а также использовать средства управления зависимостями и конфигурацией, что значительно упростит процесс разработки.",Средний уровень,False,211,,4.3,6,stepik,Java
212053,Java - проект Geometry Shapes — Stepik,"Изучаем наследование и полиморфизм, абстрактные классы и @Override методов. Курс подойдет для начинающих.",Начальный уровень,False,1157,,4.9,37,stepik,Java
212359,PRO JAVA. Основы программирования — Stepik,"Курс посвящен основам программирования: типы данных, операторы, переменные, условия, циклы, массивы, методы, объекты и классы. Он является вводным и подойдет слушателям с небольшим опытом или вообще без опыта программирования. Обучение проходит на языке программирования Java - одном из самых востребованных языков программирования в мире.",Начальный уровень,False,1531,,5.0,32,stepik,Java
212609,Профессия: Разработчик на Java (Junior),"Профессия, которая поможет вам освоить Java с нуля. Вы научитесь разрабатывать программы, разбираться в Collections Framework, работать с многопоточностью и тестировать свои программы с помощью JUnit. Программа курсов также включает изучение Spring Framework, основ работы с Git, навыков SQL и работы в командной строке Linux. Вы также сможете подготовиться к собеседованию. Курсы разработаны экспертами, известными авторами Stepik.",Начальный уровень,False,273,7900,5.0,1,stepik,Java
213010,"Микросервисы, Docker, Kafka Spring Cloud, реактивный стек","Практика: разработка бэкенд для сервиса заказов еды на вынос
 на микросервисной архитектуре по приведенной схеме и с использованием списка технологий из раздела ""О курсе""",Средний уровень,False,1298,,5.0,4,stepik,Java
213543,Java - проект Apple Warehouse — Stepik,"Изучаем параметризацию поведения, функциональные интерфейсы, анонимные классы и лямбда выражения. Курс подойдет для начинающих.",Начальный уровень,False,1052,,5.0,33,stepik,Java
216041,Математика для программиста,"Самый лучший и простой курс для изучения математики с полного нуля. Математика безусловна очень важна для программиста - но все ли ее главы нужны? Именно на этот вопрос и отвечает этот курс. По ходу прохождения курса Вам будут предлагаться математические задачи, решенные ""на бумаге"", а также будет дана реализация этих задач на языках программирования Python и Java. На протяжении всего курса Вам будет доступен чат в телеграмме, где Вы сможете общаться с единомышленниками.",Начальный уровень,False,2307,9990,,,stepik,Java
228240,"Жизнь после ""восьмерки"": Флагманские нововведения в Java 9+ — Stepik","Свыше 7,5 часов видеолекций с разбором наиболее важных и/или интересных нововведений, появившихся в Джаве, начиная с JDK9 вплоть до 22-го. ✓	Упор сделан на кодовые примеры, хотя и теорчасть тоже присутствует в приличном объеме; ✓	Тематика открытая: курс будет пополняться по мере выхода новых релизов Джавы. При разборе уч.материала работаем как с командной строки, так и в наиболее популярных IDE: NetBeans, IntellijIDEA, Eclipse, а для модульных тестов привлекаем JUnit. Предельно наглядные кодовые примеры.",Средний уровень,False,34,,5.0,1,stepik,Java
228301,Подготовка к сдаче Java-сертификации начального уровня (OCA) — Stepik,"Свыше 18 часов видеолекций с полным охватом всех тем, вынесенных на канонический сертификационный экзамен Oracle Certified Associate, Java SE 8 Programmer I (код экзамена 1Z0-808). Помимо обзорных теоретических занятий, основное внимание курса уделено разбору многочисленных примеров, имитирующих реальные экзаменационные задачи, в т.ч. вопросы, типично встречающиеся на собеседованиях (т.н. технических интервью) при приеме на работу.",Начальный уровень,False,2,4200,,,stepik,Java
228721,"FARM:Функциональная, асинхронная, реактивная, многопоточная Java — Stepik","Курс направлен на формирование глубоких знаний и продвинутых практических навыков использования асинхронных и реактивных механизмов при разработке ПО на Java-платформе. Поскольку эти механизмы опираются на функциональный подход и многопоточность, в курс добавлены соответствующие уч.модули, причем они являются бесплатными и факультативными: если курсант хорошо знаком с такой тематикой, их можно пропустить без ущерба для понимания. Совокупная продолжительность лекций: 39+ часов; из них на ядро отведено ~75%.",Средний уровень,False,9,15000,,,stepik,Java
229168,Подготовка к Java-сертификации профессионального уровня (OCP) — Stepik,"Курс направлен на сдачу сертификационного экзамена Oracle Certified Professional, Java SE 8 Programmer II (1Z0-809). Он также отлично подойдет в качестве пособия для самоподготовки в целях дальнейшего развития, углубления и совершенствования навыков Java-программирования вплоть до уровня Middle.",Средний уровень,False,5,8400,,,stepik,Java
230295,Java Core: программа курсов,"Программа из трех курсов. Изучаем Java с нуля: синтаксис языка, основы ООП, основные библиотеки вплоть до Java 8. Все, что нужно знать для прохождения собеседования по Java SE. Последовательно, просто, кратко. На интересных, не типовых задачах.",Начальный уровень,False,120,4200,5.0,1,stepik,Java
230381,ChatGPT в помощь Java-разработчику. Практический курс,"Курс для тех, кто хочет эффективно использовать ИИ для Java разработки. Ускорьте свой карьерный рост уже сегодня!",Начальный уровень,True,2,6900,,,stepik,Java
232026,Простые задачки Java — Stepik,"Если вы уже знаете основы Java, но хотите попрактиковаться и улучшить свои навыки программирования, то этот курс именно для вас.",Средний уровень,False,6,990,5.0,1,stepik,Java
232316,Виртуальная Стажировка Java (с нуля до Junior Developer),"Программа из 5 курсов. Изучаем Java с нуля: синтаксис языка, основы ООП, Java Core, все вплодь до профессиональной разработки системы из трех микро сервисов. Все, что нужно знать для получения профессионального опыта и подготовки к собеседованию на позицию стажера или Java Junior Developer. Последовательно, просто, на практике. В конце вас ждет разработка уникального профессионального проекта.",Начальный уровень,False,691,,5.0,5,stepik,Java
233204,JPA & Hibernate,"Изучение JPA и Hibernate на простых примерах. 
 Надоело пытаться выучить JPA и Hibernate по нескольким источникам? Тогда этот курс точно для Вас!",Средний уровень,False,452,1450,5.0,17,stepik,Java
235492,Подготовка к сертификации Oracle Java OCA и  OCP (часть 1),"Подготовки к сертификации Oracle OCA и первая часть по OCP по Java SE 8–11. Курс охватывает основы Java: типы данных, управление потоком, ООП, массивы, коллекции и обработку исключений. Включает тесты, практические задания и финальное тестирование. Отличная база для успешной сдачи экзамена OCA.",Начальный уровень,False,1,500,,,stepik,Java
236047,Java тренажер,Курс предназначен для отработки уже имеющихся знаний языка. Здесь вы не найдете кучи заезженных задач.,Средний уровень,True,34,490,,,stepik,Java
241813,Микросервис на Java от 0 до PROD — Stepik,"Создайте микросервис ""под ключ"" — от идеи до прода! Освойте отладку, настройку мониторинга, сборку Docker-образа и автоматический выкат на сервер.",Средний уровень,False,14,3500,5.0,3,stepik,Java
243770,Java для начинающих,"🚀 Полный путь Java-разработчика — от первого кода до уверенного владения ООП и коллекциями!
 Научись создавать программы с нуля, работай с объектами, строй гибкую архитектуру и управляй данными как профи. Всё это — в одном курсе, пошагово, понятно и на практике. 💻✨",Начальный уровень,False,4,3150,,,stepik,Java
244991,Playwright на Java + Cucumber BDD: Создание автотестов с нуля,"Вы создадите фреймворк для автоматизации тестирования на Java с использованием библиотеки Playwright и других интересных инструментов. Научитесь интегрировать Playwright с Java, Spring, Cucumber и Docker для создания комплексных тестовых решений. Освоите инструменты для генерации отчетов о тестировании.",Средний уровень,True,14,2000,5.0,1,stepik,Java
247635,Allure Reports: Визуализация и интеграция отчетов о тестировании — Stepik,"В этом практическом курсе вы познакомитесь с Allure — мощным инструментом для генерации наглядных и интерактивных отчетов по автоматизированному тестированию. Вы научитесь интегрировать Allure с популярными фреймворками, добавлять шаги, артефакты и скриншоты, а также подключать его к CI/CD-процессу. Курс ориентирован на тестировщиков и автоматизаторов, работающих с Python (pytest) или Java (JUnit/TestNG). Все темы разбираются на реальных примерах и дополняются практическими заданиями.",Начальный уровень,False,16,1250,4.5,2,stepik,Java
251297,Базовая Java: С нуля до уверенного Junior-разработчика — Stepik,"Курс обеспечит подготовку Java-разработчика с нуля до уверенного владения приемами объектно-ориентированного программирования. Объем и тематика как минимум соответствуют – а по многим аспектам и превышают! – семестровые вузовские программы аналогичного содержания. Инструктор с более чем 20-летним стажем преподавания; доходчивые объяснения, внятные примеры и демки, упор на кодинг.",Начальный уровень,False,7,2100,,,stepik,Java
252223,Java Language Deep Dive — Язык и его эволюция — Stepik,"Добро пожаловать! Этот курс — ваш первый шаг в освоении одного из самых востребованных языков программирования в мире — Java. Мы не просто расскажем вам «как писать код». Мы поможем вам думать как программист.  Этот курс предназначен не для абсолютных новичков, а для тех, кто уже имеет базовый опыт работы с Java. Мы не будем с нуля учить, как писать ""Hello, World!"", но сделаем акцент на деталях, которые часто упускают на практике.",,False,1,2000,,,stepik,Java
252586,Java: подготовка к собеседованию (тесты и задачи) — Stepik,"Подготовка к собеседованию по Java. Курс основан на подготовке к экзамену Oracle Java Foundations (1Z0-811): разберёте основы Java, от операторов и типов данных до управления потоком, исключений и коллекций.",Начальный уровень,False,5,399,,,stepik,Java
260073,Java JDBC SQL с нуля для новичков и опытных — Stepik,"Курс ""Java JDBC с нуля для новичков и опытных"" представляет собой обширную программу обучения, целью которой является овладение навыками работы с JDBC (Java Database Connectivity) в языке программирования Java. Этот курс призван помочь как новичкам, так и опытным разработчикам углубить свои знания и навыки в области взаимодействия с базами данных.",Начальный уровень,False,2,1390,5.0,2,stepik,Java
260091,Подготовка к собеседованию - Java алгоритмические задачи — Stepik,"Добро пожаловать на курс ""Подготовка к собеседованию - Разбор Java алгоритмических задач""! Этот курс предназначен для тех, кто стремится успешно пройти собеседование на позицию Java-разработчика и хочет улучшить свои навыки решения алгоритмических задач.",Начальный уровень,False,1,890,5.0,1,stepik,Java
38218,Веб-разработка для начинающих: HTML и CSS,"Курс по основам веб-разработки. Узнаем, как работает интернет, научимся создавать веб-страницы с помощью HTML и CSS и деплоить их в интернет. Содержит домашние задания: мини-проекты для самостоятельного выполнения и проверки.",Начальный уровень,True,278318,,4.6,4777,stepik,HTML/CSS
129827,Основы веб-верстки с HTML и CSS,"Изучаем основы Web.
 В ходе курса вы познакомитесь с базовыми веб-технологиями (html и css), узнаете основные принципы вёрстки, познакомитесь с модулями CSS Grid Layout и Flexible Box, научитесь верстать собственные страницы",Начальный уровень,True,20707,,4.8,116,stepik,HTML/CSS
135466,HTML CSS JS,На данном курсе Вы узнаете основу web-разработки и создания сайтов. Познакомитесь с языком гипертекстовой разметки HTML как с основой любого сайта и добавите веб-страницам индивидуальности с таблицами стилей CSS. А так же изучите язык программирования JavaScript и его взаимодействие с браузером.,Начальный уровень,True,27078,,4.6,318,stepik,HTML/CSS
52164,Основы HTML и CSS — Stepik,"Отличный старт для погружения в разработку сайтов. Знания основ HTML и CSS нужны всем, кто хочет научиться создавать сайты.",,False,76307,,4.8,2885,stepik,HTML/CSS
114064,"Интерактивный тренажер: HTML, CSS, JavaScript","Освойте самое важное для web-разработчика: HTML, CSS и JavaScript, - и начинайте зарабатывать на этом деньги!",Начальный уровень,False,3718,,4.7,11,stepik,HTML/CSS
182715,"Тесты и задачи по HTML, CSS и JavaScript","В этом курсе вы сможете проверить свои знания по HTML, CSS и JavaScript. Данный курс позволит узнать много нового, различные нюансы и не самые очевидные возможности, проверить себя и закрепить уже имеющиеся навыки.",Средний уровень,True,9195,,4.9,75,stepik,HTML/CSS
82108,Web-технологии: начальный уровень — Stepik,"Курс рассчитан на тех, кто не знаком с web-разработкой, но хочет получить начальные знания в данной области.",Начальный уровень,False,28975,,4.9,443,stepik,HTML/CSS
193612,HTML CSS JS (lite),"На курсе по HTML, CSS и JavaScript учащиеся освоят основы создания структурированных веб-страниц, научатся применять стилизацию для создания визуально привлекательных интерфейсов и изучат программирование на JavaScript для добавления интерактивности на свои сайты.",Начальный уровень,True,6516,,4.7,107,stepik,HTML/CSS
120494,Инди-курс по HTML и CSS,"Курс предлагает глубокое и практическое изучение языков веб-разработки, которые являются основой для создания современных веб-сайтов и приложений.",Начальный уровень,True,17047,,4.8,885,stepik,HTML/CSS
208758,Кайдзен разработка,"На примере создания сайтов я продемонстрирую вам работу метода Кайдзен. Даже если вам не интересны программирование и создание сайтов постарайтесь изучить этот материал, дайте ему шанс и вы поверите в свои силы. Далее вы сможете применять этот подход в любой сфере, достигать целей и необходимых вам результатов.",Начальный уровень,True,2620,,4.9,38,stepik,HTML/CSS
223383,HTML на практике,"HTML — это язык разметки, который определяет, какие элементы должны располагаться на веб-странице. Текст, ссылки, изображения, списки, таблицы, видео и др. — всё это является элементами, которые можно отобразить на веб-странице с помощью HTML.  Данный курс предназначен в первую очередь для начинающих, только постигающих азы создания сайтов. Множество примеров, иллюстраций и заданий для самостоятельной работы помогут быстрее изучить HTML.",Начальный уровень,False,2734,,4.8,66,stepik,HTML/CSS
113402,"Frontend разработчик на HTML, CSS и JavaScript","Начните зарабатывать деньги освоив самое важное для веб-разработчика. Изучим HTML, CSS, JavaScript, Figma, Pixso, Photoshop, VS Code, Emmet, BEM, Bootstrap, Vue, React, Git, GitHub, Gulp. Расскажу как составить портфолио, резюме и взять первый заказ на фрилансе.",Начальный уровень,True,1855,14900,5.0,28,stepik,HTML/CSS
187918,HTML CSS (mini),"Курс ""Основы HTML и CSS"" предоставляет уникальную возможность погрузиться в захватывающий мир веб-разработки. Независимо от вашего уровня подготовки, этот курс разработан для того, чтобы вас вдохновить, обучить и вооружить необходимыми навыками для создания стильных и функциональных веб-страниц.",Начальный уровень,True,6415,,4.8,125,stepik,HTML/CSS
101175,Вёрстка на HTML & CSS для начинающих,Изучи два основополагающих языка для создания сайтов. Язык HTML для разметки и язык CSS для оформления внешнего вида своего сайта. Сверстаем более 10-ти сайтов по макету из Figma и Pixso в ваше портфолио. И расскажу как взять свой первый заказ на фриланс бирже.,Начальный уровень,True,582,490,5.0,11,stepik,HTML/CSS
187888,Markdown,"Курс предназначен для освоения ключевых принципов и навыков использования языка разметки Markdown. Этот курс разработан с учетом потребностей тех, кто стремится овладеть этим простым и эффективным инструментом форматирования текста.",Начальный уровень,True,4793,,4.9,371,stepik,HTML/CSS
113654,"Тренажер по вёрстке, плагин Emmet","Этот курс призван прокачать вашу скорость написания кода на HTML и CSS. Даже если вы уже знакомы с плагином Emmet не спешите уходить. Пройдите этот курс, он бесплатен и не займет много времени, но я уверен вы узнаете много новых техник, трюков, функций данного плагина и редактора VS Code.",Начальный уровень,True,9268,,4.9,396,stepik,HTML/CSS
221235,Полный курс по React JS (Redux / Router / Tailwind CSS),Ультимативный курс по React JS + Полное изучение библиотек экосистемы React ( Redux / Router ) Бонус - полный курс по Tailwind CSS,Средний уровень,True,452,3890,5.0,13,stepik,HTML/CSS
113393,"Сайт на Wordpress, Верстка сайта и перенос на CMS","Освой Wordpress легко, на практике с тремя разными сайтами. Вы научитесь верстать сайт по макету из Figma, Pixso и используя сервис Marsy, а также натягивать готовую верстку на Wordpress, создавать свою тему, настраивать формы и переносить сайт на настоящий хостинг.",Средний уровень,True,14403,,4.8,101,stepik,HTML/CSS
120081,"Компетенция Верстальщик - HTML, CSS, JavaScript — Stepik",Освойте необходимые технологии современной верстки сайтов и начните работать в сфере веб-разработки!,Начальный уровень,False,866,2550,4.9,14,stepik,HTML/CSS
2621,ОСНОВЫ Html & CSS — Stepik,"Курс направлен на изучение ОСНОВ HTML, CSS для новичков, начинающих и людей не знакомых с этим, но взявших путь освоить. Материал составлен учителем информатики и успешно применяется на уроках в школе.
 Для людей знающих HTML - уроки не расскажут о новом и покажутся поверхностными.",,False,37643,,4.2,765,stepik,HTML/CSS
228501,HTML для всех: Освойте фундамент любого веб-сайта,"На курсе вы узнаете, что такое HTML, как он работает и как с помощью него создавать веб-страницы. Вас ждут тестовые и практические задания, где вы освоите фундамент построения любого сайта. Добро пожаловать в мир веб-разработки!",Начальный уровень,False,678,,4.9,38,stepik,HTML/CSS
172425,"Основы HTML: теория, практика и домашние задания","Курс ""Основы HTML"" предназначен для тех, кто хочет научиться создавать веб-страницы с помощью языка разметки HTML. В ходе курса вы изучите основные теги HTML, научитесь создавать таблицы, формы, списки, ссылки и другие элементы веб-страниц. Вы также узнаете, как правильно организовать структуру веб-страницы, как добавлять изображения и видео, и как оптимизировать веб-страницу для поисковых систем.",Начальный уровень,False,3095,,4.8,106,stepik,HTML/CSS
183142,FullStack Pro MAX,"Курс ""FullStack Pro MAX"" предоставляет студентам все необходимые знания и навыки для работы как с Frontend (HTML, CSS, JS, Figma), так и с Backend (Git, VS Code, PHP, SQL, MySQL/PHPMyAdmin). По окончанию курса студенты смогут создавать полноценные веб-приложения с использованием различных технологий и инструментов.",Начальный уровень,True,422,3420,4.6,8,stepik,HTML/CSS
181832,Ускоренный курс - HTML для начинающих — Stepik,"«Ускоренный курс - HTML для начинающих» — это фундамент для построения карьеры разработчика и входной билет в сферу IT.  Потратив пару минут, часов на изучение языка разметки - можно сэкономить много времени в будущем.",Начальный уровень,False,2041,,4.7,98,stepik,HTML/CSS
191608,"Как создать сайт, используя HTML, CSS?",Создание сайта с использованием HTML и CSS - это основа веб-разработки. В этом курсе вы научитесь создавать структуру веб-сайта с помощью HTML и придавать ему стиль с помощью CSS.,Начальный уровень,False,2752,,4.9,50,stepik,HTML/CSS
200517,React (pro),"Курс React Pro — это углубленное обучение современным подходам и продвинутым техникам фронтенд-разработки с акцентом на React. Вы изучите сложные аспекты работы с компонентами, оптимизацию производительности, управление состоянием и другие ключевые темы для создания масштабируемых приложений. Курс сосредоточен исключительно на фронтенде, предоставляя вам все необходимые знания и инструменты для профессиональной разработки.",Средний уровень,True,57,5150,,,stepik,HTML/CSS
58973,Основы HTML и CSS,"Курс для начинающих верстальщиков сайтов на HTML и CSS. Разбираем реальные макеты, изучаем семантику языка, отрабатываем навыки в тренажере.
 
 В курсе более 190 заданий.
 Из них 150 – решение практических задач.",,True,577,3900,5.0,45,stepik,HTML/CSS
146294,HTML и CSS — полный курс по вёрстке с нуля,"Изучите все особенности HTML5 и CSS3, чтобы создавать современные адаптивные сайты на flexbox и CSS Grid",Начальный уровень,True,342,3999,4.8,22,stepik,HTML/CSS
172805,Веб-дизайн и разработка сайта — Stepik,"Курс ""Веб-дизайн и разработка сайта"" создан для учащихся 9 классов и всех желающих научиться создавать сайты с помощью HTML и CSS. Курс научит создавать простые сайты и размещать их в сети интернет. Курс создан с учетом современных тенденций в образовании. В качестве заданий выступают тесты и практические работы.  Для учащихся средней и старшей школы курс будет полезен для дальнейшей сдачи ОГЭ и ЕГЭ, а так же для определения с будущей профессией.",Начальный уровень,False,2325,,3.8,30,stepik,HTML/CSS
181995,Ускоренный курс - CSS для начинающих — Stepik,"«Ускоренный курс - CSS для начинающих» — это фундамент для построения карьеры разработчика и входной билет в сферу IT.  Если требуется красивый дизайн, то одного языка разметки мало, требуется стилизовать элементы сайта. Потратив пару часов - можно наслаждаться всю жизнь.",Начальный уровень,False,1203,,4.5,48,stepik,HTML/CSS
208876,DevClub: Web-1 (Web-разработка для самых маленьких) [> 50 задач] — Stepik,"Курс по Web-разработке. На курсе отрабатываются элементарные навыки использования HTML, CSS, JavaScript. Затронуты библиотеки JQuery и Bootstrap.",Начальный уровень,False,116,300,,,stepik,HTML/CSS
249740,"Как сделать сайт на HTML, CSS, JavaScript, PHP и SQL — Stepik",В этом курсе вы узнаете как создать сайт и как подключить базу данных к сайту.,Средний уровень,False,106,,3.0,1,stepik,HTML/CSS
133407,Web-разработка (frontend) — Stepik,,,False,134,,,,stepik,HTML/CSS
181374,Введение в HTML: Создание веб-страниц с нуля — Stepik,"Цель курса: Познакомить студентов с основами языка разметки HTML и научить создавать простые веб-страницы.
 
 Длительность: 4 недели (8 занятий)
 
 Формат: Занятия и практические упражнения",Начальный уровень,False,2009,1000,4.4,36,stepik,HTML/CSS
121208,Вводный курс по веб-разработке от Факт.Академии — Stepik,Курс разработан крупнейшим веб-интегратором в России - компанией Факт. Курс рассчитан для новичков и поможет вам освоить основы веб-разработки. На курсе вы познакомитесь с:  1. Языком разметки HTML 2. Каскадной таблицей стилей CSS 3. Языком программирования PHP,Начальный уровень,False,1174,,4.3,32,stepik,HTML/CSS
132471,30 элементов сайта на примере Materialize CSS — Stepik,"В этом курсе мы будем изучать фреймворк Materialize CSS созданный для упрощения работы верстальщика, быстроты разработки и исключения максимально возможного числа ошибок вёрстки. Как и библиотеки языков программирования, CSS-библиотеки, обычно имеющие вид внешнего файла, «подключаются» к проекту. Более функциональные фреймворки также имеют больше функций и дополнительных функций на основе JavaScript, но в основном ориентированы на дизайн и на интерактивные шаблоны пользовательского интерфейса.",Начальный уровень,False,2498,,5.0,35,stepik,HTML/CSS
212894,Frontend с нуля: первый шаг в веб-разработку — Stepik,"В течение трёх занятий вы освоите основы фронтенда, научитесь верстке и работе с современными инструментами. Получите ценные знания и создадите свой первый мини-проект для портфолио.",Начальный уровень,False,799,,4.4,13,stepik,HTML/CSS
236544,Проект на Vue 3 + Pinia + Supabase: Разработка менеджера ссылок,"Научитесь создавать полный стек-приложение для управления ссылками с помощью Vue 3, Pinia и Supabase. В курсе разберём всё от аутентификации до работы с базой данных, фильтрации и деплоя. Максимальный акцент на практике — кодим вместе, разбираем ошибки и улучшаем проект шаг за шагом.",Средний уровень,True,49,3890,5.0,7,stepik,HTML/CSS
123120,Верстаем 10 сайтов по макету из Figma в портфолио — Stepik,"Освойте самое важное для веб-разработчика и начните зарабатывать на этом деньги! HTML, CSS, Figma, Photoshop, VS Code, Emmet, BEM, Git, GitHub. Сверстаем более 10-ти сайтов по макету из Figma и Pixso в ваше портфолио. И расскажу как взять свой первый заказ на фриланс бирже.",Начальный уровень,False,126,1490,5.0,1,stepik,HTML/CSS
170115,HTML CSS (pro),"На курсе web-разработки вы познакомитесь с основами HTML и CSS, научитесь верстать адаптивные страницы. Освоите современные технологии и инструменты. Узнайте как работать с Git репозиторием, а также получите базовые знания для работы с Figma.",Начальный уровень,True,401,1280,4.6,21,stepik,HTML/CSS
201212,DevClub: Web-3 (расширяем знания по HTML и CSS),Курс по Web-разработке. На курсе глубже отрабатываются навыки работы с HTML и CSS.,Средний уровень,False,72,,,,stepik,HTML/CSS
228315,"Вёрстка сайта с нуля • JSX, SCSS, JS, Vite, Minista, БЭМ — Stepik","Уже знаете HTML, CSS и JavaScript? Примените знания на практике — шаг за шагом разработайте фронтенд для веб-приложения на современном стеке технологий! В курсе вас ждет много сложной вёрстки, тысячи строк качественного JavaScript-кода и крутейшая SSG-сборка с JSX-шаблонизатором на борту. Достойный проект для портфолио и мощная тренировка перед тем, как погрузиться в дальнейшее изучение фронтенд-фреймворков!",Средний уровень,False,738,1999,5.0,36,stepik,HTML/CSS
229223,Интернет-технологии открытого общества — Stepik,"Курс ""Интернет-технологии открытого общества"" посвящен изучению роли интернета и современных цифровых технологий в развитии демократических институтов, гражданской активности и открытых обществ. Он охватывает теоретические аспекты и практические подходы к использованию интернета в общественной, политической и образовательной деятельности, а также акцентирует внимание на проблемах кибербезопасности, этики и цифрового неравенства.",,False,174,,4.5,2,stepik,HTML/CSS
251927,"Основы веб-разработки (HTML, CSS, JavaScript) — Stepik","Изучите основы веб‑разработки с нуля: создавайте красивые адаптивные сайты, реализуйте интерактивность на JavaScript и публикуйте проекты в сети. Практический курс с пошаговыми уроками, примерами кода и итоговым портфолио — идеальный старт для будущего фронтенд‑разработчика.",Начальный уровень,False,6,450,,,stepik,HTML/CSS
64107,Frontend Dev / Napoleon IT School - Тестовое задание — Stepik,"Тестовое задание для участия в образовательном оффлайн-курсе ""Frontend Dev"" г.Челябинск  Дедлайн по выполнению тестового задания - 24 февраля 2020 г., 23:59",,False,222,,,,stepik,HTML/CSS
67108,Информационные технологии — Stepik,Это дистанционный курс по информационным технологиям,,False,205,,4.7,6,stepik,HTML/CSS
101173,Bootstrap для начинающих — Stepik,"В этом курсе вы изучите Bootstrap, научитесь подключать его к своему проекту разными способами, а также использовать Bootstrap в своей работе, чтобы стилизовать и настраивать различные компоненты на вашей странице.",Начальный уровень,False,268,490,4.5,11,stepik,HTML/CSS
105254,HTML - мова розмітки гіпертексту — Stepik,,,False,85,,,,stepik,HTML/CSS
122510,📄 Основы HTML // HTML & CSS // 1.1 — Stepik,"Hypertext Markup Language (HTML) - язык разметки веб-страниц. Курс по HTML предоставляет обучение основам языка разметки, синтаксису и основным тегам. Студенты узнают, как правильно кодировать HTML-документы и использовать атрибуты, а также работать с различными типами элементов, такими как заголовки, абзацы и т.д. Этот курс содержит текстовый материал и небольшое количество заданий для проверки. Для закреполения и проверки знаний рекомендуем следующий курс: ""Тренажер HTML"" https://stepik.org/course/216954.",Начальный уровень,False,728,,4.2,17,stepik,HTML/CSS
123508,Демоверсия курса «Frontend» школы karpov.courses,"8 уроков по frontend-разработке, которые помогут прокачаться в важных темах, получить инсайты от фронтендеров из топовых компаний и ознакомиться с форматом обучения в полной версии курса.",Средний уровень,False,1865,,5.0,2,stepik,HTML/CSS
179473,Основы CSS: создание визуально привлекательных сайтов — Stepik,"Научитесь создавать эффектные и современные веб-дизайны с использованием каскадных таблиц стилей (CSS). Узнайте, как правильно выбирать цвета, шрифты и расположение элементов для создания эстетически приятных и удобных интерфейсов.",Начальный уровень,False,266,450,4.9,15,stepik,HTML/CSS
186514,Большой курс по Markdown,"Этот курс ориентирован на тех, кто хочет изучить Markdown от начального до продвинутого уровня. На курсе разберем язык разметки Markdown, который является неотъемлемой частью почти любой области.",Начальный уровень,True,111,100,4.9,17,stepik,HTML/CSS
195269,HTML и CSS: с нуля до первого сайта,"Погрузитесь в мир веб-разработки! За короткий срок вы освоите основы HTML и CSS, научитесь создавать адаптивные страницы и увидите результат своей работы уже после первых уроков. Этот курс идеально подойдет для новичков, желающих начать свой путь в IT.",Начальный уровень,True,16,1890,,,stepik,HTML/CSS
195283,Верстка сайтов HTML CSS. Создание сайтов. Легкий уровень,Практический курс по созданию сайтов HTML CSS с самого нуля. Этот курс - быстрый старт в профессию Веб Разработчик,Начальный уровень,False,29,2490,5.0,1,stepik,HTML/CSS
199492,Верстка и создание сайтов в Webflow - с нуля до результата!,"Научитесь создавать удивительные сайты любой сложности на no-code платформе Webflow с нуля, без программирования.",Начальный уровень,True,290,3290,5.0,11,stepik,HTML/CSS
204399,Основы HTML для начинающих — Stepik,"Откройте мир веб-разработки! Изучите основы создания веб-страниц, научитесь структурировать контент, добавлять изображения и формы, а также создавать стильные и адаптивные сайты.",Начальный уровень,False,6,990,5.0,1,stepik,HTML/CSS
207612,Создание сайтов — Stepik,"Курс ""Создание сайтов""предоставляет всестороннее введение в веб-разработку, начиная с основ HTML и CSS и заканчивая более сложными темами,такими как JavaScript",Начальный уровень,False,436,,3.7,3,stepik,HTML/CSS
210689,CSS Flexbox — Создание адаптивных веб-сайтов,"Вы освоите CSS Flexbox и создадите адаптивный, многостраничный сайт по макету в Figma. Вас ждут практические задания, видеоуроки и полезные лайфхаки. Автор курса ответит на ваши вопросы в комментариях к урокам. Курс подходит для тех, кто уже знает основы HTML и CSS и может создать простую веб-страницу. Записывайтесь и попробуйте бесплатные уроки уже сейчас!",Средний уровень,True,83,990,5.0,6,stepik,HTML/CSS
211251,HTML и CSS (базовый большой курс) — Stepik,"В современном мире веб-разработка стала одной из самых востребованных и динамично развивающихся областей. С каждым годом растет количество пользователей интернета, а вместе с ним и потребность в качественных веб-ресурсах. Веб-сайты стали неотъемлемой частью бизнеса, образования, развлечений и многих других сфер жизни. В связи с этим, навыки веб-разработки становятся все более актуальными и необходимыми. Одним из первых шагов на пути к освоению этой профессии является изучение основ HTML и CSS.",Начальный уровень,False,1,500,3.0,1,stepik,HTML/CSS
252232,Основы HTML и CSS. Просто и коротко — Stepik,"Курс создан для начинающих свой путь в мире web-разработки (●'◡'●)
 
 Его задачей является научить начальным и базовым навыкам создания собственного сайта с применением HTML и CSS.",Начальный уровень,False,3,100,5.0,1,stepik,HTML/CSS
85088,Интернет-пространство — Stepik,"Курс создан специально для людей, которые никогда не программировали и ничего не знают о работе интернета.",,False,149,500,,,stepik,HTML/CSS
101042,Django 3 - Full Stack разработка веб-сайтов на Python — Stepik,"Создайте 3 крутых веб-сайта, изучите Back и Frond End веб разработку, сверстайте сайты с HTML5, CSS3 и Bootstrap 4",Начальный уровень,False,1061,1990,4.3,27,stepik,HTML/CSS
104047,Создание Веб-сайтов и приложений v2.0 — Stepik,"В данном курсе рассмотрим основные моменты по созданию веб-сайтов. Начнём с выбора хостинга, доменного имени, выбора системы управления содержимым, изучим основные модули и компоненты. Создадим полноценный собственный вебсайт.",,False,28,,,,stepik,HTML/CSS
109663,Web-технологии: практический курс CSS,"Курс рассчитан на тех, кто уже знаком с HTML и CSS на базовом уровне. Если вы знаете, что такое селектор класса, но такие вещи как анимация, transitions, фильтры и многое другое пугают - вы по адресу!",Средний уровень,True,94,1699,5.0,12,stepik,HTML/CSS
114109,Курс по верстке и веб разработке сайтов с нуля! Web development,"В этом курсе вы найдете все о современной верстке сайтов, для быстрого старта в профессию веб разработчик!",Начальный уровень,True,3310,3290,5.0,351,stepik,HTML/CSS
118223,Верстка и веб-разработка сайтов. Продвинутый уровень Web Develop,"Этот курс сделает вас настоящим ""PRO"" верстальщиком веб сайтов! 
 Освойте современные методы создания CSS анимаций, работу с GRID CSS и продвинутые методы адаптации сайтов.
 Бонус: работа с Git и NPM",Средний уровень,True,1478,3290,4.8,43,stepik,HTML/CSS
120077,Шаблонизатор Pug,"Прокачайте свои навыки по HTML, освоив современный инструмент веб-разработки - шаблонизатор Pug. Превратите большие файлы разметки в небольшие декларативные инструкции.",Начальный уровень,False,36,990,5.0,1,stepik,HTML/CSS
121498,Профессия веб верстальщик. Пакет из 2-х курсов-веб разработке,"В этом пакете из 2-х курсов, вы найдете все о современной верстке сайтов.Быстрый старт в профессию веб разработчик! 
 Цена на пакет курсов ниже на 20% чем если бы вы приобретали курсы отдельно.",Начальный уровень,False,781,5190,5.0,13,stepik,HTML/CSS
122593,CSS Flexbox – полный курс и практика его использования,Полный детальный разбор всех особенностей вёрстки на CSS Flexbox и её применение на реальных проектах.,Начальный уровень,False,3676,,4.9,118,stepik,HTML/CSS
127468,Основы вёрстки с HTML и CSS,"Хотите научиться верстать сайты, используя HTML и CSS? Этот курс проведёт вас через все основы, позволяющие с лёгкостью применять HTML и CSS на практике. Вы сверстаете на практике сайт по макету, переданному вам дизайнером, получив в конце курса грамотно свёрстанный сайт.
 
 Если вы программист, этот курс позволит вам продвинуться в изучении front-end разработки, а также перейти к изучению back-end разработки, которая так или иначе зачастую касается фронта.",Начальный уровень,False,692,990,4.2,6,stepik,HTML/CSS
132003,🧠 Тренажер CSS  // HTML & CSS // 2.2 — Stepik,"Курс по CSS — это практичное обучение каскадным таблицам стилей с нуля. Вы изучите синтаксис, селекторы, стилизацию текста и блоков, освоите адаптивный дизайн, анимации, Flexbox, Grid и современные функции CSS. Курс включает тесты для закрепления материала и помогает применять знания на практике. Подходит для начинающих и тех, кто хочет углубить навыки веб-разработки.",Начальный уровень,False,7,1000,5.0,1,stepik,HTML/CSS
132006,🏋️ Тренажер: верстка и макет // HTML & CSS // 3.2 — Stepik,"Курс “Верстка и шаблон” предназначен для тех, кто хочет научиться понимать код html и создавать профессиональные веб-сайты. Вы научитесь работать с макетами и адаптивным дизайном. Курс включает в себя теоретическую часть и практические задания, которые помогут вам освоить необходимые навыки.",Начальный уровень,False,8,1000,,,stepik,HTML/CSS
132008,🔠 Типографика // UI/UX // 6.2 — Stepik,"Это платный курс, но все уроки курса доступны свободно. Приобретение курса рекомендую рассматривать как донейшен. Ваши переводы позволят и дальше развивать этот курс. Если же вы пока затрудняетесь это сделать - ставьте лайки, комментируйте и оставляйте отзывы.",Начальный уровень,False,2,100,,,stepik,HTML/CSS
132011,🧩 Проектирование сайта // Разработка // 5.1 — Stepik,"Это платный курс, но все уроки курса доступны свободно. Приобретение курса рекомендую рассматривать как донейшен. Ваши переводы позволят и дальше развивать этот курс. Если же вы пока затрудняетесь это сделать - ставьте лайки, комментируйте и оставляйте отзывы.",Начальный уровень,False,17,100,,,stepik,HTML/CSS
132023,📑 Языки разметки (кроме HTML) // Разработка // 5.5 — Stepik,"Это платный курс, но все уроки курса доступны свободно. Приобретение курса рекомендую рассматривать как донейшен. Ваши переводы позволят и дальше развивать этот курс. Если же вы пока затрудняетесь это сделать - ставьте лайки, комментируйте и оставляйте отзывы.",Начальный уровень,False,3,100,1.0,1,stepik,HTML/CSS
133340,HTML+CSS — Stepik,,,False,117,,,,stepik,HTML/CSS
139223,Technologie Internetu (TIN - dz) — Stepik,"Kurs dotyczący wykorzystania języka znaczników HTML, kaskadowych arkuszy stylów CSS oraz języka JavaScript do tworzenia interaktywnych aplikacji internetowych.",Начальный уровень,False,149,,5.0,2,stepik,HTML/CSS
175308,Старт карьеры в IT. Front-end разработчик сайтов с нуля.,"В этом пакете из 2-х курсов, вы найдете все для старка карьеры в IT в качестве Front-end web разработчика. Быстрый старт в IT! 
 Цена на пакет курсов ниже на 20% чем если бы вы приобретали курсы отдельно.",Начальный уровень,False,458,5490,5.0,8,stepik,HTML/CSS
177582,HTML CSS (lite),"На курсе web-разработки вы познакомитесь с основами HTML и CSS. Вы научитесь создавать структуру страницы, добавлять текст, изображения, ссылки и другие элементы. Также вы узнаете, как стилизовать страницу с помощью CSS, изменять цвета, шрифты, расположение элементов и многое другое.",Начальный уровень,True,181,479,4.8,6,stepik,HTML/CSS
180789,Профессия Frontend-разработчик,"Мечтаете о карьере в IT? Пакет курсов ""Профессия Frontend-разработчик"" - ваш билет в мир веб-разработки! За 6 курсов вы пройдете путь от новичка до профессионала. Вы освоите HTML, CSS, JavaScript, TypeScript и React, научитесь работать с API и инструментами разработчика. Создайте портфолио реальных проектов и станьте востребованным специалистом! Курс ведет опытный разработчик, готовый поделиться секретами профессии.",Начальный уровень,False,386,12550,5.0,5,stepik,HTML/CSS
181587,Информатика 10 тех. Python. 4. — Stepik,"Информатика и ИКТ 10 класс. Технологический профиль. Темы:  1) Программирование на Python. 2) Логика, MMLogic. 3) HTML. JavaScript. 4) Электронные таблицы. Excel. 5) Базы данных. СУБД Access. 6) Подготовка к ЕГЭ.",Средний уровень,False,199,,,,stepik,HTML/CSS
183603,DevClub: Web-5 (Технология разработки Web-магазина),"Курс создан для закрепления знаний, получаемых на очных занятиях. В курсе описаны легкие примитивы и интересные моменты.",,False,84,,,,stepik,HTML/CSS
187189,Пакет Frontend-Разработчик,"Станьте профессиональным Frontend-разработчиком с нашим пакетом курсов! Изучайте HTML, CSS, JavaScript, VS Code, Figma и Git, создавайте красочные и интерактивные веб-сайты.",Начальный уровень,False,97,2180,,,stepik,HTML/CSS
194549,Chrome Dev Tools полный курс [2025],"Вы хотите узнать, как эффективно использовать Chrome Dev Tools для разработки и отладки веб-приложений? Тогда этот курс для вас! Вы познакомитесь с разными панелями, которые помогут вам анализировать и изменять элементы, консоль, сеть, производительность, память, анимацию и многое другое. Вы также узнаете множество лайфхаков, которые сэкономят вам время и силы. После этого курса вы станете настоящим мастером chrome dev tools!",Начальный уровень,True,393,570,5.0,21,stepik,HTML/CSS
198101,"Создание сайтов на Python Flask + HTML, CSS, JS — Stepik","Этот онлайн-курс посвящен разработке веб-сайтов с использованием Python и Flask. Вы познакомитесь с основами веб-разработки, научитесь создавать динамические веб-приложения. Курс охватывает все от HTML и CSS до продвинутых тем, таких как аутентификация пользователей.",Средний уровень,False,43,1090,3.4,7,stepik,HTML/CSS
200558,Podstawy tworzenia stron www: HTML & CSS (PL/UA) — Stepik,"Rozpocznij swoją przygodę z web developmentem z kursem 'Podstawy Tworzenia Stron WWW: HTML & CSS'. Idealny dla początkujących, ten kurs wprowadzi Cię w świat HTML i CSS, ucząc tworzenia responsywnych, estetycznie przyjemnych stron internetowych. Nauczysz się od podstaw wszystkiego, od struktury HTML po zaawansowane techniki CSS, w tym media queries, aby Twoje strony wyglądały świetnie na każdym urządzeniu. Dołącz do nas i zrób pierwszy krok w kierunku zostania web developerem!",Начальный уровень,False,46,,,,stepik,HTML/CSS
201640,Frontend разработка,"Вы сможете создавать frontend приложения любой сложности, от простых посадочных страниц до полноценных интернет магазинов и SAAS платформ. За счёт современного стека технологий, вы получите только актуальные знаний, которые пригодятся вам в работе.",,False,16,20000,3.5,2,stepik,HTML/CSS
202388,TailwindCSS | Frontend Masters — Stepik,"In this workshop, we'll be learning how to use Tailwind CSS to create a responsive design that supports dark mode and styles components for your web applications. We'll also be exploring how to extend Tailwind to create custom components and utilities.",Начальный уровень,False,8,999,5.0,1,stepik,HTML/CSS
206028,🎨 Основы CSS // HTML & CSS // 2.1 — Stepik,"Этот курс представляет собой введение в CSS, язык стилей, используемый для определения внешнего вида и форматирования веб-страниц. Студенты узнают, как использовать CSS для стилизации текста.",Начальный уровень,False,21,,3.5,2,stepik,HTML/CSS
208466,Курс по WordPress с нуля до результата. Создание сайтов без кода,"Курс по WordPress познакомит вас со всеми инструментами для создания современного сайта с любым дизайном и полным функционалом без подписок и дополнительных трат, которые есть у других CMS и конструкторов сайтов.
 
 Быстрый старт в создании сайтов с нуля!",Начальный уровень,True,429,3290,5.0,17,stepik,HTML/CSS
208811,Программа курсов: Фронтенд-разработка,"Программа включает пять курсов, охватывающих разные аспекты создания современных веб-приложений с нуля. Вы изучите базовые элементы веб-разметки и стилизации, язык программирования JavaScript от основ синтаксиса до практики написания фронтенд-приложений, а также познакомитесь с библиотекой React для создания динамичных интерфейсов и фреймворком Bootstrap 5 для быстрой разработки адаптивных сайтов. Курсы разработаны признанными экспертами, известными авторами Stepik.",Начальный уровень,False,120,10000,,,stepik,HTML/CSS
209074,CSS на практике — Stepik,"Вы изучите такие темы, как синтаксис CSS, селекторы, свойства, значения, псевдоклассы и псевдоэлементы. Курс подходит как для начинающих, так и для опытных веб-разработчиков, желающих улучшить свои навыки в CSS.",Средний уровень,False,26,900,5.0,2,stepik,HTML/CSS
210886,Мобильная разработка,"Вы сможете создавать мобильный приложения любой сложности на React Native под iOS и Android. За счёт современного стека технологий, вы получите только актуальные знаний, которые пригодятся вам в работе.",,False,5,20000,,,stepik,HTML/CSS
211897,Вёрстка от буткемпа SaintCode — Stepik,"Освоить фронтенд-разработку вместе с учителями, который обучили вживую более 100 человек и которые болеют своим делом, качество является важным критерием их работы.",Начальный уровень,False,31,,4.5,2,stepik,HTML/CSS
212379,MathML: язык математической разметки — Stepik,"В этом курсе вы освоите язык математической разметки MathML (Mathematical Markup Language), который основан на языке разметки XML.",,False,66,200,4.7,6,stepik,HTML/CSS
213417,Основы HTML/CSS — Stepik,"Этот курс предназначен для начинающих, которые хотят освоить основы веб-разработки. 
 Вы познакомитесь с основными технологиями создания веб-страниц — HTML и CSS. 
 В рамках курса вы изучите основные теги HTML, научитесь подключать CSS стили и сможете использовать их на практике.",Начальный уровень,False,1,800,,,stepik,HTML/CSS
214074,"""Flask, пишем игру 'Своя игра'. Bootstrap, CSS, HTML, шаблоны. — Stepik","Мы создаем веб-игру ""Своя игра"" с использованием Flask в качестве серверной платформы. Flask обеспечивает гибкость и простоту в разработке, позволяя нам быстро организовывать маршруты и обрабатывать запросы. Для оформления интерфейса мы применяем Bootstrap, который предоставляет готовые компоненты и стили для создания адаптивного и привлекательного дизайна. HTML используется для структурирования страниц, а CSS помогает настроить внешний вид элементов интерфейса.",,False,55,100,,,stepik,HTML/CSS
214607,Основы web-разработки на Python,Курс ориентирован на комплексною подготовку web-разработчика по стеку Python + Django. Так же в курсе включены основ HTML + CSS и работа с базой данных SqlLite3 в контексте DjangoORM для работы с БД.,Средний уровень,False,141,,,,stepik,HTML/CSS
215099,Парсинг на Python для начинающих — Stepik,"Курс ""Парсинг на Python для начинающих"" познакомит вас с основами сбора и обработки данных с веб-страниц. Вы освоите парсинг HTML, работу с библиотеками BeautifulSoup, requests и lxml, а также научитесь извлекать текст, изображения и другие данные с сайтов. Курс включает практические задания, которые помогут вам научиться решать реальные задачи по парсингу данных для различных целей. Подходит для новичков, не требующих предварительных знаний в программировании.",Начальный уровень,False,57,790,3.4,7,stepik,HTML/CSS
216887,React (lite),"Курс React lite — это всё, что нужно для старта в веб-разработке. Вы начнете с основ интернета, HTML и CSS, освоите адаптивную верстку, Flexbox, Grid, и ключевые методологии для работы с кодом. Затем изучите Git для контроля версий.
 
 Основная часть курса посвящена JavaScript: от базовых конструкций до работы с асинхронностью, DOM и API. Вы также познакомитесь с Tailwind и Sass для стилизации, и научитесь работать с React — одним из самых востребованных инструментов для создания веб",Начальный уровень,True,8,3050,,,stepik,HTML/CSS
216954,🎯 Тренажер HTML // HTML & CSS // 1.2 — Stepik,"Продолжение теоретического курса HTML ( https://stepik.org/course/122510), этот практический курс углубляет знание тегов и их применения. Основное внимание уделяется детальному изучению тегов, их структуры и семантики через практические упражнения и тесты. Слушатели научатся работать с элементами вроде списков, таблиц, форм и ссылок, оттачивая навыки кодирования. Курс подходит для тех, кто освоил базовый материал и хочет проверить знание тегов.",Начальный уровень,False,1,1000,,,stepik,HTML/CSS
218459,Программирование для подростков | Верстка сайта с нуля — Stepik,"Курс предназначен для подростков, которые хотят научиться верстке сайтов с нуля, начиная с основ. Мы подготовили 7 видеоуроков, которые детально разбирают каждый этап создания сайта — от установки необходимых инструментов до написания программного кода на JavaScript.",Начальный уровень,False,92,,4.5,10,stepik,HTML/CSS
220975,"Продвинутая вёрстка с HTML, CSS, Figma","Продвинутая вёрстка с использованием HTML и CSS. Научитесь делать адаптивную вёрстку, используя современные подходы.",Средний уровень,False,58,1390,3.0,2,stepik,HTML/CSS
227786,"Веб-вёрстка с HTML, CSS, Figma","Курсы предназначены для всех кто хочет освоить основы и нюансы технологий HTML и CSS в целях приобрести навыки вёрстки web-страниц на практике. Такой курс как правило необходим и тем, кто хочет больше заниматься back-end разработкой, нежели front-end разработкой, поскольку бэкендеры так или иначе довольно часто сталкиваются с необходимостью понимать HTML-код с CSS-стилями.",Начальный уровень,False,5,1390,,,stepik,HTML/CSS
227788,Web Frontend разработка с React,"Три курса посвящены фронтенд разработке. Первая два: вёрстке, третий - React, самой популярной фронтенд-библиотеке.",Начальный уровень,False,15,1990,,,stepik,HTML/CSS
227970,MathML на практике — Stepik,"MathML — это язык разметки, с помощью которого на веб-страницы можно вставлять математические выражения и писать физические формулы. Конечно, в первую очередь MathML нужен студентам, учителям, математикам и физикам, но, несмотря на свою научную ориентацию, MathML полезен для широкого круга пользователей, особенно в областях, связанных с наукой, образованием и веб-разработкой.",Начальный уровень,False,84,,5.0,1,stepik,HTML/CSS
229861,IQanat FrontEnd Initials — Stepik,"Этот курс охватывает ключевые аспекты CSS, необходимые для создания современных, адаптивных веб-страниц. В процессе обучения вы освоите работу с селекторами для стилизации элементов, изучите возможности Flexbox для построения гибких макетов, научитесь использовать CSS Grid для создания сложных сеток и макетов, а также познакомитесь с анимациями и переходами, которые помогут сделать ваши страницы динамичными и интерактивными. Курс подходит как для начинающих, так и для тех, кто хочет улучшить свои навыки вер",,False,99,,5.0,1,stepik,HTML/CSS
238175,Шувалик Веб-Прог Frontend  (курс по веб-программированию) — Stepik,Практичный курс по базовым вещам frontend-а  в веб-разработке для новичков.  Мы в месте с тобой по шагам от урока к уроку изучим всё необходимое для старта в веб-программировании.,Начальный уровень,False,1,3200,5.0,1,stepik,HTML/CSS
240129,HTML&CSS: полный курс,"Этот курс — практическое руководство по созданию веб-страниц с нуля на HTML5 и CSS3. Он охватывает все ключевые темы — от основ HTML и структуры веб-документа до адаптивного дизайна, Flexbox, Grid и анимаций. Подходит для начинающих без опыта.",Начальный уровень,True,30,1490,,,stepik,HTML/CSS
250543,Основы HTML и CSS 2025. Адаптивная верстка сайтов. Рецепты — Stepik,Курс для начинающих Frontend разработчиков и верстальщиков на HTML5 и CSS3. Затрагиваются самые важные и основные вопросы.,Начальный уровень,False,3,1900,,,stepik,HTML/CSS
180784,Погружение в JavaScript: для начинающих — Stepik,Плавное и последовательное погружение в удивительный мир программирования на языке JavaScript для абсолютных новичков.,Начальный уровень,False,26396,,4.9,902,stepik,JavaScript
210361,Твой JavaScript — Stepik,"Первая часть самого полного курса по языку JavaScript. Все, что нужно для начала работы с языком JavaScript - легко, понятно и без воды. Освоишь и ты, даже если никогда раньше не программировал. Простые объяснения, не дадут заскучать. Присоединяйся к сообществу JS-разработчиков!
 Изучать JavaScript сейчас - это лучшее решение.",Начальный уровень,False,13941,,5.0,264,stepik,JavaScript
135466,HTML CSS JS,На данном курсе Вы узнаете основу web-разработки и создания сайтов. Познакомитесь с языком гипертекстовой разметки HTML как с основой любого сайта и добавите веб-страницам индивидуальности с таблицами стилей CSS. А так же изучите язык программирования JavaScript и его взаимодействие с браузером.,Начальный уровень,True,27078,,4.6,318,stepik,JavaScript
2223,JavaScript для начинающих — Stepik,"В данном курсе рассмотрены основы программирования на JavaScript а также некоторые инструменты и модели данных, необходимые для практического использования JavaScript.",,False,199649,,4.3,2211,stepik,JavaScript
114064,"Интерактивный тренажер: HTML, CSS, JavaScript","Освойте самое важное для web-разработчика: HTML, CSS и JavaScript, - и начинайте зарабатывать на этом деньги!",Начальный уровень,False,3718,,4.7,11,stepik,JavaScript
182715,"Тесты и задачи по HTML, CSS и JavaScript","В этом курсе вы сможете проверить свои знания по HTML, CSS и JavaScript. Данный курс позволит узнать много нового, различные нюансы и не самые очевидные возможности, проверить себя и закрепить уже имеющиеся навыки.",Средний уровень,True,9195,,4.9,75,stepik,JavaScript
82108,Web-технологии: начальный уровень,"Курс рассчитан на тех, кто не знаком с web-разработкой, но хочет получить начальные знания в данной области.",Начальный уровень,True,28975,,4.9,443,stepik,JavaScript
193612,HTML CSS JS (lite),"На курсе по HTML, CSS и JavaScript учащиеся освоят основы создания структурированных веб-страниц, научатся применять стилизацию для создания визуально привлекательных интерфейсов и изучат программирование на JavaScript для добавления интерактивности на свои сайты.",Начальный уровень,True,6516,,4.7,107,stepik,JavaScript
134850,Самый полный курс по JavaScript для начинающих программистов,"🏅 Признан одним из лучших курсов 2023 года и неизменно входит в топ бестселлеров!  Самый полный курс по JavaScript для начинающих программистов на платформе Stepik! Этот курс идеально подходит для программистов, которые хотят изучить основы языка программирования JavaScript. В ходе курса вы узнаете основные концепции языка, включая переменные, типы данных, условные конструкции, циклы, функции и объекты. Курс включает в себя большое количество практических заданий, которые помогут закрепить знания.",Начальный уровень,True,2023,2999,4.8,74,stepik,JavaScript
189305,JavaScript Тесты — Stepik,"Курс предназначен для проверки знаний JavaScript и подготовки к собеседованиям на позицию JavaScript-разработчиков!  В рамках этого курса вы сможете оценить свои навыки по различным темам. Каждый вопрос снабжен вариантами ответа, из которых нужно выбрать правильный. Кроме того, к каждому вопросу прикреплены подсказки и разъяснения, чтобы облегчить процесс решения и понимания.",Средний уровень,False,8328,,4.9,125,stepik,JavaScript
208758,Кайдзен разработка — Stepik,"На примере создания сайтов я продемонстрирую вам работу метода Кайдзен. Даже если вам не интересны программирование и создание сайтов постарайтесь изучить этот материал, дайте ему шанс и вы поверите в свои силы. Далее вы сможете применять этот подход в любой сфере, достигать целей и необходимых вам результатов.",Начальный уровень,False,2621,,4.9,38,stepik,JavaScript
242365,Изучаем JavaScript,"Осваивайте JavaScript через практику. В курсе разбираются основные концепции языка: от переменных до промисов. 
 В курсе присутствует краткая теория, а за ней сразу идут мини-проекты, которые необходимо выполнить по шагам.",Начальный уровень,True,1602,,5.0,6,stepik,JavaScript
228133,Автоматизация тестирования c Playwright на JS/TS: полный курс,"Освой профессию QA Automation Engineer с Playwright на JavaScript/TypeScript с нуля, даже если никогда не писал код.
 Пошаговый онлайн-курс без воды — с практикой, поддержкой и результатом.
 Уже через 6–8 недель ты сможешь внедрять автотесты в реальные проекты.",Начальный уровень,True,350,3890,4.3,11,stepik,JavaScript
113402,"Frontend разработчик на HTML, CSS и JavaScript","Начните зарабатывать деньги освоив самое важное для веб-разработчика. Изучим HTML, CSS, JavaScript, Figma, Pixso, Photoshop, VS Code, Emmet, BEM, Bootstrap, Vue, React, Git, GitHub, Gulp. Расскажу как составить портфолио, резюме и взять первый заказ на фрилансе.",Начальный уровень,True,1855,14900,5.0,28,stepik,JavaScript
233750,Автоматизация тестирования c Playwright на JS/TS: базовый курс,"Базовый курс для тех кто хочет освоить основы автоматизации тестирование веб-приложений с помощью современного инструмента Playwright! Легче, чем кажется, начните прямо сейчас!",Начальный уровень,False,1674,,4.8,30,stepik,JavaScript
247486,Твой JavaScript PRO,"Вторая часть нашего уникального курса по JavaScript! Этот курс — твой ключ к мастерству в одном из самых востребованных языков программирования. Глубокое понимание всех аспектов JavaScript, без лишней воды и сложных терминов - это то что нужно. Задачи, тесты, простые и увлекательные объяснения помогут в эффективном  и интересном обучении.
 Присоединяйся к сообществу JS-разработчиков и открой для себя мир возможностей.
 Начни изучать JavaScript сегодня — это твой верный шаг к успешной карьере в IT!",Средний уровень,True,339,3500,5.0,3,stepik,JavaScript
131052,Тестирование REST API в Postman - легкий старт в автоматизацию — Stepik,"🏆Победитель Stepik Awards 2023 в номинации ""Прорыв года"". Курс для тех, кто хочет много практики в ручном и автоматизированном тестировании API. Тест-кейсы, баг-репорты, тестирование по Swagger на сервере с логикой, все как на реальном проекте. Сложные вопросы на собеседовании, основы JavaScript для автотестов, вся теория на человеческом языке, собрана в одном курсе.",Начальный уровень,False,3322,890,5.0,147,stepik,JavaScript
179726,Основы веб-программирования,"Наш курс предоставляет уникальную возможность объединить медицинские знания с IT навыками. Изучите основы программирования на Python и JS, а также базовые запросы SQL. Создавайте потрясающие веб-приложения на фреймворке Django, визуализируйте данные с помощью Matplotlib, Plotly и Chart.js. Разрабатывайте медицинские виджеты и работайте с базами данных PostgreSQL и API. Овладейте навыками аутентификации, авторизации пользователей и адаптивного дизайна. Познайте машинное обучение с библиотеками Python.",,False,2287,,4.5,4,stepik,JavaScript
197191,"C#, JS: Войти в IT через Fullstack-разработку","Это комплексный курс, предназначенный для начинающих в мире разработки ПО. Он охватывает широкий спектр тем, включая использование SQL, Git, HTML+CSS,JavaScript+React.js, C#+ASP.NET Core, построение API-сервисов и FullStack-разработку. Курс предлагает практические задания, примеры и разборы задач, а также обучает навыкам профессиональной работы в сфере программирования от работы с Git до создания FullStack App. Он поможет развить базовые навыки и мотивацию,необходимые для успешной карьеры в IT",Начальный уровень,True,605,5000,4.9,23,stepik,JavaScript
120081,"Компетенция Верстальщик - HTML, CSS, JavaScript",Освойте необходимые технологии современной верстки сайтов и начните работать в сфере веб-разработки!,Начальный уровень,True,866,2550,4.9,14,stepik,JavaScript
253160,Программа: Frontend-разработка [ JavaScript + Git + GitHub ],"Ваш старт во фронтэнд разработке. Освойте JavaScript с нуля до продвинутого уровня, работу с Git и станьте востребованным специалистом. Курс подходит для начинающих разработчиков и верстальщиков. Научитесь создавать интерактивные сайты, работать с API и управлять проектами в GitHub.",,True,74,3450,,,stepik,JavaScript
205184,Angular 18+.,"Курс содержит  - Краткий план повторения основ (JS, TS, HTML, CSS). - Будут рассмотрены основные концепции RxJs. - Разбор темы Angular Signal. - Подробно рассмотрим работу с декораторами и директивами. - Базовые механики работы с системой контроля версий.  - Добавим в проект менеджер состояний NgRx. -Тестирование проекта - Выгрузим приложение на удаленный сервер.  Так же будут доступны куски кода, ссылки на GitHub будут расположены в уроках.",Средний уровень,False,1016,,4.8,6,stepik,JavaScript
233860,Node.js — бэкенд для фронтенда. От концепции до деплоя!,"Node.js через призму бэкенда для фронтеда. Курс для тех, кто знаком с фронтендом и хочет сделать первые шаги к бэкенду.",Средний уровень,True,353,6000,5.0,8,stepik,JavaScript
103167,JavaScript. A3 Задачи,"Задачи на программирования на языке JavaScript, формат ввода-вывода делает задачи похожими на задачи на других языка программирования. В курсе используется синтаксис современного стандарта ES6.",,False,10962,,4.9,19,stepik,JavaScript
233955,Подготовка на позицию React / React Native разработчика — Stepik,"В процессе подготовки к собеседованию на позицию React / React Native разработчика я собрал список вопросов, которые могут встретиться на интервью. Решил оформить это в курс — чтобы навести порядок в голове, поделиться с другими и получить обратную связь. Если вы тоже в поиске работы или готовитесь к собесам — давайте объединяться! Буду рад поддержке, общению и совместной подготовке.",Начальный уровень,False,268,,5.0,1,stepik,JavaScript
221235,Полный курс по React JS (Redux / Router / Tailwind CSS),Ультимативный курс по React JS + Полное изучение библиотек экосистемы React ( Redux / Router ) Бонус - полный курс по Tailwind CSS,Средний уровень,True,452,3890,5.0,13,stepik,JavaScript
114165,Фундаментальный JavaScript,"Современный JavaScript с основ до продвинутых техник. Для начинающих и желающих закрыть пробелы и попрактиковаться.  За 20 часов вы получите глубокие знания от профессионала-практика. Вы изучите современный синтаксис, основы языка, работу с браузером, ООП и асинхронное программирование. Курс включает реальную практику с автопроверкой и создание нескольких проектов.   Инвестируйте в свое будущее сейчас и станьте специалистом в JavaScript!",Начальный уровень,True,1571,3550,5.0,57,stepik,JavaScript
260718,Frontend с нуля: создаём первый сайт и публикуем в интернете,"На этом курсе вы быстро поймёте, как работает веб, освоите HTML, CSS и JavaScript и научитесь создавать собственные страницы и делиться ими по ссылке. Без лишних сложностей — только практика.",Начальный уровень,False,195,,5.0,6,stepik,JavaScript
125756,Практический мини-курс по JavaScript и Bootstrap 5 — Stepik,В первом модуле мы будем работать на языке JavaScript и создавать графический интерфейс тестового магазина с товарами на Bootstrap 5. Во втором модуле напишем калькулятор ингредиентов в рецепте.,Средний уровень,False,8079,,4.8,119,stepik,JavaScript
114197,React для современных веб-приложений,"React от азов до создания полноценного SPA-приложения - с роутингом и продвинутым управлением состоянием. 
 
 Вы создадите 3 полноценных проекта для портфолио, изучите все хуки React и поймете жизненный цикл приложения. Курс ведет профессионал-практик с опытом преподавания с 2016 года.
 
 Инвестируйте в свое будущее сейчас и станьте экспертом по React, как разработчики VK, Yandex и Netflix!",Начальный уровень,True,1395,3300,4.9,46,stepik,JavaScript
130424,Полный курс по JavaScript - С нуля до результата!,В этом курсе вы найдете все о современном языке программирования JavaScript. Станьте Front-end разработчиком на JavaScript.,Начальный уровень,True,1565,3890,5.0,64,stepik,JavaScript
177315,Самый полный курс по JavaScript для опытных программистов,"Этот курс представляет следующий этап вашего путешествия в мире разработки приложений на JavaScript. Если вы владеете основами и стремитесь глубже освоить продвинутые концепции и методы, то этот курс именно для вас. Обширные практические задания позволят вам закрепить и применить знания на практике. Вы также столкнетесь с разнообразными тестовыми и классическими задачами, которые часто встречаются на собеседованиях в ведущих компаниях.",Средний уровень,True,718,2999,4.4,14,stepik,JavaScript
231899,Изучаем JavaScript. Расширенный — Stepik,"Этот курс поможет вам освоить JavaScript и разобраться в его ключевых концепциях. Вы изучите базовый синтаксис языка, научитесь работать с переменными, функциями, объектами и массивами, а также освоите основы асинхронного программирования и это еще не все.",Начальный уровень,False,101,300,5.0,5,stepik,JavaScript
235437,JavaScript/TypeScript: полный курс с теорией и практикой с нуля — Stepik,"Освой JavaScript и TypeScript с нуля и научись писать чистый, работающий код. Только актуальная теория, тотальная практика, более 400 практических задач по написание кода. Всё, что нужно, чтобы уверенно стартовать в IT.",Начальный уровень,False,798,2890,4.7,9,stepik,JavaScript
245379,Информатика 10 тех. C++. 4. — Stepik,"Информатика и ИКТ 10 класс. Технологический профиль. Темы: 
 1) Программирование на C++.
 2) Логика, MMLogic.
 3) HTML. JavaScript.
 4) Электронные таблицы. Excel.
 5) Базы данных. СУБД Access.
 6) Подготовка к ЕГЭ.",Средний уровень,False,29,,,,stepik,JavaScript
132471,30 элементов сайта на примере Materialize CSS,"В этом курсе мы будем изучать фреймворк Materialize CSS созданный для упрощения работы верстальщика, быстроты разработки и исключения максимально возможного числа ошибок вёрстки. Как и библиотеки языков программирования, CSS-библиотеки, обычно имеющие вид внешнего файла, «подключаются» к проекту. Более функциональные фреймворки также имеют больше функций и дополнительных функций на основе JavaScript, но в основном ориентированы на дизайн и на интерактивные шаблоны пользовательского интерфейса.",Начальный уровень,True,2498,,5.0,35,stepik,JavaScript
183142,FullStack Pro MAX,"Курс ""FullStack Pro MAX"" предоставляет студентам все необходимые знания и навыки для работы как с Frontend (HTML, CSS, JS, Figma), так и с Backend (Git, VS Code, PHP, SQL, MySQL/PHPMyAdmin). По окончанию курса студенты смогут создавать полноценные веб-приложения с использованием различных технологий и инструментов.",Начальный уровень,True,422,3420,4.6,8,stepik,JavaScript
172576,Практический Тренажер по JavaScript,"Курс включает в себя разнообразные практические задачи по программированию, которые помогут улучшить ваш уровень программирования на JavaScript. Вы столкнетесь как с классическими задачами, так и с теми, которые встречаются на собеседованиях в таких крупных компаниях, как Google, Amazon, Apple, Twitter и Microsoft. Это позволит вам разносторонне развить навыки работы с переменными, типами данных, условными конструкциями, циклами, функциями, объектами и алгоритмами.",Средний уровень,True,810,1299,5.0,8,stepik,JavaScript
180245,Основы разработки,"В этом курсе вы познакомитесь с различными направлениям разработки и DevOps, а так же попробуете на практике писать код. Основная цель курса – дать вам детальные карты развития по каждому из направлений, чтобы вы могли сделать осознанный выбор в профессии и знали, какой следующий шаг вам надо сделать.",Начальный уровень,False,2909,,4.9,41,stepik,JavaScript
3432,JavaScript for Beginners,"This course covers the basics of programming in JavaScript, as well as some of the tools and data models that are necessary for the practical use of JavaScript.",,True,85793,,4.6,112,stepik,JavaScript
100438,Разработка веб-приложений на Node.js — Stepik,"Авторский курс познакомит слушателей с платформой Node.js. Он будет интересен разработчикам, которые имеют представление о JavaScript, но только начинают знакомство с разработкой серверных приложений на этом языке. По завершении курса слушатели будут знать, как устроен Node.js, как работают приложения на этой платформе; смогут применять полученные навыки для создания серверной части несложных веб-приложений.",,False,9739,,4.6,18,stepik,JavaScript
180358,Задачи по Javascript (153 задачи),"🚀 Практико-ориентированный курс, который прокачает вас от уверенного новичка до человека, умеющего решать реальные задачи кодом. Никакой воды — 153 тщательно отобранные задачи по темам и уровням сложности, автотесты и мгновенная проверка на Stepik, чтобы вы видели прогресс сразу.",Средний уровень,True,610,1400,4.9,23,stepik,JavaScript
183043,Ускоренный курс - JavaScript для начинающих,"«Ускоренный курс - JavaScript для начинающих» — это фундамент для построения карьеры разработчика и входной билет в сферу IT.  Если требуется интерактивное взаимодействие сайта с пользователем, то одного языка разметки и декорирования мало, требуется уметь оживлять элементы сайта. Потратив пару часов - можно наслаждаться всю жизнь.",Начальный уровень,False,1407,,3.9,33,stepik,JavaScript
244691,JavaScript – курс для начинающих — Stepik,"Курс с большим количеством практических задач, удобный для самостоятельного изучения. Вас ждут красочные иллюстрации, научно-фантастическая тематика задач и индивидуальные проекты.",Начальный уровень,False,70,199,,,stepik,JavaScript
251035,React.JS - курс для повторения — Stepik,"Этот курс является моим самообучением по React.JS, которое я хочу оставить в виде структурированного набора статей и теста, для закрепления. Этот тест я лично буду использовать в те моменты, когда захочу для себя повторить те или иные аспекты разработки на Reac.JS. Возможно, кому-то из вас этот курс тоже будет полезен в процессе изучения или повторения этой библиотеки.",Средний уровень,False,221,,5.0,1,stepik,JavaScript
121765,Создание бота в Telegram на Node.js,"Вы узнаете, как устроены боты в Telegram и на практике научитесь их разрабатывать, используя JavaScript, Node.js и библиотеку Telegraf.js",Начальный уровень,False,3941,,4.6,102,stepik,JavaScript
214520,Тайный культ JavaScript: от послушника до просвещенного,"Этот видеокурс предназначен для всех желающих освоить язык программирования JavaScript с нуля. Мы начнем с основ, изучая синтаксис и структуру языка, а затем постепенно перейдем к более сложным темам, таким как работа с DOM, событиями и асинхронным программированием.",Начальный уровень,True,110,450,4.9,7,stepik,JavaScript
247700,Автотестирование на JavaScript (Cypress) — Stepik,Освой автоматизированное тестирование с Cypress и JavaScript без скучных лекций. Меньше теории — больше кода и практики!,Начальный уровень,False,48,1250,5.0,2,stepik,JavaScript
194549,Chrome Dev Tools полный курс [2025],"Вы хотите узнать, как эффективно использовать Chrome Dev Tools для разработки и отладки веб-приложений? Тогда этот курс для вас! Вы познакомитесь с разными панелями, которые помогут вам анализировать и изменять элементы, консоль, сеть, производительность, память, анимацию и многое другое. Вы также узнаете множество лайфхаков, которые сэкономят вам время и силы. После этого курса вы станете настоящим мастером chrome dev tools!",Начальный уровень,True,393,570,5.0,21,stepik,JavaScript
243393,Основы JavaScript — Stepik,"Освоите JavaScript от базового синтаксиса до продвинутых концепций: научитесь работать с функциями, массивами и объектами, создавать интерактивные приложения, тестировать и оптимизировать код. Подготовитесь к задачам коммерческой разработки и собеседованиям на ИТ-вакансии. Курс подойдет для тех, кто хочет развиваться в веб-разработке и работать в ИТ",,False,152,,,,stepik,JavaScript
245362,"Миникурс: основы ООП для JS/TS, React разработчика — Stepik",Данный курс - моя попытка разобраться в базовых принципах объектно-ориентированного программирования и как оно применяется в разработке на JavaScript/TypeScript применительно React/React Native разработки,Начальный уровень,False,249,,5.0,5,stepik,JavaScript
247399,JavaScript Тест. Готовимся к собеседованию — Stepik,"Проверьте свои знания JavaScript! Тесты с ответами и объяснениями, которые помогут подготовиться к собеседованию и закрыть пробелы в знаниях.",Начальный уровень,False,215,200,5.0,5,stepik,JavaScript
250212,AI на Django и Next I,"Соберём с нуля аккуратный фронтенд на Next.js и подготовим базу под будущий бэкенд c ИИ на Django. Курс — конструктор: вы копируете готовые блоки кода по шагам, а в финале у вас — локальный проект со стильной архитектурой и готовностью к интеграции LLM в Части II.",Средний уровень,False,214,,4.9,11,stepik,JavaScript
13929,Введение в программирование — Stepik,"Что такое компьютер на самом деле? Понимает ли он языки программирования? Как писать код и свои программы? Этот курс посвящен ответам на эти и другие интересные и, иногда, странные вопросы. Мы изучим природу компьютеров и кода, и рассмотрим важные фундаментальные концепции, которые помогли родиться современным машинам, мобильным телефонам, интернету... почти всему, с чем мы имеем дело каждый день!",Начальный уровень,False,11319,,4.5,175,stepik,JavaScript
113653,Супер курс по языку JavaScript,"Изучим язык программирования JavaScript, фреймворк Vue.js и основы работы с библиотекой React.",Средний уровень,True,162,1490,4.9,7,stepik,JavaScript
122243,JavaScript с нуля — основы языка и практика для начинающих,Базовый курс по современному JavaScript в 2023 году для начинающих. С нуля до проекта на реальных примерах и упражнениях,Начальный уровень,True,385,3999,4.9,21,stepik,JavaScript
193152,Погружение в JavaScript: для продолжающих — Stepik,"Вторая часть Погружения в JavaScript, посвященная Объектно-ориентированному программированию (ООП) и не только.",Средний уровень,False,238,1190,5.0,24,stepik,JavaScript
210098,Автоматизация тестирования на Playwright (JavaScript/TypeScript),"Playwright - это передовой инструмент для автоматизации браузеров, который позволяет создавать надежные и быстрые тесты для веб-приложений.
 
 Этот тренажер поможет тестировщикам освоить его работу на языках JS/TS
 
 🚀 Полный курс – https://inzhenerka.tech/playwright",Начальный уровень,False,1784,,4.6,16,stepik,JavaScript
218079,React (mini) — Stepik,"Курс ""React (mini)"" поможет вам освоить основы React с нуля. Вы научитесь настраивать среду разработки, создавать компоненты, работать с хуками, роутингом и деплоем. На практике пройдёте все шаги от создания первого компонента до полноценного проекта.",Средний уровень,False,135,510,5.0,4,stepik,JavaScript
236544,Проект на Vue 3 + Pinia + Supabase: Разработка менеджера ссылок,"Научитесь создавать полный стек-приложение для управления ссылками с помощью Vue 3, Pinia и Supabase. В курсе разберём всё от аутентификации до работы с базой данных, фильтрации и деплоя. Максимальный акцент на практике — кодим вместе, разбираем ошибки и улучшаем проект шаг за шагом.",Средний уровень,True,49,3890,5.0,7,stepik,JavaScript
249700,Основы JavaScript на примере реальных проектов,"Учим основы по бесплатному учебнику Ильи Кантора https://learn.javascript.ru/ , затем в моём курсе смотрим каждую тему на примере кода моих реальных проектов. По окончании, переходите к прохождению моего бесплатного куса по фулстек-разработке веб-сервиса на TypeScript, Reaсt, Node.js, чтобы стать реальным программистом",Начальный уровень,False,127,1000,4.7,3,stepik,JavaScript
100019,"Основы программирования: Python, C++, JavaScript","Бесплатный мини-курс по основам программирования для новичков. Рассматривает 3 языка программирования: Python, C++ и JavaScript. В каждом уроке видео, презентация, тесты и задания по программированию.",,False,776,,4.0,9,stepik,JavaScript
102551,"React + Next.js 14 — с нуля. TypeScript, Hooks, SSR и CSS Grid — Stepik","Next.js - готовый к production framework для React - самой популярной JavaScript библиотеки на сегодняшний день. Он позволяет разрабатывать производительные, SEO-friendly сайты с использованием Server Side Rendering (SSR) и статической генерацией страниц.
 
 При этом от вас требуется только базовое знание CSS, HTML и JavaScript, так в рамках курса мы не только разберём Next.js, но и React с нуля. При этом мы будем писать не просто какой-то учебный проект, а реальный production сайт, посвящённый рейтингам.",,False,795,3999,4.8,16,stepik,JavaScript
128488,Автоматизация тестирования API в Postman для начинающих,"Базовый курс автотестирования API при помощи Postman (включает в себя знакомство с API, Postman, JavaScript и библиотекой Chai.js) от команды qahacking.ru",Начальный уровень,True,354,1500,4.6,17,stepik,JavaScript
181587,Информатика 10 тех. Python. 4.,"Информатика и ИКТ 10 класс. Технологический профиль. Темы:  1) Программирование на Python. 2) Логика, MMLogic. 3) HTML. JavaScript. 4) Электронные таблицы. Excel. 5) Базы данных. СУБД Access. 6) Подготовка к ЕГЭ.",Средний уровень,False,199,,,,stepik,JavaScript
186300,"Основы React, React Router и Redux Toolkit","В этом курсы вы изучите всё о современном React в 2024 - Hooks, Redux Toolkit, React Router, а так же создадите 2 приложения: личный дневник и сервис доставки еды.",,True,299,3999,5.0,8,stepik,JavaScript
191247,Основы JavaScript: курс для начинающих — Stepik,"Данный курс предназначен для начинающих программистов и студентов, которые проходят данную дисциплину и интересуются в целом программированием.",Начальный уровень,False,1289,,4.2,18,stepik,JavaScript
200433,Тестирование JavaScript и React приложений,"Научитесь обязательному навыку для опытного разработчика.
 
 За 7 часов вы освоите Jest и Testing Library, научитесь писать юнит-тесты и настраивать интеграционные тесты. Вы сможете доказывать работоспособность кода, снижать количество багов и безопасно рефакторить. Курс подходит как новичкам, так и опытным разработчикам. 
 
 Инвестируйте в свои навыки сейчас и станьте экспертом по тестированию JavaScript и React!",Средний уровень,True,583,3450,4.9,26,stepik,JavaScript
206721,React Native и Expo Router,"В этом курсе мы изучим React Native и Expo Router написав полноценное мобильное приложение с авторизацией и нативными возможностями. Этот курс подойдёт тем, кто хочет погрузиться в мобильную разработку имея опыт frontend разработки на React.",,True,62,3999,5.0,1,stepik,JavaScript
207612,Создание сайтов,"Курс ""Создание сайтов""предоставляет всестороннее введение в веб-разработку, начиная с основ HTML и CSS и заканчивая более сложными темами,такими как JavaScript",Начальный уровень,False,436,,3.7,3,stepik,JavaScript
208876,DevClub: Web-1 (Web-разработка для самых маленьких) [> 50 задач],"Курс по Web-разработке. На курсе отрабатываются элементарные навыки использования HTML, CSS, JavaScript. Затронуты библиотеки JQuery и Bootstrap.",Начальный уровень,False,116,300,,,stepik,JavaScript
221935,"TypeScript с 0 до ПРО | Решение задач по TS, разбор сложных тем","Курс по TypeScript: от азов до самых сложных концепций. От типов данных до работы с infer. На курсе будет рассказано: зачем TS нужен, как работать с типами, дженериками, infer, перегрузками и многое другое. Куча практические примеров, включая разбор задач из TypeScript Challenge. Подходит для новичков и разработчиков, которые хотят углубить навыки работы с TypeScript. После курса вы сможете уверенно использовать TS в реальных проектах.",Начальный уровень,True,164,2080,5.0,6,stepik,JavaScript
225829,JS: Алгоритмы — Stepik,"Дорогие студенты! Мы делимся с вами курсом с Хекслета, который был создан пользователями. Обратите внимание, что курс не обновляется и предоставляется 'как есть'. В нем могут быть неточности или устаревшие данные.  Базовый курс по алгоритмам и структурам данных с практикой на JavaScript.  Рассматриваются основы алгоритмов, их сложность (Big O), популярные методы сортировки, работу с графами, деревьями и ключевыми структурами данных (массивы, списки, стеки, очереди).",Средний уровень,False,56,,,,stepik,JavaScript
242505,"Vue.js 3, Vue Router и Pinia","Полный курс по Vue.js 3 с Composition API, Vue Router и state менеджеру Pinia для создания полноценных frontend приложений",,True,47,3999,5.0,2,stepik,JavaScript
249740,"Как сделать сайт на HTML, CSS, JavaScript, PHP и SQL",В этом курсе вы узнаете как создать сайт и как подключить базу данных к сайту.,Средний уровень,False,106,,3.0,1,stepik,JavaScript
257551,Разработка на React.js — Stepik,"Освойте React.js с нуля! Начните с основ: JSX, компоненты и состояние. Затем перейдите к современным хукам (useState, useEffect). Курс даст прочную базу для создания динамических веб-приложений и подготовки к изучению продвинутых тем",Средний уровень,False,4,3890,,,stepik,JavaScript
53182,JavaScript. Программирование от основ до веб-приложений(+Vue.js) — Stepik,"В ходе курса вы быстро, но подробно изучите сам JS, решая задачи из реальной работы, создадите собственный проект - небольшое веб-приложение с интерфейсами, работой с api и хранением данных в local storage, реактивными компонентами, поработаете с JQuery и github.
 В конце курса будут рассмотрены более серьёзные популярные технологии JS, такие как Vue.js.",,False,1413,500,3.8,16,stepik,JavaScript
99855,Игра на Vue.js,"Создадим игру на Vue.js от начала разработки интерфейса до реализации алгоритмов на JavaScript и разместим её в каталоге приложений ВК. Напишем интерактивное приложение, сгенерируем идею с помощью чат-бота и вы выполните самостоятельную работу.",Средний уровень,True,133,490,4.8,6,stepik,JavaScript
105538,"Node.js — с нуля, основы и построение архитектуры приложений",Полный курс по написанию приложений на Node.js и построению масштабируемой и поддерживаемой архитектуры!,Начальный уровень,True,417,3999,4.8,17,stepik,JavaScript
113651,jQuery для начинающих — Stepik,"Пиши меньше, делай больше. Изучи библиотеку jQuery и создавай меню, аккордеоны, слайдеры, галереи и много другое.",Средний уровень,False,149,290,5.0,13,stepik,JavaScript
180864,Основы JavaScript — Stepik,"В этом курсе вы изучите самые основы языка программирования JavaScript. Этот курс подходит для начинающих программистов, которые хотят изучить основы языка программирования JavaScript. В ходе курса вы узнаете про переменные, типы данных, условные конструкции, циклы, функции и объекты. В курсе также есть практические задания",Начальный уровень,False,2344,,4.5,32,stepik,JavaScript
187398,NextJS: Современные веб приложения,"Курс 'Next.js: Современные веб приложения' предоставляет глубокие знания и практические навыки по созданию современных веб-приложений с использованием Next.js. Обучение включает в себя работу с компонентами, роутинг, работу с данными, оптимизацию производительности, аутентификацию, тестирование, оптимизацию SEO, аналитику и масштабирование проекта.",Начальный уровень,True,17,600,3.5,2,stepik,JavaScript
196646,Войти в IT: Вся Необходимая База. 3 Уровня Объяснения Материала — Stepik,"Мощный концентрат курса по компьютерным технологиям, с кучей практики, без воды и тремя уровнями объяснения материала. Пройди путь от основ до написания своего сервиса с искусственным интеллектом, погружаясь в темы необходимые каждому начинающему разработчику. Объяснение параллельно на Python и Javascript. Самый доступный, самый нескучный, самый вкусный курс этого лета!",Начальный уровень,False,106,1990,3.0,1,stepik,JavaScript
198613,Javascript. Часть 1 (Переменные и условные операторы),"⚡ Освой JavaScript — язык, на котором живёт современный веб! Вместо скучной теории — понятные объяснения, живые примеры и практика, которая закрепит знания железно. От первых строк кода до уверенной работы с интерактивными веб-приложениями — шаг за шагом и без лишней воды. 🚀 Пиши код, создавай проекты, прокачивай навыки, которые ценят во всех IT-компаниях!",Начальный уровень,True,683,550,4.8,24,stepik,JavaScript
200153,Javascript. Часть 2 (Работа с функциями),"Данный курс покрывает базовые темы, а именно работу с переменными, примитивами и условными операторами. Курс ориентирован на получение практических навыков в разработке и глубоком понимании того, как работает Javascript и почему. После каждого блока теории предлагается закрепить результат тестами и практическими задачами на программирование. Так что даже если у вас нет опыта программирования, курс для вас будет понятным и точно полезным.",Начальный уровень,True,84,1150,4.8,11,stepik,JavaScript
209588,"Воркшоп ""FullStack—приложение за час"". Java, React.JS, MySQL","Воркшоп позволяет погрузиться в мир современной веб-разработки, демонстрируя создание полноценного fullstack-приложения с использованием популярных технологий.
 Курс идеально подходит для новичков, желающих расширить свои навыки в fullstack-разработке и освоить современный стек технологий.",Средний уровень,False,49,3000,4.8,6,stepik,JavaScript
222852,Программирование на JavaScript (beta),"Полный курс по созданию сайтов на JavaScript для начинающих с задачами. Обучение базовой фронтенд разработке по коротким видео-урокам с большим количеством практики на тренажере. На курсе вы познакомитесь не только с основами языка, но и научитесь взаимодействовать с браузером, а также с серверной частью сайта.",Начальный уровень,True,20,5990,5.0,1,stepik,JavaScript
226465,Тренажер базовый JavaScript | подготовка к собеседованию на js — Stepik,"Здесь вы сможете оценить свои базовые навыки в JavaScript: базовый синтаксис и основы языка. 
 
 Дополнительно в курсе представлены вопросы, которые часто задаются на собеседованиях по JS. Это позволит вам лучше подготовиться к интервью и повысить успешность прохождения собеседования.",Начальный уровень,False,530,499,4.9,10,stepik,JavaScript
229861,IQanat FrontEnd Initials,"Этот курс охватывает ключевые аспекты CSS, необходимые для создания современных, адаптивных веб-страниц. В процессе обучения вы освоите работу с селекторами для стилизации элементов, изучите возможности Flexbox для построения гибких макетов, научитесь использовать CSS Grid для создания сложных сеток и макетов, а также познакомитесь с анимациями и переходами, которые помогут сделать ваши страницы динамичными и интерактивными. Курс подходит как для начинающих, так и для тех, кто хочет улучшить свои навыки вер",,False,99,,5.0,1,stepik,JavaScript
232198,Создание онлайн-покера на TypeScript и Node.js,"Создаём клиент-серверный покер на TypeScript и Node.js! В этом курсе вы разработаете полноценную онлайн-игру с сервером, консольным и графическим клиентом, используя WebSocket (Socket.IO). Без лишней теории — только практика и работающий код! Разберётесь с авторитарной логикой, защитой от нечестной игры и клиент-серверной архитектурой. В итоге у вас будет полностью рабочий проект, который можно дорабатывать и использовать в портфолио!",Средний уровень,True,24,1170,5.0,3,stepik,JavaScript
237902,Современные языки программирования Python | JavaScript | C# — Stepik,"Практический курс по трем самым востребованным языкам программирования. Вы научитесь: ✔ Писать чистый код на Python, JavaScript и C# ✔ Работать с базами данных (SQLite, MongoDB, Entity Framework) ✔ Создавать веб-приложения, игры и автоматизировать задачи ✔ Понимать разницу между языками и выбирать правильный инструмент Новичкам – поможет освоить основы программирования Разработчикам – даст навыки для fullstack-разработки  Аналитикам – научит автоматизировать задачи (Python)",,False,20,,4.8,5,stepik,JavaScript
240148,Typescript. Часть 2 (Продвинутая работа с типами) — Stepik,"Этот курс — твой следующий шаг в мире TypeScript. Разберись, как работают деструктуризация, операторы rest/spread, кортежи, перегрузка функций и сужение типов. Пойми, как мыслит TypeScript, и начни писать надёжный, предсказуемый код, которым можно гордиться 🧠🔥
 Идеально для тех, кто уже знаком с основами и хочет выйти на новый уровень!",Начальный уровень,False,143,1150,4.8,6,stepik,JavaScript
240723,Вопросы-тесты для собеседований Junior+ JavaScript-разработчика — Stepik,"Курс для подготовки к собеседованию Junior JavaScript-разработчика. Более 300 реальных вопросов с пятью вариантами ответа по ключевым темам: переменные, функции, объекты, массивы, циклы и другие основы JavaScript. Подробные объяснения помогут понять материал и избежать ошибок. Этот курс систематизирует знания и сделает тебя уверенным на интервью. Готовься эффективно и выходи на собеседование с уверенностью!",Начальный уровень,False,5,490,5.0,2,stepik,JavaScript
241673,Typescript. Часть 4 (Дженерики и Продвинутая Типизация),"💡 Освой дженерики и продвинутую типизацию в TypeScript: научись создавать гибкие универсальные типы, работать с динамическими ключами и сопоставленными структурами 🧩. Пиши масштабируемый, предсказуемый и безопасный код ✨ — как настоящий профессионал!",Начальный уровень,True,104,1150,5.0,2,stepik,JavaScript
252144,"Javascript. Часть 5 (Методы массивов, работа с данными)","🎯 Прокачай работу с данными в JS: map/filter/reduce, flatMap, сортировки, группировки и агрегаты — всё на живых примерах без «воды». Освой понятные паттерны и преврати массивы в чистый, быстрый код с практикой и мини-кейсами — от первых шагов до продакшена. 🚀",,True,136,1200,,,stepik,JavaScript
260155,Чистый JavaScript: ошибки функций и их исправление на практике,"Практический курс по JavaScript. На примерах учимся находить ошибки в функциях, проводить рефакторинг и превращать сложный код в чистый, понятный и поддерживаемый. Курс подходит для начинающих разработчиков и для тех, кто уже имеет некоторый практический опыт в JavaScript.",Начальный уровень,False,3,999,5.0,1,stepik,JavaScript
1751,JavaScript. Object model — Stepik,JavaScript is a flexible multi-paradigm language. It has become a main language of the web. And web is not the only playground for this powerful language.,,False,1852,,3.5,13,stepik,JavaScript
67108,Информационные технологии,Это дистанционный курс по информационным технологиям,,False,205,,4.7,6,stepik,JavaScript
67350,OLD WEB \ Изучаем программирование на JavaScript — Stepik,"Пожалуйста, соблюдайте логику=)
 Курс о том как научиться решать задачи по программированию.",,False,69,,5.0,1,stepik,JavaScript
70099,Программирование начального уровня. JavaScript — Stepik,"Цель курса –  дать базовое представление о программировании, создать свою первую программу на JavaScript",,False,3997,,3.8,68,stepik,JavaScript
86379,Полный курс по JavaScript - понимаем тонкости языка,Освой JavaScript на уровне Senior и получи желаемую должность. Практика на примерах из реальных проектов.,,False,5,2900,,,stepik,JavaScript
93385,Academlo - JavaScript Course — Stepik,"JavaScript course. Created: Feb 19, 2021, 2:03:11 PM.",,False,1641,,4.9,22,stepik,JavaScript
93753,Старт програмування — Stepik,"Очікуваний результат: 
 Засвоєння принципів технології навчання програмуванню
 Вміння кодувати на 3 мовах на рівні алгоритмічних структур
 Освоєння принципів навчання та базових навичок в іт напрямі
 Можливість не лише орієнтуватись в мовах програмування, але й вибрати свій напрям",,False,644,,4.3,3,stepik,JavaScript
94230,JS_white — Stepik,,,False,129,,,,stepik,JavaScript
94996,Academlo Módulo Nodejs,Ejercicios lógicos y ejercicios de nodejs para el módulo desarrollo backend.,,False,85,,,,stepik,JavaScript
95448,"NestJS — с нуля, современный backend на TypeScript и Node JS","Полный курс по современному Backend на NodeJS, TypeScript и MongoDB с использованием лучший практик и фреймворка NestJS!",Начальный уровень,True,335,3999,4.7,9,stepik,JavaScript
95964,Основи програмування на JavaScript — Stepik,Основи програмування на JavaScript,,False,80,,4.8,4,stepik,JavaScript
97227,Three.js,"Я решил сделать этот курс так как на русском сегменте интернета практический нет никакой информации по этой библиотеке, данный курс создан по документации библиотеки three.js для javaScript'a, для анимаций, пока что в нём я просто перевёл всю документацию, но позже в течение 2~3 недель появятся задания, и прочее...",,False,1912,,2.8,4,stepik,JavaScript
101074,Планировщик задач Gulp 4,"Освойте работу с планировщиком задач Gulp 4 и сделайте свою работу комфортнее и быстрее. Настройте сборщик для работы с Pug, Less, Sass, Stylus, Type Script, Coffee Script и другими современными технологиями.",Средний уровень,True,45,290,5.0,8,stepik,JavaScript
101425,Babylon.js  — Stepik,"Курс создан по документации Babylon.js — это легковесный кроссбраузерный JavaScript-фреймворк, использующий API WebGL для отображения 2D и 3D-графики в браузере без использования каких-либо сторонних плагинов и дополнений. Babylon.js использует элемент HTML5 Canvas.",Средний уровень,False,940,,5.0,1,stepik,JavaScript
104047,Создание Веб-сайтов и приложений v2.0,"В данном курсе рассмотрим основные моменты по созданию веб-сайтов. Начнём с выбора хостинга, доменного имени, выбора системы управления содержимым, изучим основные модули и компоненты. Создадим полноценный собственный вебсайт.",,False,28,,,,stepik,JavaScript
108924,"Уроки веб-программирования для детей: HTML, CSS и JavaScript — Stepik","Узнайте, как устроены сайты и как они разрабатываются.",,False,468,,5.0,13,stepik,JavaScript
109663,Web-технологии: практический курс CSS,"Курс рассчитан на тех, кто уже знаком с HTML и CSS на базовом уровне. Если вы знаете, что такое селектор класса, но такие вещи как анимация, transitions, фильтры и многое другое пугают - вы по адресу!",Средний уровень,True,94,1699,5.0,12,stepik,JavaScript
111360,Основи програмування Py+JS — Stepik,"Про курс Ідея курсу в тому, щоб через практику на прикладі ефективної технології навчання програмуванню де основні принципи програмування розгляда.ться одразу на 3 мовах: Python та JavaScript, , що дозволяє зробити швидкий старт в програмуванні Що чекає на курсі? ·   	засвоєння принципів технології навчання програмуванню; ·   	вміння писати програми  на 2 мовах на рівні алгоритмічних структур; ·   робота з GUI основи web - програмування  створення власних проектів  Для кого цей курс:  14+ З наявністю попереднього досвіду в програмуванні на одній з цих мов 12+",,False,23,,,,stepik,JavaScript
113714,Redux для управления состоянием React-приложений — Stepik,Освойте принцип работы Redux — на классическом и современном вариантах использования. 2 проекта внутри.,Средний уровень,False,911,2950,5.0,31,stepik,JavaScript
113870,Bogate interfejsy webowe (nst) — Stepik,"Zadania laboratoryjne z przedmiotu Bogate interfejsy webowe prowadzone na kierunku Informatyka (studia niestacjonarne) w Polsko-Japońskiej Akademii Technik Komputerowych, filia w Gdańsku",Средний уровень,False,158,,5.0,1,stepik,JavaScript
116105,Homework — Stepik,,Начальный уровень,False,91,,,,stepik,JavaScript
118590,Ember.js — Stepik,"Данный курс предназначен как для начинающих, так и для практикующих фронтенд-разработчиков, которые хотят научиться использовать JavaScript-фреймворки в своей профессиональной деятельности. Обучение будет проходить на примере работы с фреймворком Ember.js.",Начальный уровень,False,3,1999,,,stepik,JavaScript
119483,Podstawy języka JavaScript - zdolni z pomorza — Stepik,,Начальный уровень,False,49,,,,stepik,JavaScript
121498,Профессия веб верстальщик. Пакет из 2-х курсов-веб разработке — Stepik,"В этом пакете из 2-х курсов, вы найдете все о современной верстке сайтов.Быстрый старт в профессию веб разработчик! 
 Цена на пакет курсов ниже на 20% чем если бы вы приобретали курсы отдельно.",Начальный уровень,False,781,5190,5.0,13,stepik,JavaScript
122729,JavaScript: от теории к практике — Stepik,"Если вы хотите изучить язык программирования JavaScript, но не знаете, с чего начать, наш курс - идеальное решение для вас. Мы начинаем обучение с самых азов и не требуем никаких предварительных знаний, ну почти :)  Вы узнаете все о переменных, условиях, циклах, массивах, строках, функциях, объектах и коллекциях.Ваш успех - наш приоритет, поэтому мы предоставляем множество практических заданий, чтобы вы могли отработать полученные знания и уверенно продолжать свой путь в программировании.",Начальный уровень,False,12,3200,5.0,1,stepik,JavaScript
123508,Демоверсия курса «Frontend» школы karpov.courses,"8 уроков по frontend-разработке, которые помогут прокачаться в важных темах, получить инсайты от фронтендеров из топовых компаний и ознакомиться с форматом обучения в полной версии курса.",Средний уровень,False,1865,,5.0,2,stepik,JavaScript
125441,Frontend Development — Stepik,Wykład oraz zadania laboratoryjne z przedmiotu Technologie front-end prowadzone na kierunku Informatyka w Uniwersytecie Gdańskim,,False,638,,5.0,3,stepik,JavaScript
129968,Работа с платформой ROBIN RPA. Продвинутый курс. — Stepik,"Курс предназначен для углубленного изучения возможностей технологий роботизации бизнес-процессов, RPA (Robotic Process Automation) на базе платформы ROBIN RPA.",Средний уровень,False,788,,4.6,7,stepik,JavaScript
130339,JavaScript Advanced — продвинутые концепции языка и ООП,"Продвинутый курс по JavaScript с погружением в ООП, асинхронность, Event Loop, модульность, структуры данных и сборку.",Средний уровень,True,288,3999,4.9,12,stepik,JavaScript
134100,jQuery от А до Я. Библиотека языка JavaScript. Для начинающих. — Stepik,"jQuery - это популярная JavaScript библиотека, благодаря которой вы можете быстрее и надежнее создавать скрипты для ваших сайтов, например: слайдеры, фотогалереи, модальные окна, адаптивные меню, анимации и многое другое.  Курс рассчитан на  начинающих веб-разработчиков, знакомых с основами языка JavaScript. В курсе будут рассмотрены такие понятия как: выборка элементов на странице, работа с DOM, событийная модель, анимации и эффекты, работа с AJAX и JSON, валидация форм, создание своего плагина и мн. др.",Начальный уровень,False,533,,3.7,3,stepik,JavaScript
139223,Technologie Internetu (TIN - dz),"Kurs dotyczący wykorzystania języka znaczników HTML, kaskadowych arkuszy stylów CSS oraz języka JavaScript do tworzenia interaktywnych aplikacji internetowych.",Начальный уровень,False,149,,5.0,2,stepik,JavaScript
139224,Technologie Front-end — Stepik,Wykład oraz zadania laboratoryjne z przedmiotu Technologie front-end prowadzone na kierunku Informatyka w Uniwersytecie Gdańskim,Начальный уровень,False,259,,,,stepik,JavaScript
158971,JavaScript (lite) — Stepik,"Курс JavaScript Lite предназначен для тех, кто хочет изучить язык программирования JS и научиться создавать динамические Web-страницы и интерактивные приложения с помощью языка программирования JavaScript.",Начальный уровень,False,72,580,4.4,7,stepik,JavaScript
174470,React Native Quickstart: освой мобильную разработку за 10 часов — Stepik,"Курс, где всего за 4 часа вы сделаете успешный старт в разработке мобильных приложений на React Native. Это 15 уроков, 4 часа видео без воды, 65 тестовых вопросов, 20 интерактивных задач по JavaScript, TypeScript, React Native и Git. После прохождения курса вы сможете создавать свои пет-проекты, попасть на стажировку или взять первый проект на фрилансе и заработать!  Бонус - полезная и информативная методичка, которая навсегда останется незаменимым помощником в разработке! 🎁",Средний уровень,False,47,3490,3.5,2,stepik,JavaScript
175308,Старт карьеры в IT. Front-end разработчик сайтов с нуля.,"В этом пакете из 2-х курсов, вы найдете все для старка карьеры в IT в качестве Front-end web разработчика. Быстрый старт в IT! 
 Цена на пакет курсов ниже на 20% чем если бы вы приобретали курсы отдельно.",Начальный уровень,False,458,5490,5.0,8,stepik,JavaScript
176603,Интерактивная презентация средствами ReactJS в браузере — Stepik,"По результату завершения курса Вы научитесь делать полноценную интерактивную презентацию с переключением слайдов и анимациями в виде веб-приложения, которая будет адаптирована под различные устройства. В курсе не будет рассмотрено портирование под Internet Explorer.",Средний уровень,False,502,,3.0,2,stepik,JavaScript
178084,Technologie backendowe,"Zapraszamy na kurs ""Technologie Backendowe"", gdzie uczestnicy zyskają umiejętności potrzebne do projektowania i implementacji efektywnych i skalowalnych aplikacji typu REST API. Kurs został zaprojektowany z myślą o programistach znających język JavaScript, którzy chcą pogłębić swoją wiedzę w zakresie technologii backendowych, wykorzystując Node.js i MongoDB.",Начальный уровень,False,110,,,,stepik,JavaScript
180789,Профессия Frontend-разработчик,"Мечтаете о карьере в IT? Пакет курсов ""Профессия Frontend-разработчик"" - ваш билет в мир веб-разработки! За 6 курсов вы пройдете путь от новичка до профессионала. Вы освоите HTML, CSS, JavaScript, TypeScript и React, научитесь работать с API и инструментами разработчика. Создайте портфолио реальных проектов и станьте востребованным специалистом! Курс ведет опытный разработчик, готовый поделиться секретами профессии.",Начальный уровень,False,386,12550,5.0,5,stepik,JavaScript
182592,GameDev JavaScript - Od wisielca do platformówki — Stepik,"Kurs ""GameDev JavaScript - Od wisielca do platformówki"" to kompleksowy przewodnik po świecie tworzenia gier w języku JavaScript.  Kurs ten jest przeznaczony dla początkujących użytkowników, którzy chcą poszerzyć swoją wiedzę o tworzeniu gier w JavaScript. Uczestnicy nauczą się nie tylko technicznych aspektów tworzenia gier, ale także zdobędą umiejętności niezbędne do tworzenia angażujących i zabawnych doświadczeń dla graczy.",Начальный уровень,False,74,,,,stepik,JavaScript
187189,Пакет Frontend-Разработчик,"Станьте профессиональным Frontend-разработчиком с нашим пакетом курсов! Изучайте HTML, CSS, JavaScript, VS Code, Figma и Git, создавайте красочные и интерактивные веб-сайты.",Начальный уровень,False,97,2180,,,stepik,JavaScript
187192,Пакет FullStack-Разработчик,"Поднимите навыки разработки на новый уровень с нашим комплексным пакетом курсов. Изучайте HTML, CSS, JS, Figma для Frontend и PHP, Git, SQL для Backend. Станьте полноценным Full Stack-разработчиком.",Начальный уровень,False,53,3680,4.3,3,stepik,JavaScript
191652,JavaScript (pro),"Курс ""JS PRO"" — это уникальная программа, предназначенная для тех, кто стремится стать настоящим профессионалом в области JavaScript. Вы получите практические навыки в разработке веб-приложений, а также понимание основных концепций языка.",Начальный уровень,True,358,1280,4.3,9,stepik,JavaScript
192049,"""3D игры в бразуере"" Разработка игр на Javascript и Babylon.js","Посмотрите процесс создания игры 3D шутера с нуля, с помощью Javascript и библиотеки Babylon.JS, в который можно играть в браузере, на любом устройстве. В курсе будут затронуты многие темы из разработки игр: компонентная система, машина состояний, реактивные свойства, поиск пути, немного 3D математики. Больше всего курс подойдет для начинающих JavaScript разработчиков, также будет интересен любым другим,  кому интересна разработка игр в браузерах.",Средний уровень,False,12,490,,,stepik,JavaScript
195283,Верстка сайтов HTML CSS. Создание сайтов. Легкий уровень,Практический курс по созданию сайтов HTML CSS с самого нуля. Этот курс - быстрый старт в профессию Веб Разработчик,Начальный уровень,False,29,2490,5.0,1,stepik,JavaScript
197681,Aplikacje Bazodanowe — Stepik,"Ten kurs wprowadza w świat JavaScript, Node.js, Express.js, Passport.js oraz Mongoose, kładąc nacisk na tworzenie aplikacji webowych z wykorzystaniem baz danych relacyjnych lub MongoDB. Uczestnicy nauczą się budować dynamiczne serwery i zarządzać autentykacją, zdobywając praktyczne umiejętności w projektowaniu i implementacji zaawansowanych rozwiązań webowych. Idealny dla osób z podstawową wiedzą programistyczną, chcących rozwinąć swoje kompetencje w tworzeniu aplikacji internetowych.",Начальный уровень,False,76,,5.0,2,stepik,JavaScript
198101,"Создание сайтов на Python Flask + HTML, CSS, JS","Этот онлайн-курс посвящен разработке веб-сайтов с использованием Python и Flask. Вы познакомитесь с основами веб-разработки, научитесь создавать динамические веб-приложения. Курс охватывает все от HTML и CSS до продвинутых тем, таких как аутентификация пользователей.",Средний уровень,True,43,1090,3.4,7,stepik,JavaScript
200297,JavaScript: самый быстрый курс,"Перед Вами самый быстрый курс по JavaScript, тут есть все что нужно чтобы начать программировать на JS. Для тех кому некогда, но очень надо выучить JS или подтянуть базу перед собеседованием. Мы отвечаем на все ваши комментарии и вопросы в курсе.",Начальный уровень,True,98,1890,4.7,3,stepik,JavaScript
200559,Wstęp do programowania JavaScript (PL/UA) — Stepik,"Wstęp do programowania: JavaScript"" to kurs, który wprowadza w świat programowania przy użyciu JavaScript. Jest idealny dla początkujących i osób z podstawową wiedzą, chcących zgłębić JavaScript. Uczestnicy nauczą się składni JavaScript, tworzenia interaktywnych stron, podstaw programowania asynchronicznego i rozwoju projektów. Kurs zapewnia elastyczność, bogate zasoby edukacyjne i wsparcie społeczności, przygotowując do roli front-endowego lub full-stack developera.",Начальный уровень,False,49,,5.0,2,stepik,JavaScript
201640,Frontend разработка,"Вы сможете создавать frontend приложения любой сложности, от простых посадочных страниц до полноценных интернет магазинов и SAAS платформ. За счёт современного стека технологий, вы получите только актуальные знаний, которые пригодятся вам в работе.",,False,16,20000,3.5,2,stepik,JavaScript
201642,Backend разработка,"Node.js — это среда выполнения JavaScript на backend, спроектированная для построения масштабируемых сетевых приложений. На текущий момент его используют уже не только для создания backend for frontend, но и для написания полноценных backend приложений, микросервисов и парсеров сайтов.",,False,20,20000,,,stepik,JavaScript
203979,IT-Старт: Четыре Первых Шага к Профессии Программист,"Эта программа для тех, кто хочет попробовать себя в сфере айти. Пройдя четыре базовых курса Вы получите первые теоретические и практические знания и навыки в области программирования, веб и мобильной разработки. Сможете понять насколько Вам интересна айти разработка и стоит ли глубже погружаться в эту область. Мы начнем с азов и постепенно перейдем к более сложным темам, чтобы Вы смогли сначала научиться программировать, а затем использовать эти знания при разработке своих веб-сайтов и мобильных приложений.",Начальный уровень,False,4,14350,,,stepik,JavaScript
204117,Пакет курсов JavaScript и React разработчика,"Пакет из 4-х курсов для тех, кто хочет освоить востребованные инструменты для веб-разработки. JavaScript, React, Redux и создание тестов к ним. В рамках курсов вы не только изучите необходимую теорию, но и создадите несколько проектов, которые пригодятся для портфолио.",Начальный уровень,False,120,7900,,,stepik,JavaScript
204402,Основы JavaScript для начинающих — Stepik,Хотите освоить один из самых популярных языков программирования и создавать интерактивные веб-приложения? Присоединяйтесь к курсу и станьте уверенным разработчиком в сфере веб-технологий!,Начальный уровень,False,2,1190,,,stepik,JavaScript
204886,Junior FullStack Developer: Python+JavaScript (быстрый курс) — Stepik,"Этот набор курсов является специализацией для того чтобы с 0 дойти до уровня Junior FullStack Developer. Программа для тех кому некогда, но очень надо выучить JS и Python или подтянуть базу перед собеседованием. Мы отвечаем на все ваши комментарии и вопросы в курсе.",Начальный уровень,False,24,2240,5.0,1,stepik,JavaScript
208811,Программа курсов: Фронтенд-разработка,"Программа включает пять курсов, охватывающих разные аспекты создания современных веб-приложений с нуля. Вы изучите базовые элементы веб-разметки и стилизации, язык программирования JavaScript от основ синтаксиса до практики написания фронтенд-приложений, а также познакомитесь с библиотекой React для создания динамичных интерфейсов и фреймворком Bootstrap 5 для быстрой разработки адаптивных сайтов. Курсы разработаны признанными экспертами, известными авторами Stepik.",Начальный уровень,False,120,10000,,,stepik,JavaScript
209332,Zustand — State менеджер для React,"рс по работе со state менеджером Zustand на TypeScript. Курс подойдёт тем, кто только начинает свой путь во frontend и уже освоил React, а также тем, кто структурировать свои знания по Zustand.",Средний уровень,True,26,3999,5.0,2,stepik,JavaScript
209386,Javascript. Часть 3 (Массивы и циклы) — Stepik,"Данный курс покрывает базовые темы, а именно работу с массивами и итерируемыми объектами, циклами и связанными операторами. Курс ориентирован на получение практических навыков в разработке и глубоком понимании того, как работает Javascript и почему. После каждого блока теории предлагается закрепить результат тестами и практическими задачами на программирование. Так что даже если у вас нет опыта программирования, курс для вас будет понятным и точно полезным.",Начальный уровень,False,81,1150,5.0,6,stepik,JavaScript
209740,Javascript. Часть 4 (Работа с объектами),"На этом курсе вы узнаете, как эффективно работать с объектами в JavaScript. Вы изучите основы создания объектов, научитесь добавлять и изменять их свойства и методы. Курс также охватывает использование функций в качестве значений в объектах и понимание ключевого слова this. 
 
 Присоединяйтесь и станьте экспертом в работе с объектами в JavaScript!",Начальный уровень,True,59,1150,5.0,6,stepik,JavaScript
210886,Мобильная разработка,"Вы сможете создавать мобильный приложения любой сложности на React Native под iOS и Android. За счёт современного стека технологий, вы получите только актуальные знаний, которые пригодятся вам в работе.",,False,5,20000,,,stepik,JavaScript
211168,DevClub: Web-2 (JavaScript для детей) [ > 80 задач ],"Курс создан для закрепления знаний, получаемых на очных занятиях. В курсе описаны легкие примитивы и интересные моменты.",Начальный уровень,False,34,300,,,stepik,JavaScript
212445,Программирование на JavaScript для начинающих — Stepik,"JavaScript — это ключ к созданию интерактивных и динамичных веб-страниц, позволяющий превращать статичный контент в увлекательные пользовательские интерфейсы.
 
 Научившись основам этого языка, вы сможете реализовать свои идеи в реальных проектах и сделать свои веб-приложения живыми и функциональными.",Начальный уровень,False,508,499,4.3,3,stepik,JavaScript
214976,JavaScript: Тест на Мастера — Stepik,"""JavaScript Тест на Мастера"" — это курс, состоящий только из тестов, который поможет вам проверить и улучшить свои навыки программирования на JavaScript. Без теории, только практика! Вас ждут вопросы по ключевым темам JS: функции, замыкания, объекты, промисы и многое другое. Идеально подходит для разработчиков, которые хотят проверить свои знания или подготовиться к интервью. Пройдите тесты, выявите слабые места и станьте мастером JavaScript!",Средний уровень,False,5,499,,,stepik,JavaScript
216887,React (lite),"Курс React lite — это всё, что нужно для старта в веб-разработке. Вы начнете с основ интернета, HTML и CSS, освоите адаптивную верстку, Flexbox, Grid, и ключевые методологии для работы с кодом. Затем изучите Git для контроля версий.
 
 Основная часть курса посвящена JavaScript: от базовых конструкций до работы с асинхронностью, DOM и API. Вы также познакомитесь с Tailwind и Sass для стилизации, и научитесь работать с React — одним из самых востребованных инструментов для создания веб",Начальный уровень,True,8,3050,,,stepik,JavaScript
218343,Базовые навыки программирования JavaScript — Stepik,"Курс ""Базовые навыки программирования JavaScript"" познакомит вас с основами одного из самых популярных языков программирования. Вы освоите синтаксис JavaScript, работу с переменными, условиями, циклами, функциями и коллекциями данных. Курс включает лекции, практические задачи и тесты, что позволит вам не только изучить теорию, но и закрепить знания на практике. Курс подходит для начинающих, желающих погрузиться в мир веб-разработки.",Средний уровень,False,45,,,,stepik,JavaScript
220637,FullStack Developer and Data Scientist (Python+JS+Data) — Stepik,"Этот набор курсов является специализацией для того чтобы с 0 дойти до уровня Junior FullStack Developer, плюс специализация Data Scientist для анализа данных и работы с Big Data. Программа для тех кому некогда, но очень надо выучить JavaScript, Python, Dats Science (NumPy, Pandas, визуализация данных и введение в машинное обучение) или подтянуть базу перед собеседованием. Мы отвечаем на все ваши комментарии и вопросы в курсе.",Начальный уровень,False,7,2400,,,stepik,JavaScript
220642,FullStack Developer and Data Scientist (Python+JS+Data+CookBook) — Stepik,"Этот набор курсов является специализацией для того чтобы с 0 дойти до уровня Junior FullStack Developer, плюс специализация Data Scientist для анализа данных и работы с Big Data. Программа для тех кому нужно выучить JavaScript, Python, Dats Science (NumPy, Pandas, визуализация данных и введение в машинное обучение) или подтянуть базу перед собеседованием. В программу включен нескучный курс по Python для тренировки навыков. Мы отвечаем на все ваши комментарии и вопросы в курсе.",Начальный уровень,False,19,3450,,,stepik,JavaScript
221392,Грокаем JavaScript,"Курс «Грокаем JavaScript» — это системное и фундаментальное погружение в язык, рассчитанное на разработчиков, которые хотят выйти за пределы прикладного использования и овладеть инструментами на уровне понимания архитектуры и принципов работы JavaScript. Это не «курс по синтаксису» и не «обзор новых возможностей». Здесь мы разберём, почему язык устроен именно так, как он устроен, какие проблемы решают его ключевые концепции и как применять это понимание в работе и на собеседованиях.",Средний уровень,True,10,4999,,,stepik,JavaScript
223246,Javascript для начинающих,"Освойте JavaScript с нуля и научитесь уверенно работать с одним из самых популярных языков программирования. Курс подходит для начинающих, охватывает базовые концепции, структуры данных, функции, работу с объектами и массивами. Без привязки к HTML и библиотекам, вы сосредоточитесь на понимании языка как самостоятельного инструмента. Идеально для тех, кто хочет начать программировать или углубить свои знания.",Начальный уровень,False,24,3600,5.0,1,stepik,JavaScript
223753,"# 1 Введение в JavaScript, переменные, операторы выражения — Stepik","Этот курс знакомит с основами JavaScript, одного из самых популярных языков программирования. Вы изучите переменные, операторы и выражения, необходимые для создания интерактивных веб-приложений. Курс идеально подходит для начинающих, знакомых с другими языками программирования или с основами программирования.",Средний уровень,False,125,,5.0,2,stepik,JavaScript
223754,"# 2 JavaScript условные операторы, циклы, функции — Stepik","Этот курс углубит ваше понимание JavaScript, сосредоточив внимание на условных операторах, циклах и функциях. Вы научитесь принимать решения в коде, выполнять повторяющиеся действия и создавать многократно используемые блоки кода, что является основой для разработки интерактивных веб-приложений.",Средний уровень,False,34,,,,stepik,JavaScript
223755,"# 3 Массивы и объекты, события и DOM, исключения в JavaScript — Stepik","Этот курс охватывает работу с массивами и объектами, а также изучение взаимодействия с документом через DOM и обработку событий в JavaScript. Вы также научитесь управлять ошибками с помощью исключений. Курс предоставляет важные инструменты для создания динамических и интерактивных веб-страниц.",Средний уровень,False,38,,,,stepik,JavaScript
224326,Проверка знаний в программировании на разных языках,"Этот курс направлен на проверку знаний и навыков программирования на нескольких языках. Он включает задания по ключевым концепциям программирования, таким как работа с переменными, операторами, циклами, функциями, а также задачи на работу с файлами, коллекциями данных и обработку ошибок.",Начальный уровень,False,36,,,,stepik,JavaScript
227221,ROBIN. Работа программных роботов в браузерах,"Цель курса - дать практические навыки работы с браузерами в схемах роботов на платформе ROBIN, с использованием XPath, CSS.  Курс расширит знания специалистов, которые разрабатывают программных роботов на платформе ROBIN.  В курсе приведена исчерпывающая информация о работе браузерами, приведено множество практических примеров использования действия по работе с браузерами.",Начальный уровень,False,141,,5.0,2,stepik,JavaScript
227788,Web Frontend разработка с React,"Три курса посвящены фронтенд разработке. Первая два: вёрстке, третий - React, самой популярной фронтенд-библиотеке.",Начальный уровень,False,15,1990,,,stepik,JavaScript
228315,"Вёрстка сайта с нуля • JSX, SCSS, JS, Vite, Minista, БЭМ","Уже знаете HTML, CSS и JavaScript? Примените знания на практике — шаг за шагом разработайте фронтенд для веб-приложения на современном стеке технологий! В курсе вас ждет много сложной вёрстки, тысячи строк качественного JavaScript-кода и крутейшая SSG-сборка с JSX-шаблонизатором на борту. Достойный проект для портфолио и мощная тренировка перед тем, как погрузиться в дальнейшее изучение фронтенд-фреймворков!",Средний уровень,True,738,1999,5.0,36,stepik,JavaScript
231033,Создание веб-игры с Django + Phaser 🎮 — Stepik,"🎮 Освойте Django и Phaser, создавая свою веб-игру!
 В этом курсе мы создадим браузерную 2D-игру — с сохранением прогресса, регистрацией и аутентификацией игроков! 🎯
 
 Это не просто курс, а полноценный воркшоп, где Вы сразу изучите множество инструментов! Вы пройдёте полный путь создания веб-игры с нуля: от идеи до запуска в интернете.",Средний уровень,False,10,1499,5.0,2,stepik,JavaScript
232405,Простые задачки JavaScript — Stepik,"Если вы уже знаете основы JavaScript, но хотите попрактиковаться и улучшить свои навыки программирования, то этот курс именно для вас.",Средний уровень,False,4,590,,,stepik,JavaScript
232930,Drupal 10: Разработка модулей — Stepik,"Курс посвящен изучению Drupal 10 и направлен на развитие навыков создания пользовательских модулей. Участники получат знания по архитектуре Drupal, освоят ключевые API и подсистемы, такие как Routing, Entities, Fields, Views, Forms и Services.",Средний уровень,False,2,2410,,,stepik,JavaScript
235612,JavaScript (mini),"JavaScript (mini) — компактный курс для уверенного старта в веб-разработке.
 
 Вы узнаете, как устроен Интернет, что такое DNS, хостинг и браузеры. Освоите работу в редакторе кода VS Code.
 Затем — погружение в JavaScript: от базового синтаксиса до функций, массивов, объектов, замыканий и работы с DOM.
 Разберётесь, как хранить данные в браузере через Local Storage.
 В финале — практический проект, в котором вы соберёте всё воедино.
 
 Курс подойдёт тем, кто хочет быстро освоить базу JavaScript без лишней теории.",Начальный уровень,False,369,,1.0,1,stepik,JavaScript
238175,Шувалик Веб-Прог Frontend  (курс по веб-программированию),Практичный курс по базовым вещам frontend-а  в веб-разработке для новичков.  Мы в месте с тобой по шагам от урока к уроку изучим всё необходимое для старта в веб-программировании.,Начальный уровень,False,1,3200,5.0,1,stepik,JavaScript
242073,Typescript для начинающих,"🚀 Полный путь освоения TypeScript — от основ до продвинутых техник. 🔧 Вы научитесь уверенно работать с типами, строить масштабируемую архитектуру и применять дженерики в реальных проектах. 📚 Курс разбит на 4 части, чтобы вы шаг за шагом прокачивали навыки без перегруза. ✅ TypeScript станет вашим инструментом для надёжного, читаемого и предсказуемого кода.",Начальный уровень,False,9,3150,,,stepik,JavaScript
243415,Грокаем React — Stepik,"Курс для тех, кто хочет понимать, а не просто использовать.   React — одна из самых популярных библиотек для разработки пользовательских интерфейсов. Но большинство материалов в интернете сводятся к демонстрации «как это работает» без объяснения «почему это работает именно так». Курс «Грокаем React» создан для разработчиков, которые стремятся выйти за рамки использования и разобраться в архитектуре и внутренней механике React.",Средний уровень,False,4,4999,,,stepik,JavaScript
244753,Базовые алгоритмы с примерами на JavaScript и TypeScript — Stepik,"Данный курс - это моя попытка адаптировать книгу ""Грокаем Алгоритмы"" для разработки на JavaScript и TypeScript",Начальный уровень,False,50,,5.0,1,stepik,JavaScript
249000,Основы JavaScript: для новичков — Stepik,"Курс «Основы JavaScript» предлагает последовательное знакомство с базовыми концепциями языка программирования JavaScript. В рамках курса рассматриваются основы синтаксиса, переменные, условия, циклы, функции, массивы и объекты.",Начальный уровень,False,4,499,,,stepik,JavaScript
249305,MERN стек: современная веб-разработка от клиента до сервера,"Освой MERN стек — один из самых востребованных стеков в веб-разработке. React, Node.js, Express и MongoDB + TypeScript — всё, что нужно, чтобы создавать полнофункциональные приложения от клиента до сервера. Практика, проекты, четкая структура и современный подход.",Средний уровень,False,18,8750,,,stepik,JavaScript
250427,AI на Django и Next II — Stepik,"Достраиваем проект до продакшена: Django + Next, полная авторизация (классическая через бэкенд + Google на фронте), динамически обновляемые ИИ-модели (код/текст/изображения), голосовой ввод/озвучка, и деплой: Render (бэк и фронт) + Pages (витрина из Части I). В итоге — ваш собственный LLM-агрегатор, развёрнутый и готовый к работе.",Средний уровень,False,1,1490,5.0,1,stepik,JavaScript
250497,Практикум по JavaScript — Stepik,"Интерактивный тренажёр по JavaScript для продолжающих: практические задачи по ядру языка, структурам данных и управлению асинхронностью. Каждое задание — краткая теория, пример, шаблон кода и автопроверка.",Средний уровень,False,5,1290,,,stepik,JavaScript
251418,JavaScript — Stepik,"Данное тестирование направлено на проверку знаний и навыков работы с языком программирования JavaScript. Оно включает вопросы теоретического и практического характера, позволяющие оценить понимание основ синтаксиса, работы с переменными и прочего.",,False,36,,,,stepik,JavaScript
252382,Nuxt — fullstack Vue фреймворк,"В этом курсе мы познакомимся с Nuxt — веб-фреймворком на Vue. Курс будет максимально практическим, так как мы всё будем изучать, создавая интернет-магазин и сразу применяя полученные знания на практике. Для проекта подготовлено множество макетов и готовое API, которое вы сможете запустить локально.",Средний уровень,True,10,3999,5.0,2,stepik,JavaScript
255035,Frontend: быстрый вход,"🚀«Frontend: быстрый вход» — это старт в веб-разработку без лишней воды
 Ты шаг за шагом освоишь JavaScript от простых конструкций до работы с массивами и объектами 🧩, научишься уверенно пользоваться Git для командной работы 🛠️ и подтянешь английский так, чтобы грамматика перестала мешать в IT 💬. Всё в одном пакете: теория + задачи + практика = уверенный старт в профессии!»",Начальный уровень,True,2,7400,,,stepik,JavaScript
257218,TypeScript в Frontend. Мастер-класс — Stepik,"Мастер-класс по TypeScript для разработчиков: разбор типичных ошибок, ключевых понятий и лучших практик использования языка на практике.",Средний уровень,False,5,326,,,stepik,JavaScript
257389,JavaScript — Stepik,"Полный курс по JavaScript: от основ синтаксиса и переменных до работы с функциями, объектами, массивами, DOM и JWT. Вы научитесь писать интерактивные веб-приложения и понимать, как работает современный фронтенд.",Начальный уровень,False,2,199,,,stepik,JavaScript
258920,Создаём Telegram-бота на Node.js с нуля — Stepik,"На этом курсе вы шаг за шагом научитесь создавать Telegram-бота на Node.js с использованием библиотеки Telegraf.  Мы вместе разработаем простого бота-синоптика, который будет показывать погоду по запросу пользователя. Курс рассчитан на начинающих: все объясняется максимально доступно, не требуется опыт в программировании.  По итогам курса вы сможете сделать собственного Telegram-бота для решения различных задач",Начальный уровень,False,49,,,,stepik,JavaScript
4852,Введение в Data Science и машинное обучение,"Курс знакомит слушателей с основами машинного обучения и рассчитан в первую очередь на тех слушателей, которые только начинают свой путь в Data Science. Мы подробно разберем основные теоретические понятия, а также начнем знакомство с библиотеками Pandas и Scikit-learn — наиболее популярными инструменатами для анализа данных и машинного обучения, используя язык программирования Python.",Начальный уровень,True,160335,,4.9,1296,stepik,Машинное обучение и наука о данных
209247,"Добрый, добрый ИИ. Часть 1. Машинное обучение","Машинное обучение - это фундамент и неотъемлемая часть более широкого направления под названием ""Искусственный интеллект"". Сейчас это передний край научно-технического прогресса и одна из самых востребованных сфер деятельности: Data Science и Data Engineering. Этот курс позволит вам сделать первые шаги в этом направлении.",Начальный уровень,True,21649,,5.0,67,stepik,Машинное обучение и наука о данных
250969,"Deep Learning (семестр 1, осень 2025) — Stepik","Курс посвящен введению в глубокое обучение, нейросети и компьютерное зрение. Начинаем с основ машинного и глубокого обучения, переходим к CNN для обработки картинок, заканчиваем работой с генеративными моделями, такими как GANs.  Курс состоит из лекций, семинаров и домашних заданий. В течение курса вам предстоит много практики, а в конце — самостоятельный итоговый проект. Преподаватели школы — ведущие специалисты российских и зарубежных IT-компаний и научные сотрудники исследовательских компаний.",Средний уровень,False,5259,,4.8,4,stepik,Машинное обучение и наука о данных
125501,Практический Machine Learning,"В курсе изучаются классические и продвинутые алгоритмы машинного обучения, подробно разбираются математические обоснования изучаемых методов.",Начальный уровень,True,2453,3900,5.0,61,stepik,Машинное обучение и наука о данных
3356,Практикум по математике и Python,Практикум для начинающих осваивать Python с наборами дополнительных задач и материалов для углублённого и более детального изучения программирования и математики. Подходит для отработки навыков при обучении анализу данных.,Средний уровень,True,67074,,4.8,169,stepik,Машинное обучение и наука о данных
125587,Курс по машинному обучению. Проект «ИИ Старт»,"На курсе вы познакомитесь с искусственным интеллектом и машинным обучением на языке Python. Мы погрузим в основы математики для Data Science и библиотеки для работы с данными, разберём алгоритмы и методы создания моделей ИИ, а затем перейдём к практике — её будет много.",Начальный уровень,False,34179,,4.4,42,stepik,Машинное обучение и наука о данных
50352,Нейронные сети и компьютерное зрение,"Почему стоит начать изучение машинного обучения и нейронных сетей с нашего курса? Наш девиз ""Больше практики!"":  излагая математические основы очень доступным языком, авторы курса, эксперты Samsung AI Center дадут базовые знания на примере решения задач компьютерного зрения. Это зрелищно и интересно!",Средний уровень,True,93475,,4.8,475,stepik,Машинное обучение и наука о данных
129449,Машинное Обучение в Python: Большой Курс для Начинающих,"50+ часов видео-лекций и много практических заданий! 👍  Победитель Stepik Awards в номинации ""Прорыв года""! 🏆  Этот курс - лучший способ начать с нуля и стать специалистом по Машинному Обучению в Python! Библиотеки NumPy, Pandas, Matplotlib, Seaborn, Scikit-Learn и многое другое.🔥 Оперативная поддержка автора!🔥 Почитайте отзывы и записывайтесь!",Начальный уровень,True,5511,2900,5.0,144,stepik,Машинное обучение и наука о данных
255583,Искусственный интеллект простыми словами — Stepik,В курсе вы узнаете о базовых понятиях искусственного интеллекта и научитесь грамотно пользоваться нейросетями. Эти навыки будут полезны в любой сфере.  Авторы курса — команда Академии искусственного интеллекта для школьников Благотворительного фонда Сбербанка «Вклад в будущее».,Начальный уровень,False,573,,4.7,19,stepik,Машинное обучение и наука о данных
251729,"Deep Learning (семестр 2, осень 2025)","Этот курс предназначен для тех, кто хочет освоить нейросетевые модели для обработки естественного языка (NLP). Вы познакомитесь с ключевыми методами анализа и генерации текстов, такими как трансформеры, RAG и интерпретируемость моделей.  Курс состоит из лекций, семинаров и домашних заданий. В течение курса вам предстоит много практики, а в конце — самостоятельный итоговый проект. Преподаватели школы — ведущие специалисты российских и зарубежных IT-компаний и научные сотрудники исследовательских компаний.",Средний уровень,False,2155,,4.7,3,stepik,Машинное обучение и наука о данных
8057,Машинное обучение,"Слушатели курса узнают, как выглядят большие данные, научатся их обрабатывать: восстанавливать пропущенные значения, удалять аномалии, предсказывать значения признаков. Также слушатели научатся анализировать модели искусственного интеллекта, находить их сильные и слабые стороны, аргументировать свою точку зрения в вопросах, связанных с ИИ. В ходе обучения будут рассмотрены классические модели анализа данных, которые во многих случаях по-прежнему являются эффективными и (что важно) интерпретируемые.",Начальный уровень,True,49523,,4.9,752,stepik,Машинное обучение и наука о данных
54098,Нейронные сети и обработка текста,"Современные методы автоматической обработки текста -- это поиск по смыслу, машинный перевод, чат-боты, построение баз знаний... Как к этому подступиться? Больше практики! Авторы курса, эксперты Центра ИИ Samsung, доступным языком рассказывают, как начать работать с текстами при помощи нейросетей.",Средний уровень,True,51614,,4.8,111,stepik,Машинное обучение и наука о данных
401,Нейронные сети,В рамках данного курса слушатели познакомятся с теоретическими и практическими основами искусственных нейронных сетей. Слушатели научатся применять нейронные сети для решения широкого круга задач из области анализа данных.,Средний уровень,True,100435,,4.1,274,stepik,Машинное обучение и наука о данных
258657,Современный AI в IT-индустрии и науке — Stepik,"Курс даст слушателям представление о том, что можно делать в AI в 2025 году, находясь на разных уровнях владения искусственным интеллектом: от базового уровня до уверенного продвинутого опыта применения AI. Также в рамках курса можно получить практику создания AI-агентов.",Начальный уровень,False,593,,,,stepik,Машинное обучение и наука о данных
179805,Практический Deep Learning — Stepik,"Курс посвящен теоретическим и практическим основам работы с нейронными сетями. В курсе вы узнаете как устроены полносвязные, сверточные и рекуррентные нейронные сети, как они обучаются. Конечно, про трансформеры и attention mechanism вы тоже узнаете! Также вы познакомитесь с фреймворком PyTorch и напишете на нем свои первые нейронные сети.",Средний уровень,False,999,3900,4.9,16,stepik,Машинное обучение и наука о данных
73952,Анализ данных просто и доступно. — Stepik,"Путеводитель в мир анализа данных.  Решая практические задачи, участники познакомятся с основами машинного обучения в увлекательной и доступной форме.",Начальный уровень,False,24541,,4.9,150,stepik,Машинное обучение и наука о данных
126333,Анализ данных (Введение в Python и обработку таблиц),"Просто, доступно и с чувством юмора расскажем как анализировать данные на языке Python и применять машинное обучение для поиска закономерностей в массивах данных.",Начальный уровень,False,14901,,4.9,459,stepik,Машинное обучение и наука о данных
250355,LangChain: c нуля до продакшн LLM-приложений — Stepik,"Практический курс по LangChain. Соберёте продакшн LLM-бота: RAG по PDF с цитатами, веб-поиск и трекинг заказов, многошаговый агент для анализа CSV и финальное веб-приложение (UI + API). Плюс профессиональные блоки: PromptOps и версионирование промптов, метрики качества RAG, гибридный поиск с реранком, observability/стоимость, надёжность (ретраи, таймауты), guardrails и отдельный модуль по LangGraph для устойчивых workflow.",Средний уровень,False,305,8990,4.2,5,stepik,Машинное обучение и наука о данных
100076,Введение в искусственные нейронные сети,"В курсе даётся элементарное введение в теорию искусственных нейронных сетей. Будут изучены основные принципы тренировок нейросетей, а также технологии, обеспечивающие успех таких тренировок.",Начальный уровень,True,17564,,5.0,287,stepik,Машинное обучение и наука о данных
102883,SQL для всех,На курсе вы изучите SQL до уровня написания сложных SQL-запросов и потренируетесь на данных торговой компании в одной из самых популярных систем управления базами данных.,,True,3512,1990,4.9,480,stepik,Машинное обучение и наука о данных
125906,Доверенный искусственный интеллект,"Курс включает в себя изучение проблем обеспечения доверия к искусственному интеллекту и подходов к их решению, а также свойств, качеств доверенного искусственного интеллекта и понятий, непосредственно связанных с  доверием к ИИ, таких как управление рисками ИИ, робастность искусственного интеллекта, объяснимость,  функциональная безопасность ИИ.  Этот курс занял I место в Международном конкурсе онлайн-курсов EDTEK Award OOC — 2023.",Средний уровень,True,6363,,4.9,508,stepik,Машинное обучение и наука о данных
245648,GitLab CI/CD: Автоматизация DevOps и деплой нейросети,"Освоим GitLab CI за 54 урока, научимся писать CI/CD пайплайны: от основ до продвинутых фишек — шаблонизация, оптимизация, кэширование. Напишем пайплайн для нейросети. Подготовимся к собесам и разберём сложные вопросы! 🔥",Начальный уровень,True,307,1789,5.0,5,stepik,Машинное обучение и наука о данных
231644,Основы компьютерного зрения: мир глазами машины,"Данный курс - это краткий открытый вводный курс по компьютерному зрению. Слушатели познакомятся с миром компьютерного зрения и узнают, как машины «видят» изображения.",Начальный уровень,False,3955,,5.0,14,stepik,Машинное обучение и наука о данных
178846,Делаем свой AI-продукт на базе ChatGPT и других LLM. Версия 2.0,"🤖 На курсе даются базовые и продвинутые техники работы с ChatGPT-like моделями. Разбирается их использование для личных или бизнес целей в виде готового сервиса. Курс значительно обновлён и переработан в июле 2025 года, также добавлен дополнительный материал.",Начальный уровень,True,1577,4900,5.0,82,stepik,Машинное обучение и наука о данных
129443,First Step in NLP 2.0 — Stepik,"Первый из серии мини-курсов, посвященный введению в Natural Language Processing и основам работы со строками в Python. Обновлен в ноябре 2023 года. Курс проводится преподавателями онлайн-магистратуры ""Машинное обучение и высоконагруженные системы"" факультета компьютерных наук Высшей школы экономики",Начальный уровень,False,6482,,4.8,35,stepik,Машинное обучение и наука о данных
181476,MLOps. Начало — Stepik,Курс рассказывает как автоматизированно обучать модели и версионировать эксперименты,Начальный уровень,False,5855,,4.9,47,stepik,Машинное обучение и наука о данных
238462,Промт-инжиниринг для LLM: техники и лучшие практики,"Научитесь создавать эффективные промты для ChatGPT, Gemini и других чат-ботов! Этот курс даст вам конкурентное преимущество и позволит на полную мощность использовать возможности LLM.",Начальный уровень,False,2321,999,4.8,21,stepik,Машинное обучение и наука о данных
243156,Внутри LLM: как думает ChatGPT?,"Этот курс для Вас, если Вы интересуетесь областью обработки естественного языка (Natural Language Processing), хотите познакомиться с большими языковыми моделями (Large Language Models), узнать как они работают и 
 почему всем так нравятся DeepSeek и ChatGPT.",Начальный уровень,False,2235,,5.0,9,stepik,Машинное обучение и наука о данных
179775,Язык Python в биомедицине,"Наш курс предоставляет уникальную возможность объединить медицинские знания с IT навыками. Изучите основы программирования на Python, а также базовые запросы SQL. Создавайте потрясающие веб-приложения на фреймворке Django, визуализируйте данные с помощью Matplotlib, Plotly и Chart.js.Познайте машинное обучение с библиотеками Python.",,False,2709,,5.0,6,stepik,Машинное обучение и наука о данных
251868,"Deep Learning (Speech, осень 2025)","Этот курс посвящен современным методам обработки звука и речи (Speech Processing) с использованием машинного обучения.  Курс состоит из лекций, практических семинаров и домашних заданий. В течение курса вам предстоит интенсивная практическая работа, а в конце — финальный проект, где вы сможете применить полученные знания.",Средний уровень,False,1741,,,,stepik,Машинное обучение и наука о данных
230362,"Deep Learning (семестр 1, весна 2025)","Курс посвящен введению в глубокое обучение, нейросети и компьютерное зрение. Начинаем с основ машинного и глубокого обучения, переходим к CNN для обработки картинок, заканчиваем работой с генеративными моделями, такими как GANs.  Курс состоит из лекций, семинаров и домашних заданий. В течение курса вам предстоит много практики, а в конце — самостоятельный итоговый проект. Преподаватели школы — ведущие специалисты российских и зарубежных IT-компаний и научные сотрудники исследовательских компаний.",Средний уровень,False,5681,,4.8,12,stepik,Машинное обучение и наука о данных
110281,"Специальные архитектуры нейронных сетей (введение в CNN,RNN,NLP) — Stepik","Этот курс является естественным продолжением курса  «Введение в искусственные нейронные сети», где мы изучали тренировку полносвязных нейронных  сетей. В настоящем курсе мы рассмотрим специальные архитектуры нейронных сетей:  свёрточные (необходимые для обработки изображений), рекуррентные (обработка видео и временных рядов), автокодировщики и состязательные сети (GAN). Кроме того, будут изучены новые задачи, решаемые с помощью нейросетей: обработка текстов (NLP), metric learning и сегментации изображений.",Средний уровень,False,6433,,5.0,136,stepik,Машинное обучение и наука о данных
214747,Data Science — Stepik,"Раскрывая увлекательную вселенную Data Science, погрузитесь в мир анализа данных, машинного обучения и визуализации результатов с помощью интерактивной среды Jupyter Notebooks. На этом курсе Вы освоите самые востребованные инструменты и техники Data Science, чтобы трансформировать сырые данные в ценные инсайты.  Используя Python и библиотеки Pandas, NumPy, Matplotlib и Scikit-learn, Вы научитесь собирать, обрабатывать, анализировать и визуализировать данные, а также находить скрытые закономерности.",Начальный уровень,False,2211,,4.8,29,stepik,Машинное обучение и наука о данных
1142,Введение в NGS,"В курсе «Введение в технологии высокоэффективного секвенирования» вы познакомитесь с основными типами секвенирования, их применениями, контролем качества и многими другими аспектами применения этих технологий. 
 
 Также вы научитесь самостоятельно проводить первичную обработку экспериментов, идентифицировать основные проблемы, возникающие в NGS-экспериментах, узнаете об основных используемых форматах данных и научитесь конвертировать и визуализировать их.",Средний уровень,True,14092,,4.6,45,stepik,Машинное обучение и наука о данных
108888,Введение в соревновательный Data Science | Kaggle,"🏆 Разбираемся в тонкостях соревновательного анализа данных. Прокачиваемся в построении моделей машинного обучения с максимальной точностью. Минимум теории, максимум практики для победы в чемпионатах. 
 Курс стал победителем в номинации ""Прорыв Года""  Stepik Awards 2023.",Средний уровень,True,1587,5250,5.0,142,stepik,Машинное обучение и наука о данных
240332,Линейная Алгебра+Python с Нуля.Data Science+ML.Анализ данных — Stepik,"Автор курса Руслан Сенаторов t.me/RuslanSenatorov, Преподаватель и Президент IT-организации(CEO) github.com/SENATOROVAI | Бесплатный курс по математике для data science,Машинное обучение, с нуля. Материалы курса основаны на открытых лекциях по ""Линейная Алгебра на Python с нуля"".
 
 Этот курс —проводник в мир линейной алгебры, без которой невозможно понять, как работают модели машинного обучения, нейросети, кластеризация, поиск признаков и многое другое.  через практику на Python (NumPy).",Начальный уровень,False,1256,,5.0,2,stepik,Машинное обучение и наука о данных
177839,Основы работы с большими данными — Stepik,"«Основы работы с большими данными» –  курс, направленный на повышение информационной грамотности, знакомство с инструментами и техниками работы с большими объемами разнородных данных.",Начальный уровень,False,5447,,4.5,66,stepik,Машинное обучение и наука о данных
186169,"Нейронные сети с PyTorch: без формул, только практика! — Stepik","Курс по нейронным сетям с PyTorch предназначен для тех, кто хочет овладеть навыками создания и обучения нейронных сетей на Python с использованием библиотеки PyTorch.",Средний уровень,False,1164,2550,5.0,35,stepik,Машинное обучение и наука о данных
245397,Современные LLM — Stepik,"Курс посвящен теории и практике работы с большими языковыми моделями (Large Language Models, LLM). В курсе вы узнаете о том, как устроены LLM и познакомитесь с особенностями глубоких нейронных сетей в области обработки естественного языка. Также вы научитесь создавать AI-агентов и оценивать возможности и риски этой технологии.",Средний уровень,False,236,,,,stepik,Машинное обучение и наука о данных
226596,Математика Машинного обучения,"Приветствую вас на большом бесплатном курсе «Математика машинного обучения»! Сегодня мы начнем наше увлекательное путешествие в мир математических основ искусственного интеллекта с темы, которая лежит в основе многих современных алгоритмов машинного обучения и глубокого обучения.  t.me/ai_machinelearning_big_data - вся база, дополнительные гайды и разбора кода, вы найдете в нашем канале.",Средний уровень,False,1612,,5.0,4,stepik,Машинное обучение и наука о данных
116539,Компьютерное зрение / библиотека OpenCV — Stepik,Курс направлен на изучение библиотеки OpenCV для решения различных задач компьютерного зрения.,Начальный уровень,False,3419,,4.7,27,stepik,Машинное обучение и наука о данных
80782,Быстрый старт в искусственный интеллект,"Курс поможет войти в мир искусственного интеллекта, станет тем самым «быстрым стартом», который позволит познакомиться со сферой ИИ, а в дальнейшем начать исследования и/или карьеру в этой области.",,False,25869,,4.3,51,stepik,Машинное обучение и наука о данных
118593,Python: анализ данных с Pandas,Курс посвящен практической работе с Pandas. Вы получите необходимую теорию и закрепите ее на большом количестве практических задач.,Средний уровень,True,1863,1990,4.8,151,stepik,Машинное обучение и наука о данных
121717,Нейронные сети — Stepik,"Основной целью изучения данного курса является формирование у слушателей  практических навыков математического и компьютерного  моделирования нейронных сетей различного назначения, практической реализации нейросетевых моделей в наиболее распространенных программных пакетах.",Начальный уровень,False,4571,,4.5,23,stepik,Машинное обучение и наука о данных
172781,Векторная алгебра с NumPy — Stepik,"Курс ""Векторная алгебра с NumPy"" представляет базовые понятия векторной алгебры, такие как векторное пространство, линейные операции, линейная зависимость векторов, базис, координаты вектора, скалярное, смешанное, векторное произведение и их применение. Курс включает многочисленные практические задачи, в том числе задачи на программирование с использованием Python библиотеки - NumPy.",Средний уровень,False,2487,,4.8,26,stepik,Машинное обучение и наука о данных
254118,Базовый курс по разработке на Платформе Sherpa RPA — Stepik,Курс по разработке RPA-роботов и ИИ-агентов на Платформе Sherpa RPA,Начальный уровень,False,187,,4.7,3,stepik,Машинное обучение и наука о данных
254277,"AI Agents PRO: LangGraph, AutoGen и LLMOps в продакшне — Stepik","Практический курс по AI-агентам. Соберёте продакшн RAG-сервис: от индекса и графа состояний до API, Docker, метрик качества и контроля стоимости. Плюс профессиональные блоки: LangGraph/AutoGen, Qdrant/FAISS+rerank, eval (RAGAS/custom), quality-гейты, OpenTelemetry+Prometheus/Grafana, CI/CD, ретраи/DLQ/идемпотентность, PII/RBAC.",Средний уровень,False,126,15990,4.5,2,stepik,Машинное обучение и наука о данных
241256,Вайб-кодинг. Промтинг и продвинутое использование нейросетей.,"Автор курса Руслан Сенаторов t.me/RuslanSenatorov, Преподаватель и Президент IT-организации(CEO) github.com/SENATOROVAI | Бесплатный Курс по Cursor+Vibecoding Вайб-кодинг для data science,Машинное обучение, с нуля. 
 
 ОН ВАМ НЕ CURSOR!
 🚀 Освой одну из самых мощных современных IDE — Cursor, в связке с claude 3.5 sonnet, ChatGPT - пока, и начни путь в Data Science с умным помощником, который работает прямо в редакторе кода.",Начальный уровень,False,813,,4.4,18,stepik,Машинное обучение и наука о данных
109816,"Технологии компьютерного зрения:с нуля к OpenCV, MediaPipe, YOLO — Stepik","Программа охватывает все этапы компьютерного зрения: от основ NumPy и OpenCV до продвинутых нейросетевых методов MediaPipe и YOLO. Вы научитесь обрабатывать изображения, видео, выполнять трансформации изображений, осваивать дополненную реальность с ArUco-маркерами, а также создавать собственные модели, обученные на своих данных. Особенностью курса является система автоматической проверки ваших решений на основе OpenCV.",Средний уровень,False,218,3950,4.8,8,stepik,Машинное обучение и наука о данных
68260,Алгоритмы Машинного обучения с нуля — Stepik,"В данном курсе Вы реализуете с нуля все основные алгоритмы классического машинного обучения на чистом Python, Pandas и NumPy.",Средний уровень,False,7122,2900,5.0,10,stepik,Машинное обучение и наука о данных
175405,Искусственный интеллект для педагогов,"В курсе рассматриваются особенности искусственного интеллекта, основные понятия и задачи области машинного обучения, разбираются принципы обучения алгоритмов. Кроме того, на курсе педагоги смогут найти методические материалы к проведению занятий по основам искусственного интеллекта со школьниками.",Начальный уровень,False,1963,,4.6,21,stepik,Машинное обучение и наука о данных
216469,Введение в Data Science: от Python до машинного обучения,"Во время этого мероприятия вы познакомитесь с основами программирования на Python и машинного обучения, постигнете основы работы с инструментами обработки данных и узнаете, как применять эти навыки в науке о данных. У вас также будет возможность попрактиковаться в решении задач с использованием Python, поучаствовать в конкурсах с автоматической проверкой и поработать над практическим итоговым проектом, чтобы лучше понять методы машинного обучения.",Начальный уровень,False,2056,,4.8,10,stepik,Машинное обучение и наука о данных
248988,Vector DB & RAG Developer — Stepik,"Практический курс по векторным базам данных и семантическому поиску. Вы развернёте Qdrant, Weaviate и FAISS, научитесь индексировать миллионы эмбеддингов, строить k-NN-поиск с фильтрами, объединять его с BM-25 и создавать RAG-ботов, которые отвечают на вопросы на основе ваших данных.",Начальный уровень,False,142,5990,5.0,2,stepik,Машинное обучение и наука о данных
241210,Курс Kaggle с Нуля:Уровень Contributor/Контрибьютор.Data Science — Stepik,"Автор курса Руслан Сенаторов t.me/RuslanSenatorov, Преподаватель и Президент IT-организации(CEO) github.com/SENATOROVAI | Бесплатный Курс получаем статус/уровень контрибьютор kaggle(кэггл), Data science,Машинное обучение, с нуля. Материалы курса основаны на открытых лекциях по ""Kaggle"".
 
 Этот курс поможет вам шаг за шагом достичь первого официального статуса на платформе Kaggle — Contributor. Вы узнаете, какие именно действия приводят к этому достижению.
 Как оформить свой первый  ноутбук(notebook)",Начальный уровень,False,494,,5.0,6,stepik,Машинное обучение и наука о данных
124000,"Технологии обработки, анализа и больших данных — Stepik","В курсе рассматриваются Big Data, ее характеристики, реляционые базы данных, технологии No SQL , технологии  Hadoop, HDFS, Map Reduce, Apache Spark, распределенные системы,, параллелизм в Apache Spark, процессы ETL/LTE",Начальный уровень,False,1243,,3.6,27,stepik,Машинное обучение и наука о данных
241436,Бесплатный Онлайн-Курс Профессия Python-разработчик+GIT с Нуля!,"Автор курса Руслан Сенаторов t.me/RuslanSenatorov, Преподаватель и Президент IT-организации(CEO) github.com/SENATOROVAI | Материалы курса основаны на открытых лекциях.
 
 Бесплатный онлайн курс Python ДЛЯ ДЕТЕЙ на Stepik — полное обучение Python с нуля. Освой программирование на Python, стань Python-разработчиком.
 С этими знаниями сможешь изучить машинное обучение с нуля, получить навыки ML engineer и работать с Git. Всё в одном: Python + обзор Data Science (ML) + Git обучение для начинающих.",Начальный уровень,False,904,,4.3,3,stepik,Машинное обучение и наука о данных
256297,Готовая профессия специалист по ИИ и машинному обучению. — Stepik,"Курс «Специалист по искусственному интеллекту и машинному обучению: карьера в AI» охватывает все ключевые направления, необходимые для старта в одной из самых перспективных профессий XXI века. Программа полностью нацелена на практику и включает:
 — Основы искусственного интеллекта и машинного обучения
 — Работа с данными и построение моделей
 — Python и библиотеки для ML (NumPy, Pandas, Scikit-learn, TensorFlow, PyTorch)
 — Обучение нейронных сетей и работа с большими данными и многое другое...",Начальный уровень,False,140,,5.0,21,stepik,Машинное обучение и наука о данных
256739,Computer Vision Engineer: от детекции и Doc-AI до продакшна,"Практический курс по Computer Vision. Соберёте продакшн-сервис: датасет → обучение (YOLO/RT-DETR, SAM), трекинг, OCR/Doc-AI, веб-приложение (UI+API) и мониторинг. Экспорт в ONNX/TensorRT/OpenVINO, батчинг/квантование под CPU/GPU. Плюс профессиональные блоки: mAP/IoU/Dice и калибровка доверия, QA разметки и аугментации, p95/стоимость, дрейф данных и алерты, guardrails (NMS/правила), A/B-тесты, Triton/gRPC/FastAPI.",Средний уровень,True,55,19990,5.0,1,stepik,Машинное обучение и наука о данных
176820,Разработка ML сервиса: от идеи к прототипу,"Буткемп проводится командой онлайн-магистратуры ""Машинное обучение и высоконагруженные системы"" факультета компьютерных наук Высшей школы экономики и знакомит с основами  разведочного анализа данных",Начальный уровень,False,3964,,4.6,19,stepik,Машинное обучение и наука о данных
177213,Разведочный анализ данных,"В данном курсе мы рассказываем об основных и продвинутых подходах для анализа данных, а затем переходим к построению простых моделей машинного обучения. При этом параллельно осваиваем инструменты разработчика, которые активно исползуются в работе Data Scientst'a: терминал, Git и Docker",Начальный уровень,True,400,1900,4.9,7,stepik,Машинное обучение и наука о данных
177280,Deep Learning in Finance,"Вы узнаете, как при помощи нейронных сетей можно значительно улучшить метрики в классических банковских задачах: кредитный скоринг, склонность к продуктам и предсказание оттока. Авторы курса совершили революцию в кредитном скоринге в своей компании и готовы поделиться с вами полученным опытом.",Средний уровень,True,3614,,4.7,20,stepik,Машинное обучение и наука о данных
189738,Глубокое обучение с подкреплением — Stepik,"Курс рассказывает о различных алгоритмах глубокого обучения с подкреплением, и включает в себя как основные понятия и классические алгоритмы RL, так и обзор важных поднаправлений в области обучения с подкреплением.",Начальный уровень,False,976,,4.3,3,stepik,Машинное обучение и наука о данных
224259,TensorFlow: создай свою первую нейронную сеть — Stepik,"Познакомьтесь с основами нейронных сетей и TensorFlow! В этом курсе вы узнаете, как строить и обучать простые модели, работать с данными и использовать инструменты машинного обучения. В финале вы создадите свою первую нейросеть для решения реальной задачи. Этот курс станет вашей отправной точкой в мир искусственного интеллекта!",Средний уровень,False,1059,,4.0,13,stepik,Машинное обучение и наука о данных
231306,Разработка LLM с нуля,"Этот практический курс погрузит студентов в создание современных языковых моделей (LLM) на примере GPT-архитектуры. Участники с нуля реализуют все основные компоненты Трансформера: от токенизации (BPE) до механизмов Внимания и генерации текста. Для разработки будем использовать только Python и низкоуровневый PyTorch, не полагаясь на какие-либо сторонние библиотеки.",Средний уровень,True,374,4900,4.9,9,stepik,Машинное обучение и наука о данных
239757,Простая Линейная Регрессия Python. Математика машинного обучения,"Более 2 часов видео-лекции! 👍  Оперативная поддержка автора!🔥  Этот курс - лучший способ начать с нуля и стать специалистом по Машинному Обучению в Python и МАТЕМАТИКЕ! 🏆 Вы реализуете с нуля алгоритм классического машинного обучения метод наименьших квадратов (МНК) на чистом Python, NumPy, Pandas, Scikit-Learn, Matplotlib. Мы подробно разберём всю математику с нуля на примере Python кода, это будет самый ПРАКТИЧНЫЙ ОПЫТ 100%. Много практики + теория тоже есть! 🔥 Почитайте отзывы и записывайтесь!",Начальный уровень,True,136,890,5.0,13,stepik,Машинное обучение и наука о данных
180256,Курс по Numpy — Твой путь в AI — Stepik,"При прохождении этого курса вы развиваете навыки работы с массивами данных, математических и статистических операций и других концепций, которые будут полезны во многих областях, включая научные и инженерные вычисления, обработку данных и машинное обучение.",Начальный уровень,False,790,650,4.9,48,stepik,Машинное обучение и наука о данных
218409,"Демо-курс ""База ML""","Узнаете, как применяется машинное обучение и как вы будете ему учиться на курсе. Узнаете, как в ML возникает математика, и как производная помогает обучать ML модели. Узнаете, как линейная алгебра помогает компактно выводить методы ML",,False,1407,,4.7,3,stepik,Машинное обучение и наука о данных
205676,Продвинутые методы глубинного обучения,"Курс посвящен изучению современных алгоритмов и подходов из области Deep Learning, таких как генеративные модели в Computer Vision и в NLP, методы эффективного обучения больших языковых моделей, рекомендательные системы, грабовые нейронные сети и многое другое!",Средний уровень,False,188,3900,5.0,3,stepik,Машинное обучение и наука о данных
230363,"Deep Learning (семестр 2, весна 2025) — Stepik","Курс посвящен использованию нейросетевых моделей для обработки естественного языка (NLP) . Курс рассчитан на студентов, прошедших курс первого семестра нашей школы Deep Learning School.  Курс состоит из лекций, семинаров и домашних заданий. В течение курса вам предстоит много практики, а в конце — самостоятельный итоговый проект. Практика проходит на PyTorch. Преподаватели школы — ведущие специалисты российских и зарубежных IT-компаний и научные сотрудники исследовательских компаний.",Средний уровень,False,2874,,5.0,1,stepik,Машинное обучение и наука о данных
106145,Анализ данных в принятии решений — Stepik,"Курс посвящен основам анализа данных, рассмотрены такие вопросы машинного обучения, как подготовка данных, корреляционно-регрессионный анализ, методы классификации, кластеризации и оценки качества предсказаний",Начальный уровень,False,1678,,4.8,10,stepik,Машинное обучение и наука о данных
59223,Введение в нейронные сети — Stepik,"Курс ""Введение в нейронные сети"" дает базовые основы нейронауки. В рамках курса рассматриваются вопросы связанные с: искусственными нейронными сетями, строением типового персептрона, структуре человеческого мозга, организации памяти в коре головного мозга.",Начальный уровень,False,1760,,4.4,19,stepik,Машинное обучение и наука о данных
225292,Нейронные сети: Глубокое обучение с нуля,"Курс для тех, кто хочет узнать о внутренней структуре и устройстве нейронных сетей и познакомиться с основными их разновидностями, погрузившись в обширную тему глубинного обучения | Deep Learning. Вы изучите принцип работы нейронных сетей и посмотрите, как они реализуются в коде, а также поймете механизмы лежащие в фундаменте этой технологии 🧠",Начальный уровень,True,166,1200,4.8,5,stepik,Машинное обучение и наука о данных
135002,"[АРХИВ] Deep Learning (семестр 1, весна 2023): базовый поток","Цель этого курса - познакомить слушателей с теорией и практикой глубокого обучения и нейронных сетей в интерактивном формате. В течение курса вам будет предложено несколько практических заданий. Последним заданием является итоговый практический проект. По итогам курса будет выдан сертификат об окончании школы, дающий льготы при поступлении в бакалавриат и магистратуру ФПМИ МФТИ.",Средний уровень,False,5863,,4.4,23,stepik,Машинное обучение и наука о данных
115252,Spark на Scala,"Курс для тех, кто желает изучить Apache Spark для решения задач дата инжиниринга. Курс нацелен на тренировку решения реальных практических задач и отлично подойдет будущим дата инженерам.",Средний уровень,True,185,5980,5.0,12,stepik,Машинное обучение и наука о данных
175967,Продвинутые методы машинного обучения — Stepik,"Данный курс посвящен различным прикладным задачам, которые решаются при помощи методов машинного обучения и является логическим продолженим курса Практический Machine Learning. В курсе разобраны современные подходы к решению задач рекомендации, анализа временных рядов, динамическое ценообразование, uplift-моделирование и многое другое.",Средний уровень,False,418,5400,4.0,3,stepik,Машинное обучение и наука о данных
215289,"Машинное обучение с нуля на Python: scikit-learn, XGBoost + — Stepik","🔥Подробное изучение ключевых (базовых и продвинутых) алгоритмов машинного обучения с использованием библиотек scikit-learn, XGBoost, CatBoost, LightGBM и не только. Курс полностью текстовый, включает теорию и практику.",Начальный уровень,False,211,1199,4.7,13,stepik,Машинное обучение и наука о данных
241837,Data Science с нуля: Python и машинное обучение для начинающих — Stepik,"🎓 Data Science с нуля: Python и машинное обучение для начинающих
 
 Освой Data Science с нуля! 🔍
 Ты пройдёшь весь путь — от основ Python и анализа данных до построения моделей машинного обучения.
 📊 Теория объясняется просто и наглядно.
 💻 Практика — на реальных задачах, с пошаговыми инструкциями и кодом.
 
 🚀 Подходит для новичков.
 📈 Полезен для старта карьеры в аналитике и IT.
 💡 После курса у тебя будет портфолио проектов и уверенность в своих знаниях!",Начальный уровень,False,44,1390,5.0,2,stepik,Машинное обучение и наука о данных
193579,Введение в Искусственный Интеллект с Python для Начинающих — Stepik,"Исследуйте мир искусственного интеллекта с нашим курсом, который охватывает всё от истории ИИ до принципов работы нейронных сетей и технологий глубокого обучения. Вы освоите решение традиционных задач ИИ с помощью Python, научитесь создавать и реализовывать собственные алгоритмы. Этот курс обеспечит вас всеми необходимыми знаниями и навыками для старта карьеры в качестве инженера по искусственному интеллекту, став первым шагом на вашем пути к профессионализму.",Начальный уровень,False,87,2490,,,stepik,Машинное обучение и наука о данных
223852,Современное компьютерное зрение,"Курс посвящен основам глубинного обучения в области Computer Vision (CV). В курсе мы начнем с азов компьютерного зрения, а затем затронем актуальные задачи CV и посмотрим на устройство популярных решений.",Средний уровень,True,132,10000,5.0,1,stepik,Машинное обучение и наука о данных
214389,🤖 Машинное обучение с помощью ClearML и Pytorch Lightning ⚡,"Разбираем продвинутую связку ML инструментов для комфортного и быстрого обучения нейронных сетей и других алгоритмов. Учимся писать продакшен код и подключать к нему систему логирования. 
 Курс от победителей в номинации ""Прорыв Года"" Stepik Awards.",Средний уровень,True,244,2150,4.8,4,stepik,Машинное обучение и наука о данных
232750,Простая Линейная регрессия. Loss MAE. Градиентный спуск в Python,"Автор курса Руслан Сенаторов t.me/RuslanSenatorov, Преподаватель и Президент IT-организации(CEO) github.com/SENATOROVAI | Бесплатный курс по математике для data science,Машинное обучение, с нуля. Материалы курса основаны на открытых лекциях по ""Линейная регрессия на Python.Градиентный спуск"".
 практическую часть с разбором задач и применением алгоритмов с использованием библиотек(scikit-learn, pandas, matplotlib)
 Простая/Множественная линейная регрессия на python",Начальный уровень,False,606,,5.0,2,stepik,Машинное обучение и наука о данных
246258,Сингулярное разложение SVD Python. Математика машинного обучения — Stepik,"5 часов видео-лекции! 👍 Оперативная поддержка автора!🔥 Этот курс - лучший способ начать с нуля и стать специалистом по Машинному Обучению в Python и МАТЕМАТИКЕ! 🏆 Вы реализуете с нуля алгоритм Спектрального и Сингулярного разложения(SVD).Мура-Пенроуза, классическое машинное и глубокое обучение Python, NumPy, Pandas, Scikit-Learn. Мы подробно разберём всю математику с нуля на примере Python кода, это будет самый ПРАКТИЧНЫЙ ОПЫТ 100%. Много практики + теория тоже есть! 🔥  Почитайте отзывы и записывайтесь!",Начальный уровень,False,34,1890,5.0,3,stepik,Машинное обучение и наука о данных
257960,Информатика: Анализ данных — Stepik,"1,001001001001E+146",,False,35,,,,stepik,Машинное обучение и наука о данных
177216,Временные ряды для прогноза криптовалют,Курс посвящен изучению методов анализа и прогнозирования временных рядов на примере  криптовалют с помощью классических подходов и при помощи машинного обучения,Средний уровень,False,2355,200,4.8,24,stepik,Машинное обучение и наука о данных
180676,Что такое машинное обучение. Экспресс-курс — Stepik,"После изучения этого курса вы сможете понять сами и объяснить друзьям, как работают технологии машинного обучения! Вас ждут короткие видеолекции о том, что такое машинное обучение, понятные примеры из жизни и тестовые вопросы на закрепление новых знаний.",,False,1378,,4.4,24,stepik,Машинное обучение и наука о данных
240191,Pro ML by REU Data Science Club — Stepik,"Изучите на продвинутом уровне 6 тем машинного обучения на курсе  Pro ML от REU Data Science Club. Наш курс включает в себя еженедельные лекции, семинары и много практических заданий с нетривиальными задачами. На нем мы разберем популярные темы на максимально углубленном уровне. Участники научатся оптимизировать ML алгоритмы для специфичных сценариев, работать с временными данными, классифицировать тексты и изображения и много чего еще!",Средний уровень,False,556,,5.0,2,stepik,Машинное обучение и наука о данных
255775,Создай свою LLM:Практикум по GPT-моделям с нуля теория + Pytorch — Stepik,"Курс даст вам полное представление о том, как работает GPT: от теории трансформеров до практики генерации текста. Вы не только научитесь описывать архитектуру, но и применять знания на практике.Внутри теория в интерактивных анимациях, код, поддержка преподавателя",Средний уровень,False,92,,5.0,2,stepik,Машинное обучение и наука о данных
241341,LangChain/LangGraph — Создание AI Агентов на Python + RAG — Stepik,"(Всего будет 7 модулей, готово - 5) https://t.me/ai_neura_network - AI коммьюнити с новостями и анонсами. Погрузитесь в мир интеллектуальных агентов! Вы узнаете, как работают агенты на LLM, почему стандартные подходы часто недостаточны для надежных решений и как LangGraph решает эту проблему через графы состояний. Освоите ключевые концепции: построение графов, использование tools, обработку сообщений и освоите архитектуру ReAct. Начнете создавать и отлаживать агентов в LangGraph Studio.",Средний уровень,False,59,4499,,,stepik,Машинное обучение и наука о данных
180984,Основы нейронных сетей и NLP — Stepik,"Интенсив посвящен основам работы с нейронными сетями, а также приложениям глубинного обучения к решению задач автоматической обработки текстов (NLP). 
 Курс является первым в линейке курсов по Natural Language Processing",Средний уровень,False,136,3900,5.0,2,stepik,Машинное обучение и наука о данных
248351,Теория Групп. Подстановки. Перестановки. Транспозиции. Циклы — Stepik,"Модуль посвящён изучению групп подстановок, с особым акцентом на симметрические группы  — важнейшие структуры в алгебре и комбинаторике. Вы научитесь работать с перестановками, представляя их в виде циклов и транспозиций, определять их чётность и порядок. 
 Основные темы: 
     Подстановки: определение, двухстрочная запись
     Циклы и их свойства
     Умножение подстановок, обратная подстановка
     Чётность и знак подстановки
     Симметрическая группа Sn
     Знакопеременная группа An​",Начальный уровень,False,378,,5.0,1,stepik,Машинное обучение и наука о данных
125145,Погружение в Data Science и машинное обучение с нуля — Stepik,"Курс познакомит вас со сферой Data Science. Вы узнаете чем занимается специалист в данной области, какие задачи решает и какие он применяет инструменты в своей работе. Мы с вами попробуем представить себя в роли Data Scietist и на практике на простых задачах попробовать обучить свои первые модели, а также сделать на их основании выводы.",Начальный уровень,False,3929,1290,4.7,64,stepik,Машинное обучение и наука о данных
229868,Машинное обучение,"Курс ""Машинное обучение"" охватывает основные концепции, методы и алгоритмы, используемые для создания интеллектуальных систем, способных обучаться на данных и принимать решения. Если вы когда-либо задавались вопросом, как Netflix знает, что вам понравится, или как ваш смартфон распознает ваше лицо, то этот курс поможет вам понять, какие алгоритмы и методы стоят за этими инновациями.",Начальный уровень,True,626,,5.0,4,stepik,Машинное обучение и наука о данных
251137,LLMOps & Evaluation: из песочницы в продакшн — Stepik,"Практический курс по LLMOps. Соберёте продакшн-контур для LLM: eval-фреймворк (LangSmith/Ragas/OpenAI Evals), quality-гейты в CI/CD, алёрты на дрейф, монитринг скорости и стоимости, управление промпт-версиями и безопасность. Плюс профессиональные блоки: synthetic data для тестов, LLM-based judges, отчётность для релиз-комитета и runbook’и инцидентов.",Средний уровень,False,80,12990,5.0,2,stepik,Машинное обучение и наука о данных
181974,"[АРХИВ] Deep Learning (семестр 1, осень 2023) — Stepik","Цель этого курса -- познакомить слушателей с теорией и практикой глубокого обучения и нейронных сетей в интерактивном формате. В течение курса вам будет предложено несколько практических заданий. Последним заданием является итоговый практический проект. По итогам курса будет выдан сертификат об окончании школы, дающий льготы при поступлении в бакалавриат и магистратуру ФПМИ МФТИ.",Средний уровень,False,7862,,4.5,50,stepik,Машинное обучение и наука о данных
212797,"Deep Learning (семестр 2, осень 2024) — Stepik","Курс посвящен использованию нейросетевых моделей для обработки естественного языка (NLP) . Курс рассчитан на студентов, прошедших курс первого семестра нашей школы Deep Learning School.  Курс состоит из лекций, семинаров и домашних заданий. В течение курса вам предстоит много практики, а в конце — самостоятельный итоговый проект. Практика проходит на PyTorch. Преподаватели школы — ведущие специалисты российских и зарубежных IT-компаний и научные сотрудники исследовательских компаний, а также выпускники и ст",Продвинутый уровень,False,2427,,5.0,1,stepik,Машинное обучение и наука о данных
233293,"Создание нейросетей с нуля: математика, алгоритмы и практика — Stepik","Курс ""Создание нейросетей с нуля: математика, алгоритмы и практика"" предоставит вам уникальное, глубокое понимание основ искусственного интеллекта и нейросетей. Мы разберем, как работают стандартные библиотеки ИИ, такие как TensorFlow и PyTorch, изнутри, и научим вас строить нейросети с нуля. Курс охватывает все этапы создания моделей — от фундаментальных математических принципов до оптимизации и применения на практике, давая вам мощные инструменты для работы с ИИ.",Начальный уровень,False,44,4990,,,stepik,Машинное обучение и наука о данных
91296,Основы анализа текстовых данных,"Анализ и обработка текстовых данных методами машинного обучения. Классификация, кластеризация, выявление нечетких дубликатов текстов",,False,1243,,5.0,2,stepik,Машинное обучение и наука о данных
128532,Машинное обучение  — Stepik,"В рамках данного курса вы совершите увлекательное путешествие по такой захватывающей области компьютерных наук, как машинное обучение. Алгоритмы машинного обучения (в частности, глубокого обучения), как настоящие маги, позволяют решать задачи, некоторое время назад казавшиеся мало выполнимыми либо вовсе невыполнимыми. Данный курс подходит как для тех, кто уже имеет опыт в области машинного обучения, так и тем, кто только-только начинает свой путь. Курс является частью технологического акселератора ML START.",Начальный уровень,False,1531,,4.2,8,stepik,Машинное обучение и наука о данных
216263,Машинное обучение: Метрики качества классификации и регрессии — Stepik,"Одним из основных требований к датасаентисту является – хорошее знание метрик качества оценки моделей машинного обучения. Обучить модель и сделать предсказания – это важный момент, но не менее важным является способность правильно оценить качество этих предсказаний, используя именно те метрики оценки, которые наиболее точно соответствуют вашим данным и целям конкретной задачи. В курсе рассмотрены метрики качества для задач классификации и регрессии с использованием библиотеки Scikit-learn.",,False,110,1480,5.0,1,stepik,Машинное обучение и наука о данных
230476,"Основы машинного обучения: Python, Теория, Тесты — Stepik","Данный курс составлен магистрами 2025 года выпуска с кафедры ИУ1 МГТУ им. Н.Э. Баумана преимущественно для таких же магистров с нашей кафедры, как и мы, которые в самом начале совершенно не понимали, что происходит и как все это работает.  Другим случайно сюда попавшим людям тоже очень рады! Надеемся этот курс хоть как-то прояснит и структурирует ваши знания в этой области!",Начальный уровень,False,184,,,,stepik,Машинное обучение и наука о данных
243562,Теория вероятностей.Комбинаторика.Data Science+ML.Анализ данных — Stepik,"Автор курса Руслан Сенаторов t.me/RuslanSenatorov, Преподаватель и Президент IT-организации(CEO) github.com/SENATOROVAI |  Мы разберём, как вероятностные модели лежат в основе алгоритмов ИИ.🔹 Вы научитесь вычислять вероятности, работать с дискретными и непрерывными случайными величинами, использовать биномиальные, геометрические, нормальные распределения и др.🔹 Изучим базовые принципы подсчёта (перестановки, размещения, сочетания), которые применяются при анализе выборок и формировании признаков.",Начальный уровень,False,453,,3.3,3,stepik,Машинное обучение и наука о данных
248866,Погружение в NLP: от эмбеддингов до трансформеров,"Погрузитесь в мир обработки естественного языка и узнайте, как машины “понимают” тексты. За 8 модулей вы пройдёте путь от простых эмбеддингов до мощных трансформеров вроде BERT и RuBERT. Вас ждут реальные практики, мини-проекты и пошаговые инструкции. Всё максимально прикладное — вы сразу применяете знания на деле и создаёте собственный NLP-проект. После завершения курса получите сертификат Stepik.",Начальный уровень,True,17,2890,,,stepik,Машинное обучение и наука о данных
230403,Внедряем AI Ассистентов в разработку | AI DevTools,"Курс AI DevTools создан для тех, кто хочет освоить, создавать и внедрять инструменты Gen AI для повышения продуктивности в разработке 🚀
 
 Главное, что мы изучим:
 - Как деплоить LLM?
 - Как создать свой аналог Github Copilot?
 - Как создать AI ассистента для code review на Gitlab и Github?
 - Как внедрить AI DevTools в процессы разработки вашей компании?
 
 В данном курсе не требуется получать доступ к OpenAI, GigaChat, другим платным LLM продуктам (мы будем использовать только open source)",Средний уровень,True,92,2990,5.0,3,stepik,Машинное обучение и наука о данных
196127,"[АРХИВ] Deep Learning (семестр 1, весна 2024)","Курс посвящен введению в глубокое обучение, нейросети и компьютерное зрение. Начинаем с основ машинного и глубокого обучения, переходим к CNN для обработки картинок, заканчиваем переносом стиля изображений и ГАНами.  Курс состоит из лекций, семинаров и домашних заданий. В течение курса вам предстоит много практики, а в конце — самостоятельный итоговый проект. Преподаватели школы — ведущие специалисты российских и зарубежных IT-компаний и научные сотрудники исследовательских компаний.",Средний уровень,False,5150,,4.3,18,stepik,Машинное обучение и наука о данных
212774,"Deep Learning (семестр 1, осень 2024)","Курс посвящен введению в глубокое обучение, нейросети и компьютерное зрение. Начинаем с основ машинного и глубокого обучения, переходим к CNN для обработки картинок, заканчиваем переносом стиля изображений и ГАНами.  Курс состоит из лекций, семинаров и домашних заданий. В течение курса вам предстоит много практики, а в конце — самостоятельный итоговый проект. Преподаватели школы — ведущие специалисты российских и зарубежных IT-компаний и научные сотрудники исследовательских компаний.",Средний уровень,False,5330,,4.8,13,stepik,Машинное обучение и наука о данных
224806,Object Detection: от ТЕОРИИ до РЕАЛИЗАЦИИ,В этом курсе вы познакомитесь с одним из направлений компьютерного зрения. У вас будет возможность самостоятельно с нуля написать и обучить нейронные сети для задачи детекции.,Средний уровень,False,976,,4.7,9,stepik,Машинное обучение и наука о данных
239747,PyTorch: от тензоров до нейросетей и кастомных фреймворков🔥 — Stepik,"Этот курс предоставляет фундаментальные и практические знания по глубокому обучению с использованием PyTorch — одного из ведущих фреймворков машинного обучения. Вы шаг за шагом освоите работу с тензорами, архитектурой нейросетей, загрузкой и предобработкой данных, обучением моделей и визуализацией экспериментов. Курс ориентирован на разработку прикладных навыков, в том числе создание собственных фреймворков для тестирования гиперпараметров и отладки нейросетей.",Средний уровень,False,124,990,5.0,2,stepik,Машинное обучение и наука о данных
249723,Нейросети в PyTorch: быстрый старт с нуля — Stepik,"С нуля до первых нейросетей на PyTorch! Научитесь создавать, обучать и оценивать модели, работать с данными и визуализировать результаты. Все знания сразу закрепляются на практике через реальные проекты, которые станут частью вашего портфолио!",Начальный уровень,False,22,1590,5.0,1,stepik,Машинное обучение и наука о данных
242962,Множественная Регрессия в Python. Математика машинного обучения — Stepik,"Более 4 часов видео-лекции! 👍  Оперативная поддержка автора!🔥 Этот курс - лучший способ начать с нуля и стать специалистом по Машинному Обучению в Python и МАТЕМАТИКЕ! 🏆 Вы реализуете с нуля алгоритм классического машинного обучения метод наименьших квадратов (МНК) на чистом Python, NumPy, Pandas, Scikit-Learn, Matplotlib. Мы подробно разберём всю математику с нуля на примере Python кода, это будет самый ПРАКТИЧНЫЙ ОПЫТ 100%. Много практики + теория тоже есть! 🔥 Почитайте отзывы и записывайтесь!",Начальный уровень,False,49,1890,5.0,5,stepik,Машинное обучение и наука о данных
113596,Data Science с Глебом Михайловым,"🏆Победитель  Stepik Awards в номинации ""Прорыв года""🏆
 
 Практический видео-курс по основам data science. Никакой математики, никакой теории, только примеры решения реальных задач c помощью pandas и CatBoost. Вводная часть курса по python и pandas для анализа данных доступна бесплатно!🔥",Начальный уровень,True,3145,2970,5.0,191,stepik,Машинное обучение и наука о данных
192252,Программирование на Rust,"Rust 🦀 — современный язык программирования, позволяющий писать быстрый, безопасный и эффективный код для творения надежного программного обеспечения!",Средний уровень,False,1346,,3.8,4,stepik,Машинное обучение и наука о данных
228094,Интерпретируемые модели AI,"В курсе изучаются концепции и определения области XAI. Приводится практическая ценность и мотивации данной области. За время прохождения, вы погрузитесь в терминологию и научитесь классифицировать методы объяснения, рассмотрите модели ML и научитесь корректно интерпретировать их.   Курс является частью полной версии: https://stepik.org/198640",Начальный уровень,False,483,,4.5,2,stepik,Машинное обучение и наука о данных
252587,Интеллектуальный анализ данных в АПК — Stepik,"Цифровизация сельского хозяйства — главный тренд современного АПК. Умные фермы, точное земледелие и данные в реальном времени уже сегодня повышают урожайность и снижают затраты. Но технологии сами по себе не принимают решений — ключевую роль играет анализ данных. Этот вводный курс — ваш первый шаг в мир интеллектуального анализа данных в сельском хозяйстве.",,False,138,,4.8,6,stepik,Машинное обучение и наука о данных
256398,Основы RAG с помощью LangChain — Stepik,"Изучи этот курс для новичков по RAG, чтобы разобраться в базовых принципах retrieval-augmented generation. На практике ты соберешь RAG-пайплайны с помощью LangChain и создашь удобные для пользователя приложения на Streamlit.",,False,22,1240,,,stepik,Машинное обучение и наука о данных
175490,Большие Языковые Модели (LLM) с нуля,"Представьте себе мир, где машины понимают вас так же, как и люди. Это не фантастика, это реальность, которую мы создаем с помощью нейросетей для обработки естественного языка (NLP). 
 Наш курс, созданный при поддержке Hugging Face, предлагает глубокое погружение в мир нейросетей-трансформеров, используя такие библиотеки Hugging Face как: Transformers, Datasets, Tokenizers и Accelerate. От основ до продвинутых тем, мы покрываем все, что вам нужно знать, чтобы стать профессионалом в NLP.",Средний уровень,True,198,3200,4.5,8,stepik,Машинное обучение и наука о данных
225812,Анализ и прогнозирование временных рядов,"Овладейте искусством прогнозирования с помощью анализа временных рядов! Наш курс охватывает все этапы — от предобработки данных и визуализации до применения классических моделей ARIMA, машинного обучения (XGBoost, LGBM) и глубоких нейронных сетей (LSTM, TCN). Вы научитесь строить точные прогнозы, обнаруживать аномалии и реализовывать проекты на реальных данных.",Средний уровень,True,22,2990,3.5,2,stepik,Машинное обучение и наука о данных
134179,Обработка естественного языка на Python — Stepik,"Искусственный интеллект – актуальная и современная тема. Постепенно он проникает во все сферы нашей жизни. Синхронный перевод текста, чат-боты, генерация изображений, создание музыки и многое другое – всё это искусственный интеллект. 
 
 Обработка естественного языка - одна из важнейших технологий искуственного интеллекта. На ней основаны чат-боты, рекомендательные системы, интеллектуальный поиск и многое другое.",Начальный уровень,False,309,,1.0,2,stepik,Машинное обучение и наука о данных
111615,OpenCV в С++ — Stepik,"Данный курс предназначен для тех, кто хочет ознакомиться с библиотекой компьютерного зрения OpenCV.  Здесь будут изучены основные функции, используемые для работы с этой библиотекой.",Начальный уровень,False,708,,3.8,13,stepik,Машинное обучение и наука о данных
146189,Компьютерное зрение (CV): от основ до нейросетей,"Этот курс по компьютерному зрению создан для всех, кто хочет узнать, как использовать технологии в разных областях — от медицины до искусства. Мы познакомим вас с основами работы с изображениями, чтобы даже новички чувствовали себя уверенно.",Начальный уровень,True,39,3500,,,stepik,Машинное обучение и наука о данных
181946,Основы робототехники — Stepik,"Курс предназначен для студентов, обучающихся по направлению подготовки 35.03.06 «Агроинженерия» по профилям «Автоматизация и роботизация технологических процессов», «Электрооборудование и электротехнологии».",Начальный уровень,False,1183,,4.3,6,stepik,Машинное обучение и наука о данных
212466,Введение в OpenCV на Python — Stepik,"Курс по OpenCV для специалистов по компьютерному зрению и не только. Обучение с нуля. Ключевые слова: Computer Vision, Data Science, Computer Vision Engineer, OpenCV.",Начальный уровень,False,65,350,4.7,3,stepik,Машинное обучение и наука о данных
232553,Генеративные модели компьютерного зрения — Stepik,"Курс посвящен современным моделям для генерации изображений, а также техникам для оптимизации и повышения стабильности их обучения. В курсе будет подробно разобрана теория методов, а также - большое количество практики для закрепления полученных знаний.",Средний уровень,False,81,5000,,,stepik,Машинное обучение и наука о данных
251684,Сервисные роботы и техническое зрение для сельского хозяйства — Stepik,"Роботизация сельского хозяйства — один из ключевых драйверов цифровизации АПК. Мобильные сервисные роботы помогают автоматизировать трудоёмкие и опасные операции: обработку посевов, мониторинг состояния растений, логистику внутри хозяйства и даже борьбу с вредителями. Этот вводный курс — ваш первый шаг в мир роботизированных агротехнологий. За 8 академических часов вы получите целостное представление о том, как проектируются и функционируют мобильные роботы в агроинженерии, и сформируете фундамент",,False,89,,4.0,1,stepik,Машинное обучение и наука о данных
127274,Введение в нейронные сети (Keras/Tensorflow),"Курс знакомит слушателей с основными понятиями нейронных сетей. Мы рассмотрим сверточные, рекуррентные сети, разберем задачи классификации, сегментации, детекции, генерации изображений и текста. Полученных знаний будет достаточно для решения широкого круга задач.",Начальный уровень,True,145,3500,4.2,9,stepik,Машинное обучение и наука о данных
133963,Second Step in NLP — Stepik,"Второй из линейки курсов, знакомящих слушателя с областью автоматической обработки текстов. Курс проводится преподавателями онлайн-магистратуры ""Машинное обучение и высоконагруженные системы"" факультета компьютерных наук Высшей школы экономики",Средний уровень,False,3796,,4.8,13,stepik,Машинное обучение и наука о данных
135003,"[АРХИВ] Deep Learning (семестр 1, весна 2023): продвинутый поток","Цель этого курса -- познакомить слушателей с теорией и практикой глубокого обучения и нейронных сетей в интерактивном формате. В течение курса вам будет предложено несколько практических заданий. Последним заданием является итоговый практический проект. По итогам курса будет выдан сертификат об окончании школы, дающий льготы при поступлении в бакалавриат и магистратуру ФПМИ МФТИ.",Средний уровень,False,6971,,4.8,29,stepik,Машинное обучение и наука о данных
198640,ExplainableAI: Интерпретация моделей от ML до LLM — Stepik,"Курс посвящён методам интерпретации моделей машинного и глубинного обучения (XAI). Рассматриваются математические основы и практическое применение интерпретируемости: от линейных моделей и ансамблей до CNN, Transformers и LLM. Особое внимание уделено современным методам объяснимости и их значению для повышения надёжности и безопасности AI-систем.",Средний уровень,False,104,7900,4.0,1,stepik,Машинное обучение и наука о данных
243903,ML ЗА 3 ДНЯ — Stepik,"Интенсивный 3-дневный курс по машинному обучению для новичков и продолжающих учиться. За 3 дня вы освоите основы ML: от предобработки данных и регрессии до нейронных сетей и продвинутых методов, таких как CNN и NLP. Практика на реальных датасетах (Titanic, CIFAR-10), создание ML-пайплайнов и финальный проект для портфолио. Курс сочетает компактные теоретические блоки и интенсивные практические задания, чтобы дать максимум знаний за минимум времени. Подходит для тех, кто хочет быстро погрузиться в ML.",Начальный уровень,False,111,,5.0,2,stepik,Машинное обучение и наука о данных
248961,QR-разложение Python.Грама-Шмидта. Математика машинного обучения — Stepik,"4 часа видео-лекции! 👍  Оперативная поддержка автора!🔥 Этот курс - лучший способ начать с нуля и стать специалистом по Машинному Обучению в Python и МАТЕМАТИКЕ! 🏆 Вы реализуете с нуля алгоритм QR-разложения, классическое машинное и глубокое обучение Python, NumPy, Pandas, Scikit-Learn. Мы подробно разберём всю математику с нуля на примере Python кода, это будет самый ПРАКТИЧНЫЙ ОПЫТ 100%. Много практики + теория тоже есть! 🔥  Почитайте отзывы и записывайтесь!",Начальный уровень,False,14,1890,5.0,2,stepik,Машинное обучение и наука о данных
252263,Регуляризация. L2. Ridge. Тихонова. Гребневая регрессия в Python — Stepik,"Более 3 часов видео-лекции! 👍  Этот курс - лучший способ начать с нуля и стать специалистом по Машинному Обучению в Python и МАТЕМАТИКЕ! 🏆 Вы реализуете с нуля алгоритм классического машинного обучения гребневая регрессия и регуляризация в Python, NumPy, Pandas, Scikit-Learn, Matplotlib. Мы подробно разберём всю математику с нуля на примере Python, это будет самый ПРАКТИЧНЫЙ ОПЫТ 100%. Много практики + теория тоже есть! 🔥 Оперативная поддержка автора!🔥 Почитайте отзывы и записывайтесь!",Начальный уровень,False,14,1890,,,stepik,Машинное обучение и наука о данных
7172,Математика и Python для анализа данных,"Первый курс программы «Машинное обучение и анализ данных». Этот курс мы сделали вводным. Он помогает решить две задачи: во-первых, освежить знания о базовых математических понятиях, которые нам понадобятся в программе. Во-вторых, получить базовые навыки работы с языком Python и специальными библиотеками для анализа данных.",,True,1327,15000,4.3,84,stepik,Машинное обучение и наука о данных
8458,Обучение на размеченных данных — Stepik,"Второй курс программы ""Машинное обучение и анализ данных"" – ""Обучение на размеченных данных"". В этом курсе вы познакомитесь с одной из наиболее обширных областей машинного обучения – обучением на размеченных данных или ""обучением с учителем"". К этой области относится большое количество практических задач, который позволяют делать мир лучше.",,False,855,15000,4.6,23,stepik,Машинное обучение и наука о данных
62243,Machine Learning and Data Mining — Stepik,,,False,3076,,,,stepik,Машинное обучение и наука о данных
84015,Нейрондық желілер және компьютерлік көру — Stepik,"Неліктен машиналық оқыту және нейрондық желілерді меңгеруді біздің курстан бастаған дұрыс? Біздің девиз - ""Көбірек тәжірибе!"": математикалық негіздерді өте қарапайым тілде түсіндіре отырып, курс авторлары, Samsung AI Center эксперттері компьютерлік көру тапсырмаларын шешу негізінде базалық білім береді. Бұл өте қызық!",,False,440,,,,stepik,Машинное обучение и наука о данных
111870,The basics of maching learning — Stepik,Goal of course: learn the basic AI and ML methods and their application in practice  Tasks:  to study the history AI and ML development, to learn the basic terms and the main methods of AI and ML,  to investigate the possibility of applying AI and ML,,False,306,,,
119398,Старт в ML: создайте свою систему распознавания лиц — Stepik,"[Курс проводился онлайн в 2022 году] Курс пройдёт с 14 по 25 июня онлайн. За это время вы прослушаете 3 лекции от преподавателей Факультета компьютерных наук НИУ ВШЭ, познакомитесь с машинным обучением и решите задачу распознавания лиц.",Начальный уровень,False,1955,,4.5,10,stepik,Машинное обучение и наука о данных
126109,Всероссийская олимпиада по искусственному интеллекту — Stepik,Твой путеводитель в увлекательный мир олимпиадных задач по искусственному интеллекту,Средний уровень,False,468,,5.0,4,stepik,Машинное обучение и наука о данных
129105,Библиотеки Python для Data Science — Stepik,"Курс знакомит слушателей с основными понятиями Data Science. Мы рассмотрим базовые алгоритмы (линейная модели, деревья решений, KNN, композиции), разберем подготовку данных (очистка, генерация новых признаков и их отбор). Полученных знаний будет достаточно для решения широкого круга задач.",Начальный уровень,False,169,4000,5.0,8,stepik,Машинное обучение и наука о данных
133957,ML School by REU Data Science Club — Stepik,"Изучите основы машинного обучения за 3 месяца в школе ML от REU Data Science Club. Наш курс смешанного формата будет включать в себя еженедельные лекции, онлайн-семинары и практические домашние задания. На нем мы разберем темы, начиная от программирования на Python и заканчивая градиентным бустингом. Участники научатся работать с данными, строить ML модели и оптимизировать их. В конце курса будет финальный проект, который будет состоять из реальных задач!",Начальный уровень,False,5268,,5.0,5,stepik,Машинное обучение и наука о данных
134942,Курс по машинному обучению «ИИ Старт» — продвинутый уровень — Stepik,"Этот курс — продолжение основного курса по машинному обучению «ИИ Старт». Вы познакомитесь с аспектами машинного обучения, которые не вошли в наш основной курс, но являются не менее важными: продвинутые алгоритмы машинного обучения (бустинг, SVM, кластеризация и методы понижения размерности), обработка естественного языка с помощью нейросетей, внедрение нейросетей в Telegram-ботов. Практические задания приближены к задачам, которые специалисты по ИИ встречают в работе.",Средний уровень,False,3114,,4.0,1,stepik,Машинное обучение и наука о данных
168486,Python - Модуль 4 (ООП) — Stepik,"""Программирование на Python: Модуль 4"" предоставляет студентам углубленное понимание объектно-ориентированного программирования, наследования, обработки ошибок, а также навыки разработки проектов с использованием библиотек и машинного обучения на языке Python. Курс целенаправленно формирует глубокие знания в этих областях, позволяя студентам успешно разрабатывать программы, а также создавать и применять свои собственные проекты с использованием современных технологий программирования.",Средний уровень,False,627,300,4.6,35,stepik,Машинное обучение и наука о данных
175964,Машинное обучение — Модуль 1 (Анализ данных) — Stepik,"Данный курс является первым модулем из серии моих курсов по машинному обучению (ML). В этом курсе в качестве задачи будет рассматриваться прогнозирование в футбольной аналитике. Мы сосредоточимся на сборе данных, которые будут использоваться для прогнозирования в следующих модулях. Помимо сбора данных, мы также применим некоторые техники предобработки данных.",Средний уровень,False,48,500,,,stepik,Машинное обучение и наука о данных
177215,Линейные модели и их презентация — Stepik,"Классические линейные модели машинного обучения появились давно, но никогда не выйдут из моды и активно используются во многих проектах. На курсе вы узнаете о том, как устроены линейные модели, научитесь применять их на практике, интерпретировать и оборачивать в веб-сервисы.",Средний уровень,False,167,1900,5.0,1,stepik,Машинное обучение и наука о данных
179407,Анализ временных рядов и создание дашбордов — Stepik,"Данный курс посвящен изучению методов и подходов к анализу временных рядов, а также к инструментам визуализации результатов в виде дэшбордов. Курс представляет собой комбинацию анализа и разработки приложений. Данный курс предназначен для интересующихся или работающих в области анализа данных.",Начальный уровень,False,871,,3.0,4,stepik,Машинное обучение и наука о данных
182359,Вводный курс по анализу футбольных данных — Stepik,"Вводный курс по анализу футбольных данных объединяет data science и любовь к футболу. Присоединяйтесь, чтобы погрузиться в мир футбольной аналитики!",Начальный уровень,False,94,,5.0,2,stepik,Машинное обучение и наука о данных
214012,Машинное обучение: Кросс-валидация и оптимизация гиперпараметров — Stepik,"Этот курс охватывает ключевые методы и инструменты кросс-валидации и оптимизации гиперпараметров моделей машинного обучения, используя инструменты библиотеки Scikit-learn. В рамках курса рассматриваются различные стратегии разбиения данных. Важным аспектом станет изучение GridSearchCV и RandomizedSearchCV для эффективной оптимизации моделей.",,False,118,880,5.0,5,stepik,Машинное обучение и наука о данных
221326,Pandas для анализа данных — Stepik,"Этот курс позволит вам освоить ключевые концепции и методы работы с Pandas, которые будут полезны в различных аналитических задачах и проектах. Вы также приобретете практические навыки через выполнение упражнений.",Начальный уровень,False,41,1090,5.0,3,stepik,Машинное обучение и наука о данных
180688,"НТО Junior 23-24. ОК ""Технологии и искусственный интеллект"" — Stepik","Образовательный курс направлен на знакомство и погружение участников НТО Junior в тематику сферы «Технологии и искусственный интеллект», углубление теоретических знаний, освоение технологий и развитие базовых компетенций необходимых участникам олимпиады для успешного участия в отборочном этапе и финале НТО Junior",,False,1870,,5.0,2,stepik,Машинное обучение и наука о данных
259538,n8n. Автоматизация с помощью ИИ — Stepik,"Пошаговый курс по созданию умных автоматизаций с ChatGPT, LLaMa, Elevenlabs и другими ИИ-инструментами. Уже через месяц вы сэкономите 20+ часов в неделю",Начальный уровень,False,1,990,5.0,1,stepik,Машинное обучение и наука о данных
51517,Введение в технологию идентификации человека по лицу — Stepik,"Курс позволит на практических задачах познакомиться с некоторыми особенностями технологий, использующихся при написании приложений идентифицирующих человека по лицу.",,False,438,,,,stepik,Машинное обучение и наука о данных
132288,Искусственный интеллект в робототехнике — Stepik,"Перед вами видеокурс по робототехнике и искусственному интеллекту, подготовленный на основе курсов, прочитанных авторами в МФТИ и Физтех-лицее. Весь учебный курс в целом посвящен решению задач в применении к гуманоидным роботам. Во-первых, человекоподобная платформа - одна из самых сложных в создании и программировании, а во-вторых, подавляющее большинство подходов, методов и инструментов, изложенных в курсе, безболезненно переносятся на другие платформы.",,False,812,,5.0,1,stepik,Машинное обучение и наука о данных
146178,Основы компьютерного зрения. Python — Stepik,,,False,40,,,,stepik,Машинное обучение и наука о данных
180725,НТО 2023-24. Этап 1. ТКЗЦ — Stepik,Курс содержит задания инженерного тура по профилю «Технологии компьютерного зрения и цифровые сервисы» I отборочного этапа Национальной технологической олимпиады 2023/2024,,False,228,,,,stepik,Машинное обучение и наука о данных
185271,Введение в компьютерное зрение в робототехнике,"Теоретические обзорные уроки к курсу ""Введение в компьютерное зрение в робототехнике"" проходящему в  НИИ Механики МГУ",Начальный уровень,False,764,,4.4,8,stepik,Машинное обучение и наука о данных
202357,YOLO Computer Vision: от новичка до Junior Engineer за 12 недель — Stepik,"Освойте YOLO за 12 недель и получите востребованную профессию в Computer Vision! Пошаговая программа: от установки до развертывания работающих моделей детекции объектов в медицине, ритейле, безопасности. Практические проекты + живые онлайн-консультации. Результат: портфолио из 3 реальных проектов + сертификат + пожизненный доступ к обновлениям курса. Подходит начинающим в ML, разработчикам, аналитикам данных. Закрытые мастер-классы для разбора ваших кейсов. Доступ к комьюнити практиков Computer Vision.",Начальный уровень,False,10,10000,5.0,1,stepik,Машинное обучение и наука о данных
214835,Компьютерное зрение в АПК,"Курс ""Компьютерное зрение в АПК"" обучает основам обработки изображений и созданию моделей искусственного интеллекта для решения задач классификации, детекции и сегментации объектов на изображениях. Вы изучите методы предобработки данных, архитектуры нейронных сетей, такие как CNN и U-Net, а также практические техники повышения точности моделей.",Начальный уровень,False,1198,,4.9,96,stepik,Машинное обучение и наука о данных
224260,Специалист по компьютерному зрению,"Программа состоит из четырех курсов: ""Практический Deep Learning"", ""Современное компьютерное зрение"", ""Генеративные модели компьютерного зрения"" и ""Super Resolution: Основы и Практика"". Прохождение курсов программы позволит слушателям погрузиться в основные алгоритмы и концепции глубинного обучения, а после этого освоить подходы классического и современного Computer Vision - и в теории, и на практике.",,True,113,17490,,,stepik,Машинное обучение и наука о данных
227252,Платформа ROBIN. Приемы работы с машинным зрением — Stepik,"В курсе рассматриваются вопросы использования технологий машинного зрения для автоматизации с помощью программных роботов на платформе ROBIN. Курс предназначен для аналитиков и экспертов, использующих для автоматизации задач и процессов платформу ROBIN, желающих расширить знания по использованию платформы ROBIN.",Средний уровень,False,40,,,,stepik,Машинное обучение и наука о данных
234068,Tensorflow & Keras: нейронные сети на Python — Stepik,"Практический курс по глубокому обучению для начинающих.  Освойте создание нейронных сетей, работу с изображениями и текстами, трансферное обучение. Получите навыки для карьеры в машинном обучении и искусственном интеллекте!",Средний уровень,False,105,990,,,stepik,Машинное обучение и наука о данных
160792,"[АРХИВ] Deep Learning (семестр 2, 2023 год) — Stepik","Это второй семестр курса ""Deep Learning"" Школы глубокого обучения МФТИ, посвящённый обработке текстов и аудиосигналов с помощью нейросетей. Курс рассчитан на студентов, прошедших первый семестр нашего курса. 
 Формат курса -- видеолекции и видеосеминары, а также практические домашние задания. Обучение проходит на языке Pytorch",,False,,,5.0,5,stepik,Машинное обучение и наука о данных
180882,Stable Diffusion для видео — Stepik,"Этот курс посвящается изучению различных аспектов генеративной нейросети Stable Diffusion.  В первую очередь мы будем изучать её для генерации и редактирования видео. Stable Diffusion, ControlNET, Deforum — если для вас это пустые непонятные слова, но вы хотите создавать красивый и увлекательный контент, который сейчас захватывает все тренды соцсетей, то этот курс для вас!",Начальный уровень,False,1,1490,,,stepik,Машинное обучение и наука о данных
196142,"[АРХИВ] Deep Learning (семестр 2, весна 2024) — Stepik","Это второй семестр курса ""Deep Learning"" Школы глубокого обучения МФТИ, посвящённый обработке текстов и аудиосигналов с помощью нейросетей. Курс рассчитан на студентов, прошедших первый семестр нашего курса.  Формат курса -- видеолекции и видеосеминары, а также практические домашние задания. Обучение проходит на языке Pytorch",Продвинутый уровень,False,3128,,4.6,8,stepik,Машинное обучение и наука о данных
211706,TensorFlow: от основ математики до глубокого обучения,"Этот обширный курс по машинному обучению на основе TensorFlow предназначен для тех, кто хочет глубоко понять и освоить создание нейронных сетей с нуля. Разделенный на четыре модуля, курс охватывает основы машинного обучения, углубляется в использование Python и библиотек для анализа данных, затем переходит к методам обучения без учителя и основам TensorFlow, и завершает глубоким обучением и специализированными задачами.",Средний уровень,True,67,990,5.0,1,stepik,Машинное обучение и наука о данных
241982,Твой путь в AI — PyTorch и Numpy! — Stepik,Сделайте первый шаг в сторону нейронных сетей. Эта программа охватывает две ключевые библиотеки в этой области: PyTorch и Numpy.,,False,94,2750,,,stepik,Машинное обучение и наука о данных
245654,Градиентный спуск и SGD в Python. Математика машинного обучения — Stepik,"Более 6 часов видео-лекции! 👍  Оперативная поддержка автора!🔥 Этот курс - лучший способ начать с нуля и стать специалистом по Машинному Обучению в Python и МАТЕМАТИКЕ! 🏆 Вы реализуете с нуля алгоритм градиентного спуска и стохастического, классическое машинное и глубокое обучение  на чистом Python, NumPy, Pandas, Scikit-Learn. Мы подробно разберём всю математику с нуля на примере Python кода, это будет самый ПРАКТИЧНЫЙ ОПЫТ 100%. Много практики + теория тоже есть! 🔥  Почитайте отзывы и записывайтесь!",Начальный уровень,False,28,1890,,,stepik,Машинное обучение и наука о данных
247446,"Нейросети Full Stack: Глубинное обучение, PyTorch, Tensorflow — Stepik",🔥 Теория + практика: стань разработчиком Deep Learning. Курс охватывает полный цикл создания нейросетей — от фундаментальной теории до развёртывания продакшн-моделей на GPU с практикой на двух ведущих фреймворках: PyTorch и TensorFlow.,Начальный уровень,False,30,2079,5.0,1,stepik,Машинное обучение и наука о данных
249447,Разложение Холецкого и LU Python. Математика машинного обучения — Stepik,"4 часа видео-лекции! 👍  Оперативная поддержка автора!🔥 Этот курс - лучший способ начать с нуля и стать специалистом по Машинному Обучению в Python и МАТЕМАТИКЕ! 🏆 Вы реализуете с нуля алгоритм LU-разложение и Холецкого, классическое машинное и глубокое обучение Python, NumPy, Pandas, Scikit-Learn. Мы подробно разберём всю математику с нуля на примере Python кода, это будет самый ПРАКТИЧНЫЙ ОПЫТ 100%. Много практики + теория тоже есть! 🔥  Почитайте отзывы и записывайтесь!",Начальный уровень,False,28,890,,,stepik,Машинное обучение и наука о данных
250107,Инженер машинного обучения: от данных до нейросетей — Stepik,"Освойте Machine Learning с нуля на реальных задачах и дайте старт своей карьере ML-инженера. Шаг за шагом - под кураторством опытных преподавателей, программируя на практике и пополняя портфолио настоящими проектами. От работы с данными до программирования нейронных сетей.",Начальный уровень,False,39,2890,,,stepik,Машинное обучение и наука о данных
250384,"Переобучение, Недообучение в ML. Полиномиальная регрессия Python — Stepik","Более 3 часов видео-лекции! 👍  Оперативная поддержка автора!🔥 Этот курс - лучший способ начать с нуля и стать специалистом по Машинному Обучению в Python и МАТЕМАТИКЕ! 🏆 Вы реализуете с нуля алгоритм классического машинного обучения полиномиальная регрессия, переобучение, недообучение в Python, NumPy, Pandas, Scikit-Learn, Matplotlib. Мы подробно разберём всю математику с нуля на примере Python, это будет самый ПРАКТИЧНЫЙ ОПЫТ 100%. Много практики + теория тоже есть! 🔥  Почитайте отзывы и записывайтесь!",Начальный уровень,False,16,1890,,,stepik,Машинное обучение и наука о данных
251071,Введение в Deep Learning - AI Knowledge Club — Stepik,"В этом курсе вы узнаете как работают нейросети, погрузитесь в компьютерное зрение (CV) и обработку естественного языка (NLP), узнаете как работают современные LLM и агентные системы! Кроме того, в курсе много времени уделено практике, отработке полученных навыков.",Начальный уровень,False,236,,,,stepik,Машинное обучение и наука о данных
252703,Пакет «Глубокое погружение во временные ряды» — Stepik,"Хочешь научиться прогнозировать данные и применять нейросети на практике? Этот пакет собрал ключевые курсы, которые дадут тебе полный цикл подготовки: от матанализа до построения моделей в PyTorch. Ты освоишь методы анализа временных рядов, научишься работать с трендами и сезонностью, разрабатывать собственные модели и понимать их математическую основу. Всё, что нужно, чтобы уверенно войти в Data Science и строить реальные прогнозы, — в одном месте. Сделай шаг к профессии будущего уже сегодня! 🚀",Средний уровень,False,2,4990,,,stepik,Машинное обучение и наука о данных
252721,Пакет «Нейросети и временные ряды» — Stepik,"Мечтаешь разбираться в данных глубже и применять нейросети для прогнозов? Этот пакет даст тебе всё необходимое: от изучения методов анализа временных рядов до построения собственных моделей в PyTorch. Ты научишься выявлять закономерности, работать с трендами и сезонностью, создавать предсказательные модели и понимать их математическую основу. С этим курсом ты получишь навыки, которые ценят работодатели, и сделаешь уверенный шаг в карьеру в Data Science. 🚀",Средний уровень,False,5,3490,,,stepik,Машинное обучение и наука о данных
252726,Профессия Аналитик данных — Stepik,"Этот пакет поможет полностью освоить анализ временных рядов и глубокое обучение в PyTorch. Вы пройдёте путь от базового понимания данных и трендов до построения собственных моделей RNN и LSTM. Курс сочетает теорию, практику и реальные проекты, чтобы вы могли уверенно применять знания на практике и подготовиться к работе в Data Science. Всё необходимое для полного погружения и профессионального старта — в одном курсе. 🚀",,False,5,6990,,,stepik,Машинное обучение и наука о данных
3320,GoTo Camp Test 2017 — Stepik,,,False,156,,,,stepik,Машинное обучение и наука о данных
4101,Математическое моделирование и машинное обучение — Stepik,"этот курс постоянно в разработке, потому что я все время что-нибудь придумываю новое",Начальный уровень,False,317,,,,stepik,Машинное обучение и наука о данных
10042,Поиск структуры в данных — Stepik,"""Поиск структуры в данных"" – третий курс программы ""Машинное обучение и анализ данных"". Из курса вы узнаете об алгоритмах кластеризации данных, с помощью которых можно искать группы схожих клиентов мобильного оператора. Вы научитесь строить матричные разложения и решать задачу тематического моделирования, понижать размерность данных, искать аномалии и визуализировать многомерные данные.",,False,740,15000,4.4,7,stepik,Машинное обучение и наука о данных
10043,Построение выводов по данным — Stepik,"Четвертый курс программы ""Машинное обучение и анализ данных"" –""Построение выводов по данным"".  На этом курсе вы научитесь строить корректные выводы, оценивать параметры, проверять гипотезы и устанавливать причинно-следственные связи. Вы узнаете все, что нужно для успешного превращения данных в выводы — организация экспериментов, A/B-тестирование, универсальные методы оценки параметров и проверки гипотез, корреляции и причинно-следственные связи.",,False,679,15000,4.5,10,stepik,Машинное обучение и наука о данных
10044,Прикладные задачи анализа данных,"На пятом курсе программы мы разберем прикладные задачи из различных областей анализа данных: анализ текста и информационный поиск, коллаборативная фильтрация и рекомендательные системы, бизнес-аналитика, прогнозирование временных рядов.В этом курсе вы научитесь сводить задачу заказчика к формальной постановке задачи машинного обучения и поймёте, как проверять качество построенной модели на исторических данных и в онлайн-эксперименте. На каждой задаче мы изучим плюсы и минусы пройденных алгоритмов машинного обучения.",,True,646,15000,4.2,5,stepik,Машинное обучение и наука о данных
10045,Анализ данных: финальный проект — Stepik,"Финальный проект даст вам возможность применить полученные в рамках специализации знания к задаче из реального мира. Под руководством успешных специалистов в науке о данных вы сможете поработать над актуальным проектом в одной из областей: электронная коммерция, социальные медиа, информационный поиск, бизнес-аналитика и др.",,False,430,10000,5.0,1,stepik,Машинное обучение и наука о данных
51946,ОНТИ 18/19. Нейротехнологии. Этап 2. Разбор. — Stepik,"В данном курсе собраны задачи Второго отборочного этапа Олимпиады НТИ по профилю ""Нейротехнологии"" 2018/2019 учебного года. Для каждой задачи приведен подробный разбор. Целью данного курса является популяризация Олимпиады НТИ, современных технологий, а также подготовка участников к успешному выступлению на Финале ОНТИ и приобретение новых навыков для участия в последующие годы.",,False,775,,,,stepik,Машинное обучение и наука о данных
59874,Моделирование простых молекулярных систем методами Монте-Карло — Stepik,В этом курсе рассматривается моделирование простых молекулярных систем (идеальный газ и система твердых сфер) методом Монте-Карло.,,False,37,,,,stepik,Машинное обучение и наука о данных
61318,Hello Europe - Intelligence Artificielle & Python à ScPo — Stepik,"1. Introduction et importance de l'intelligence artificielle et du numérique dans le monde d'aujourd'hui.  2. Premiers pas en Python. Comment l'installer et écrire nos premiers algorithmes.  3. Introduction à l'analyse, à la modélisation de données et à l'intelligence artificielle.",,False,189,,,,stepik,Машинное обучение и наука о данных
75005,Тестовое задание - Магистратура ИИТ ЧелГУ — Stepik,"Тестовое задание для поступления в магистратуру Machine Learning Института информационных технологий ЧелГУ.  Тестовое задание с вопросами по программированию, математике и Data Science.",,False,91,,3.0,1,stepik,Машинное обучение и наука о данных
99759,Тестовое задание | Курс Machine Learning | Napoleon IT School — Stepik,,,False,140,,,,stepik,Машинное обучение и наука о данных
100567,Введение в Data Science: часть 1 - программирование на Python — Stepik,"Данный курс является первым из серии в специализации ""Введение в Data Science"".
 Он полностью посвящен теме изучения фундаментальных основ языка программирования Python, одного из самых распространенных и востребованных языков, особенно, в сфере анализа данных.",Начальный уровень,False,12,12000,5.0,1,stepik,Машинное обучение и наука о данных
103394,Data engineering - интенсив — Stepik,Данный интенсив отлично подойдет для выпускников технических вузов и обучающих курсов по направлению Machine Learning. Интенсив будет включать теоретическую и практическую части на стыке data science и data engineering.,,False,392,,3.0,4,stepik,Машинное обучение и наука о данных
108916,Machine learning (on Python 3) — Stepik,,,False,117,,,,stepik,Машинное обучение и наука о данных
121043,Специализация «Аналитик данных»,На этой специализации вы освоите профессию «Аналитик данных»,Начальный уровень,False,1067,5490,4.9,11,stepik,Машинное обучение и наука о данных
124496,Data Science 1: первый год обучения — Stepik,"HSE Data Science minor (Обработка и анализ данных): вспомогательные материалы и упражнения для первого года майнора. Обратите внимание: иногда в упражнениях встречаются отсылки на лабораторные работы, разбираемые на очных занятиях",,False,1746,,4.5,4,stepik,Машинное обучение и наука о данных
124497,Data Science Minor 2: 3 курс — Stepik,"Данный курс предназначен для сопровождения занятий в рамках майнора ""Обработка и анализ данных"" (HSE SPb DS minor), 3 курс, 2022-2023 учебный год.",,False,1097,,,,stepik,Машинное обучение и наука о данных
125123,Основы искусственного интеллекта и анализа данных  — Stepik,Основан на курсе https://stepik.org/course/109539,,False,196,,5.0,2,stepik,Машинное обучение и наука о данных
131830,Вводный курс: технологии искусственного интеллекта (ИИ) в АПК — Stepik,"Данный курс рассчитан на знакомство с технологиями искусственного интеллекта (ИИ) (машинным обучением и нейронными сетями), применяемым в задачах агропромышленного комплекса. Приведенная теория подкреплена кейсами из прикладной сферы, что позволяет  получить более предметное представление об особенностях использования технологий ИИ и их интеграции в бизнес-процессы АПК. Данный курс лежит в рамках компетенций учебно-научной лаборатории искусственного интеллекта в АПК ФГБОУ ВО РГАУ-МСХА имени К.А. Тимирязева",Начальный уровень,False,1443,,4.9,93,stepik,Машинное обучение и наука о данных
169371,Курс по разметке данных в CVAT,"Вас приветствует компания DataDep! Одно из наших основных направлений работы это разметка данных, поэтому мы решили поделиться знаниями в этой сфере и пригласить лучших к себе на работу.",,False,753,,3.0,2,stepik,Машинное обучение и наука о данных
172756,Общий курс ML START (весна 2023),"ML START – технологический акселератор компании Малленом Системс, направленный на обучение специалистов и разработку «умных» продуктов в сфере машинного обучения и компьютерного зрения. Общий курс включает в себя развитие личной эффективности будущих специалистов.",Начальный уровень,False,602,,5.0,1,stepik,Машинное обучение и наука о данных
175382,"Пакет курсов ""Data Scientist"": Python + SQL + Машинное обучение — Stepik","Более 70 часов видео-лекций! 👍 Победитель Stepik Awards в номинации ""Прорыв года""! 🏆 Самые востребованные навыки Python + SQL + Machine Learning в едином пакете - для Дата Сайентистов, Аналитиков данных, Инженеров данных и всех интересующихся. Много практики + теория тоже есть! 🔥Оперативная поддержка автора!🔥 Почитайте отзывы на отдельные курсы, входящие в пакет (особенно отзывы на курс по машинному обучению), и смелее записывайтесь!",,False,2524,3900,5.0,24,stepik,Машинное обучение и наука о данных
175880,Transformer: работа с текстом — Stepik,"Научитесь дообучать Трансформеры для типичных задач НЛП, узнаете как устроена архитектура изнутри и современные тренды её развития.",Средний уровень,False,30,8500,5.0,2,stepik,Машинное обучение и наука о данных
178349,Python в мультиагентных системах — Stepik,"У вас есть знания основ Python, но не хватает практического опыта в реализации программных систем? Не можете определиться, программирование - это ваше или нет? Тогда этот курс идеально подойдет, чтобы расставить все точки над ""И""! С использованием мультипроцессинга и асинхронного программирования мы реализуем мультиагентную систему поиска таких позиций шахматных фигур на доске, где отсутствуют ситуации, что какая-либо фигура находится под атакой.",Средний уровень,False,27,1999,4.0,1,stepik,Машинное обучение и наука о данных
200649,Анализ Данных с Глебом Михайловым (3 курса сразу!),В эту специализацию входит три моих курса:1) SQL для анализа данных с Глебом Михайловым 2) Data Science с Глебом Михайловым 3)А/Б-тесты с Глебом Михайловым,Начальный уровень,False,270,5970,5.0,2,stepik,Машинное обучение и наука о данных
205652,Machine Learning в страховании — Stepik,"Вы узнаете чем обусловлен успех машинного обучения в области страхования, сможете разобраться в основных процессах в сфере страхования и ознакомиться с наиболее часто применяемыми в страховании моделями и технологиями машинного обучения.",Средний уровень,False,40,,,,stepik,Машинное обучение и наука о данных
209346,ROBIN. Применение классификатора ROBIN AI в роботах — Stepik,"Как быстро добавить в программного робота функционал искусственного интеллекта? Используйте для этого классификатор ROBIN AI! В рамках курса вы познакомитесь с основными возможностями классификатора ROBIN AI. Ключевые понятия, примеры работы роботов с классификаторами, порядок подготовки индекса классификатора для работы действий в ROBIN Studio.",,False,62,,,,stepik,Машинное обучение и наука о данных
211639,Пакет курсов: Pandas + Matplotlib + Seaborn,"Пакет курсов по обработке, анализу и визуализации данных для глубокого освоения всех этапов работы с информацией.",,False,339,2480,5.0,2,stepik,Машинное обучение и наука о данных
213229,ClickHouse для аналитика / инженера / машинного обучения | 1337 — Stepik,"ClickHouse для аналитики Лучший курс по ClickHouse с элементами AI (LLM)  Вы создадите Pet Projects, где ClickHouse станет поставщиком данных для RAG, Gen BI и AI Agent.  Курс включает: практические задания из реальных проектов; подготовку к собеседованиям.  Освойте с нуля до продвинутого уровня: SQL; MergeTree; индексы; сжатие; ML-функции, интеграции с Kafka, S3, Posgres...  Если Вы хотите быть, а не казаться.  Дата Инженер | Дата Аналитик | Системный Аналитик | Бизнес Аналитик | DWH Инженер | Data Science",Начальный уровень,False,29,4969,5.0,6,stepik,Машинное обучение и наука о данных
219364,Junior Python Data Scientist — Stepik,"Этот набор курсов является специализацией для того чтобы с 0 дойти до уровня Junior Python Data Scientist. Особенность включенных курсов в том что первый дает всю базу в максимально короткий срок по языку Python, а второй дает все необходимое для старта в области Data Science (Big Data, Анализ данных).",Начальный уровень,False,14,1845,,,stepik,Машинное обучение и наука о данных
226760,Основы больших данных (Big Data) — Stepik,"Эра больших данных открывает новые возможности для анализа и принятия решений в бизнесе и науке. 
 
 Наш курс ""Основы больших данных (Big Data)"" под руководством Антона Николаевича Баланова, эксперта в области цифровых технологий и автора многочисленных учебных пособий, поможет вам понять, как работать с огромными объемами информации и извлекать из них ценную информацию.",Начальный уровень,False,209,3440,5.0,31,stepik,Машинное обучение и наука о данных
230302,🔥Введение в нейронные сети на практике с PyTorch,"Освойте нейросети на PyTorch с нуля! В этом курсе вы быстро разберётесь в ИИ — от базовых перцептронов до трендовых моделей, с наглядными анимациями и практикой. Создайте уникальные нейросети: распознавайте цифры с Feed-forward, классифицируйте изображения с CNN, генерируйте тексты с RNN, генерируйте изображения с DCGAN. Максимум практики — минимум сложностей!",Начальный уровень,True,118,4500,4.7,3,stepik,Машинное обучение и наука о данных
239591,Введение в анализ данных и машинное обучение на Python — Stepik,"Попробуйте бесплатные модули и оцените всё сами! Убедитесь, насколько это просто и эффективно, прямо сейчас! 🚀🚀🚀",Начальный уровень,False,3,1499,5.0,1,stepik,Машинное обучение и наука о данных
242731,Доверенный искусственный интеллект: экспертный уровень,"Курс затрагивает ключевые аспекты обеспечения безопасности моделей искусственного интеллекта. Рассмотрены практические методы объяснимости моделей, проводятся исследования устойчивости моделей к возмущениям. Анализируются механизмы атак на модели ИИ, изучаются методы выявления нетипичных данных. Курс содержит практические задания и проверочные вопросы. Курс для студентов, обучающихся по направлениям «Информатика и вычислительная техника», «Информационная безопасность» и другим смежным направлениям.",Средний уровень,False,207,,5.0,1,stepik,Машинное обучение и наука о данных
248196,Курс по анализу данных и визуализации в Google Colab — Stepik,"Курс по анализу данных в Google Colab с нуля! 🚀  Научитесь работать с реальными данными в облачной среде. 💻 Освойте: ✅ Python для анализа данных ✅ Библиотеки NumPy, Pandas, Matplotlib, Seaborn ✅ Создание информативных визуализаций 📊 ✅ Основы машинного обучения  Практические навыки по автоматизации и совместной работе. Начните карьеру в Data Science уже сегодня! 🌟",Начальный уровень,False,9,200,5.0,1,stepik,Машинное обучение и наука о данных
248473,MLOps: от прототипа до продакшена — Stepik,"Освойте практический подход к MLOps: от прототипа модели до её стабильного продакшен‑деплоя и мониторинга. Вы научитесь версионировать данные и модели, контейнеризовать ML‑приложения, автоматизировать CI/CD, оркестрировать в Kubernetes, строить конвейеры наблюдаемости и внедрять современные практики безопасности.",Средний уровень,False,18,2990,3.0,1,stepik,Машинное обучение и наука о данных
250957,RAG Engineer PRO,"Комплексная программа инженера RAG: от прототипа до продакшн-бота. Соберёте поиск «по смыслу», настроите индексацию/ретрив, сделаете API на FastAPI, добавите тесты и деплой. Подойдёт разработчикам и аналитикам, знакомым с основами Python.",Начальный уровень,False,30,18990,,,stepik,Машинное обучение и наука о данных
67013,Python и нейронные сети,"Практическая часть, для дистанционного выполнения курса ""Python и нейронные сети"". Выполнение практического курса обязательно, невыполнение несет за собой возможное отставание в теме. Выполнить все предоставленные задания нужно до 5 апреля 2020 года, последовательность выполнения зависит только от вас.",,False,2490,,3.8,17,stepik,Машинное обучение и наука о данных
203007,Создаем  AI-помощника Jarvis на ChatGPT-like моделях от Сбера,"Мечтаешь создать своего собственного Джарвиса? Или, может быть, ты хочешь овладеть навыками разработки многофункциональных приложений на ИИ? 
 На этом курсе, ты освоишь навыки программирования ИИ и опыт работы с такими технологиями, как распознавание и синтез речи (с SalutSpeech), и генерация текста c LLM (Groq:  LLaMA3 8b и 70b, Mixtral 8x7b, Gemma 7b). Этот курс прекрасно подойдет для начинающих, тебе всего лишь необходимо иметь базовые знания Python!",Начальный уровень,True,111,4590,5.0,4,stepik,Машинное обучение и наука о данных
206525,"MIT App Inventor, WordPress, OpenCV - Летнее обучение — Stepik","MIT App Inventor, WordPress и OpenCV, предоставляя учащимся комплексное понимание создания мобильных приложений, веб-сайтов и компьютерного зрения.",Средний уровень,False,35,,,,stepik,Машинное обучение и наука о данных
224988,Нейросети HuggingFace в Python,"В этом курсе мы изучим и интегрируем в Python через API 9 разных нейросетей для работы с текстом и изображениями от Google, Microsoft и других компаний, которые точно будут полезны в проектах.",Средний уровень,True,3,1190,,,stepik,Машинное обучение и наука о данных
245062,Crypto AI Agent | ИИ Агент в Крипте | Virtuals Protocol | 1337,"Погрузитесь в разработку приложений с LLM. 
 Вы создадите собственные токены для Crypto AI Agent. 
 Вы освоите инструменты: Virtual Protocol, GAME,  ACP, AutoGen, Ollama и MCP. 
 Вы будите работать с моделями DeepSeek, Llama, Qwen. 
 Курс включает работу с AI Agent, Multi-Agent, RAG, VLM, обучая созданию ИИ агентов, интеграции Virtual Protocal, Telegram и x.com. 
 Курс с акцентом на практику, вы научитесь создавать инновации — от автоматизации до аналитики. 
 Станьте частью технологического будущего.",Начальный уровень,True,9,3969,5.0,5,stepik,Машинное обучение и наука о данных
213159,"Онлайн-практикум ""Нейрокодер Start"" — Stepik","Как писать код с помощью нейросетей, даже, без опыта программирования
 
 🤝 Данный курс позволит ученикам с нуля освоить принципы работы с кодом.
 
 💻 Давно хотели войти в IT? На практикуме вы получите новые навыки и создадите несколько проектов. 
 
 💫 Да прибудет с вами сила нейросетей!",Начальный уровень,False,17,4990,5.0,2,stepik,Машинное обучение и наука о данных
236123,Искусственный интеллект. Основное — Stepik,"Цель курса — легко и быстро дать начальные знания об искусственном интеллекте, захватывающей и выгодной теме и знания для начала использования его в работе и жизни.",Начальный уровень,False,12,140,5.0,5,stepik,Машинное обучение и наука о данных
243775,"Взламываем нейросети, пока они не взломали нас — Stepik","AI Red Team для начинающих — взламываем нейросети, пока они не взломали нас""  
 Где мы учим ИИ ошибаться, а заодно защищаем свои системы от умных атак. Всё по закону, конечно же!",Средний уровень,False,2,6750,,,stepik,Машинное обучение и наука о данных
249709,ClickHouse | GenBI | LLM | VLM | AI | 1337 — Stepik,"Лучший курс по ClickHouse с применением Gen BI, LLM и VLM.
 Вы создадите Pet Project, где ClickHouse интегрируется с Grafana для GenBI и AI-решений.
 
 Data Engineer | Data Analyst | Business Analyst | System Anal | AI/ML Engineer",Начальный уровень,False,21,1969,5.0,3,stepik,Машинное обучение и наука о данных
250054,ClickHouse | RAG | LLM | Streamlit | AI | 1337,"Лучший курс по ClickHouse с применением RAG (Retrieval Augmented Generation), LLM и Streamlit (Web UI).
 Вы создадите Pet Project, где ClickHouse интегрируется с LLM для RAG и AI-решений.
 
 Data Engineer | Data Analyst | Business Analyst | System Anal | AI/ML Engineer",Начальный уровень,True,25,1969,5.0,3,stepik,Машинное обучение и наука о данных
252632,🔥 Prompt Engineering: The Art of Conversation with ChatGPT — Stepik,"🧠 Prompt Engineering — unleash AI to the fullest! Learn to craft requests for ChatGPT that turn it into a copywriter, programmer, analyst, and assistant all at once. One prompt — and the task is done. No magic. Just clear techniques and real cases.",Начальный уровень,False,48,810,,,stepik,Машинное обучение и наука о данных
253246,LLM-Chat + Mermaid + ЮKassa — Stepik,"Конвейер для вашей AI-идеи: от кода до первых платежей за 7 модулей. Практический курс-конструктор: готовые фронтенд, бэкенд, платежи ЮKassa, деплой и SEO в формате платного микро-SaaS. Mermaid — лишь пример. Подставьте свою логику и получите первый доход.",Средний уровень,False,1,2490,5.0,1,stepik,Машинное обучение и наука о данных
63054,Интерактивный тренажер по SQL,"В курсе большинство шагов — это практические задания на создание SQL-запросов. Каждый шаг включает  минимальные теоретические аспекты по базам данных или языку SQL, примеры похожих запросов и пояснение к реализации.",Начальный уровень,True,500137,,4.9,4624,stepik,Анализ данных
171826,Тестирование ПО с нуля. Теория + Практика. Уровень BASIC,"""Тестирование ПО с нуля. Теория + Практика"": станьте тестировщиком с нуля! Этот курс подойдет начинающим и тем, кто хочет освежить знания. Узнайте, как стать тестировщиком через видео, тексты, тесты и задания. Вас ждет поддержка сообщества в ТГ и сертификат от Stepik в конце обучения. Причины заниженного рейтинга объясняются в первом уроке. Автор: Артем Русов",Начальный уровень,True,95000,,4.2,4660,stepik,Анализ данных
191774,Введение в SQL,"🏆 Победитель Stepik Awards 2024 - Лучший курс по Анализу данных! 
 
 Наш курс ""Введение в SQL"" — это ключ к миру баз данных. Вам доступны структурированные лекции, почти 100 тестовых и интерактивных задач. Завершите обучение практическим модулем, создав собственную базу данных. Получите навыки, чтобы стать востребованным IT-специалистом. Получите знания для своей мечты! 🚀",Начальный уровень,True,43537,,4.9,1751,stepik,Анализ данных
76,Основы статистики,"Курс знакомит слушателей с основными понятиями и методами математической статистики. В течение трех недель мы рассмотрим наиболее широко используемые статистические методы и принципы, стоящие за ними. Полученных знаний будет достаточно для решения широкого круга задач, возникающих в рамках исследовательской работы.",Начальный уровень,True,313481,,4.9,5843,stepik,Анализ данных
4852,Введение в Data Science и машинное обучение,"Курс знакомит слушателей с основами машинного обучения и рассчитан в первую очередь на тех слушателей, которые только начинают свой путь в Data Science. Мы подробно разберем основные теоретические понятия, а также начнем знакомство с библиотеками Pandas и Scikit-learn — наиболее популярными инструменатами для анализа данных и машинного обучения, используя язык программирования Python.",Начальный уровень,True,160345,,4.9,1296,stepik,Анализ данных
113918,"""Поколение Python"": базы данных и SQL","Курс продолжает серию ""Поколение Python"" и рассказывает о языке структурированных запросов SQL, который используется при работе с реляционными базами данных",Средний уровень,True,4026,7900,5.0,387,stepik,Анализ данных
180000,FastAPI для начинающих,"🏆 Победитель Stepik Awards 2024 в номинации ""Лучший платный курс года""! Этот курс представляет собой подробное руководство по созданию приложений с помощью FastAPI. Вы узнаете, как создавать быстрые, эффективные и масштабируемые REST API на Python. Вы начнете с приложения Hello World и далее создадите полноценное API интернет магазина, использующее асинхронные запросы к базе данных, аутентификацию и права доступа. Внимание, данный курс не содержит ни минуты видео!",Начальный уровень,True,1476,2999,5.0,89,stepik,Анализ данных
260692,Большие данные — Stepik,"В курсе изложены основные этапы, технологии, алгоритмы и инструменты обработки больших данных, включая высокоуровневый язык программирования Python. В пособии рассматриваются современные подходы к сбору, хранению, исследованию, моделированию и визуальному представлению результатов анализа больших данных.",Средний уровень,False,332,,5.0,9,stepik,Анализ данных
125501,Практический Machine Learning,"В курсе изучаются классические и продвинутые алгоритмы машинного обучения, подробно разбираются математические обоснования изучаемых методов.",Начальный уровень,True,2453,3900,5.0,61,stepik,Анализ данных
260766,Digital Sustainability PDP 2025 — Stepik,"This course explores how digital technologies can be more sustainable. Students learn about energy use, e-waste, and carbon footprint in IT. They study global frameworks, analyse real cases, and develop eco-friendly digital solutions for a low-carbon future.",Средний уровень,False,313,,4.9,45,stepik,Анализ данных
129449,Машинное Обучение в Python: Большой Курс для Начинающих,"50+ часов видео-лекций и много практических заданий! 👍  Победитель Stepik Awards в номинации ""Прорыв года""! 🏆  Этот курс - лучший способ начать с нуля и стать специалистом по Машинному Обучению в Python! Библиотеки NumPy, Pandas, Matplotlib, Seaborn, Scikit-Learn и многое другое.🔥 Оперативная поддержка автора!🔥 Почитайте отзывы и записывайтесь!",Начальный уровень,True,5512,2900,5.0,144,stepik,Анализ данных
8057,Машинное обучение,"Слушатели курса узнают, как выглядят большие данные, научатся их обрабатывать: восстанавливать пропущенные значения, удалять аномалии, предсказывать значения признаков. Также слушатели научатся анализировать модели искусственного интеллекта, находить их сильные и слабые стороны, аргументировать свою точку зрения в вопросах, связанных с ИИ. В ходе обучения будут рассмотрены классические модели анализа данных, которые во многих случаях по-прежнему являются эффективными и (что важно) интерпретируемые.",Начальный уровень,True,49523,,4.9,752,stepik,Анализ данных
138385,Power BI: от новичка до уверенного бизнес-пользователя,"Данный курс - аналог курса автора на платформе UDEMY. Он позволяет макс. быстро ознакомиться с возможностями Power BI в части подключения источников и преобразования данных, моделирования и вычислений, а также визуализации данных в виде отчетов и панелей мониторинга (дашбордов). Курс  спроектирован так, чтобы в самый короткий строк и без излишеств сделать из новичка уверенного бизнес-пользователя основных функционалов Power BI.",Начальный уровень,True,2817,1590,5.0,149,stepik,Анализ данных
248702,ClickHouse с нуля,"Хотите освоить самую быструю аналитическую СУБД, но не знаете, с чего начать? Этот курс — ваш самый короткий путь к пониманию ClickHouse. Никакой «воды» — только концентрированные теоретические знания, которые лежат в основе повседневной работы. На курсе вы получите прочную базу: разберетесь в архитектуре, ключевых концепциях и возможностях системы.",Начальный уровень,False,941,,5.0,12,stepik,Анализ данных
240786,SQL Start,"Освойте SQL с нуля и начните уверенно работать с данными! Курс подойдёт новичкам, аналитикам, тестировщикам и всем, кто хочет разобраться в базах данных. Чёткие объяснения, логичная подача материала и более 80 интерактивных заданий на реальных примерах - вы будете учиться на практике, а не просто изучать теорию.",Начальный уровень,True,2017,,5.0,118,stepik,Анализ данных
129,Анализ данных в R,"В рамках трёхнедельного курса рассматриваются все основные этапы статистического анализа R, считывание данных, предобработка данных, применение основных статистических методов и визуализация результатов. Слушатели научатся основным элементам программирования на языке R, что позволит быстро и эффективно решать широчайший спектр задач, возникающих при обработке данных.",Начальный уровень,True,63605,,4.8,654,stepik,Анализ данных
58692,Информационные системы в экономике. Работа с СУБД MS Access — Stepik,"Курс разработан в ФГБОУ ВО ""РЭУ им. Г.В.Плеханова"".  Задачей курса является обучение практическим навыкам работы с системой управления базами данных MS Access для решения профессиональных задач.",Средний уровень,False,18252,,4.8,446,stepik,Анализ данных
104774,WEB Парсинг на Python — Stepik,"Курс победитель🥇Stepik Awards в номинации ""Прорыв года""
 Практический курс синхронного и асинхронного веб-парсинга на Python, потренируетесь собирать информацию c веб-cайтов и Telegram чатов, а в модуле Selenium научитесь автоматизировать действия в браузере, и обходить captcha. Не упустите свой шанс стать частью нашего сообщества. Запишитесь на курс уже сегодня и начните свое путешествие в мир парсинга на Python!",Средний уровень,False,5087,4900,4.9,166,stepik,Анализ данных
137235,Профессия Data Engineer с нуля до junior,"Курс для погружения в IT направление ""Большие данные"". Большие данные - это актуальное и перспективное направление, которое развивается за счет слаженной работы нескольких профессий. На курсе Вы сможете получить знания, которые позволят Вам стать разработчиком больших данных. По окончании курса Вам будет предложено решить финальное задание на выбор, которое пойдет в Ваше портфолио и отразит все знания, полученные на курсе. На протяжении всего курса Вам будет доступен чат в тг.",Начальный уровень,True,3021,4750,4.9,34,stepik,Анализ данных
105359,Марафон данных: первое знакомство с SQL и Python,"Этот курс для тех, кто хочет познакомиться с профессией аналитика данных. Если вы никогда ранее не сталкивались с SQL, Python и продуктовыми метриками, то Data Марафон – для вас! Мы расскажем про самые важные инструменты аналитика данных, и объясним всю суть аналитической работы максимально просто и на реальных примерах.",Начальный уровень,True,24183,,4.8,1066,stepik,Анализ данных
51562,Основы SQL,"Курс по основам SQL на Stepik (с поддержкой). 
 
 Более 4-х часов видео и 260 практических задач на SQL тренажере из реальной практики.
 
 Обучение SQL на примере MySQL — одной из самых популярных баз данных",Начальный уровень,True,6197,4790,4.9,658,stepik,Анализ данных
189476,Python for Data Science: Практика Numpy — Stepik,"Присоединяйтесь к практико-ориентированному курсу по NumPy. В 'Python for Data Science' акцент делается на решении множества задач, что позволяет применять полученные знания и вспомнить уже отработанный материал.",Начальный уровень,False,5908,,4.8,165,stepik,Анализ данных
228024,Собеседование по SQL: Теория и практика,"Этот курс предназначен для тех, кто хочет успешно пройти собеседование по SQL. Рассмотрим решение практических задач и ответы на наиболее часто встречающиеся теоретические вопросы.",Средний уровень,True,2871,,4.9,39,stepik,Анализ данных
241870,Системный аналитик Junior — Stepik,"Базовый курс для начального понимания роли СА и его функционала, структуры требований к ПО, их видов, Баз Данных. Также в конце вам будет предоставлен план развития вас как СА.",Начальный уровень,False,3339,,4.8,71,stepik,Анализ данных
133779,Бизнес аналитик в IT с Нуля до Специалиста,"Проверка домашних заданий автором курса. С нуля получишь все знания и навыки, которые требуют работодатели, когда ищут бизнес аналитика. Ты научишься работать с Excel, SQL, Power BI. Научишься строить бизнес процессы в нотации BPMN. Сможешь собирать требования и писать ТЗ, Use Case и User Story. Узнаешь что такое Agile и сможешь работать по Scrum и Kanban и применять Jira и Confluence. И самое главное научишься проходить собеседования, сделаешь крутое резюме и пройдешь настоящие тестовые задания.",Начальный уровень,True,2987,3890,4.8,134,stepik,Анализ данных
212435,SQL практикум. Основы,Спроектируем базу данных популярного мессенджера и научимся писать SELECT-запросы к ней.,Начальный уровень,True,7052,,4.9,154,stepik,Анализ данных
150,Hadoop. Система для обработки больших объемов данных,"Курс посвящен методам обработки BigData с помощью системы Hadoop. После прохождения курса вы получите знания основных способов хранения и методов обработки больших объемов данных, поймете принципы работы распределенных систем в контексте фреймворка Hadoop и освоите практические навыки разработки приложений, используя программную модель MapReduce.",,False,49513,,4.8,265,stepik,Анализ данных
177839,Основы работы с большими данными,"«Основы работы с большими данными» –  курс, направленный на повышение информационной грамотности, знакомство с инструментами и техниками работы с большими объемами разнородных данных.",Начальный уровень,False,5447,,4.5,66,stepik,Анализ данных
194633,Старт в Data Science! — Stepik,"Язык Python сейчас является необходимым для любого аналитика данных, дата саентиста и ML инженера. Мини-курс посвящен изучению основ программирования на языке Python, а также освоению ключевых подходов и инструментов аналитики и визуализации данных.",Начальный уровень,False,8254,,4.5,22,stepik,Анализ данных
212436,SQL практикум. SELECT-запросы,"Учимся писать SELECT запросы к базе данных: фильтрации, группировки, сортировки, агрегирующие функции, условия и ветвления...",Начальный уровень,True,3070,,5.0,94,stepik,Анализ данных
187818,Погружение в SQL: Основы и первые шаги — Stepik,"Наш интенсивный онлайн-курс ""Погружение в SQL: Основы и первые шаги"" охватывает все основы выборки данных, необходимые для начала погружения в мир данных.",Начальный уровень,False,8793,,4.7,199,stepik,Анализ данных
254086,SQL для собеседований | Изи гайд по аналитике,"Курс для тех, кто готовится к собеседованию по SQL на аналитика данных, BI или DWH и хочет получить оффер в IT компанию. Здесь собраны самые частые типы задач из интервью в IT: от простых запросов и объединений таблиц до подзапросов и оконных функций",Средний уровень,False,872,,5.0,6,stepik,Анализ данных
551,Введение в базы данных — Stepik,"Знакомство с методами структурированного хранения данных, основами SQL, принципами использования баз данных в приложениях, обзор нереляционных способов хранения данных",,False,116680,,4.1,845,stepik,Анализ данных
251483,Цифровые технологии в АПК: от основ к программированию,"Базовый курс для расширения знаний в области цифровых технологий. В курсе освещаются вопросы, связанные с применением современных цифровых решений в отрасти АПК, слабыми и сильными сторонами цифровизации, в том числе  с позиции информационной безопасности. Практическую основу курса составляет содержимое разделов по алгоритмизации, программированию на языке Python, базам данных и программированию баз данных на языке SQL.",Начальный уровень,False,510,,5.0,9,stepik,Анализ данных
256007,Курс SQL часть 1. Основы и работа с данными,"Хотите научиться работать с базами данных с нуля? Этот курс — ваш первый и самый важный шаг в мир SQL. Мы простым языком объясним, как устроены данные, и научим вас писать запросы для их извлечения, фильтрации и изменения. Вы освоите SELECT, WHERE, INSERT, UPDATE, DELETE и научитесь создавать свои таблицы. Никакой воды — только необходимые знания и много практики для старта карьеры в IT и аналитике.",Начальный уровень,False,632,,5.0,33,stepik,Анализ данных
61247,SQL с нуля до PRO — Stepik,"Освойте SQL с нуля до уровня профи! Полное погружение в три этапа: основы, проектирование баз данных и продвинутый SQL.   Интерактивный тренажер с 300+ заданиями и персональная поддержка преподавателя. Превратитесь из новичка в специалиста по данным!",Начальный уровень,False,3893,6900,4.9,78,stepik,Анализ данных
524,Основы статистики. Часть 2 — Stepik,"Курс продолжает знакомить слушателей с основными понятиями и методами статистики. Курс затронет такие темы, как анализ номинативных данных, непараметрические критерии и методы понижения размерности.",Средний уровень,False,67255,,4.9,587,stepik,Анализ данных
124277,Linmodr - «Линейные модели с использованием R»  — Stepik,"Задания к курсу ""Линейные модели, дисперсионный и регрессионный анализ с использованием R"".  Только контрольные задания, вся теория очно.",Средний уровень,False,433,,5.0,1,stepik,Анализ данных
134040,Pandas для начинающих,"Видеоуроки по Pandas для начинающих. Разбираем функционал pandas по косточкам в Jupyter notebook. Закрепляем материал, выполняя тесты и решая задачки.",Начальный уровень,False,2013,,4.8,12,stepik,Анализ данных
197970,SQL практикум. Полный курс,"Спроектируем базу данных популярного мессенджера и научимся писать все виды запросов к ней
 (12 часов качественного видеоматериала, 300+ тестов, 100+ задач на написание SQL кода).",Начальный уровень,True,3155,890,5.0,100,stepik,Анализ данных
234008,Основы SQL,"Курс предназначен для знакомства и погружения в SQL и освоение навыков работы с PostgreSQL - одной из самых популярных систем управления базами данных. Проектирование системы хранения данных, извлечение данных из нее и работа с ними - необходимый навык для всех специалистов, связанных с управлением базами данной, анализом или разработкой и поддержкой веб-приложений. На курсе вы познакомитесь с основами работы с SQL, а также узнаете продвинутые техники работы с базами данных.",Начальный уровень,False,2264,,3.6,14,stepik,Анализ данных
247709,Сводные таблицы в Excel. С нуля до анализа данных,"Этот курс создан для тех, кто хочет научиться работать со сводными таблицами в Excel и применять их в реальной работе: для аналитики, отчётов и принятия решений. 
 
 Курс подходит для специалистов любого уровня — от начинающих пользователей до опытных менеджеров, которые хотят повысить эффективность своей работы с данными.
 
 После обучения вы сможете быстро строить понятные отчёты, анализировать информацию с разных углов и тратить меньше времени на рутину в Excel.",Начальный уровень,False,1611,,5.0,84,stepik,Анализ данных
73952,Анализ данных просто и доступно.,"Путеводитель в мир анализа данных.  Решая практические задачи, участники познакомятся с основами машинного обучения в увлекательной и доступной форме.",Начальный уровень,False,24541,,4.9,150,stepik,Анализ данных
253869,СУБД — Stepik,"Курс содержит практические задания, необходимые для освоения дисциплины ""Системы управления базами данных"", читаемой в Российском университете дружбы народов. Курс посвящен знакомству с основами структурированного языка запросов SQL. В курсе большинство шагов — это практические задания на создание SQL-запросов.   P.S. Уважаемые студенты просим быть снисходительными, к текущему варианту курса. На текущий момент это пилотная версия. Постепенно курс будет расширяться.",Средний уровень,False,208,,5.0,1,stepik,Анализ данных
213585,Библиотеки Pandas и Seaborn для анализа данных. Базовый уровень — Stepik,Курс по основным функциям Pandas и Seaborn – мощных библиотек языка Python для анализа данных. Курс даст вам базовое понимание этих инструментов.,Начальный уровень,False,4177,,4.7,45,stepik,Анализ данных
234193,Основы SQL (MySQL) — Stepik,"Курс состоит из десяти уроков, в каждом из которых сначала идёт шаг с теорией, необходимой для освоения темы шага. Далее идут три шага с заданиями разного плана. В основном это задания, где необходимо написать правильный код.   Начиная с урока 1.4 «Простые запросы с SELECT. Часть 1» все последующие задания должны выполняться с учётом представленной пользователю базы данных. Просмотреть её структуру можно на втором шаге урока 1.4",,False,155,,5.0,1,stepik,Анализ данных
177903,Изучаем Pandas на финансовых данных — Stepik,"В курсе мы будем учиться работать с библиотекой Pandas, используя при этом различные финансовые и экономические данные. Тем самым, параллельно с изучением самой библиотеки, вы также сможете узнать для себя и что-то новое из мира экономики и финансов.",,False,718,1380,5.0,43,stepik,Анализ данных
227016,PHP (mini) — Stepik,"PHP (mini) — это курс для тех, кто хочет быстро разобраться в основах программирования и веб-разработки. Вы научитесь проектировать базы данных, писать запросы на SQL и подключать их к вашим проектам. Разберетесь, как работает PHP, научитесь создавать динамические сайты, работать с формами, файлами и сессиями. Кроме того, освоите базовые принципы API и создадите свой первый полноценный проект. Всё просто, понятно и без лишней теории — только то, что нужно, чтобы начать разрабатывать свои веб-приложения.",Начальный уровень,False,2684,,4.9,45,stepik,Анализ данных
173638,BI-аналитик от AW BI Academy — Stepik,"Как стать востребованным аналитиком данных - теория и практика от создателей Российской BI-платформы AW BI. В курсе научим подключаться к данным, трансформировать и объединять их, делать полезные и красивые дашборды. Узнаете, что такое ETL, модель данных, как обновляются большие массивы данных. Покажем, как создавать красивые и эффективные визуализации данных, как правильно подобрать тип графика и цвет.",Начальный уровень,False,8856,,4.8,92,stepik,Анализ данных
238825,Django: Django 5 для начинающих,"Освой Django 5 на практике: 1001 задача, реальные примеры и работающий код. Никакой воды - только то, что делает тебя разработчиком. Шаг за шагом ты научишься строить проекты от моделей и админки до фильтрации, API и чатов. Этот курс - лучший способ превратить знания в опыт.",Начальный уровень,True,329,1490,5.0,1,stepik,Анализ данных
212383,Пакет курсов. Базы данных и SQL с нуля до профи,"Весь SQL, который пригодится в работе, в одном пакете. DDL, DML, транзакции, представления, процедуры, оптимизация и не только. Практика: тесты, задачи, пишем много кода.",Начальный уровень,True,859,1850,5.0,29,stepik,Анализ данных
102883,SQL для всех,На курсе вы изучите SQL до уровня написания сложных SQL-запросов и потренируетесь на данных торговой компании в одной из самых популярных систем управления базами данных.,,True,3511,1990,4.9,480,stepik,Анализ данных
134773,Программирование на Python с Нуля + Работа с SQL,"ДОМАШНИЕ ЗАДАНИЯ ПРОВЕРЯЮТСЯ ЛИЧНО АВТОРОМ + более 250 задач на программирование и тестов! Данный курс подходит для тех, кто желает изучить программирование на Python 3, работу с базами данных и SQL-запросами! Так же он подойдет для тех кто уже работает разработчиком, тестировщиком или в сфере IT и планирует сменить направление.",Начальный уровень,True,9094,3144,5.0,60,stepik,Анализ данных
178946,Основы R с введением в анализ медицинских данных — Stepik,"В данном курсе студенты познакомятся с основами языка программирования R — мощного инструмента для статистического анализа и визуализации данных. Особое внимание уделено применению R для работы с медицинскими данными.  Курс построен на основе программы дополнительной профессиональной переподготовки, реализованной в ФГБОУ ВО ПСПбГМУ им. И.П.Павлова Минздрава России",Начальный уровень,False,1239,,4.5,2,stepik,Анализ данных
95367,Оконные функции SQL,Как делать классные аналитические отчеты без участия Excel. Осваиваем «окошки» в картинках и на практике.,,True,4338,1500,5.0,554,stepik,Анализ данных
198641,Введение в SQL. Продолжение — Stepik,"Продолжите изучение SQL с Ириной Selectовной! На курсе Вы освоите соединения и объединения таблиц, встроенные функции, работу с NULL и оконные функции. Углубите свои знания и навыки SQL для эффективного управления базами данных.",Средний уровень,False,737,1000,5.0,74,stepik,Анализ данных
255218,Продуктовая аналитика — SQL — Stepik,"Сборник задач по SQL для подготовки к собеседованию на продуктового аналитика. В курсе собраны задачи, которые могут попасться на технической секции интервью.",,False,333,,5.0,10,stepik,Анализ данных
257029,Курс SQL часть 2. Продвинутые запросы и объединение таблиц — Stepik,"Перейдите на новый уровень владения SQL! Этот курс — логическое продолжение ""Основ SQL"", предназначенное для тех, кто хочет научиться решать сложные аналитические задачи. Вы освоите самую важную тему — объединение таблиц (JOIN), научитесь агрегировать данные (GROUP BY), строить вложенные запросы и использовать мощные функции для обработки данных.",Средний уровень,False,459,,5.0,10,stepik,Анализ данных
1612,Управление вычислениями,"Курс посвящен изучению инструментария для работы с данными, автоматизации анализа и обеспечению воспроизводимости.",Средний уровень,True,18123,,3.6,40,stepik,Анализ данных
146872,"Advanced Excel: поиск решений, аналитика и прогнозирование — Stepik","Данный курс - аналог курса автора на платформе UDEMY. Он позволяет макс. быстро ознакомиться с возможностями Excel в части анализа ЧТО-ЕСЛИ, СЦЕНАРНОГО ПЛАНИРОВАНИЯ и ПОДБОРА ПАРАМЕТРОВ, а также таких надстроек как ПОИСК РЕШЕНИЙ и АНАЛИЗ ДАННЫХ. Курс  спроектирован так, чтобы не только освоить функционалы Excel, а и немного погрузиться в ключевые моменты предметной области науки анализа данных. Он создан для менеджеров и аналитиков: анализ данных, оптимизационные задачи и принятие бизнес-решений.",Средний уровень,False,3251,1590,5.0,68,stepik,Анализ данных
260403,Программа: Web-разработка на Python [ FastAPI + Git + SQL ] — Stepik,"Создавайте мощные API на FastAPI, работайте с базами данных и освойте Git для командной разработки. Станьте полноценным бэкенд-разработчиком.",,False,91,6990,,,stepik,Анализ данных
254907,Геоинформационные системы в мониторинге лесных земель — Stepik,"Курс направлен на формирование компетенций в области создания и применения геоинформационных систем для решения задач лесного хозяйства и включает планирование охраны, защиты и воспроизводства лесов, их мониторинг, инвентаризацию и управление для обеспечения рационального использования лесных ресурсов. Особенностью курса является освоение теоретических вопросов и получение практических навыков применения геоинформационных систем и технологий для решения конкретных производственных и научных задач.",Средний уровень,False,341,,5.0,7,stepik,Анализ данных
206464,Аналитик 1С. Основные инструменты и ввод в профессию,Этот курс поможет вам стать востребованным специалистом по аналитике в 1С и открыть новые карьерные возможности в области управления и автоматизации бизнес-процессов.,Начальный уровень,True,807,4490,4.8,39,stepik,Анализ данных
204081,SQL практикум для начинающих и продолжающих (часть 1) — Stepik,Спроектируем базу данных популярного мессенджера и научимся писать все виды запросов к ней.,Начальный уровень,False,2670,2200,5.0,88,stepik,Анализ данных
55776,Продвинутый SQL,"Оконные функции, транзакции, хранимые процедуры и другие продвинутые возможности SQL и баз данных.
 
 Познакомитесь с аналитикой SQL и научитесь писать сложные запросы с использованием оконных функций в MySQL.",Средний уровень,True,5083,2920,4.8,179,stepik,Анализ данных
130488,Начальный курс SQL: от Новичка до Специалиста (+Оконные Функции),"Уверенно пишите SQL-запросы! 🔥 Поддержка автора - оперативно отвечу на все Ваши вопросы! 🔥 Моя основная работа уже больше 20 лет - это анализ данных, в том числе с помощью сложных SQL запросов. В этом курсе делюсь опытом и решениями задач, с которыми сталкиваюсь в ежедневной работе.🔥 Почитайте отзывы и смелее записывайтесь на курс!)",Начальный уровень,True,4225,900,5.0,169,stepik,Анализ данных
201213,SQL практикум. SELECT запросы от А до Я (часть 2),Учимся писать SELECT запросы к базе данных. Только SELECT запросы. Всё про SELECT запросы.,Начальный уровень,True,2205,1150,4.9,72,stepik,Анализ данных
1240,Введение в базы данных — Stepik,"Этот курс — копия онлайн-курса https://stepic.org/course/551, созданная для онлайн-программы ""Анализ данных"" (data.stepik.org). Обратите внимание, что сертификат за этот курс получить невозможно.",,False,19313,,4.3,65,stepik,Анализ данных
99527,Apache Airflow для аналитика,"Этот курс будет полезен всем кто работает с данными, и хочет познакомиться с новым инструментом. Airflow это, де факто, стандарт современного ETL, многие крупные компании уже внедрили его в свои процессы.",,True,2364,3990,4.9,83,stepik,Анализ данных
497,Основы программирования на R,"Курс познакомит слушателей с языком R, основными структурами данных и семантическими правилами. Мы также рассмотрим несколько углублённых тем, которые помогут овладеть принципами написания эффективного кода.",Начальный уровень,True,35663,,4.7,289,stepik,Анализ данных
2152,Основы статистики. Часть 3,"В данном курсе мы продолжаем наш разговор об анализе данных. В курсе более подробно рассматриваются темы в области регрессионного анализа, разбираются такие важные вопросы как повторные измерения в статистике и смешанные регрессионные модели.",,True,33962,,4.2,166,stepik,Анализ данных
214747,Data Science,"Раскрывая увлекательную вселенную Data Science, погрузитесь в мир анализа данных, машинного обучения и визуализации результатов с помощью интерактивной среды Jupyter Notebooks. На этом курсе Вы освоите самые востребованные инструменты и техники Data Science, чтобы трансформировать сырые данные в ценные инсайты.  Используя Python и библиотеки Pandas, NumPy, Matplotlib и Scikit-learn, Вы научитесь собирать, обрабатывать, анализировать и визуализировать данные, а также находить скрытые закономерности.",Начальный уровень,False,2212,,4.8,29,stepik,Анализ данных
132225,SQL Introduction,"SQL is a Structured Query Language designed specifically for managing and manipulating data stored in relational databases. In this course, you will learn the key features of SQL and how to work with SQL Databases.",Начальный уровень,True,7108,,4.7,231,stepik,Анализ данных
212437,SQL практикум. Продвинутые фичи,"Продолжим развивать БД популярного мессенджера. Обсудим более сложные вопросы: транзакции, представления, процедуры и много всего другого",Средний уровень,False,3813,,5.0,47,stepik,Анализ данных
52892,Методы программирования: базовый уровень,"В данном ознакомительном курсе рассматриваются базовые понятия программирования, базы данных, методы и инструменты разработки приложений, а также дается введение в язык программирования Python 3. Рассматриваемые темы сопровождаются практическими примерами.",Начальный уровень,True,10170,,4.2,101,stepik,Анализ данных
89909,Основы создания математических моделей в SimInTech,"Курс о базовых понятиях математического моделирования с необходимым количеством теории и большим количеством практики.   В процессе обучения каждый учащийся сможет разработать и отладить модель теплогидравлического контура и алгоритм управления для него.   В курсе большое количество проверочных работ -  тестовых и практических - направленных на закрепление теоретических знаний и приобретение практических навыков, связанных с математическим моделированием.   Присоединяйтесь, будет интересно!",Начальный уровень,True,3300,,4.6,38,stepik,Анализ данных
100210,ClickHouse для аналитика,"ClickHouse это одна из самых быстро развивающихся СУБД и платформ для работы с данными. Инвестиции в изучение этого инструмента сейчас, дадут вам большие возможности потом. Для примера, эту СУБД внедрили Spotify и даже Uber! На курсе мы разберемся как оно устроено под капотом, а также напишем много SQL.",,True,1222,3990,4.9,21,stepik,Анализ данных
178511,SQL от Тимура,"Основные навыки SQL для устройства на работу аналитиком данных с зп 120К+. Простое изложение основных принципов, практические задачи на каждую тему. Задачи, реально возникающие в работе либо на собесах. Реальные задачи и вопросы по SQL с собесов моих учеников в 2024. Дополнительно модуль про изучение SQL с помощью GPT.",Начальный уровень,False,384,1900,5.0,15,stepik,Анализ данных
181875,SQL для всех: от начинающих до продвинутых — Stepik,"Курс разработан специально для новичков, которые хотят освоить базы данных с нуля. Вы научитесь всему необходимому без воды и сложной терминологии, получите полный практический курс с поддержкой автора по всем материалам курса. 
 Научитесь работать с данными, писать запросы и применять SQL в реальных задачах — всё это по доступной цене.",Начальный уровень,False,523,2000,4.9,37,stepik,Анализ данных
206995,SQL практикум. Продвинутый уровень (часть 3),"Продолжим развивать БД популярного мессенджера. Обсудим более сложные вопросы: транзакции, представления, процедуры, оптимизацию, права доступа и много всего другого",Средний уровень,True,2010,1250,5.0,31,stepik,Анализ данных
243015,SQL-тест: Узнай свой уровень — от новичка до мидла+ — Stepik,"За 60–120 минут получите оценку по 70-балльной шкале, увидите пробелы и получите персональные рекомендации + пример плана на 7 дней, чтобы быстро подтянуться до следующего уровня.",,False,1146,,4.9,45,stepik,Анализ данных
120014,Основы Pandas для начинающих — Stepik,"Интересные видеоуроки по Numpy и Pandas для начинающих. Большое количество тестов и задачек для закрепления материала. Рассматриваем много реальных кейсов, которые могут встретиться на практике и в дальнейшем обучении. Заложим прочный фундамент, который станет основой в вашем карьерном росте!",Начальный уровень,False,2937,1990,4.6,185,stepik,Анализ данных
231939,ClickHouse для инженеров и аналитиков,"Это инструментальный курс, который научит вас работать с Managed Service for ClickHouse® — управляемым облачным сервисом Yandex Cloud. Сервис обеспечивает высокую доступность, производительность и масштабируемость баз данных ClickHouse.",Средний уровень,False,3967,,5.0,8,stepik,Анализ данных
108888,Введение в соревновательный Data Science | Kaggle,"🏆 Разбираемся в тонкостях соревновательного анализа данных. Прокачиваемся в построении моделей машинного обучения с максимальной точностью. Минимум теории, максимум практики для победы в чемпионатах. 
 Курс стал победителем в номинации ""Прорыв Года""  Stepik Awards 2023.",Средний уровень,True,1587,5250,5.0,142,stepik,Анализ данных
241553,Бизнес-аналитик в IT — Stepik,"Полный курс для старта карьеры бизнес-аналитика в IT: от основ до продвинутого уровня. Ты научишься работать с Excel, SQL, BPMN и API, собирать и описывать требования, писать техническую документацию и участвовать в тестировании. Освоишь финансовую и продуктовую аналитику, разберёшься в управлении проектами и применении ИИ. Разовьёшь важные soft skills и подготовишься к собеседованиям — всё необходимое, чтобы уверенно войти в профессию.",Начальный уровень,False,160,3900,5.0,6,stepik,Анализ данных
261656,Практикум SQL для своих — Stepik,"Курс закрытый, для поддержки лекционного курса, помогает отработать примеры использования запросов на языке SQL",Начальный уровень,False,67,,3.0,2,stepik,Анализ данных
240538,Системный аналитик Middle,"ОЧЕНЬ МНОГО РАЗНООБРАЗНЫХ ЗАДАНИЙ НА ПРАКТИКУ! Друзья, перед Вами НАИБОЛЕЕ ПОЛНЫЙ КУРС по Системному анализу с нуля до MIDDLE , в котором Вы изучите работу с требованиями, самые используемые диаграммы, Интеграции, Базы Данных и Архитектуру ПО с указанием примечаний автора для подготовки непосредственно к собеседованиям, а также часть про ПОЗИЦИОНИРОВАНИЕ НА СОБЕСЕДОВАНИИ для получения ЖЕЛАЕМОГО ГРЕЙДА.",Начальный уровень,True,106,12990,5.0,4,stepik,Анализ данных
2614,Базы данных,"Курс знакомит слушателей с основными принципами работы со структурированными данными в реляционной модели, учит проектировать данные, описывать объекты базы данных в терминах реальной СУБД, составлять запросы на языке SQL, использовать представления, процедуры, функции и триггеры, создавать индексы, управлять конкурентным доступом к данным и манипулировать механизмом транзакций",,False,36227,,4.1,238,stepik,Анализ данных
70710,Свободное погружение в СУБД,"Курс для тех, кто уже имеет некоторый опыт проектирования баз данных и разработки приложений и хочет расширить свои знания.   Это копия курса ""Погружение в СУБД"" 2017 года. Но без дедлайнов!",Средний уровень,True,28656,,4.5,83,stepik,Анализ данных
99576,Статистика в клинических исследованиях — Stepik,"Базовые понятия биомедицинской статистики. Курс отличается более глубокой проработкой деталей, нежели чем аналогичные программы обучения.  Если Вы действительно хотите понимать статистику, а не думать, что Вы ее понимаете, то Вам сюда.",Начальный уровень,False,3801,,5.0,129,stepik,Анализ данных
177849,Практический анализ ПО с моделированием на UML,"Целью курса является обучение слушателей теоретическим основам объектно-ориентированного подхода, практическим методам визуального проектирования и технологии разработки программного обеспечения с использованием компьютеризированных систем разработки (CASE).",Средний уровень,False,3793,,4.0,30,stepik,Анализ данных
199534,Advanced\Расширенный Power Query для бизнес-пользователей — Stepik,Данный курс - аналог курса автора на платформе UDEMY. В нем изложена практика использования расширенных возможностей Power Query (вкл. основы языка М) для Excel и Power BI,Средний уровень,False,624,1790,5.0,13,stepik,Анализ данных
209775,SQL Engineer с нуля до junior,"SQL – это актуальное и перспективное направление, которое развивается благодаря слаженной работе различных специалистов в области данных. На курсе вы сможете получить знания, которые позволят вам стать экспертом в работе с базами данных и SQL. По окончании курса вам будет предложено выполнить финальное задание на выбор, которое станет частью вашего портфолио и продемонстрирует все знания, полученные в ходе обучения. На протяжении всего курса вам будет доступен чат в Telegram для общения и поддержки.",Начальный уровень,True,855,3000,5.0,5,stepik,Анализ данных
240980,SQL-собеседование: 100 задач уровня Junior,"Знаете основы SQL, но залипаете на тестах и теряетесь на экране интервьюера? Этот курс — тренажёр реального скрининга: 100 задач с edge-кейсами, крупные данные, instant-проверка и разбор типовых ловушек. За 2–3 недели доведёте SELECT/JOIN и базовую аналитику до автоматизма и научитесь объяснять решение уверенно и по делу.",Начальный уровень,True,199,2400,4.9,12,stepik,Анализ данных
118593,Python: анализ данных с Pandas — Stepik,Курс посвящен практической работе с Pandas. Вы получите необходимую теорию и закрепите ее на большом количестве практических задач.,Средний уровень,False,1863,1990,4.8,151,stepik,Анализ данных
256721,SQL & Python,"Курс «Основы SQL и работа с базами данных в Python и PostgreSQL» предназначен для начинающих. Вы узнаете, как создавать таблицы, писать SQL-запросы, фильтровать и объединять данные. Во второй части курса изучите работу с PostgreSQL в pgAdmin и подключение из Python через библиотеку psycopg2. Практические задачи помогут закрепить материал и подготовиться к работе с реальными базами данных в веб-проектах.",,False,437,,4.5,6,stepik,Анализ данных
80782,Быстрый старт в искусственный интеллект — Stepik,"Курс поможет войти в мир искусственного интеллекта, станет тем самым «быстрым стартом», который позволит познакомиться со сферой ИИ, а в дальнейшем начать исследования и/или карьеру в этой области.",,False,25872,,4.3,51,stepik,Анализ данных
236479,"PostgreSQL — ""От нуля до уровня Python-разработчика""","От азов SQL до продвинутых возможностей PostgreSQL: вы научитесь проектировать таблицы и ключи, писать корректные и быстрые запросы, использовать агрегаты и JOIN, применять подзапросы и оконные функции, читать планы выполнения и оптимизировать производительность. Разберётесь в транзакциях, уровнях изоляции и блокировках. Курс даёт прочную основу для Python-разработчика: от аналитических выборок до уверенной работы с базой в реальных проектах.",Начальный уровень,False,446,1250,4.7,9,stepik,Анализ данных
110186,Работа с базами данных в СУБД Microsoft Access — Stepik,"База данных — это инструмент для сбора и у организатора сведений. В базах данных могут храниться сведения о товарах, товарах, заказах и других данных. В курсе изложены основные понятия, используемые при работе с базами данных и работа с базами данных в СУБД Access версии 2010. Описаны разработка таблиц, создание запросов на выборку и изменение данных, перекрестных запросов. Рассмотрено создание форм, отчетов и главной формы.",Средний уровень,False,2985,,3.9,51,stepik,Анализ данных
245090,Стажировка Data Engineer | Осенний поток 2025,"Практическая стажировка «Data Engineer с нуля до middle» поможет получить реальные навыки работы с данными и подготовиться к трудоустройству. Вы научитесь работать с базами данных (SQL, NoSQL), строить и оптимизировать ETL-пайплайны, обрабатывать данные с использованием Docker, Pandas, Hive, PySpark, Kafka и Airflow. Вас ждёт работа в команде, 15 вебинаров, поддержка кураторов и финальная защита проекта. Стажировка подходит тем, кто хочет перейти на позицию Middle Data Engineer.",Начальный уровень,False,61,44990,,,stepik,Анализ данных
209607,Аналитик данных: подготовка к собеседованию — Stepik,"Курс для аналитика данных, построенный на терминах из реальных, свежих вакансий. Применение Python: проведён исследовательский анализ данных, построена гистограмма, выделены главные термины из таких областей, как аналитика + маркетинг, визуализация, финансы, дата-инженерия, статистика, компьютерные науки.  Всё разделено по буквам 2 алфавитов: отдельно русский, отдельно английский. Отдельно дана расшифровка сложных понятий аналитики данных.",Начальный уровень,False,4105,,3.2,4,stepik,Анализ данных
185696,SQL: от новичка до уверенного бизнес-пользователя,"Курс об искусстве формирования SQL-запросов к реляционным базам данных. Он позволяет макс. быстро ознакомиться с основными концептами реляционных баз данных и изучения языка запросов SQL. Курс спроектирован так, чтобы в самый короткий строк и без излишеств сделать из новичка уверенного бизнес-пользователя SQL (причем не просто умеющего написать скрипт, а ПОНИМАЮЩЕГО что он пишет, почему и зачем  - т.е., ""в курсе происходящего"").",Начальный уровень,True,453,1490,5.0,25,stepik,Анализ данных
241839,Профессия: Python-разработчик [ Python + SQL + Git + Linux ],"Учебная программа даст все необходимые навыки: основательное знание Python, работа с Git и GitHub, уверенное владение Linux и эффективное использование SQL. После обучения Вы сможете разрабатывать приложения, управлять версиями кода, работать с серверами и базами данных — всё, что нужно для старта карьеры в IT.",Начальный уровень,True,96,4900,5.0,1,stepik,Анализ данных
241993,SQL Skill. Оконные функции и продуктовая аналитика,"50% СКИДКА ПО ПРОМОКОДУ SKILLSQL50  Прокачайте SQL до продвинутого уровня. Подзапросы, CTE, оконные функции, Retention, LTV, ROI, когортный и RFM-анализ - всё на реальных кейсах. В курсе 120 практических заданий, чтобы вы начали уверенно применять SQL в работе.",Средний уровень,True,68,2990,4.7,3,stepik,Анализ данных
116618,Основы анализа данных в  Python,"Предлагаемый курс дает базовые представления о языке программирования Python, методах анализа данных и применению Python для получения практических выводов по данным. Курс ориентирован на использование ПО Anaconda и среду разработки Jupyter.",Средний уровень,False,5734,,4.1,50,stepik,Анализ данных
115617,SQL для начинающих: с нуля до сертификата Oracle,"Изучение SQL на простых примерах для новичков. Теория, практика, домашние задания и их разборы. Надоело пытаться выучить SQL по нескольким источникам? Тогда этот курс точно для Вас!",Начальный уровень,False,2035,1750,5.0,60,stepik,Анализ данных
213870,Основы программирования на Python с бонусным курсом по SQL — Stepik,"Погрузитесь в мир программирования с нашим курсом, который познакомит вас с основами Python — одного из самых популярных и универсальных языков программирования. Вы научитесь писать чистый и эффективный код, решать практические задачи и работать с данными. В качестве бонуса вы получите мини-курс по SQL, который поможет вам освоить основы работы с базами данных, открывая новые возможности для управления и анализа информации.  Вторая часть: https://stepik.org/course/227189/syllabus",Начальный уровень,False,1540,239,4.8,6,stepik,Анализ данных
220336,Системный аналитик Middle+/Senior — Stepik,"ОЧЕНЬ МНОГО РАЗНООБРАЗНЫХ ЗАДАНИЙ НА ПРАКТИКУ! Друзья, перед Вами НАИБОЛЕЕ ПОЛНЫЙ КУРС по Системному анализу с нуля до MIDDLE+/SENIOR, в котором Вы изучите работу с требованиями, самые используемые диаграммы, Интеграции, Базы Данных и Архитектуру ПО, поддержку системы и секцию System Design с указанием примечаний и рекомендаций автора для подготовки непосредственно к собеседованиям, а также часть про ПОЗИЦИОНИРОВАНИЕ НА СОБЕСЕДОВАНИИ для получения ЖЕЛАЕМОГО ГРЕЙДА.",Начальный уровень,False,73,19590,5.0,1,stepik,Анализ данных
247202,"Знакомьтесь, Django — Stepik","👋 Знакомьтесь, Django — это уютный вводный курс по одному из самых популярных фреймворков для создания веб-сайтов.  Всё объясняется простым языком, без перегрузки. Как будто рядом сидит друг, который уже в теме, и спокойно всё рассказывает.  На курсе Вы: ☕ создадите свой первый Django-проект 🌿 научитесь делать простой API 🧩 поймёте, как работает backend 💡 сделаете первые шаги уверенно и без тревоги  Подходит, если Вы: — только начинаете — хотите разобраться в веб-разработке — устали от сложных лекций",Начальный уровень,False,310,,4.7,7,stepik,Анализ данных
229868,Машинное обучение,"Курс ""Машинное обучение"" охватывает основные концепции, методы и алгоритмы, используемые для создания интеллектуальных систем, способных обучаться на данных и принимать решения. Если вы когда-либо задавались вопросом, как Netflix знает, что вам понравится, или как ваш смартфон распознает ваше лицо, то этот курс поможет вам понять, какие алгоритмы и методы стоят за этими инновациями.",Начальный уровень,True,626,,5.0,4,stepik,Анализ данных
240962,Анализ+Визуализация данных.Python.Pandas.EDA с Нуля.Data Science,"Автор курса Руслан Сенаторов t.me/RuslanSenatorov, Преподаватель и Президент IT-организации(CEO) github.com/SENATOROVAI | Бесплатный курс по математике(статистика на pandas) для data science,Машинное обучение, с нуля. Материалы курса основаны на открытых лекциях по ""Анализ данных на Python(Pandas) с Нуля"".
 
 Этот курс предназначен для новичков, которые хотят научиться обрабатывать и анализировать данные с помощью Python и библиотеки Pandas. от загрузки и очистки до визуализации и базовой статистики.",Начальный уровень,False,1308,,5.0,1,stepik,Анализ данных
257621,A/B-тесты без сложностей — Stepik,"Интересно, что за зверь такой A/B-тест? Почему он вдруг стал такой важный, и все вокруг говорят только о нём? Такой ли он страшный и сложный? Узнай в этом курсе.",,False,273,,5.0,5,stepik,Анализ данных
97207,Практический курс для новичков по SQL и PostgreSQL,"Программирование баз данных: с СУБД PostgreSQL и языком SQL: теория и практика с разборами ДЗ. Все знания, которые вы получите на курсе легко применимы и к другим СУБД, таким как MySQL, Microsoft SQL Server, Oracle.",Начальный уровень,True,3570,2490,4.5,72,stepik,Анализ данных
122149,PRO C#. Базы данных,"Поработаем с базой данных MySQL тремя способами: напрямую, через ADO.NET и через Entity Framework Core. В курсе будем делать базу данных Stepik, а также приложение Stepik.",Средний уровень,True,324,14900,5.0,7,stepik,Анализ данных
130079,SQL Тренажер. Бесконечное приключение 00. Интро.,"В игровой форме закрепляются знания SQL. Необычные задачи от простого к сложному. Планируется целый цикл интересных историй, где каждое задание это необычный квест. Сейчас пока самые простые азы.",Начальный уровень,False,10556,,4.7,212,stepik,Анализ данных
218864,Запросы в 1С: Углубленное изучение языка запросов,"Курс ""Запросы в 1С: Углубленное изучение языка запросов"" создан для специалистов, стремящихся освоить продвинутые аспекты работы с запросами в 1С. В ходе обучения участники познакомятся с тонкостями синтаксиса, методами оптимизации запросов. Курс включает практические задания и реальные примеры, которые помогут углубить понимание языка запросов и эффективно применять его для анализа и обработки данных. Таким образом, вы сможете значительно улучшить свои навыки и повысить свою профессиональную квалификацию.",Средний уровень,True,841,2000,4.7,9,stepik,Анализ данных
136543,Проектирование и разработка баз данных — Stepik,"Практический online-курс по проектированию и разработке баз данных (MS SQL Server). Состоит из коротких видео-уроков, практических заданий и тестов. Обучающимся доступны PDF-файлы для скачивания с заданиями для закрепления пройденного материала и тренировки. Мы всегда на связи: - Задавайте вопросы, если что-то не понятно. Ответим в комментариях в течение 24 часов. - Загружайте файл с решением заданий. Проверим и напишем комментарии в течение 2-3 дней.",Начальный уровень,False,3187,,4.6,44,stepik,Анализ данных
226463,Ручной Тестировщик ПО / QA manual — Stepik,"Этот курс создан для тех, кто начинает путь в тестировании ПО. Он помогает структурировать информацию, предоставляет базовые теоретические знания и практические упражнения. 
 Вы научитесь составлять чек-листы, тест-кейсы и понятные баг-репорты, освоите системы управления тестами и баг-трекинг, а также научитесь эффективно работать с HTTP-запросами в Postman. 
 Этот курс предлагает много полезной информации для начинающих тестировщиков, создавая прочную основу для их профессионального роста.",Начальный уровень,False,617,499,5.0,14,stepik,Анализ данных
724,Анализ данных в R. Часть 2,"Курс продолжает знакомить слушателей с использованием R для анализа данных. В этом курсе мы разберем несколько продвинутых тем, которые не были рассмотрены в первой части: предобработка данных при помощи пакетов data.table и dplyr, продвинутые приемы визуализации, работа в R Markdown.",Средний уровень,True,16400,,4.7,83,stepik,Анализ данных
213523,Pandas с нуля — Stepik,"Pandas — мощная библиотека для работы с данными в Python. Курс предлагает увлекательные текстовые уроки, множество тестов и практических задач, которые помогут глубже понять работу с табличными данными.
 
 [Python, Pandas, обработка данных, Data Science]",Начальный уровень,False,335,475,4.7,26,stepik,Анализ данных
208942,BI аналитика/Data engineer экспресс-курс,"Ускоренный путь в BI/Data Engineering. За 5,5 часов практики вы освоите ключевые технологии (Docker, Airflow, ClickHouse) и построите полный цикл обработки данных - от извлечения до визуализации в DataLens/Superset. Курс сфокусирован на реальных задачах: никакой воды, только применимые на практике знания. Финальный проект станет отличным кейсом в вашем профессиональном портфолио. Начните карьеру в перспективной IT-области уже сегодня!",Начальный уровень,True,608,1990,5.0,42,stepik,Анализ данных
199114,Брокеры сообщений. Apache Kafka,"Курс ""Брокеры сообщений. Apache Kafka"" познакомит с базовыми понятиями, являющимися общими для всех брокеров сообщений, а также расскажет подробнее про один из самых популярных брокеров сообщений - Apache Kafka.",Средний уровень,True,1017,699,4.6,44,stepik,Анализ данных
172781,Векторная алгебра с NumPy,"Курс ""Векторная алгебра с NumPy"" представляет базовые понятия векторной алгебры, такие как векторное пространство, линейные операции, линейная зависимость векторов, базис, координаты вектора, скалярное, смешанное, векторное произведение и их применение. Курс включает многочисленные практические задачи, в том числе задачи на программирование с использованием Python библиотеки - NumPy.",Средний уровень,False,2487,,4.8,26,stepik,Анализ данных
204287,Введение в статистику и проверку гипотез,Этот курс познакомит вас с основами статистики и А/Б тестирования и поможет систематизировать уже имеющиеся знания.,Начальный уровень,True,754,1990,4.7,20,stepik,Анализ данных
238112,SQL-собеседование: 100 задач уровня Middle,"Застреваете на аналитических кейсах? Пройдёте 100 задач «как на собесе»: оконные функции, подзапросы и CTE, ранжирование, даты и сложные агрегаты. Большие тестовые данные, edge-кейсы и детерминированные проверки — видно каждую ошибку. За 3–4 недели отрабатываете технику и объяснение решений на уровне уверенного Middle.",Средний уровень,True,171,3200,4.8,4,stepik,Анализ данных
253575,SQL для работы с данными,"Практический курс SQL от основ до профессионального уровня. Изучите PostgreSQL и ClickHouse, освойте оконные функции, JOIN, подзапросы и оптимизацию запросов. Для начинающих аналитиков, SQL--разработчиков и будущих Data инженеров.",Начальный уровень,True,72,2890,,,stepik,Анализ данных
257140,OVER (оконки): SQL для Избранных — Stepik,Что такое оконные функции SQL? Зачем они нужны? Какие они бывают и как с ними работать? Всё максимально доступно и понятно.,,False,258,,5.0,10,stepik,Анализ данных
170591,Проектирование архитектуры и интеграций сервисов (полный тариф) — Stepik,"Вы отработаете на практике проектирование архитектуры веб-сервиса и интеграций с нуля. Соберёте требования (ФТ и НФТ), решите архитектурные вопросы (стиль, база данных, масштабирование), настроите межсервисные взаимодействия API (от gRPC и REST, до WS и Webhook) или брокеры сообщений (Kafka / MQ), задокументируете их в Swagger и опишите инфраструктуру вашего проекта. Поддержка преподавателя и задачи с проверкой. Построение карьеры в IT - от понимания кто такой HR до трудоустройства. Воркшопы с экспертами.",Начальный уровень,False,305,44000,4.8,17,stepik,Анализ данных
175074,Мощный старт в анализе данных с Excel — Stepik,"Курс помогает освоить одни из самых нужных и часто используемых функций в анализе данных - это логические функции (И, ИЛИ, ЕСЛИ,ЕСЛИМН, ЕСЛИОШИБКА) и функции ссылок и массивов (ГПР, ВПР, ПОИСКПОЗ, ИНДЕКС). Владея этими инструментами, ВЫ сможете решать большую часть задач в Excel. Курс состоит из теоретической и практической части.",Начальный уровень,False,426,440,4.8,30,stepik,Анализ данных
230632,Data Warehouse Analytics Engineer (DWH) на базе dbt — Stepik,"Изучите один из самых востребованных инструментов аналитики, решая сложные практические задачи, научитесь DataOps-практикам, постройте хранилище данных на базе dbt, подготовьте и проанализируйте данные.",Продвинутый уровень,False,196,,,,stepik,Анализ данных
243875,151 задача по SQL — Stepik,"🔍 Хочешь уверенно писать SQL-запросы и проходить собеседования без страха? Тогда тебе сюда!
 💡 В курсе — 151 отобранная задача, которые помогут понять, как действительно работает SQL: от простых SELECT до сложных JOIN, подзапросов и агрегатов. Решай, набивай руку и выходи на новый уровень в работе с базами данных!",Начальный уровень,False,341,1400,4.9,12,stepik,Анализ данных
214607,Основы web-разработки на Python — Stepik,Курс ориентирован на комплексною подготовку web-разработчика по стеку Python + Django. Так же в курсе включены основ HTML + CSS и работа с базой данных SqlLite3 в контексте DjangoORM для работы с БД.,Средний уровень,False,141,,,,stepik,Анализ данных
701,Introduction to Statistics,The course provides an introduction to statistics and data analysis. During the four week we will discus the most important methods and concepts of statistics.,,True,42353,,4.6,96,stepik,Анализ данных
175967,Продвинутые методы машинного обучения,"Данный курс посвящен различным прикладным задачам, которые решаются при помощи методов машинного обучения и является логическим продолженим курса Практический Machine Learning. В курсе разобраны современные подходы к решению задач рекомендации, анализа временных рядов, динамическое ценообразование, uplift-моделирование и многое другое.",Средний уровень,True,418,5400,4.0,3,stepik,Анализ данных
194930,А/Б-тесты с Глебом Михайловым,"Интуитивный видеокурс по А/Б-тестам, проверке гипотез и p-value. Никакой классической статистики и формул, только уникальные авторские инсайты и лайфхаки. Вводная часть курса по интуитивному пониманию А/Б-тестов доступна бесплатно!🔥",Средний уровень,True,1776,2470,4.8,91,stepik,Анализ данных
254012,Продуктовая аналитика - Python — Stepik,"Сборник задач по Python для подготовки к собеседованию на аналитические позиции и не только. В курсе собраны задачи, которые могут попасться на технической секции интервью.",Средний уровень,False,335,,5.0,2,stepik,Анализ данных
114281,PRO C#. ASP.NET Core. ВСЕ САМ,Написание WEB приложений с помощью технологии ASP.NET. На примере онлайн магазина рассмотрим все аспекты создания WEB приложений,Средний уровень,True,516,44900,5.0,6,stepik,Анализ данных
223081,Java: написание веб-сервисов для начинающих — Stepik,"Буткемп научит вас создавать современные веб-сервисы с использованием Spring Boot. Вы освоите основы, ООП, работу с базами данных, разработку REST API и внедрение безопасности. Практический подход, реальные проекты и современные инструменты помогут вам уверенно программировать на Java и применять полученные знания при решении задач. Подходит для начинающих и тех, кто хочет углубить свои навыки. https://t.me/+IyDjRn6Z3BI4MTIy Присоединяйтесь к нашему телеграм-каналу для получения всех подробностей 🤝",Средний уровень,False,116,5000,5.0,3,stepik,Анализ данных
226497,Введение в проектирование и разработку БД — Stepik,"Курс «Проектирование и разработка баз данных» предназначен для тех, кто хочет освоить основы проектирования реляционных баз данных и научиться эффективно работать с SQLite. В ходе обучения вы изучите принципы нормализации данных, создание и управление таблицами, выполнение запросов на выборку, добавление, обновление и удаление данных. Курс также охватывает особенности SQLite. По завершении курса вы сможете понять, стоит ли Вам двигаться в этом направлении.",Начальный уровень,False,1133,,4.8,53,stepik,Анализ данных
4519,Python для решения практических задач,,Средний уровень,False,47164,,,,stepik,Анализ данных
122126,Pandas для Анализа данных,"Начните увлекательное путешествие в мир Pandas! 
 
 Этот курс поможет вам освоить основные концепции и приемы работы с Pandas, которые будут полезны во многих аналитических задачах и проектах. Вы также получите практические навыки путем выполнения упражнений.",Начальный уровень,True,934,1950,4.7,31,stepik,Анализ данных
134293,Оценка эффективности инвестиционных проектов,"Курс научит: 1.	Использовать процедуру компаундинга, дисконтирования и применять их в процессе оценки эффективности инвестиционных проектов (ИП). 2.	Применять статические  методы оценки эффективности (не зависящие от фактора времени) 3.    Применять динамические  методы оценки (зависящие от фактора времени) 4.	Создавать финансовый план обоснования инвестиционного проекта в программной среде «Альт-Инвест». Оформлять нужные отчеты с программы для формирования контрольной работы по оценке эффективности ИП.",Средний уровень,False,718,,4.5,4,stepik,Анализ данных
149633,Numpy и анализ данных,"Курс Numpy и анализ данных - это обучающий курс, который знакомит учащихся с библиотекой NumPy, методами, приемами работы и функциями, предназначенными для манипуляции и обработки многомерных массивов в языке программирования Python.",Средний уровень,True,654,350,4.3,39,stepik,Анализ данных
174774,Осваиваем Pandas: введение в анализ данных — Stepik,"В этом курсе, который является первой частью большого курса по Pandas вы изучите основы работы с Pandas: Series, DataFrame, научитесь использовать срезы, фильтрацию, математические, статистические функции, сможете уверенно импортировать данные из различных форматов, баз данных, онлайн источников посредством API. Будете решать большое количество практических задачи и укреплять навыки анализа данных. Первая часть большого курса по Pandas.",Средний уровень,False,608,400,4.7,42,stepik,Анализ данных
199505,Excel для административных сотрудников. Оптимизация работы — Stepik,"Данный курс разработан, для того чтобы помочь административным сотрудникам  оптимизировать работу с документами, сократить время на поиск информации, составление однотипных документов.",Начальный уровень,False,2144,,5.0,16,stepik,Анализ данных
216086,Продуктовые метрики. Визуализация в  Python и BI Yandex DataLens,"На курсе вы познакомитесь с большим количеством продуктовых и бизнес метрик. Поймете их ценность для бизнеса, и как они взаимосвязаны друг с другом. А также научитесь рассчитывать и визуализировать ключевые метрики, представляя их в виде наглядных графиков с помощью Python и дашбордов в BI-платформе. Курс полностью практический: достаем данные из базы данных, обрабатываем их в Python с помощью библиотеки Pandas, визуализируем данные с помощью библиотек Matplotlib и Seaborn и строим дашборды в BI DataLens.",Средний уровень,True,460,2490,5.0,4,stepik,Анализ данных
256378,Продуктовая аналитика — введение в специальность + A/B-симулятор,"Ищете свой путь в IT? Этот курс для вас! Познакомьтесь с профессией продуктового аналитика. Узнайте, чем занимается такой специалист, что ему нужно знать и уметь, и самое важное — подходит ли эта профессия именно вам. Очень плотно познакомитесь с A/B-тестированием. Аналогов А/B-симуляции в курсе на текущий момент на Степике нет. Если вы уже определились с выбором, начали изучать отдельные аспекты Продуктовой аналитики, но у вас еще не сложилась целостная картина — этот курс также для вас!",Начальный уровень,True,50,389,4.8,4,stepik,Анализ данных
206599,MySQL 8 - теория и практика,"Курс освещает базовые конструкции языка запросов СУБД MySQL 8, поддерживаемые типы данных, операторы, встроенные функции, пользовательские переменные и базовые принципы построения запросов: работа с окнами, объединение таблиц и вложение подзапросов.",Начальный уровень,False,891,,5.0,2,stepik,Анализ данных
264113,Основы Bigdata на языке SQL — Stepik,"Основы SQL
 SQL (Structured Query Language) — это язык для работы с базами данных. Сейчас он является одним из самых востребованных работодателями языков. SQL используют большинство ИТ специалистов, т.к. они в том или ином виде работают с данными.",Начальный уровень,False,45,,,,stepik,Анализ данных
175415,"Программная инженерия. Анализ, моделирование, проектирование","Цель курса - сформировать комплексное представление о активностях, которые формируют «ядро» и основой рабочий кругозор программного инженера. В каждой главе  рассматриваются активности, которые представляет собой самодостаточные профессиональные области знаний. Для создания эффективных информационных систем, эти активности должны сочетаться и дополнять, друг друга. Как, когда, при каких условиях применять те или иные виды анализа, проектирование и моделирование, мы и будем обсуждать.",Начальный уровень,False,3195,,4.6,41,stepik,Анализ данных
211707,Moodle для всех: простое администрирование,"Этот курс — ваш гид по настройке, обновлению и поддержке одной из самых популярных платформ для онлайн-обучения. Мы разберем всё от основ до продвинутых функций, чтобы вы могли уверенно управлять Moodle, даже если у вас нет технического образования.",Начальный уровень,True,715,,4.9,17,stepik,Анализ данных
237232,Профессия DataOPS Engineer с нуля до middle — Stepik,"DataOps — внутреннее устройство инструментов в Data Engineering. Если Data Engineering — это здание, то DataOps — это его фундамент, электрика и система жизнеобеспечения. Вы научитесь работать с Linux, Python и Git, собирать образы в Docker, разворачивать кластеры в Kubernetes, строить потоковые системы на Hadoop и Spark, автоматизировать задачи с Airflow и Ansible, подключать облако и CI/CD. Много практики, настоящие Dev & Data инструменты и финальный проект, которым не стыдно поделиться.",Начальный уровень,False,101,12990,,,stepik,Анализ данных
240911,C нуля до проектирования систем уровня senior-инженера,"Этот курс научит вас с нуля проектировать масштабируемые и отказоустойчивые системы. Пройдя этот курс вы сможете решать сложные технических задачи и станете востребованным специалистом для большинства крупных IT компаний. В Курсе раскроем секреты прохождения технических собеседований по System Design. Вы узнаете про формирование требований, расчет нагрузки и стоимости, выбор архитектуры, работу с разными типами БД, кэширование, шардирование, балансировку нагрузки, компромиссы, безопасность, мониторинг.",Начальный уровень,True,91,4990,5.0,8,stepik,Анализ данных
65136,Financial analysis,"The course was developed at the Plekhanov Russian University of Economics.   The course is designed to form students ' knowledge of the theoretical provisions of financial analysis and practical skills of its implementation. In the process of studying the course, a significant place is given to the study and skills of using the accounting records of the organization as an information base for financial analysis, the formation of a system of analytical characteristics of the performance of organizations, the preparation and adoption of sound management decisions aimed at improving the system of planning and control over the activities of various economic entities, taking into account their specifics.",,False,2450,,4.8,59,stepik,Анализ данных
114837,Основы Python для исследований и анализа данных,"Данный курс предназначен для тех, кто никогда не сталкивался с данными или с программированием. Но также он будет полезен для тех, кто занимается исследованиями в социально-гуманитарных дисциплинах.",Начальный уровень,True,689,3500,5.0,10,stepik,Анализ данных
175246,Основы Python для анализа данных — Stepik,"Курс рассчитан на широкую аудиторию слушателей, которые хотят овладеть основами языка программирования Python для старта и дальнейшего развития в области аналитики больших данных.",Начальный уровень,False,2586,,4.7,51,stepik,Анализ данных
177216,Временные ряды для прогноза криптовалют,Курс посвящен изучению методов анализа и прогнозирования временных рядов на примере  криптовалют с помощью классических подходов и при помощи машинного обучения,Средний уровень,False,2355,200,4.8,24,stepik,Анализ данных
213975,BI-решения и многомерная модель анализа данных,"Данный курс - это теоретический обзор ключевых концепций и методов для получения полного представления о бизнес-аналитике. Он подходит как новичкам, так и специалистам, знакомым с отдельными BI-инструментами, но желающим увидеть всю систему целиком. В рамках курса участники изучат основные аспекты BI: обработку и структуру данных, многомерный анализ (OLAP), Data Mining, процессный майнинг, визуализацию и создание отчетности, а так же методики машинного обучения",Средний уровень,False,1004,,4.2,13,stepik,Анализ данных
133728,SQL для начинающих,"SQL — декларативный язык программирования, применяемый для создания, модификации и управления данными в реляционной базе данных, управляемой соответствующей системой управления базами данных. В этом курсе вы изучите синтаксис, основные функции, конструкции языка SQL и узнаете, как работать с SQL базами данных.",Начальный уровень,True,760,1399,4.7,69,stepik,Анализ данных
248063,Оконные функции SQL — Stepik,"Оконные функции в SQL – это легко и просто. Пройдите этот курс и убедитесь в этом сами.
 Изучаем оконные функции на примере работы с СУБД MySQL.",,False,246,740,5.0,9,stepik,Анализ данных
58659,PRO C#. ASP.NET Core — Stepik,Написание WEB приложений с помощью технологии ASP.NET. На примере онлайн магазина рассмотрим все аспекты создания WEB приложений,Средний уровень,False,165,64900,5.0,46,stepik,Анализ данных
190679,"Microsoft Power BI, Power Query, DAX — Stepik","Курс направлен на обучение обработке данных в Power Query, разработке модели данных и визуализации данных в Power BI Desktop.
 В ходе освоения курса даётся полное понимание работы с данными, начиная от подключения к различным источникам данных до разработки мер с использованием выражений для анализа данных (DAX) и итоговой визуализации данных с использованием различных визуальных инструментов.",Начальный уровень,False,899,1500,5.0,41,stepik,Анализ данных
192052,SQL для маркетинга. Продвинутая аналитика данных Яндекс.Метрики — Stepik,"Если вы маркетолог, который хочет расширить границы умения анализа данных через Яндекс Метрику.
 Или начинающий аналитик, который хочет практики с реальными данными сайта, то этот курс станет хорошим тренажером для освоения навыков продвинутой работы с самой популярной системой веб-аналитики - Яндекс.Метрики.
 
 Здесь вы получите демо-доступ к исходным данным Метрики реального сайта, а также, если у вас есть собственный проект Метрики через этот курс, вы сможете создать аналитику своего проекта.",Начальный уровень,False,814,,5.0,6,stepik,Анализ данных
215033,Расширенный\Advanced DAX для бизнес-пользователей — Stepik,Углубленное владение расширенными вычислениями на DAX. Данный курс - аналог курса автора на платформе UDEMY.,Средний уровень,False,598,1690,4.8,15,stepik,Анализ данных
957,Компьютерное моделирование в химии,Практический курс по компьютерному моделированию молекул.,Средний уровень,False,5446,,4.7,16,stepik,Анализ данных
54703,Финансовый анализ,"Курс, разработанный в ФГБОУ ВО ""Российский экономический университет им. Г.В.Плеханова"", предназначен для формирования знаний теоретических положений финансового анализа и практических навыков его проведения. В процессе изучения курса существенное место отводится изучению и навыкам использования бухгалтерской отчетности организации как информационной базы финансового анализа, формирования системы аналитических характеристик результативности деятельности организаций, подготовки и принятия обоснованных управленческих решений, направленных на совершенствование системы планирования и контроля за деятельностью различных субъектов хозяйствования с учетом их специфики.",,False,6760,,4.9,63,stepik,Анализ данных
83990,Обработка данных в Python Pandas — Stepik,"Курс предназначен школьникам 8-11 классов и студентам для быстрого освоения Python Pandas.
 Курс является первым шагом в машинное обучение.",,False,6179,,3.7,70,stepik,Анализ данных
129496,Медико-социальные исследования: основы статистического анализа — Stepik,"В современном мире мы все чаще сталкиваемся с проведением исследований по принципам доказательной медицины. А это значит, что любому специалисту важно знать основы обработки статистических данных. Это необходимо как для проведения собственного исследования и представления результатов, так и для чтения научной информации. Мы постарались сделать курс понятным и простым, избегая сложных формул и определений, чтобы любой специалист понял, что анализ данных – это совсем не страшно, а очень увлекательно!",Начальный уровень,False,6126,,4.9,254,stepik,Анализ данных
197483,Библиотека Matplotlib. Визуализация данных в Python — Stepik,"Если перед тем как построить график, с использованием библиотеки Matplotlib, Вы тратите слишком много времени на то, чтобы понять, как это сделать, то этот курс точно для Вас. Курс для быстрого освоения возможностей библиотеки Matplotlib.",,False,686,680,4.9,47,stepik,Анализ данных
213463,Основы высшей математики,"Настоящий курс ""Основы высшей математики"" составлен в соответствии с рабочей программой дисциплины «Высшая математика» для студентов, обучающихся по образовательным программам направлений ""Естественные науки, математика и статистика"", ""Окружающая среда"". Предназначен для самостоятельного изучения теоретического материала и выполнения заданий (решения задач) студентами.",Средний уровень,False,1726,,4.9,17,stepik,Анализ данных
223260,Аналитика и Data Science для менеджеров и гуманитариев,"Курс является раритетным аналогом древнего (10 летней давности), но самого популярного и одного из самых первых курсов данного автора. Курс создан по мотивам одноименной книги и  предназначен для социально-экономических направлений: в нем кратко разобраны основные методы поиска скрытых закономерностей.",Начальный уровень,True,169,1300,5.0,3,stepik,Анализ данных
255807,Продуктовая аналитика - MatStat — Stepik,"Сборник задач по Теории вероятностей для подготовки к собеседованию на продуктового аналитика. В курсе собраны задачи, которые могут попасться на технической секции интервью.",,False,203,,5.0,2,stepik,Анализ данных
259876,Python. PID регулятор,"Узнайте, как реализовать PID регулятор с нуля и решите реальные задачи с его помощью. Доступ к курсу бесплатный!",Начальный уровень,False,47,,5.0,1,stepik,Анализ данных
207238,Java + SQL + Hibernate+Spring: База Необходимых Знаний для Джуна — Stepik,"Получение необходимой базы знаний по языку Java, Spring и Hibernate фреймворкам и SQL.
 Изучение строится  на простых примерах для начинающих и не только. Теория, практика, домашние задания и их разборы. Надоело пытаться выучить SQL и Java по нескольким источникам? Тогда эта программа курсов точно для Вас!",Начальный уровень,False,409,6350,5.0,5,stepik,Анализ данных
259507,SQL-квест: «Инцидент Чёрной Пятницы»,"Практический мини SQL-квест про деньги. Ты оказываешься в ночном кризисе e-commerce: маркетинг рисует «рекорд выручки», CFO требует честные цифры без фрода, а безопасность кричит про айпи-фермы и кешбэк-скрутки. Твоя задача — написать запросы, которые отличают реальную выручку от грязной, и именно эти цифры завтра пойдут наверх.",Средний уровень,False,19,900,5.0,2,stepik,Анализ данных
121172,Middle Java Developer для МТС Банк — Stepik,Курс для подготовки Middle Java Developer,Средний уровень,False,5564,,4.8,9,stepik,Анализ данных
176437,Администрирование информационных систем,"Этот онлайн курс состоит из 4 модулей и предназначен для тех, кто хочет овладеть навыками администрирования различных аспектов информационных систем. Курс предназначен для начинающих и не требует предварительного опыта в администрировании информационных систем.",Начальный уровень,False,2995,,4.2,50,stepik,Анализ данных
197661,NoSQL — Stepik,"Курс охватывает различные типы NoSQL баз данных, их особенности и применение в реальных проектах. Каждая лабораторная работа представляет собой практическое занятие, в ходе которого студенты учатся работать с конкретной NoSQL базой данных.",,False,1285,,3.2,8,stepik,Анализ данных
223447,Продвинутый Golang,"Продвинутый курс по Golang по созданию http API и многопоточности. В рамках курса мы поговорим о Go allocator, Stack, Heap, GC и затем перейдём к горутинам. Посмотрим как они работают, как их можно синхронизировать и использовать каналы для общения между ними. Затем начнём писать большое API на чистом http пакете, разбираясь с роутингом, обработкой запрос и ответа. Подключимся к PostreSQL с помощью ORM Gorm, предварительно запустив её в Docker и напишем все типы CRUD запросов.",,True,189,3999,5.0,5,stepik,Анализ данных
229626,Pandas — Stepik,"🚀 Освойте Pandas 🚀 — одну из самых популярных библиотек Python для работы с данными! Научитесь создавать и обрабатывать таблицы, анализировать данные, работать с файлами и эффективно применять методы фильтрации, группировки и объединения. Курс подойдет как для начинающих, так и для тех, кто хочет углубить знания в анализе данных.",Средний уровень,False,118,1350,5.0,8,stepik,Анализ данных
241343,PySpark с нуля,"Курс предназначен для начинающих специалистов в области обработки больших данных. Вы изучите основы распределённых вычислений с Apache Spark, научитесь работать с RDD и DataFrame, познакомитесь с Spark SQL, оптимизацией запросов, потоковой обработкой и библиотекой машинного обучения MLlib. В финале курса Вы решите практическое задание и добавите готовый проект в портфолио.",Начальный уровень,False,165,9990,,,stepik,Анализ данных
247822,SQLAlchemy: современный подход к работе с базой данных — Stepik,"🚀 Освойте SQLAlchemy 2.0 — современный ORM для Python. Создавайте модели, выполняйте запросы, настраивайте связи и миграции, переходите на async и пишите чистый, читаемый код для работы с базой данных.",Средний уровень,False,316,1395,5.0,7,stepik,Анализ данных
153842,Аналитика в SPSS: от новичка до уверенного бизнес-пользователя — Stepik,"Данный курс - аналог курса автора на платформе UDEMY. Он раскрывает искусство анализа данных, поиска скрытых закономерностей, прогнозирования и классификации с помощью программы SPSS.   Курс не имеет аналогов на русскоязычном пространстве и спроектирован в виде ""коктейля"" из основных предметных знаний (описательная и аналитическая статистика) и прикладной работы в SPSS.   На сегодня этот курс: самое полное русскоязычное собрание основных современных методов анализа данных для не-технических дисциплин.",Начальный уровень,False,326,1790,5.0,12,stepik,Анализ данных
90103,Элементарный SQL,Курс разработан в КФУ. Задачей курса является обучение практическим навыкам работы с системой управления базами данных MS Access для решения профессиональных задач.,,False,4497,,3.6,60,stepik,Анализ данных
113615,Знакомство с SQLite,Знакомимся с самым распространенным в мире SQL-движком на практических задачках.,Начальный уровень,False,11152,,4.7,161,stepik,Анализ данных
199403,SQL: оконные функции — Stepik,"Курс направлен на изучение и практическое применение оконных функций в СУБД PostgreSQL. В рамках курса будет представлен детальный разбор различных классов оконных функций, а также использование партиций и управление размером фрейма. Кроме того, в качестве бонуса будут предложены разборы тестовых задач от различных компаний.",Средний уровень,False,305,1500,5.0,22,stepik,Анализ данных
253025,IT-фундамент [ SQL + Linux + Git ] — Stepik,"На каком бы языке Вы ни программировали, вероятнее всего, Вам понадобится работать с данными (SQL), управлять сервером (Linux), контролировать версии кода (Git)",,False,34,2500,5.0,1,stepik,Анализ данных
254281,Программа: Java-разработчик [ Java + ООП + SQL + Linux + Git ],"Программируете на Java или интересуетесь этим языком? В данной учебной программе Вы не только с нуля изучите сам язык Java, но и научитесь работать с данными (SQL), управлять сервером (Linux), контролировать версии кода (Git).",,True,73,6490,5.0,1,stepik,Анализ данных
57623,Анализ данных,"После завершения изучения курса слушатели будут знать: •	Чем абсолютные показатели отличаются от относительных; •	Зачем нужны относительные показатели и что они позволяют оценить; •	Сущность средних величин и прикладные аспекты их использования; •	Как оценить колеблемость признаков и степень воздействия одного признака на изменение другого; •	Основные методы оценки взаимосвязи между качественными и количественными признаками; •	Как оценить изменение изучаемого явления во времени и построить прогнозную оценку на будущее; •	Что такое структура, как изучить изменение структуры во времени и оценить степень концентрации изучаемого явления; •	Проблемы и возможности их решения при использовании тех или иных методов анализа данных в условиях реальной экономики. Курс будет полезен тем, кто хочет понять статистику, познать суть методов статистического анализа данных и возможности из прикладного применения для решения конкретных прикладных задач.",Средний уровень,False,11086,,4.5,124,stepik,Анализ данных
91872,Подготовка к интенсиву «Анализ данных NGS» — Stepik,"Курс является подготовительным этапом к участию в Интенсиве по анализу данных NGS, в ходе которого можно освежить свои знания методов NGS.",,False,2652,,4.7,16,stepik,Анализ данных
106145,Анализ данных в принятии решений,"Курс посвящен основам анализа данных, рассмотрены такие вопросы машинного обучения, как подготовка данных, корреляционно-регрессионный анализ, методы классификации, кластеризации и оценки качества предсказаний",Начальный уровень,False,1678,,4.8,10,stepik,Анализ данных
195685,NumPy: массивы с нуля,"NumPy - популярная библиотека для анализа данных в Python.
 Интересные видеоуроки, большое количество тестов и задачек.
 
 [Python, NumPy, анализ данных, Data Science]",Начальный уровень,True,283,399,4.8,35,stepik,Анализ данных
196305,Введение в профессию системного аналитика — Stepik,Хотите освоить системный анализ и стать востребованным специалистом? Наш курс поможет вам сделать первый шаг в ИТ! Мы научим вас всем основам профессии — от базовых принципов до решения реальных задач на проектах.,Начальный уровень,False,1344,,4.5,35,stepik,Анализ данных
122667,SQL для всех. Level Up,"Курс является продолжением «SQL для всех». Мы переходим на следующий уровень — начнем проектировать и создавать базы данных, изучим оконные функции на реальных задачах и оптимизируем анализ данных с помощью полезных лайфхаков.",Средний уровень,True,1438,1500,4.7,106,stepik,Анализ данных
197644,ABC-XYZ анализ в SQL — Stepik,"Курс направлен на обучение выполнению ABC-XYZ анализа в SQL.  В ходе освоения курса будет совместно установлена и наполнена локальная БД, выполнен ABC и XYZ анализы с дальнейшей проверкой решения в MS Excel.",Начальный уровень,False,493,750,4.9,18,stepik,Анализ данных
204222,Когортный & RFM-анализ в SQL — Stepik,"Курс направлен на обучение выполнению когортного и RFM-анализов в SQL.  В ходе освоения курса будет совместно установлена и наполнена локальная база данных, выполнен когортный и RFM-анализ, а также будут предоставлены выводы по каждому анализу.",Средний уровень,False,390,1000,5.0,7,stepik,Анализ данных
227244,Понятный SQL для всех — Stepik,"Курс по изучению языка SQL на примере работы с MySQL — одной из самых популярных  систем управления базами данных. Полученные навыки применимы в любой SQL-совместимой СУБД и востребованы в аналитике, разработке и администрировании.",Начальный уровень,False,42,1480,5.0,1,stepik,Анализ данных
252958,Демоверсия курса «Аналитик данных» школы karpov.courses,"Практический курс для всех, кто хочет сделать первые шаги в сфере Data Science. Уроки по анализу данных с помощью Python и SQL.",,False,462,,5.0,3,stepik,Анализ данных
254840,Продуктовая аналитика — SQL PRO — Stepik,"Сборник задач по SQL для подготовки к собеседованию на продуктового аналитика. В курсе собраны задачи, которые могут попасться на технической секции интервью.",Начальный уровень,False,9,1600,5.0,1,stepik,Анализ данных
262455,Инструменты тестировщика [ Postman + SQL + Git + Linux ] — Stepik,"Инструменты тестировщика: освойте Postman для тестирования API, Linux для работы с серверами, Git для контроля версий и SQL для проверки данных. То, что нужно для старта в QA.",,False,12,2990,,,stepik,Анализ данных
49442,Регулярные выражения как мощный инструмент поиска данных — Stepik,"Данный курс предназначен для пользователей любого возраста, которые хотят углубиться в программирование с помощью регулярных выражений. Регулярные выражения хороши тем, что подходят для любого языка программирования.",,False,547,,2.3,19,stepik,Анализ данных
184444,Системный аналитик с нуля. Базовые знания,"Курс ""Системный аналитик с нуля. Базовые знания"" - это оформленный конспект, который я использовала в процессе подготовки к собеседованию на стажировку в крупной IT-компании. Здесь собраны основные темы, которые можно использовать в качестве roadmap. Предоставлены ссылки для дополнительного ознакомления и небольшие советы для подготовки к собеседованию.",Начальный уровень,False,1087,490,4.6,50,stepik,Анализ данных
206531,Графовые базы данных,В классическом курсе баз данных обычно рассматривается исключительно реляционная модель данных. Однако на практике разработчики информационных систем всё чаще сталкиваются с другими моделями. Одна из таких -- графовая. В этом курсе вы познакомитесь с графовой моделью данных и её отличиями от реляционной, ассортиментом графовых систем управления базами данных, с самой популярной графовой СУБД Neo4j и её языком запросов Cypher. Материал подаётся на простом и понятном модельном примере с иллюстрациями.,Средний уровень,False,389,,5.0,1
210272,Введение в pySpark: Spark на Python,"Курс по pySpark для инженеров данных и не только. Обучение с нуля. Ключевые слова: Data Science, Data Engineer, инженер данных, Spark",Начальный уровень,True,425,990,4.3,32,stepik,Анализ данных
119507,Демоверсия курса «Профессия: Аналитик данных» школы ProductStar — Stepik,"Практический курс для всех, кто хочет сделать первые шаги в сфере аналитики данных. Уроки включают информацию про роль и место аналитика в команде,  его основные задачи и инструменты, фреймоворки Lean Canvas и HADI, декомпозицию метрик, тесты и практические задания.",Начальный уровень,False,2063,,4.2,15,stepik,Анализ данных
182099,Введение в обработку текста на Python (NLP),"Курс ""Введение в обработку текста на Python (NLP)"" представляет собой введение в NLP. Вы узнаете, что такое Natural Language Processing: основные цели и задачи. Кроме того, изучите основные концепции, такие как токенизация, морфология, инструменты препроцессинга текста, методы bag-of-words и byte-pair-encoding.  Курс также осветит темы лексического анализа, WordNet, TF-IDF, LSA и LDA.",Начальный уровень,False,1585,,4.6,32,stepik,Анализ данных
194015,IT-Профессия. Системный аналитик. — Stepik,"В рамках этого курса ты приобретешь все необходимые навыки (и даже больше) для старта своего пути в IT в роли Системного аналитика.
 Программа курса максимально актуальна, приобретенные в результате обучения навыки соответствуют нынешним требованиям большинства работодателей.",Начальный уровень,False,346,2500,4.4,36,stepik,Анализ данных
200018,Python для Excel с библиотекой openpyxl,"Приветствуем вас в увлекательном мире автоматизации Excel с помощью openpyxl! Наш курс разработан специально для тех, кто хочет освоить мощные возможности Python для работы с книгами Excel, начиная с основ и до продвинутых техник. Это идеальный выбор как для новичков, так и для тех, кто желает расширить свои навыки.",Средний уровень,True,93,2500,4.5,2,stepik,Анализ данных
208216,Нотация BPMN 2.0 — Stepik,С нуля научишься строить бизнесы процессы в BPMN.,Начальный уровень,False,259,790,4.8,26,stepik,Анализ данных
212628,Работа с требованиями и системный анализ. Бесплатный курс от IBS,"Пройдите первые уроки курса, который поможет вам освоить ключевые навыки для успешной карьеры системного аналитика. В рамках курса вы познакомитесь с основами теории систем, анализом и моделированием информационных систем, а также различными технологическими стеками в разработке ПО. Курс подчеркивает важность системного мышления и объектно-ориентированного анализа. Вы также узнаете о лучших практиках программной инженерии и и роли системного аналитика в проектировании эффективных решений.",Начальный уровень,False,389,,4.6,10,stepik,Анализ данных
245337,"RAG: Как создать AI, который знает ВСЁ о вашем бизнесе — Stepik","Практический курс по созданию систем RAG (Retrieval-Augmented Generation) - современного подхода к построению интеллектуальных систем вопросов-ответов. Курс охватывает семантический поиск, работу с векторными эмбеддингами, создание полного RAG pipeline, анализ проблем векторного поиска и продвинутые техники улучшения качества. Включает 7 практических модулей с готовым кодом, интерактивными демонстрациями и визуализациями",Начальный уровень,False,25,3000,5.0,1,stepik,Анализ данных
250657,Экспресс курс Excel. Секреты эффективной работы,"Excel остаётся мощным инструментом для анализа данных, автоматизации и отчётности, но большинство использует лишь малую часть его возможностей. Этот курс для тех, кто уже владеет основами и хочет работать быстрее, точнее и профессиональнее. Вы получите лучшие приёмы, сложные формулы, реальные бизнес-кейсы, освоите Power Query и дашборды - всё, чтобы экономить часы рутинной работы и повысить свою ценность на рынке.",Средний уровень,True,21,2890,5.0,1,stepik,Анализ данных
51675,Проектирование баз данных — Stepik,Теоретические и практические приемы проектирования баз данных для начинающих разработчиков на примере базы автосалона: от концептуальной формы до 4НФ.,,False,4564,910,4.8,162,stepik,Анализ данных
90778,SQLite для аналитики — Stepik,"Прикладной анализ данных на SQL. Импорт и экспорт, очистка данных, поиск связей и анализ показателей, аналитические функции и работа с JSON.",,False,482,3000,4.9,34,stepik,Анализ данных
175956,Тестирование на практике — SQL — Stepik,"Данный курс направлен на то, чтобы научить слушателя азам работы тестировщика с SQL. Обязательными практическими заданиями на каждую тему. Сложность материала возрастает по мере прохождения курса. Отличное качество по разумной цене.",Начальный уровень,False,215,910,4.7,11,stepik,Анализ данных
229513,SQL без воды — Stepik,"Устали от курсов, где 90% времени уходит на лекции? Наш курс по SQL — это готовая коллекция практических уроков. Вы получите доступ ко всем материалам сразу и сможете учиться в удобном темпе.
 Вместо размытых теоретических знаний — чёткое понимание, когда и какие SQL-конструкции применять. Все примеры основаны на реальных бизнес-задачах, с которыми вы столкнётесь в работе.
 Присоединяйтесь и получите структурированную базу знаний по SQL, которая останется с вами навсегда!",Начальный уровень,False,46,200,4.7,3,stepik,Анализ данных
249740,"Как сделать сайт на HTML, CSS, JavaScript, PHP и SQL — Stepik",В этом курсе вы узнаете как создать сайт и как подключить базу данных к сайту.,Средний уровень,False,106,,3.0,1,stepik,Анализ данных
253830,Расширенные SELECT запросы в PostgreSQL,"Курс охватывает основные понятия и техники работы с SQL, включая создание и манипуляцию базами данных, использование индексов для оптимизации производительности, анализ выполнения запросов и применение оконных функций для продвинутой аналитики данных.",Начальный уровень,False,37,,4.0,1,stepik,Анализ данных
3203,Погружение в СУБД. Сезон 2017. — Stepik,"Курс для тех, кто уже имеет некоторый опыт проектирования баз данных и разработки приложений и хочет расширить свои знания.",,False,18724,,4.9,80,stepik,Анализ данных
118539,Технологии проектирования баз данных,Задачей курса является обучение практическим навыкам работы с программой для баз данных Microsoft Access и решения различного рода задач.,Начальный уровень,False,912,,4.5,11,stepik,Анализ данных
121175,Построение локальной базы данных в Access — Stepik,Курс на основе курсовой работы по базам данных третьего курса вуза СКФ МТУСИ. Он поможет вам опробовать создание базы данных с пошаговым руководством и простой теории.,Начальный уровень,False,1337,,4.6,41,stepik,Анализ данных
124000,"Технологии обработки, анализа и больших данных","В курсе рассматриваются Big Data, ее характеристики, реляционые базы данных, технологии No SQL , технологии  Hadoop, HDFS, Map Reduce, Apache Spark, распределенные системы,, параллелизм в Apache Spark, процессы ETL/LTE",Начальный уровень,False,1243,,3.6,27,stepik,Анализ данных
201247,Свой сайт в интернете. WordPress и базы данных — это просто!  — Stepik,"Пошаговая инструкция создания сайта-блога на WordPress. Без изучения PHP/HTML/CSS, но с изучением администрирования баз данных.",Начальный уровень,False,114,,5.0,1,stepik,Анализ данных
209546,Parsing Engineer с нуля до junior,"Парсинг данных - это важное и востребованное направление в IT, которое включает в себя извлечение информации из различных источников. На курсе Вы сможете получить знания, которые позволят Вам стать специалистом по парсингу данных на Python с использованием библиотек BeautifulSoup, Selenium и IMAP. По окончании курса Вам будет предложено решить финальное задание на выбор, которое пойдет в Ваше портфолио и отразит все знания, полученные на курсе. На протяжении всего курса Вам будет доступен чат в Telegram.",Средний уровень,False,2697,9990,4.7,16,stepik,Анализ данных
219492,Планирование и установка Exchange Server 2016,"Курс представляет собой пошаговое руководство по развертыванию корпоративной почтовой системы Exchange Server 2016. Курс охватывает все этапы от планирования до запуска в производственную среду, что поможет вам эффективно управлять почтовой системой организации. Курс подойдет как для начинающих администраторов, так и для тех, кто хочет углубить свои знания в области корпоративных почтовых систем.",Начальный уровень,True,38,5800,5.0,3,stepik,Анализ данных
230555,Анализ данных в международных отношениях — Stepik,"Изучите основы работы с данными на языке R, методы очистки и анализа информации, современные подходы к визуализации данных для собственных прикладных задач в гуманитарной сфере. Узнайте, как использовать большие данные для исследования дипломатических взаимодействий государств, политических процессов и международной помощи. Курс включает в себя обучение практическим навыкам для аналитиков и исследователей в сфере международных отношений и мировой политики.",Начальный уровень,False,174,,,,stepik,Анализ данных
243521,1С: Интеграции,"Освойте работу с форматами данных (JSON, XML, CSV, Excel и др.), возможности платформы для интеграций (веб-сервисы, HTTP, FTP) и научитесь создавать и тестировать сервисы в SoapUI. 
 Практические задания включают интеграции с почтой, файлами, внешними системами, Telegram и ИИ.",Начальный уровень,True,203,3590,,,stepik,Анализ данных
244718,Data Governance для чайников: вводный курс — Stepik,"Данный курс является стартовым и даёт общее понимание о данных, об их месте в современном мире технологий, а также объясняет что такое Руководство данными или Data Governance, и зачем этот процесс нужен организациям.",Начальный уровень,False,227,,4.6,7,stepik,Анализ данных
261381,Data Science с использованием PostgreSQL и Python — Stepik,"Курс по машинному обучению и глубинному обучению предоставляет глубокие знания о методах и алгоритмах, необходимых для анализа данных, построения предсказательных моделей и применения технологий искусственного интеллекта в реальных задачах. Участники изучат основные концепции, такие как обучение с учителем и без учителя, работу с нейронными сетями и их оптимизацию, а также реализацию проектов с использованием популярных библиотек Python, таких как scikit-learn и TensorFlow.",,False,63,,,,stepik,Анализ данных
70303,Дата-журналистика — Stepik,"Программа знакомит слушателей с работой над дата-материалами, историей дата-журналистики, типе и форматах данных, форматах дата-историй.",Начальный уровень,False,2168,,4.6,52,stepik,Анализ данных
95608,Графика в R: рисуем красиво — Stepik,,Средний уровень,False,912,,,,stepik,Анализ данных
115252,Spark на Scala,"Курс для тех, кто желает изучить Apache Spark для решения задач дата инжиниринга. Курс нацелен на тренировку решения реальных практических задач и отлично подойдет будущим дата инженерам.",Средний уровень,True,185,5980,5.0,12,stepik,Анализ данных
122957,Microsoft Power BI для бизнес-аналитики,"Станьте мастером Power BI Desktop, изучая продвинутые возможности на реальных проектах вместе в Power BI практиком",,True,1502,949,4.9,130,stepik,Анализ данных
176263,Химия лекарственных веществ - как создаются лекарства — Stepik,"Цель: ознакомление слушателей в научно-популярной форме с проблемами поиска и стратегией создания основных лекарственных веществ, зависимостью лечебного действия от их строения, а также - с химическими методами их массового производства.",,False,6432,,4.7,35,stepik,Анализ данных
201137,Введение в R  и tidyverse — Stepik,"Tidyverse - система пакетов в языке R, которая делает работу с данными быстрой, удобной и надежной.  Tidyverse — лучший выбор для большинства пользователей R.  Пройдя наш курс, вы внедрите tidyverse в ваш рабочий процесс и научитесь быстро и качественно обрабатывать табличные данные, визуализировать их , а также писать собственные функции, делающие работу с данными еще более удобной.",Начальный уровень,False,375,,4.9,9,stepik,Анализ данных
221326,Pandas для анализа данных,"Этот курс позволит вам освоить ключевые концепции и методы работы с Pandas, которые будут полезны в различных аналитических задачах и проектах. Вы также приобретете практические навыки через выполнение упражнений.",Начальный уровень,True,41,1090,5.0,3,stepik,Анализ данных
225812,Анализ и прогнозирование временных рядов,"Овладейте искусством прогнозирования с помощью анализа временных рядов! Наш курс охватывает все этапы — от предобработки данных и визуализации до применения классических моделей ARIMA, машинного обучения (XGBoost, LGBM) и глубоких нейронных сетей (LSTM, TCN). Вы научитесь строить точные прогнозы, обнаруживать аномалии и реализовывать проекты на реальных данных.",Средний уровень,True,22,2990,3.5,2,stepik,Анализ данных
228094,Интерпретируемые модели AI,"В курсе изучаются концепции и определения области XAI. Приводится практическая ценность и мотивации данной области. За время прохождения, вы погрузитесь в терминологию и научитесь классифицировать методы объяснения, рассмотрите модели ML и научитесь корректно интерпретировать их.   Курс является частью полной версии: https://stepik.org/198640",Начальный уровень,False,483,,4.5,2,stepik,Анализ данных
248994,Визуализация с Matplotlib для анализа данных — Stepik,"Освой визуализацию в Python — от базовых графиков до сложных настраиваемых диаграмм. Без догадок, без часами читаемой документации, только практика и наглядные примеры.",Начальный уровень,False,35,590,5.0,1,stepik,Анализ данных
254624,HR-аналитик — Stepik,Практический курс по HR-аналитике для начинающих. Освойте анализ данных в HR без сложной теории: от расчета ключевых метрик до визуализации выводов в Excel. Упор на реальные задания и подробные конспекты.,Начальный уровень,False,27,2850,5.0,1,stepik,Анализ данных
204101,Погружение в базы данных PostgreSQL — Stepik,"Курс по изучению языка SQL на примере популярной СУБД PostgreSQL, отлично подойдёт для начинающих специалистов и действующих разработчиков, которые желают расширить свои знания в области баз данных.",Начальный уровень,False,113,4000,5.0,6,stepik,Анализ данных
207878,SQL и PostgreSQL: практический курс — Stepik,Освой навыки работы с базами данных от начального до продвинутого уровня: теория и практика с упражнениями,Начальный уровень,False,112,1990,4.6,9,stepik,Анализ данных
210499,SQL с нуля: обучение и практика для аналитика и дата-инженера,"Хотите уверенно работать с данными и не бояться SQL? За 3–5 недель по 20–40 минут в день пройдёте путь от простых выборок до оконных функций: соединения, агрегаты, подзапросы, CTE и прикладные кейсы из аналитики и инженерии данных. Много практики, понятные разборы и автопроверка — результат виден сразу.",Начальный уровень,True,95,2900,4.7,6,stepik,Анализ данных
210661,Основы PL/pgSQL в СУБД PostgreSQL,"Курс по изучению процедурного расширения PL/pgSQL в СУБД PostgreSQL. Основная концепция PL/pgSQL заключается в том, чтобы преодолеть ограничения языка SQL и предоставить разработчикам новые возможности для работы с базами данных.",Средний уровень,True,34,4000,5.0,4,stepik,Анализ данных
241009,SQL-архитектура и CTE: 50 задач уровня Upper-Middle,"Готовы мыслить как Senior, а не просто писать SELECT? За 3 недели вы прокачаете архитектурное мышление в SQL: CTE-пайплайны, оконные функции, многошаговые расчёты и хитрые edge-кейсы — как в реальной разработке витрин и отчётов. Никакой «воды», только практические задачи с большим датасетом и автопроверкой, чтобы ошибки не прятались.",Продвинутый уровень,False,59,3900,,,stepik,Анализ данных
249225,PostgreSQL Express. Основы. Для разработчика — Stepik,"Этот курс предназначен для начинающих разработчиков, желающих освоить работу с реляционными базами данных на примере PostgreSQL - от базовых понятий до анализа и оптимизации SQL-запросов.  В этом курсе в ускоренном режиме показали основные самые базовые и нужные кейсы.",Начальный уровень,False,11,590,5.0,1,stepik,Анализ данных
256433,Программа: 1С-разработчик + SQL + Git — Stepik,"Освой профессионально не только все инструменты 1С-разработчика, но и сопутствующие технологии: базы данных (SQL), контроль версий кода (Git)!",,False,19,8400,,,stepik,Анализ данных
113652,Язык программирования PHP,"Подробный видео курс по языку PHP и MySQL для начинающих, с множеством примеров, дополнительных материалов и практических задач.",Средний уровень,True,190,1490,4.6,15,stepik,Анализ данных
181438,BotLab: Лаборатория создания телеграм ботов — Stepik,"В наше время IT специальности не теряют своей значимости и популярности, а наоборот спрос на услуги в этой сфере только растёт. Создание телеграм бота- хороший старт вашего профессионального становления и отличный способ познакомиться с огромным количеством сложных технологий и решений на простом, интересном и практичном примере.",Средний уровень,False,183,1299,5.0,4,stepik,Анализ данных
201431,Основы M в Power Query для бизнес-пользователей — Stepik,"Данный курс  один из разделов более широкого курса https://stepik.org/199534. Он предназначен только для тех кому нужно освоить с нуля М, либо освежить имеющиеся знания, без погружения в другие расширенные возможности Power Query.",Средний уровень,False,65,790,4.7,3,stepik,Анализ данных
218689,Zabbix 6. Мониторинг IT инфраструктуры предприятия,"Курс раскрывает ключевые концепции и архитектуру Zabbix, проводя вас от базовых принципов до продвинутых техник, необходимых каждому IT-специалисту. Хотя вышла версия Zabbix семь, этот курс останется актуальным на долгие годы. Освоив Zabbix 6, вы получите прочную основу и легко перейдёте на новые версии. Администратор Zabbix отвечает за стабильную и безотказную работу IT-инфраструктуры, развитие систем мониторинга, формирование отчетов, оптимизацию и траблшутинг IT-инфраструктуры.",Начальный уровень,True,23,28900,5.0,2,stepik,Анализ данных
227274,Django ИИнтенсив: Django с нуля и задачи с ИИ проверкой — Stepik,"Доступным языком, дружелюбно и с самых азов обучение веб-фреймворку Django.
 70 задач на написание кода с проверкой и подсказками ИИ.
 Подробный разбор каждого компонента Django, но без чрезмерной сложности.
 Ответы на все ""новичковые"" вопросы. 
 ИИ-ментор 🤖 по каждой задаче будет направлять вас, объяснять что вы делаете не так (но не решать задание за вас!).
 Мы прокачаем вас в Django! Вперед, учиться!!",Начальный уровень,False,96,4500,4.9,15,stepik,Анализ данных
232593,Telegram Bot Web App на Python — Stepik,"Курс для тех кто уже имеет практический опыт написания телеграм-бота с помощью библиотеки aiogram 3 на python, умеет задеплоить бота на сервер и хочет наконец создать своего первого бота с Web App",Средний уровень,False,603,,3.0,1,stepik,Анализ данных
240320,"Системный анализ: Проектирование API (REST, gRPC, GraphQL, SOAP) — Stepik","ОЧЕНЬ МНОГО РАЗНООБРАЗНЫХ ЗАДАНИЙ НА ПРАКТИКУ! Друзья, перед Вами НАИБОЛЕЕ ПОЛНЫЙ КУРС ПО СИНХРОННЫМ ИНТЕГРАЦИЯМ, в котором Вы изучите теорию HTTP и работу интернета, REST API, gRPC, GraphQL, JSON-RPC и SOAP с реальными кейсами и практикой, а также с указанием примечаний и рекомендаций автора для подготовки непосредственно к собеседованиям, что прокачает ваши навыки для получения ЖЕЛАЕМОГО ГРЕЙДА.",,False,27,3899,5.0,2,stepik,Анализ данных
245261,Apache Superset: полный курс,"🚀 Вам надоело платить за PowerBI и Tableau?  Apache Superset — бесплатная BI-система уровня enterprise, которая не уступает платным аналогам. Хотите молниеносные дашборды, гибкую аналитику и нулевую стоимость лицензий?  Этот курс — быстрый старт для тех, кто хочет развернуть Superset с нуля, настроить его под бизнес-задачи и забыть о дорогих подписках. Вы получите готовую BI-платформу без скрытых платежей и ограничений.  Сэкономьте бюджет компании — переходите на Superset уже сегодня!",Начальный уровень,True,180,4990,5.0,2,stepik,Анализ данных
111629,Практикум по Pandas,Прокачиваем практические навыки работы в Pandas. Рекомендовано специалистам по анализу данных. Выведи своё владение библиотекой Pandas на новый уровень!,Начальный уровень,True,1593,1490,4.4,37,stepik,Анализ данных
113585,NumPy-массивы в Python — Stepik,"Это курс о NumPy — одной из самых популярных python библиотек на сегодня. Курс для тех, кто хочет легко и быстро решать задачи, думать о полученных результатах, а не о том, как написать программу. Вас ждет много практики, будет полезно, присоединяйтесь",,False,228,1900,4.8,38,stepik,Анализ данных
129105,Библиотеки Python для Data Science,"Курс знакомит слушателей с основными понятиями Data Science. Мы рассмотрим базовые алгоритмы (линейная модели, деревья решений, KNN, композиции), разберем подготовку данных (очистка, генерация новых признаков и их отбор). Полученных знаний будет достаточно для решения широкого круга задач.",Начальный уровень,True,169,4000,5.0,8,stepik,Анализ данных
145339,Python - Модуль 3 (Библиотеки и файлы) — Stepik,"Курс охватывает базовые концепции работы с модулями Python, основные операции с файлами различных форматов и основы работы с ресурсами Интернет, такими как HTTP запросы, парсинг HTML и работа с регулярными выражениями. В конце предусмотрены две части аттестации для проверки полученных знаний.",Начальный уровень,False,291,200,4.8,10,stepik,Анализ данных
181927,Мини-курс по регулярным выражениям — Stepik,"Регулярные выражения — мощный и эффективный инструмент обработки текста, но их вид может отбить всё желание их использовать. На данном мини-курсе Вы изучите регулярные выражения от самых основ до более продвинутых тем. Вся теория подаётся максимально кратко и просто, а изучаемый материал подкрепляется вопросами и заданиями, что делает обучение максимально простым, интересным и эффективным.",Начальный уровень,False,95,850,4.9,16,stepik,Анализ данных
196336,Google Sheets (Google Таблицы): Полный курс + шаблоны — Stepik,"Курс по Google Sheets предназначен для тех, кто хочет научиться эффективно работать с электронными таблицами. Вы освоите базовые и продвинутые функции, научитесь анализировать данные, использовать сводные таблицы, работать с текстом, применять условное форматирование, строить графики и оформлять дашборды. Курс подойдёт как для начинающих пользователей, так и для тех, кто хочет углубить свои знания и автоматизировать работу с таблицами.",Начальный уровень,False,42,390,3.7,3,stepik,Анализ данных
203685,Введение в tidyverse,"С помощью набора пакетов tidyverse мы научимся более удобным и эффективным способам работы с данными в R и RStudio. Курс включает в себя разбор пайпов, основных инструментов трансформации таблиц и подсчёта суммарных статистик с помощью пакетов вселенной tidy.",Средний уровень,False,539,,4.7,11,stepik,Анализ данных
210184,Бизнес аналитик: Метрики бизнеса от теории к практике — Stepik,"В ходе курса вы познакомитесь с основными понятиями и методами анализа данных, научитесь собирать, обрабатывать и интерпретировать данные, а также проводить анализ ключевых метрик, таких как Lifetime Value (LTV), Retention Rate, Conversion Rate и других.",Начальный уровень,False,24,490,5.0,2,stepik,Анализ данных
217142,AlphaBI: Бизнес-аналитика и многомерный анализ данных — Stepik,"AlphaBI представляет собой мощный инструмент для разработки корпоративных аналитических решений. В рамках курса вы освоите процесс преобразования данных в информацию с последующим извлечением знаний.  Курс детально рассматривает каждый этап внедрения AlphaBI, а также функциональность каждого модуля, что позволит вам самостоятельно решать большинство аналитических задач.",Средний уровень,False,527,,,,stepik,Анализ данных
235391,Python для работы с Excel и PDF — Stepik,"Освойте мощные инструменты Python для работы с документами! Эта программа охватывает два ключевых направления: автоматизацию работы с Excel с помощью библиотеки openpyxl и создание PDF-документов с ReportLab. Вы научитесь генерировать, редактировать и форматировать файлы Excel, а также создавать динамические PDF-документы, включая таблицы, диаграммы и сложные макеты.",Начальный уровень,False,32,3900,5.0,1,stepik,Анализ данных
235619,OSINT: разведка из открытых источников — Stepik,"Курс ""OSINT: разведка из открытых источников"" предназначен для тех, кто хочет освоить навыки сбора и анализа информации из открытых источников (OSINT). В современном мире, где информация становится ключевым ресурсом, умение эффективно находить, анализировать и интерпретировать данные из открытых источников является важным навыком для специалистов в области безопасности, журналистики, маркетинга, HR и многих других сфер.",Средний уровень,False,59,1500,5.0,1,stepik,Анализ данных
254532,Продуктовая аналитика - Python PRO — Stepik,"Это платная версия курса Продуктовая аналитика - Python. Ссылку на бесплатную версию курса вы найдете в бесплатном ознакомительном уроке. Во многом он повторяет бесплатную версию. Отличия заключаются в том, что здесь больше задач, и каждая задача снабжена решением, что поможет намного глубже и увереннее освоить навыки решения задач. Количество задач постонно растёт.",,False,6,1399,5.0,1,stepik,Анализ данных
255538,Продуктовая аналитика — MatStat PRO — Stepik,"Это платная версия курса Продуктовая аналитика - MatStat. Ссылку на бесплатную версию курса вы найдете в бесплатном ознакомительном уроке. Во многом он повторяет бесплатную версию. Отличия заключаются в том, что здесь больше задач, и каждая задача снабжена решением, что поможет намного глубже и увереннее освоить навыки решения задач. Количество задач постонно растёт.",Средний уровень,False,10,689,5.0,1,stepik,Анализ данных
101108,SQL for everybody. Junior — Stepik,Простым и понятным любому языком объясняем устройство базовых SQL запросов новичкам. Теоретические основы и много практики. Изучите основы SQL всего за 1-2 дня,Начальный уровень,False,622,299,4.6,110,stepik,Анализ данных
101272,Big Data for Data Science,"Программа знакомит слушателей с основами которые применяются при работе с Большими данными и рассчитан в первую очередь на тех слушателей, которые только начинают свой путь в Big Data. 
 Мы подробно разберем основные теоретические понятия, начнем знакомство со Spark — наиболее популярным фреимворком из этого мира, а также изучим как это можно применять при реализации распределенных моделей машинного обучения. А в ходе выполнения проектного задания разберем все этапы, которые проходят данные в реальных системах.",Начальный уровень,True,434,20000,4.7,10,stepik,Анализ данных
128731,SQL Exam — Stepik,,,False,82,,,,stepik,Анализ данных
129108,SQL База — Stepik,"«SQL База» научит не просто писать SQL-запросы, но использовать их на практике для решения реальных рабочих задач. Вы также узнаете, как устроена база данных, как считаются и визуализируются продуктовые метрики и как выглядит работа аналитика.",Начальный уровень,False,144,1330,4.2,14,stepik,Анализ данных
174123,Программирование от 0 к 1: Язык SQL. Базы данных. Обзорный курс. — Stepik,"Данный курс имеет практическую направленность и предназначен для изучения современных подходов и техник работы с реляционными базами данных с использованием языка SQL. По окончании курса у вас остаются не только знания о языке SQL, но и полезные сниппеты кода, которые можно использовать в повседневной работе с СУБД. Курс предназначен для людей, имеющих базовые знания в SQL и желающих их обновить/систематизировать.",Начальный уровень,False,133,100,4.1,10,stepik,Анализ данных
193661,"SQL. Часть 1 (Основы, логика и работа с полями)","🚀 Начни говорить с базами данных! В первой части по SQL ты установишь MySQL, поднимешь базу company и освоишь основы синтаксиса, логику запросов, CASE, сортировку, DISTINCT и строковые функции. 💡 К финалу уверенно извлекаешь и преобразуешь данные — из хаоса таблиц в понятные инсайты. 📊",Начальный уровень,True,481,550,4.8,38,stepik,Анализ данных
193756,"SQL Часть 2. (Создание, изменение и управление данными) — Stepik","🚀 Создай свою первую базу данных и научись ею управлять! В этой части курса ты освоишь DDL и DML-команды, узнаешь, как создавать и изменять таблицы, контролировать транзакции через COMMIT и ROLLBACK, работать с ограничениями и временем. ⏳ Всё — на реальных примерах и в живых задачах с автоматической проверкой.",Начальный уровень,False,168,1150,4.7,16,stepik,Анализ данных
195243,Погружаемся в SQLAlchemy на Python: курс для начинающих — Stepik,Курс состоит из 4-х основных модулей и затрагивает большую часть принципов работы с SQLAlchemy: от написании синхронных запросов с помощью Core и ORM до построения связей между моделями и применения асинхронного кода в сессиях SQL.,Средний уровень,False,186,299,4.9,11,stepik,Анализ данных
196932,Metabase: визуализация данных,"Курс направлен на изучение и практическое использование SQL-ориентированной BI-системы Metabase. На курсе разбирается локальное разворачивание, а также обучение основам BI-системы Metabase.
 Также в качестве бонуса предоставлены разборы практических заданий на использование множества операторов и функций SQL.",Средний уровень,True,290,1500,5.0,6,stepik,Анализ данных
215218,"SQL задачи (практикум, 30 задач, начальный уровень)",30 задач по SQL. Подготовил базу данных для обучения (PostgreSQL) - с таблицами по несколько сотен тысяч строк - можно будет попробовать как работают запросы на достаточно большом объёме данных. Редактор запросов с доступом к базе интегрирован в курс.,Начальный уровень,False,139,300,5.0,2,stepik,Анализ данных
215412,Оптимизация SQL запросов на примере ClickHouse — Stepik,"🔥 Ваши SQL-запросы тормозят и съедают ресурсы?  На этом курсе вы научитесь писать молниеносные запросы, которые не положат базу — даже на огромных данных в ClickHouse.  Без воды: только практические приемы оптимизации, которые работают в любой СУБД. Узнаете, как избегать типичных ошибок, сокращать время выполнения в 10-100 раз и стать тем самым специалистом, который спасает производительность.  Готовьтесь — ваши запросы больше никогда не будут проблемой!",Средний уровень,False,1069,499,4.9,42,stepik,Анализ данных
228417,SQL: реальные вопросы и задачи с собеседований — Stepik,"Этот курс предназначен для тех, кто хочет уверенно подготовиться к собеседованиям и углубить свои знания SQL, с акцентом на DML (операции с данными). 
 
 Все вопросы в курсе — это реальные задачи, с которыми я сталкивалась как на собеседованиях, так и в роли собеседующего.
 
 Задания отобраны из реального опыта работы в крупных компаниях и адаптированы для интерактивного формата, что позволяет эффективно подготовиться к настоящим собеседованиям.",Средний уровень,False,193,499,4.6,5,stepik,Анализ данных
237860,SQLAlchemy для всех,"Курс по SQLAlchemy поможет Вам освоить одно из ключевых средств работы с базами данных в Python. Вы научитесь создавать таблицы, описывать связи между ними, писать запросы и управлять миграциями. На курсе Вас ждет много практики и финальное задание на выбор, которое украсит Ваше портфолио. Это отличное начало для тех, кто хочет уверенно работать с базами данных в реальных проектах. В течение всего курса Вам будет доступен чат в Telegram для общения и поддержки.",Начальный уровень,True,149,2890,3.0,1,stepik,Анализ данных
238082,"Основы PL/pgSQL: Пишем функции, процедуры и триггеры — Stepik","Освойте процедурный язык программирования PL/pgSQL, встроенный в PostgreSQL.
 Научитесь создавать функции, процедуры и триггеры.
 Курс подойдёт тем, кто уже знаком с SQL и хочет перейти на следующий уровень — реализовывать бизнес-логику на PL/pgSQL.",Начальный уровень,False,19,870,5.0,1,stepik,Анализ данных
244445,SQL-собеседование: 200 задач уровня Junior — Stepik,"Готовитесь к собеседованию? Этот курс — ваш тренажёр для уверенного решения SQL задач уровня Junior. 200 практических кейсов, как на реальных интервью, с автопроверкой и понятными условиями. Идеально для аналитиков и дата-инженеров, уже знакомых с SELECT, JOIN, GROUP BY и др. Ускорьте подготовку и выходите на рынок труда с уверенностью в своих силах.",Начальный уровень,False,21,1860,,,stepik,Анализ данных
253465,Python Backend собеседование | 101 вопрос + 101 тест — Stepik,"Подготовка к теоретической части собеседования Python - бэкендера. Освойте все ключевые темы бэкенда: FastAPI, Python, Docker, SQL, API, асинхронность.",Начальный уровень,False,11,1390,,,stepik,Анализ данных
254013,Технические навыки продуктового аналитика: SQL+практический кейс — Stepik,"Этот практический курс поможет вам систематизировать знания SQL и применить их для решения конкретных задач продуктового аналитика. Вы не будете изучать SQL ""вообще"", а сосредоточитесь на том, что действительно нужно на практике: расчете ключевых метрик, построении воронок и сегментации. Пройдя 35 интерактивных задач, вы получите четкое понимание того, как данные превращаются в полезные для бизнеса инсайты.",Средний уровень,False,13,2850,,,stepik,Анализ данных
255037,От Python до API: полный бэкенд-трек — Stepik,"🚀 Полный курс по Python и SQL для подготовки к собеседованиям! От базовых концепций до сложных задач — всё в одном месте, чтобы ты чувствовал себя уверенно на интервью и прокачал скилы до уровня сильного специалиста 💻✨",Начальный уровень,False,2,14700,,,stepik,Анализ данных
255542,PostgreSQL для разработчиков: от основ к созданию API — Stepik,"⚙️ **PostgreSQL для разработчиков: от основ к созданию API**  
 
 Овладейте самой мощной, надёжной и гибкой СУБД — и научитесь строить полноценные API-решения на её основе.  
 
 📚 Что внутри курса:
 - Понимание внутренней структуры PostgreSQL: как хранятся данные, что такое индексы, транзакции и блокировки  
 - Практика разработки: от SQL-запросов до сложных запросов с JOIN, подзапросов и оконных функций  
 - Оптимизация запросов и планов: как добиться высокой производительности на больших объёмах данных",Начальный уровень,False,32,2890,,,stepik,Анализ данных
57133,СУБД 2019 в ИТМО — Stepik,"Видеозаписи некоторых лекций.   и проверочные тесты для курса ""Базы Данных"" в магистратуре ИТМО на программе ""разработка программного обеспечения!. Врядли они вам интересны, если вы там не учитесь.",,False,339,,,,stepik,Анализ данных
68303,Системный аналитик с нуля — Stepik,"🚀 Стартовый курс, чтобы получить знания в IT-профессии «Системный аналитик»! 
 За время обучения вы изучите технологии и инструменты для начала работы системным аналитиком. 
 Я предлагаю гибкий график обучения (без дедлайнов). Учитесь в темпе, который удобен вам.",Начальный уровень,False,804,2000,4.0,72,stepik,Анализ данных
83415,Тренажер по продуктовой аналитике,"Курс для тех, кто уже разобрался в SQL и хочет попрактиковаться. В первой части отрабатываем базовый синтаксис для выборки данных. Далее идём к обновлению данных и более продвинутым техникам.",,False,2519,,3.1,11,stepik,Анализ данных
85202,ЦИФРОВЫЕ ТЕХНОЛОГИИ В ВЕТЕРИНАРИИ — Stepik,"Онлайн-курс позволяет обучающимся сформировать знания о современных цифровых технологиях, способствующих организации и функционированию различных ветеринарных служб, а также навыков применения цифровых технологий в решении профессиональных задач, проведении экспериментальных исследований и интерпретации их результатов.",,False,2485,,4.9,85,stepik,Анализ данных
100110,Python в научных расчетах — Stepik,Использование языка программирования Python для решения научных задач. Численное моделирование в современной науке.,Начальный уровень,False,890,,4.3,3,stepik,Анализ данных
100659,Структурный подход к анализу и проектированию ИС — Stepik,Цель курса - знакомство слушателей с методологией и технологией структурного анализа и проектирования информационных систем,,False,1743,,4.4,41,stepik,Анализ данных
107603,УСТАНОВКА И ИЗУЧЕНИЕ SAP В ПОПУЛЯРНЫХ ОБЛАЧНЫХ СЕРВИСАХ — Stepik,"Вы научитесь устанавливать свою собственную SAP систему в популярных облачных сервисах. Использовать её для ABAP и FIORI разработки, а также BASIS-администрирования.",,False,44,999,,,stepik,Анализ данных
127640,Разработка высоконагруженных приложений на Java — Stepik,"Курс посвящен изучению фреймворка Spring Framework, NodeJs, RabbitMQ, NoSQL-базы данных для разработки на Java.",Средний уровень,False,33,,,,stepik,Анализ данных
131205,Инженерия знаний и базы данных — Stepik,"Программа курса направлена на изучение теоретических и практических основ извлечения экспертных знаний, проектирования и реализации баз данных, а также формирование навыков и умений получения информации от экспертов для решения различных задач, а также методов проектирования реляционных баз данных",Начальный уровень,False,853,,4.6,9,stepik,Анализ данных
144504,Информационные системы хранения медицинских данных — Stepik,"Ежедневно в учреждениях здравоохранения генерируется поток разнообразной информации о состоянии здоровья пациентов, включающей истории болезни, результаты анализов, медицинские изображения, причем эти данные зачастую разнородные, имеют разную структуру, с точки зрения возможности их получения, хранения и обработки. 
      Медицинские информационные системы — это эффективный цифровой инструмент, с помощью которого могут быть реализованы новые подходы к решению клинических и организационных задач.",Начальный уровень,False,469,,4.2,11,stepik,Анализ данных
175922,Создание telegram-бота для колледжей,"Курс ""Создание telegram-бота для  для улучшения коммуникации и оптимизации учебных процессов в среде колледжа"" предлагает участникам основы и практические навыки разработки telegram-ботов. В ходе курса вы научитесь создавать ботов, которые помогут студентам получить информацию о колледже, практике и контактной информации.",Начальный уровень,False,1196,,4.3,39,stepik,Анализ данных
212419,C#: Основа Backend-разработки на примере создания API магазина,"В этом курсе вы шаг за шагом создадите прототип интернет-магазина, освоив ключевые аспекты веб-разработки. Вы научитесь разрабатывать слоёную архитектуру, включающую презентационный слой, бизнес-логику и слой персистенции с использованием PostgreSQL. Курс охватывает создание инфраструктуры для управления всеми аспектами онлайн магазина. Вы реализуете авторизацию и аутентификацию пользователей с распределением по ролям. По окончании курса у вас будет готовый прототип и практический опыт в разработке api",Средний уровень,True,92,10000,4.7,13,stepik,Анализ данных
225665,Разработка приложений на Kivy Python+Mongo — Stepik,"Курс по Kivy (Python) познакомит вас с созданием кроссплатформенных приложений. Вы изучите основы работы с фреймворком Kivy, познакомитесь с MongoDB для хранения и управления данными. В рамках курса вы разработаете три проекта, которые помогут закрепить знания на практике: от создания пользовательского интерфейса до работы с базами данных. Курс подойдёт как начинающим, так и программистам, желающим расширить свои навыки.",Начальный уровень,False,26,1950,4.7,3,stepik,Анализ данных
232331,Python и актуальные технологии 2025 — Stepik,"Курс ""Python и актуальные технологии"" — это комплексная программа обучения, созданная на основе анализа реальных требований IT-рынка. За 17 модулей вы освоите не только Python с нуля, но и весь стек востребованных технологий: API-интеграции, SQL и NoSQL базы данных, Docker, Git, облачные сервисы и работу с LLM-моделями. Завершающий проект по анализу вакансий с использованием AI и API даст вам практический опыт для успешного старта в IT-сфере.",Начальный уровень,False,8,4900,5.0,1,stepik,Анализ данных
233498,FastAPI: создание API — Stepik,"🚀 Изучите FastAPI – современный, быстрый и удобный фреймворк для создания API! В этом курсе вы освоите работу с маршрутами, базами данных, аутентификацией и авторизацией, а также автоматическую генерацию документации. Быстрый старт в разработке производительных веб-приложений! 🔥",Средний уровень,False,607,1750,4.8,16,stepik,Анализ данных
240351,"Системный анализ: Асинхронные API и брокеры сообщений (Kafka,MQ) — Stepik","ОЧЕНЬ МНОГО РАЗНООБРАЗНЫХ ЗАДАНИЙ НА ПРАКТИКУ! Друзья, перед Вами НАИБОЛЕЕ ПОЛНЫЙ КУРС ПО АСИНХРОННЫМ ИНТЕГРАЦИЯМ, в котором Вы изучите теорию HTTP и работу интернета, Long/Short Polling, Webhook, Websocket, SSE-интеграции и интеграции через ESB, Kafka и RabbitMQ с реальными кейсами и практикой, а также с указанием примечаний и рекомендаций автора для подготовки непосредственно к собеседованиям, что прокачает ваши навыки для получения ЖЕЛАЕМОГО ГРЕЙДА.",Начальный уровень,False,16,3299,5.0,1,stepik,Анализ данных
240525,Проектирование архитектуры микросервисов,"ОЧЕНЬ МНОГО РАЗНООБРАЗНЫХ ЗАДАНИЙ НА ПРАКТИКУ! Друзья, перед Вами НАИБОЛЕЕ ПОЛНЫЙ КУРС по ПРОЕКТИРОВАНИЮ АРХИТЕКТУРЫ, в котором Вы изучите работу с архитектурно-значимыми требованиями, теорию HTTP, использование C4 Model, проектирование монолитной и распределенной Архитектуры ПО с указанием примечаний и рекомендаций автора для подготовки непосредственно к собеседованиям, что прокачает ваши навыки для получения ЖЕЛАЕМОГО ГРЕЙДА.",Начальный уровень,True,5,2199,,,stepik,Анализ данных
243520,1С: Библиотека стандартных подсистем — Stepik,"Этот курс — отличный шанс для вас не только ознакомиться с возможностями БСП, но и научиться применять их на практике для решения конкретных задач. Мы уверены, что полученные знания помогут вам стать более компетентным специалистом, создавать более качественные и современные решения на платформе 1С.",Средний уровень,False,121,3500,5.0,1,stepik,Анализ данных
247419,Оценка Системного аналитика — Stepik,"Оцените свои знания и навыки в системном анализе с помощью нашего комплексного опросника, который подходит как для начинающих специалистов, готовящихся к собеседованиям, так и для опытных системных аналитиков, желающих обновить знания и освоить новые подходы. Пройдите тест и определите свой текущий уровень подготовки!",Начальный уровень,False,16,200,5.0,3,stepik,Анализ данных
251942,Подготовка к Python собеседованию — Stepik,"Курс для подготовки к техническому собеседованию на Python-разработчика уровней middle, middle+ и senior.  Он охватывает основную теорию, стратегии ответов на сложные вопросы и разбор наиболее распространённых практических задач.",Средний уровень,False,17,39900,5.0,9,stepik,Анализ данных
65433,Основы работы в PsychoPy — Stepik,Данный курс посвящен основам работы в среде визуального программирования в PsychoPy. В рамках курса мы познакомимся с интерфейсом программы и попробуем создать свой собственный эксперимент.,,False,664,,4.3,12,stepik,Анализ данных
91296,Основы анализа текстовых данных — Stepik,"Анализ и обработка текстовых данных методами машинного обучения. Классификация, кластеризация, выявление нечетких дубликатов текстов",,False,1243,,5.0,2,stepik,Анализ данных
111236,Power bi и язык DAX. Базовый уровень. Упор на маркетинг и ecom — Stepik,"Ознакомьтесь с инструментами визуализации данных дешевле бизнес-ланча! Вас ждет практика, кейсы! Курс краткий, однако достаточен, чтобы освоить азы. Полагаю, вам понравится курс, иначе гарантированно вернем деньги!",Начальный уровень,False,1265,388,4.8,144,stepik,Анализ данных
113596,Data Science с Глебом Михайловым,"🏆Победитель  Stepik Awards в номинации ""Прорыв года""🏆
 
 Практический видео-курс по основам data science. Никакой математики, никакой теории, только примеры решения реальных задач c помощью pandas и CatBoost. Вводная часть курса по python и pandas для анализа данных доступна бесплатно!🔥",Начальный уровень,True,3145,2970,5.0,191,stepik,Анализ данных
113802,Регулярные выражения на примерах,"В этом ускоренном курсе мы рассмотрим базовые концепции регулярных выражений на простых и интересных примерах, мы с вами вместе изучим синтаксис регулярных выражений, узнаем про квантификаторы, диапазоны, границы. Поймете что такое жадные и ленивые регулярные выражения, разберемся с группами. Узнаете преимущества использования поиска вперед/назад. Начните использовать регулярные выражения в своей работе.",Начальный уровень,True,106,1000,4.6,12,stepik,Анализ данных
114684,Анализ данных в KNIME — Stepik,"Курс создан для тех, кто много работает с данными. KNIME — это мощный инструмент для анализа данных. Он бесплатный, универсальный и сравнительно простой в изучении.",Начальный уровень,False,1587,1500,4.9,60,stepik,Анализ данных
118984,Power Query и сводные отчеты в MS Excel,"Курс знакомит с аналитическими инструментами MS Excel и подходит для начинающих знакомство с инструментами анализа данных в целом. В формате case-study вы научитесь подключаться к данным из различных источников, преобразовывать данные и готовить аналитические витрины, строить сводные отчеты  в MS Excel.",Начальный уровень,True,100,1000,4.7,12,stepik,Анализ данных
124496,Data Science 1: первый год обучения,"HSE Data Science minor (Обработка и анализ данных): вспомогательные материалы и упражнения для первого года майнора. Обратите внимание: иногда в упражнениях встречаются отсылки на лабораторные работы, разбираемые на очных занятиях",,False,1746,,4.5,4,stepik,Анализ данных
124951,Финансовый контроллинг затрат на материалы — Stepik,"Все, что нужно знать о контроллинге сырья, упаковки и других материалов на производстве: планирование, контроль, отчетность",Средний уровень,False,21,2990,5.0,2,stepik,Анализ данных
133336,Pandas: вопросы на собеседовании и не только,Проверьте свои знания о Pandas и Numpy через серию тестов. 120+ вопросов уже ждут тебя! Новые вопросы каждую неделю!,Средний уровень,False,197,990,4.7,7,stepik,Анализ данных
135868,Multivar - «Анализ многомерных данных с использованием R» — Stepik,"Задания к курсу ""Анализ и визуализация многомерных данных с использованием R"" Только контрольные задания, вся теория очно.",,False,203,,,,stepik,Анализ данных
174831,Дизайн аналитического исследования — Stepik,"Курс рассчитан на широкую аудиторию слушателей, которые планируют включать анализ данных в план своего исследования. Курс позволяет подойти к разработке дизайна прикладного или исследовательского проекта с научной точки зрения.",Начальный уровень,False,507,,3.7,12,stepik,Анализ данных
186413,Excel для начинающих: Первые шаги и функция ВПР (VLOOKUP),"Начните знакомство с Microsoft Excel с этого курса: знакомство с интерфейсом, ключевыми инструментами, напишите вашу первую формулу!",Начальный уровень,True,21,1990,5.0,6,stepik,Анализ данных
188966,Основы PowerQuery для всех — Stepik,Пошаговый разбор базовых инструментов PowerQuery для решения реального бизнес-кейса (контроль ликвидности запасов),Средний уровень,False,19,2990,5.0,3,stepik,Анализ данных
189549,Полный курс Excel + Power Query: от новичка до эксперта — Stepik,"Пошаговая прокачка навыков работы в Excel: повышайте эффективность, экономьте время и удивляйте. Полный курс: от основ работы в Excel до автоматизации обработки данных в PowerQuery",,False,53,6990,5.0,5,stepik,Анализ данных
197932,Автоматизация в Excel c помощью сводных таблиц,"Этот курс сделает из вас настоящих гуру в области сводных таблиц.
 Вы познакомитесь с таким вещами, как дополнительные вычисления, срез и т.д.. Узнаете, как построить одну сводную таблицу, используя несколько таблиц.
 
 Но стоит отметить, что этот курс не просто о сводных таблицах, благодаря курсу вы научитесь полностью автоматизировать ваши отчеты, используя сводные таблицы, строить модель данных в Power Pivot и писать меры. 
 
 Так же вы познакомитесь с таким крутым инструментов обработки, как Power Query.",Начальный уровень,True,80,580,4.8,6,stepik,Анализ данных
199162,Профессия «Аналитик в ИТ». Модуль 0: Знакомство с профессией — Stepik,"Вашему вниманию предлагается первый, вводный, ознакомительный модуль, чтобы повысить уровень понимания и осознанности при выборе пути обучения в сторону аналитики. В данном курсе я расскажу о том, какие аналитики бывают, чем занимаются, какие навыки требуются, что следует изучать, чтобы двигаться дальше в профессию ""Аналитик"".",Начальный уровень,False,3797,,4.8,80,stepik,Анализ данных
213138,Анализ данных 2024-2025 — Stepik,"Задания и теория из курса анализа данных, проводимого во лицее №2 города Иркутска в 2024-2025 учебном году. Основные технологии используемые в курсе: numpy, pandas, matplotlib, sklearn, keras",Средний уровень,False,107,100,3.7,3,stepik,Анализ данных
215482,Инвентаризация имущества и обязательств — Stepik,"«Инвентаризация имущества и обязательств» состоит из 4 уроков, которые последовательно раскрывают основные особенности проведения инвентаризации.  Каждый урок включает теоретические конспекты, тесты на закрепление пройденного материала и видеоурок.  Сроки и дедлайны. Дедлайнов по этому курсу нет, вы можете пройти его в удобное время.  Тесты. После каждой темы вас ждут небольшие тестовые задания на закрепление пройденного материала. Они не имеют ограничений по времени, но обязательны для прохождения.",Начальный уровень,False,62,,4.5,2,stepik,Анализ данных
224280,Полный курс по юзабилити-тестированию: от гайда до результата — Stepik,"Это теоретический текстовый курс для начинающих UX-исследователей, дизайнеров и продактов: чётко разберём понятия юзабилити и юзабилити-тестов, когда и зачем их проводить, как устроены дизайн исследования, выборка и сценарии, форматы и процесс проведения, типичные ошибки модерации, анализ результатов и приоритизация.",Начальный уровень,False,9,2490,5.0,2,stepik,Анализ данных
226483,Учет нефинансовых активов,"Курс «Учет нефинансовых активов» состоит из 7 уроков, которые последовательно раскрывают понятие нефинансовых активов, порядок их учета и отражения в учете.  Уроки включают теоретические конспекты, тесты на закрепление пройденного материала и видеоуроки.   Дедлайнов по этому курсу нет, вы можете пройти его в удобное время.  В заключительном уроке вас ждет итоговое тестирование по теме.",,False,21,,,,stepik,Анализ данных
226712,Статистический анализ данных в пакете STATISTICA — Stepik,"Курс предназначен для тех, кто хочет освоить основы статистического анализа данных с использованием пакета прикладных программ STATISTICA. В рамках обучения будут охвачены основные темы статистики, такие как построение вариационных рядов распределения, расчет описательных статистик, проверка статистических гипотез, корреляционно-регрессионный анализ, моделирование динамических процессов. Курс включает практические задания и тесты, которые помогут вам закрепить полученные знания и навыки по статистике.",Начальный уровень,False,935,,5.0,64,stepik,Анализ данных
230210,Графовые нейросети и их применение,"🚀Графовые нейронные сети (GNN) – это мощный инструмент для анализа сложных структурированных данных, таких как социальные сети, молекулы, финансовые транзакции и рекомендательные системы. В этом курсе мы разберем основные архитектуры GNN, научимся применять их на реальных данных и разберем современные методы оптимизации.",Средний уровень,False,46,,4.9,7,stepik,Анализ данных
234300,Библиотека Polars. Анализ данных в Python — Stepik,"Курс познакомит вас с библиотекой Polars для анализа данных. Вы изучите необходимую базовую теорию, а также примените полученные знания на практике.",Средний уровень,False,52,390,,,stepik,Анализ данных
236015,"АНАЛИЗ АССОРТИМЕНТА МАКСИМУМ (АВС-XYZ, оборачиваемость, скидки)","Самые популярные анализы для ритейла - оборачиваемость, заказ на поставку товара, АВС-анализ, эластичность, безубыточность, дефицит и неликвиды. Если хочется понять, чем оборачиваемость отличается от оборота, а маржа от наценки, как устроен отчет и проверить, правильно ли он настроен в вашей ИТ-системе – то вам сюда.
 Примеры, расчеты и понятный язык от практика и ведущего специалиста по ассортименту. Всем, кто работает с отчетностью и алгоритмами.",Начальный уровень,True,18,2975,5.0,1,stepik,Анализ данных
243690,Excel для продолжающих: финансы и инвестиции с нуля,"ТЕКСТОВЫЙ КУРС ориентирован как на начинающих, так и на опытных аналитиков, которые хотят освоить ключевые функции для работы с финансами организации. Научитесь работать как с базовыми инструментами (по типу МИН, МАКС и СРЗНАЧ), так и с продвинутыми функциями (включая ГПР, ВПР, ЧПС, ВСД и другие). Получите готовый Excel-файл с данными и попрактикуетесь в их анализе.",Начальный уровень,True,8,200,,,stepik,Анализ данных
248368,"Анализ данных с нуля: визуализация, корреляции, практика","Этот курс — идеальный старт для тех, кто хочет уверенно войти в мир аналитики данных. Вы научитесь работать с реальными таблицами, создавать наглядные визуализации, выявлять закономерности и строить простые модели машинного обучения. Всё на Python — современно, понятно и с большим практическим уклоном.",Начальный уровень,True,35,1190,5.0,2,stepik,Анализ данных
248385,Аналитик 1С. Интенсив с преподавателем!,Этот курс поможет вам стать востребованным специалистом по аналитике в 1С и открыть новые карьерные возможности в области управления и автоматизации бизнес-процессов. В данном курсе все уроки проверяются лично преподавателем.,Начальный уровень,True,7,9900,,,stepik,Анализ данных
249256,Тестовое задание на знание Excel при собеседовании — Stepik,"Тест на проверку знаний Excel среднего уровня. Для соискателей и HR.  Прохождение подобного теста является обязательным для соискателей вакансий, связанных с аналитикой, маркетингом, финансами и многих других.",Средний уровень,False,9,180,5.0,1,stepik,Анализ данных
252353,"Летняя школа по аналитике, Data Science и Data Engineering 2025 — Stepik","На летней школе «IT-сеанс: погружение в мир данных» вас ждут выступления спикеров из таких компаний, как: Яндекс, Т-Банк, Ozon Tech, МТС Web Services, Альфа-Банк, X5 Tech, Magnit Tech, Авито и Вкусно — и точка.",,False,162,,5.0,1,stepik,Анализ данных
253808,Тестирование документации (тестирование требований) — Stepik,"Этот курс создан для начинающих и работающих тестировщиков уровня джуниор и миддл, которые хотят уверенно проверять требования, пользовательские сценарии, API-спецификации и сопроводительные материалы. Мы последовательно разберём, как читать документы так, чтобы находить противоречия, неопределённости и пробелы, как соотносить документацию с реальным поведением системы и как выстраивать трассируемость между требованиями и тестами.",Средний уровень,False,15,1500,5.0,1,stepik,Анализ данных
256317,Архитектура данных: полный курс — Stepik,"Станьте экспертом, который превращает данные в стратегический актив. Курс научит вас строить архитектуру данных, понимать бизнес-требования и выбирать оптимальные технологии для реальных проектов.",Начальный уровень,False,31,,,,stepik,Анализ данных
2203,Tècniques Instrumentals UAB — Stepik,Pràctiques de Laboratori Integrat 4 del Grau de Genètica corresponents al mòdul Bases de dades i Fonaments de programació de Tècniques Instrumentals,,False,179,,,,stepik,Анализ данных
51161,SQL 2019 - Deutsch (open for all) — Stepik,Ein SQL Kurs,,False,489,,4.7,14,stepik,Анализ данных
52681,Отбор в Сәләт-Санак 2019 — Stepik,"Задачи по математике, информатике и программированию для прохождения отбора в летний IT-лагерь Сәләт-Санак 2019",,False,24,,,,stepik,Анализ данных
100866,Практический курс для новичков по T-SQL и SQL Server — Stepik,Программирование баз данных: с СУБД SQL Server (MS SQL) и языком SQL: теория и практика с разборами ДЗ,,False,155,1990,4.3,7,stepik,Анализ данных
104047,Создание Веб-сайтов и приложений v2.0 — Stepik,"В данном курсе рассмотрим основные моменты по созданию веб-сайтов. Начнём с выбора хостинга, доменного имени, выбора системы управления содержимым, изучим основные модули и компоненты. Создадим полноценный собственный вебсайт.",,False,28,,,,stepik,Анализ данных
115164,SQL 2022 — Stepik,Ein SQL Kurs,,False,113,,,,stepik,Анализ данных
116332,SQL для Анализа Данных с Глебом Михайловым,Курс по SQL для аналитиков и дата саентистов. Ничего лишнего – только то что нужно в реальной работе. Усиль свой SQL! Суммарно на Stepik и Udemy у этого курса уже 2.8+ продаж и прекрасные отзывы!,Начальный уровень,True,2428,2470,5.0,150,stepik,Анализ данных
121043,Специализация «Аналитик данных»,На этой специализации вы освоите профессию «Аналитик данных»,Начальный уровень,False,1067,5490,4.9,11,stepik,Анализ данных
121686,Basics of Neural Networks — Stepik,"The content of the course includes the basic information about artificial neural networks - starting from biological and artificial neurons, basic ANN topologies, ANN training for different tasks. High attention is devoted to manual calculations as the basis of deep understanding of artificial neural networks.  This course is a part of double degree master program RCSE between KNRTU-KAI and TU Ilmenau. It is the basis for study of some advanced courses such as deep learning.",Начальный уровень,False,32,,,,stepik,Анализ данных
124497,Data Science Minor 2: 3 курс,"Данный курс предназначен для сопровождения занятий в рамках майнора ""Обработка и анализ данных"" (HSE SPb DS minor), 3 курс, 2022-2023 учебный год.",,False,1097,,,,stepik,Анализ данных
125646,SQL для всех. PRO,"После прохождения серии курсов по SQL вы сможете: писать сложные SQL-запросы, применять оконные функции, а также создавать базы данных.",,False,337,2500,5.0,4,stepik,Анализ данных
128891,Быстрый старт в SQL,"За 4 занятия научим писать запросы на SQL.  Освойте один из основных инструментов работы с данными, необходимый любому специалисту в сфере ИТ.",Начальный уровень,False,2239,8000,4.7,70,stepik,Анализ данных
129378,Yummy SQL — Stepik,"Это курс, в котором мы, опираясь на популярные базы данных, пощупаем основной синтаксис языка структурированных запросов - SQL",Начальный уровень,False,110,990,4.8,15,stepik,Анализ данных
132759,SQL Тренажер. Бесконечное приключение 01. На планете. — Stepik,"Еще больше заданий, еще больше приключений! В игровой форме закрепляются знания SQL. Необычные задачи от простого к сложному. Все задания пока можно решить без ДЖОЙНов и без оконных функций.",,False,300,300,5.0,36,stepik,Анализ данных
139282,Тестирование ПО: Самый полный курс по Тестированию с Нуля!,"SALEN - СПЕЦИАЛЬНЫЙ ПРОМОКОД СО СКИДКОЙ. ДОМАШНИЕ ЗАДАНИЯ ПРОВЕРЯЮТСЯ ЛИЧНО АВТОРОМ + разнообразные тестовые задания, очень много практических заданий! Друзья, перед Вами ПОЛНЫЙ курс по Тестированию ПО с Нуля, в котором Вы изучите Ручное тестирование, тестирование с помощью вспомогательного ПО, Базовое программирование на Python, Автоматизацию тестирования Selenium + API, Работа с базами данных с помощью Python, Нагрузочное тестирование с Jmeter  и Симулятор собеседования",Начальный уровень,False,768,11499,,,stepik,Анализ данных
140595,SQL от Начинающего до Профи — Stepik,"SQL — один из самых востребованных навыков у работодателей. Боишься, что SQL — это сложно? Не переживай. На курсе «SQL от Начинающего до Профи» ты изучишь язык запросов пошагово — от простых выборок до аналитических задач. Тебя ждет увлекательная теория, с примерами и разборами задач и много практических упражнений с автоматической проверкой, которые предстоит решить в интерактивном тренажёре. Пройди бесплатные пробные уроки и начни уверенно работать с данными уже сегодня!",Начальный уровень,False,25,1890,,,stepik,Анализ данных
175222,Алгоритмдеу және программалау — Stepik,"""Алгоритмдеу және бағдарламалау"" цифрлық білім беру ресурсы 10 сынып оқушыларына арналған. Ресурстың негізгі компоненті-Алгоритмдеу және бағдарламалау бойынша өзіндік жұмыс. Өз бетінше жұмыс жасамас бұрын әр зерттелген тақырып бойынша ұсынылған қысқаша теориялық мәліметтермен танысу ұсынылады. Цифрлық білім беру ресурсында өз бетінше орындауға арналған көптеген тапсырмалар, сондай-ақ қарастырылатын тақырыптардың әрқайсысы бойынша көптеген интерактивті тапсырмаларға сілтемелер бар.",Начальный уровень,False,56,,,,stepik,Анализ данных
176076,Мастерство DDL запросов: создание и управление схемами в SQL — Stepik,"Курс по созданию и управлению схемами в SQL"" позволяет освоить навыки работы с DDL запросами в SQL. Участники изучат создание и изменение таблиц, работу с ограничениями и индексами, а также научатся удалять данные и таблицы. Курс также включает создание и управление представлениями, работу с ограничениями целостности и индексами. Участники получат лучшие практики и рекомендации по работе с DDL запросами для обеспечения безопасности и производительности операций.",Начальный уровень,False,19,500,,,stepik,Анализ данных
180246,Основы SQL для программистов без поддержки — Stepik,"На этом курсе вы узнаете: как работают Реляционные базы данных и их проектирование, научитесь писать на Языке SQL и научитесь работать с объектами, запросами и программированием в СУБД.",Начальный уровень,False,38,1300,4.2,4,stepik,Анализ данных
182183,"Python + SQL БД: PostgreSQL, MySQL, MariaDB для начинающих — Stepik","Предлагаю небольшой курс по изучению SQL и как пользоваться SQL базами данных, таких как PostgreSQL, MySQL, MariaDB, SQLite. Также используются СУБД для этих БД: Adminer, PhpMyAdmin, SQLiteStudio, PGAdmin, Workbench.",Начальный уровень,False,2666,,4.3,29,stepik,Анализ данных
183400,Самый полный курс по SQL и БАЗАМ ДАННЫХ (С КУРАТОРОМ) — Stepik,"Максимально полный курс по языку SQL и навыкам работы с базами данных. С первых простых шагов до полного погружения в написание высокоэффективных запросов на языке SQL, разработки баз данных и азов программирования! Отлаженная годами программа включает в себя все возможные методы работы с данными и объектами баз данных, типичные практические задачи, методы решения их и возможности комбинаций методов. Помимо этого, программа включает нестандартные ситуации и ньюансы, которые встречаются на практике.",Начальный уровень,False,36,19900,5.0,2,stepik,Анализ данных
183603,DevClub: Web-5 (Технология разработки Web-магазина) — Stepik,"Курс создан для закрепления знаний, получаемых на очных занятиях. В курсе описаны легкие примитивы и интересные моменты.",,False,85,,,,stepik,Анализ данных
184095,SQL (lite) — Stepik,"Курс ""SQL Lite"" 😊 представляет собой компактное и практичное руководство для тех, кто желает освоить основы языка SQL и принципы работы с базами данных MySQL. Курс начинается с основ SQL, включая создание, чтение, обновление и удаление данных, а также работу с фильтрами и сортировкой. Затем он переходит к более конкретной теме - базам данных MySQL, исследуя создание и управление базами данных, таблицами и индексами.",Начальный уровень,False,209,690,4.6,14,stepik,Анализ данных
186181,Базы данных и SQL с нуля до профи PostgreSQL — Stepik,"В данном курсе вы пройдете основы работы с базами данных, которые должен знать любой начинающий прикладной разработчик.",Начальный уровень,False,25,3490,4.0,3,stepik,Анализ данных
186264,Начальный курс по YDB (Yandex Database),YDB - это распределённая отказоустойчивая база данных для промышленной эксплуатации. В данном курсе Вы узнаете основы работы с этой СУБД - добро пожаловать!,Начальный уровень,False,2106,,4.9,17,stepik,Анализ данных
187191,Пакет Backend-Разработчик,"Поднимите свой навык разработки на новый уровень с нашим пакетом курсов Backend-Разработчик. Изучайте PHP, SQL, VS Code, Git и MySQL для создания мощных серверных приложений.",Начальный уровень,False,62,2580,5.0,1,stepik,Анализ данных
187192,Пакет FullStack-Разработчик — Stepik,"Поднимите навыки разработки на новый уровень с нашим комплексным пакетом курсов. Изучайте HTML, CSS, JS, Figma для Frontend и PHP, Git, SQL для Backend. Станьте полноценным Full Stack-разработчиком.",Начальный уровень,False,53,3680,4.3,3,stepik,Анализ данных
188544,"Пакет ""базы данных и SQL""",Пакет из 2 уроков по базам данных и SQL,Начальный уровень,False,11,3990,5.0,2,stepik,Анализ данных
194081,"SQL Часть 3. (Объединения, подзапросы и группировка данных)","🔗 Научись объединять, группировать и анализировать данные как профессионал! В этой части курса ты разберёшься с JOIN, UNION, подзапросами и представлениями, а также освоишь агрегацию и группировку (GROUP BY, HAVING). 📊 Всё — на реальных примерах, задачах и с автоматической проверкой.",Начальный уровень,True,167,1150,4.8,8,stepik,Анализ данных
194778,Программирование SQLite на Python — Stepik,"Это курс для тех, кто хочет научиться программировать Python приложения, использующие базу данных на SQLite. Фактически будут использоваться 2 языка программирования - SQLite и Python.",,False,102,1000,4.6,8,stepik,Анализ данных
195138,Аналитика данных,"Программа включает 5 курсов: ""SQL для всех: от начинающих до продвинутых"", ""ABC-XYZ-анализ в SQL"", ""Когортный & RFM-анализ в SQL"", ""Metabase: визуализация данных"" и ""Microsoft Power BI, Power Query, DAX"". Данные курсы помогут освоить профессию ""Аналитик данных"", а также будут полезны другим профессиям, связанным с информационными технологиями.",Начальный уровень,False,266,5250,5.0,4,stepik,Анализ данных
195783,Аналитика. База знаний. — Stepik,Предоставляю вам свои оформленные конспекты по аналитике с дополнительным материалом для самостоятельного изучения.,Начальный уровень,False,21,200,4.5,2,stepik,Анализ данных
198137,Основы SQL. Применение SQL в ABC-XYZ анализе,"Программа включает обучение написанию запросов и работе с базой данных на примере СУБД - PostgreSQL, даёт полное понимание работы с БД, начиная от подключения и анализа данных до написания сложных запросов.
 В программу включен детальный разбор групп операторов DDL и DML, а также обзор групп операторов DCL и TCL. В качестве бонуса представлены разборы тестовых заданий от разных компаний.
 Также разбирается применение SQL при проведении ABC-XYZ анализа.",Начальный уровень,False,22,2000,5.0,1,stepik,Анализ данных
200825,SQL: базовый уровень,"Курс направлен на обучение работе с базой данных и написание SQL-запросов на примере СУБД PostgreSQL. Курс даёт понимание работы с БД, начиная от подключения и анализа данных до написания сложных запросов. Также в качестве бонуса представлены разборы тестовых заданий от разных компаний.",Начальный уровень,True,32,500,5.0,4,stepik,Анализ данных
201736,"Аналитика данных: MS Power BI, оконные функции","Программа курсов по аналитике данных направлена на обучение обработке данных в Power Query, разработке модели данных и визуализации данных в Power BI Desktop, а также использованию оконных функций различных классов на реальной базе данных.",Начальный уровень,False,39,2000,5.0,1,stepik,Анализ данных
201738,"SQL: оконные функции, ABC-XYZ анализ","Курс по оконным функциям направлен на понимание и практическое применение оконных функций на примере СУБД - PostgreSQL.
 В курс включен детальный разбор применения оконных функций различных классов, использования партиций и разбор команд управления размером фрейма. 
 В курсе ABC-XYZ анализ демонстрируется выполнение ABC и XYZ анализа в SQL.",Средний уровень,False,45,1250,5.0,3,stepik,Анализ данных
204715,"SQL: оконные функции, ABC-XYZ, Cohort & RFM — Stepik","Программа включает обучение написанию запросов и работе с базой данных на примере СУБД - PostgreSQL и даёт полное понимание работы с БД, начиная от подключения и анализа данных до написания сложных запросов.
 Также в программу включены курсы по применению SQL при проведении когортного, RFM, ABC и XYZ анализов.",Начальный уровень,False,21,2000,5.0,2,stepik,Анализ данных
205032,"Аналитика: Power BI, оконные функции, cohort, RFM, ABC-XYZ в SQL — Stepik","Программа состоит из 4 курсов, которые помогут освоить профессию ""Аналитик данных"", также курсы будут полезны и другим профессиям, связанным с информационными технологиями.
 В программу включены курсы по обработке и визуализации данных в Power BI, изучению оконных функций, применению SQL при проведении когортного, RFM, ABC и XYZ анализов.",Начальный уровень,False,72,3500,5.0,2,stepik,Анализ данных
206104,"IT-навык. Реляционная база данных, SQL и не только. — Stepik","⭐ Основная и самая главная цель курса - освоение навыка работы с SQL, навыка проектирования моделей данных и общего понимания возможностей реляционной базы данных",Начальный уровень,False,11,1000,,,stepik,Анализ данных
208151,Модуль SQLite3 в Python для работы с базами данных SQLite — Stepik,"Модуль SQLite3 в Python позволяет взаимодействовать с базами данных SQLite. Начать работу с модулем SQLite3 очень просто, так как он уже находится в стандартной библиотеке Python и не требует установки.",Начальный уровень,False,202,500,4.8,11,stepik,Анализ данных
208455,Модуль Psycopg2 в Python для работы с базами данных PostgreSQL — Stepik,Модуль psycopg2 в Python позволяет взаимодействовать с базами данных PostgreSQL. Чтобы начать работу с модулем psycopg2 нужно установить его из репозитория PyPi.org,Начальный уровень,False,546,500,4.8,22,stepik,Анализ данных
210097,Программа курсов: Анализ данных,"Программа курсов для начинающих аналитиков данных. Вы научитесь писать и отлаживать скрипты на Python, работать с таблицами данных, извлекать и анализировать данные из баз данных с помощью SQL. Кроме того, вы освоите методы планирования и проведения А/Б-тестов, а также анализ их результатов. Наконец, вы узнаете, как создавать информативные и визуально привлекательные графики и дашборды в Tableau для поддержки принятия решений. Курсы разработаны признанными экспертами, известными авторами Stepik.",Начальный уровень,False,174,12100,5.0,1,stepik,Анализ данных
210134,SQL для начинающих: от основ до администрирования баз данных — Stepik,"SQL для начинающих: От основ до администрирования баз данных - предназначен для начинающих разработчиков, аналитиков данных и всех, кто хочет освоить язык SQL и научиться эффективно управлять базами данных.",Средний уровень,False,1372,1299,4.5,11,stepik,Анализ данных
212043,JSON в PostgreSQL,Курс по изучению и практическому применению текстового формата обмена данными JSON (JavaScript Object Notation) в системе управления базами данных PostgreSQL.,Начальный уровень,True,29,750,3.7,3,stepik,Анализ данных
212061,XML в PostgreSQL — Stepik,Курс по изучению и практическому применению расширяемого языка разметки XML (eXtensible Markup Language) в системе управления базами данных PostgreSQL.,Начальный уровень,False,15,750,5.0,2,stepik,Анализ данных
212230,Оконные функции в PostgreSQL — Stepik,Курс по изучению и практическому применению оконных функций в системе управления базами данных PostgreSQL.,Начальный уровень,False,6,750,4.0,1,stepik,Анализ данных
212342,Массивы в PostgreSQL — Stepik,Курс по изучению и практическому применению массивов (array) в системе управления базами данных PostgreSQL.,Начальный уровень,False,5,750,,,stepik,Анализ данных
218272,Базы данных. Тестовые опросы — Stepik,"Это очень нишевый курс.
 
 Во-первых, он не про обучение, а про проверку его итогов
 
 Во-вторых, он для людей, которые уже имеют за плечами бакалаврский курс по SQL.
 
 Поэтому тут больше про внутренности, тонкости, закутки.
 И еще про NoSQL.",,False,212,,,,stepik,Анализ данных
218952,Основы PostgreSQL — Stepik,"Курс предоставляет углубленное изучение PostgreSQL — мощной реляционной базы данных с открытым исходным кодом. Участники освоят установку, настройку и управление базами данных, а также ключевые аспекты SQL, включая:
 - CRUD-операции (Создание, Чтение, Обновление, Удаление).
 - Соединения (JOIN) для работы с несколькими таблицами.
 - Операции над множествами (UNION, INTERSECT, EXCEPT).
 - Триггеры и хранимые процедуры для автоматизации процессов.
 - Оптимизацию запросов и работу с индексами.",Начальный уровень,False,119,,,,stepik,Анализ данных
219338,"SQL задачи (практикум, 50 задач, средний уровень) — Stepik","50 задач по SQL (PostgreSQL) средней сложности. Задачи в этом курсе отлично подходят для того, чтобы набить руку и получить незабываемый опыт, стать более закалённым и больше не испытывать проблем при написании SQL запросов.",Средний уровень,False,105,500,,,stepik,Анализ данных
220823,Основы работы с SQL на примере PostgreSQL — Stepik,"Курс познакомит вас с основами SQL и PostgreSQL. Вы научитесь создавать и управлять базами данных, выполнять запросы на выборку и изменение данных, работать с соединениями и подзапросами. Курс охватывает также оптимизацию запросов, индексы, транзакции и безопасность. Практические задания помогут закрепить знания. Идеален для начинающих, желающих освоить работу с реляционными базами данных.",Начальный уровень,False,23,750,5.0,1,stepik,Анализ данных
221943,"SQL задачи, практикум","Язык SQL - один из базовых языков программирования, который изучают и инженеры/аналитики данных, и бекендеры, и тестировщики.
 Но чтобы нормально проходить технические этапы собеседований - часто требуют лайв кодинг на SQL.
 Научиться это делать хорошо можно только часто практикуясь в написании SQL запросов.
 Я выгрузил базу данных Spotify: десятки тысяч исполнителей, информация о миллионах треков - и написал задачи для написания запросов к этой БД (решения тоже есть). Так же есть удобное IDE, прям в браузере",Средний уровень,False,74,700,,,stepik,Анализ данных
223248,SQL для начинающих,"Этот курс предназначен для тех, кто только начинает знакомство с SQL. Вы шаг за шагом освоите ключевые концепции работы с базами данных, научитесь строить простые и сложные запросы, извлекать, добавлять, изменять и удалять данные. Мы рассмотрим работу с таблицами, фильтрацию данных, сортировку, объединение таблиц, а также использование функций и агрегаций. Курс включает практические задания, которые помогут вам развить навыки работы с реальными данными и подготовят к реальным задачам в области аналитики и р",Начальный уровень,False,34,2250,,,stepik,Анализ данных
223302,"DE-практикум: Spark, Docker, Postgres локально у вас на ноутбуке — Stepik","Живой практикум по Data Engineering: поднимаем локальный кластер (Spark + Postgres + Jupyter), строим слои RAW/STG/CORE на реальном датасете и разбираем паттерны middle-уровня. Формат альфа-потока: небольшая группа, плотная поддержка и доработка курса по вашей обратной связи.",Средний уровень,False,4,30000,,,stepik,Анализ данных
229211,Data Engineer с нуля до junior + SQL,"Это набор курсов для погружения в IT направление ""Большие данные"" как Data Engineer. Включенный сюда дополнительный курс SQL даст такие ключевые навыки как написание сложных SQL-запросов, оптимизацию запросов, администрирование БД и углубленную работу с PostgreSQL. По окончании курса По окончании курса Вам будет предложено решить финальное задание на выбор, которое пойдет в Ваше портфолио и отразит все знания, полученные на курсе. На протяжении всего курса Вам будет доступен чат в тг.",Начальный уровень,False,40,6000,5.0,1,stepik,Анализ данных
229645,SQL и Python Engineer с нуля до junior — Stepik,"Данный набор объединяет 2 курса - SQL и Python Engineer. На курсе Python Engineer изучаются основные и углубленные конструкции языка программирования Python. Множество глав курса посвящено таким библиотекам, как Pandas, MatPlotLib, TensorFlow, Numpy. На курсе SQL такие ключевые навыки как написание сложных SQL-запросов, оптимизацию запросов, администрирование БД и углубленную работу с PostgreSQL. По окончании курса Вам будет предложено решить финальное задание на выбор, которое пойдет в Ваше портфолио.",Начальный уровень,False,39,6000,5.0,2,stepik,Анализ данных
230930,Подготовка к собедованию на позицию разработчик Oracle PL/SQL — Stepik,"Курс создан для тех, кто хочет уверенно пройти техническое собеседование на позицию Oracle PL/SQL разработчика, особенно в финтех-компаниях. Внутри — только актуальные вопросы, которые действительно встречаются на интервью, с подробными разбором ответов и пояснениями. Вы узнаете, на что обращают внимание работодатели, как грамотно презентовать свои навыки и успешно пройти практическую часть. Курс поможет структурировать знания, избавиться от пробелов и уверенно отвечать даже на сложные вопросы.",Начальный уровень,False,11,2800,4.0,1,stepik,Анализ данных
231125,PL / SQL Developer анализ и отладка кода для аналитиков — Stepik,"Курс научит анализировать и отлаживать небольшие приложения, написанные на PL/SQL. Поможет установить и настроить последнюю версию Oracle Database и IDE PL/SQL Developer, построить диаграмму объектов и написать первые тестовые функции и крипты.",Начальный уровень,False,9,2500,5.0,2,stepik,Анализ данных
232192,DDL в SQL: Определение и управление структурами баз данных — Stepik,"Курс охватывает ключевые аспекты DDL SQL, включая создание, изменение и удаление объектов реляционных баз данных, таких как таблицы, индексы и схемы. Вы изучите синтаксис команд, работу с ограничениями, ключами, триггерами, а также принципы проектирования и архитектуры баз данных для эффективного управления данными.",Средний уровень,False,25,490,5.0,3,stepik,Анализ данных
233204,JPA & Hibernate,"Изучение JPA и Hibernate на простых примерах. 
 Надоело пытаться выучить JPA и Hibernate по нескольким источникам? Тогда этот курс точно для Вас!",Средний уровень,False,452,1450,5.0,17,stepik,Анализ данных
236967,Путь джедая: Пробуждение Силы в базах данных PostgreSQL — Stepik,"Программа включает в себя несколько курсов по изучению СУБД PostgreSQL. Обучение начинается с основ языка SQL, и плавно переходит к процедурному расширению PL/pgSQL, которое позволяет создавать процедуры, функции и триггеры для автоматизации бизнес-логики и построения эффективных баз данных.",Начальный уровень,False,14,8000,5.0,1,stepik,Анализ данных
238721,Весенний онлайн-лекторий Дней компьютерных наук ФКН — Stepik,"Вы познакомитесь с ключевыми трендами и возможностями в IT, а также погрузитесь в Data Science, Data Analytics и Data Engineering, изучите инструменты и реальные задачи каждого направления.",Начальный уровень,False,31,,4.0,1,stepik,Анализ данных
243689,Основы PL/Python в СУБД PostgreSQL — Stepik,"Курс по изучению процедурного расширения PL/Python в PostgreSQL идеально подойдет тем, кто хочет создавать сложную бизнес-логику непосредственно в базе данных и повышать эффективность работы при помощи языка Python.",Средний уровень,False,9,3000,5.0,1,stepik,Анализ данных
244917,PostgreSQL — Stepik,"🗂️ Полный курс по работе с PostgreSQL — одной из самых популярных СУБД. Вы изучите SQL с нуля, познакомитесь с архитектурой PostgreSQL, научитесь писать запросы, управлять данными, выполнять администрирование, обеспечивать безопасность и оптимизировать производительность.",Начальный уровень,False,48,899,2.5,2,stepik,Анализ данных
246785,SQL-собеседование: программа подготовки от Junior до Middle — Stepik,"Быстрый апгрейд до уверенного Middle: 200+ задач от базовых запросов до окон и CTE, большие датасеты и честные проверки без «подглядывания». Учитесь решать точно и объяснять так, как ждёт интервьюер. 4–6 недель по 20–40 минут в день — и вы спокойно проходите скрининг и техсобес.",Начальный уровень,False,58,4900,,,stepik,Анализ данных
248685,Основы SQL: Управление данными в PostgreSQL 17 (курс) — Stepik,"Курс SQL с нуля: освой PostgreSQL для IT и анализа данных! 🚀  Научитесь работать с базами данных: от установки и создания таблиц до сложных запросов с JOIN, агрегатами и транзакциями. 💻 Практические уроки с примерами помогут уверенно манипулировать данными и оптимизировать запросы.  Получите востребованные навыки для карьеры в IT: аналитика, разработка и не только! 💫   Начните свой путь в IT сегодня! 🌟",Начальный уровень,False,10,200,5.0,2,stepik,Анализ данных
249037,SQL базовый курс — Stepik,"Базовый курс SQL — это введение в язык структурированных запросов, который используется для работы с базами данных.  В рамках курса вы научитесь создавать таблицы, добавлять, изменять и удалять данные, а также выполнять основные запросы для получения информации. Курс подходит для начинающих и поможет понять основы работы с реляционными базами данных.",Начальный уровень,False,26,,5.0,1,stepik,Анализ данных
249636,Тестировщик данных: изучи SQL и начни карьеру Data QA с нуля,"Data QA (тестировщик данных) — направление в IT, которое объединяет аналитику, работу с базами данных и тестирование. Этот курс позволит тебе освоить эту востребованную и не перегретую профессию с нуля до уровня Junior Data QA.",Начальный уровень,False,308,,5.0,1,stepik,Анализ данных
249783,PySpark + Python Engineer с нуля до junior — Stepik,"Если Вы изучаете тему больших данных, то знание Python и PySpark из данного набора будет для Вас обязательным. На курсе по Python глубоко рассматривается и прорабатывается весь инструментарий стека (нейросети, pandas, чат-боты, алгоритмы и сортировки, PyQt5), когда на курсе PySpark Вы изучите основы распределённых вычислений с Apache Spark, научитесь работать с RDD и DataFrame, познакомитесь с Spark SQL, оптимизацией запросов, потоковой обработкой и библиотекой машинного обучения MLlib.",Начальный уровень,False,,7990,,,stepik,Анализ данных
249784,Data Engineer с нуля до junior + PySpark — Stepik,"Это набор курсов для погружения в IT направление ""Большие данные"" как Data Engineer. Со включенным сюда дополнительным курсом PySpark Вы изучите основы распределённых вычислений с Apache Spark, научитесь работать с RDD и DataFrame, познакомитесь с Spark SQL, оптимизацией запросов, потоковой обработкой и библиотекой машинного обучения MLlib. По окончании курса По окончании курса Вам будет предложено решить финальное задание на выбор, которое пойдет в Ваше портфолио и отразит все знания, полученные на курсе.",Начальный уровень,False,5,9990,,,stepik,Анализ данных
249785,PySpark + SQL + Python Engineer с нуля до junior — Stepik,"Если Вы изучаете тему больших данных, то знание SQL, Python и PySpark из данного набора будет для Вас обязательным. На курсе по Python глубоко рассматривается весь инструментарий стека (нейросети, pandas, чат-боты, алгоритмы и сортировки, PyQt5). На курсе PySpark Вы изучите основы распределённых вычислений с Apache Spark, научитесь работать с RDD и DataFrame. На курсе SQL даст такие ключевые навыки как написание сложных SQL-запросов, оптимизацию запросов, администрирование БД и изучите с PostgreSQL.",Начальный уровень,False,2,9990,,,stepik,Анализ данных
250244,Программирование в PL/SQL ORACLE (С КУРАТОРОМ) — Stepik,"Курс обучения языку PL/SQL, внутреннему языку программирования ORACLE. На основе многолетнего опыта разработки программных продуктов, в том числе информационных систем с одновременных доступом в несколько тысяч человек, на основе значимого опыта работы с большим объемом данных и знаний проектирования и разработки высокоструктурированных баз данных мы создали этот курс. Пошаговое обучение программированию в одной из самых востребованных и мощных СУБД - ORACLE",Средний уровень,False,1,22900,,,stepik,Анализ данных
251177,SQL: пагинация (OFFSET vs Cursor) — Stepik,"Курс описывает не только базовую пагинацию по смещению, но и современную курсорную пагинацию. Также в курсе погрузитесь в нюансы, сильные и слабые стороны обеих реализаций и научитесь выбирать оптимальный способ пагинации для ваших задач. Более того, получите практические навыки написания SQL запроса с пагинацией.",Начальный уровень,False,3,600,5.0,1,stepik,Анализ данных
251200,Пакет курсов: Понятный SQL для всех + Оконные функции SQL — Stepik,Пакет из двух курсов по изучению SQL с нуля и до оконных функций. Знакомство с SQL происходит на примере работы с СУБД MySQL.,,False,18,1880,,,stepik,Анализ данных
251214,SQL-собеседование: программа от Junior до Upper-Middle — Stepik,"Полная подготовка к SQL-собеседованиям любого уровня: три курса, 250+ задач, рост сложности и проработка edge-кейсов на больших данных. От уверенного SELECT/JOIN до архитектурных CTE-пайплайнов и продвинутой аналитики. Экономите время и деньги, а главное — выходите на интервью с реальной практикой и ясной структурой ответа.",,False,30,7900,,,stepik,Анализ данных
251756,Модули и библиотеки Python для инженеров — Stepik,"Программа курсов «Модули и библиотеки Python для инженеров» создана для Data-инженеров и инженеров смежных специальностей, которые в работе регулярно сталкиваются с необходимостью написания скриптов для автоматизации процессов, обработки и визуализации данных.",Начальный уровень,False,,1200,,,stepik,Анализ данных
251856,СУБД PostgreSQL: SQL запросы. Профессиональный практикум — Stepik,"Этот практикум предназначен для тех, кто хочет научиться решать сложные задачи с нетривиальными алгоритмами. Если вы готовы погрузиться в мир SQL и выйти на новый уровень мастерства — этот курс для вас.",Средний уровень,False,4,990,,,stepik,Анализ данных
253122,Практические задачи по SQL для подготовки к собеседованиям в IT — Stepik,"-- Вместо сухой теории - готовые задачи с собеседований
 SELECT * FROM real_interview_tasks 
 WHERE company IN ('Yandex', 'Tinkoff', 'Ozon', 'VK', 'Sber');",Начальный уровень,False,1,199,5.0,1,stepik,Анализ данных
255038,Data-аналитик с нуля: Python и SQL на практике — Stepik,"Python и SQL с нуля до профи! 🚀 На курсе ты не просто изучишь синтаксис, а решишь сотни задач, разберёшь реальные кейсы и соберёшь проекты в портфолио. Всё, чтобы стать уверенным дата-аналитиком и прокачать карьеру.",Начальный уровень,False,4,11500,,,stepik,Анализ данных
255749,"SQL от А до Я: одна база, 300 задач — Stepik","Полный практический курс по SQL, около 300 задач, построенных вокруг единой базы данных, которая растёт вместе с вашими знаниями. Вы фокусируетесь на SQL, а не тратите время на изучение новых таблиц. Вы начнёте с простых SELECT и дойдёте до продвинутых аналитических запросов.  Подробная теория, наглядные примеры и сотни интерактивных заданий с автопроверкой помогут уверенно освоить SQL на практике.",Начальный уровень,False,2,1791,,,stepik,Анализ данных
256316,Подготовка к Python Backend собеседованию — Stepik,"Вы разберетесь со всеми ключевыми вопросами и практическими задачами на позицию Junior/Low Middle. В рамках специализации вас ждет уникальная база практики: 100+ задач, 200+ вопросов с детальными объяснениями, примерами кода и более 100 тестовых заданий. Вы получите опыт, который не оставит сомнений в вашей готовности к реальным проектам.",Начальный уровень,False,3,2290,,,stepik,Анализ данных
257682,Грокаем паттерны SQL-собеседований — Stepik,"Научись распознавать повторяющиеся SQL-паттерны, определять типовые структуры запросов и уверенно применять их для решения сложных SQL-вопросов на собеседованиях для ролей, связанных с данными.",Средний уровень,False,11,4500,5.0,1,stepik,Анализ данных
259327,Метрикум: расчёт и применение (SQL&Python) — Stepik,"Научитесь извлекать бизнес-инсайты из данных с помощью SQL&Python: DAU, MAU, ARPU, Retention, LTV. Практический курс.",Средний уровень,False,32,989,5.0,1,stepik,Анализ данных
260073,Java JDBC SQL с нуля для новичков и опытных — Stepik,"Курс ""Java JDBC с нуля для новичков и опытных"" представляет собой обширную программу обучения, целью которой является овладение навыками работы с JDBC (Java Database Connectivity) в языке программирования Java. Этот курс призван помочь как новичкам, так и опытным разработчикам углубить свои знания и навыки в области взаимодействия с базами данных.",Начальный уровень,False,2,1390,5.0,2,stepik,Анализ данных
260838,"Полный курс — ""От нуля до уровня Python-разработчика"" — Stepik","Пошаговый путь к профессии Python-разработчика: от базового синтаксиса и ООП до работы с базами данных и конкурентностью.
 
 В одном курсе — три направления:
 - Python: основы, структуры данных, ООП, генераторы, dataclasses.
 - PostgreSQL: SQL-запросы, связи, индексы, транзакции и оптимизация.
 - Конкурентность: потоки, процессы, asyncio и работа с GIL.
 
 Курс объединяет всё, что нужно для уверенного старта в backend-разработке.",Начальный уровень,False,,2500,,,stepik,Анализ данных
261667,Автоматизация тестирования ПО с Нуля на Python. Selenium+API+SQL — Stepik,"ДОМАШНИЕ ЗАДАНИЯ ПРОВЕРЯЮТСЯ ЛИЧНО АВТОРОМ + более 400 задач на программирование и тестов! Очень много практики! Данный курс подходит для тех, кто желает изучить программирование на Python 3, а так же освоить очень востребованную и высокооплачиваемую профессию Тестировщика-автоматизатора, используя самые популярные инструменты для тестирования Selenium и Requests! Освоите работу с базами данных и SQL-запросами через работу в Python.",Начальный уровень,False,4,7224,,,stepik,Анализ данных
263247,Программа: Разработчик C++ [ +Git +Linux +SQL ],"C++, Linux, Git, SQL — освойте ключевые технологии разработчика. Научитесь писать код, разрабатывать проекты, управлять базами данных и автоматизировать задачи в командной строке.",,True,27,2990,,,stepik,Анализ данных
263895,SQL-собеседование PRO: программа до Upper-Middle под ключ — Stepik,"Это программа подготовки к SQL-собеседованиям «под ключ»:
 3 курса (Junior → Upper-Middle), 250+ задач, PDF-пакет по теории и скринингу, симуляции собеса, разбор резюме и приоритетная поддержка.",,False,,20000,,,stepik,Анализ данных
264819,Тестирование ПО (ручное тестирование на тренировочном сайте) — Stepik,"Обучение на реальных проектах с доступом к API и БД.  Структурированная теория, 270 тестов и 100 задач на написание кода.",Начальный уровень,False,45,,,,stepik,Анализ данных
28923,Smolny Computer Science — Stepik,"В данном курсе рассматриваются темы, необходимые для успешной сдачи итоговых экзаменов по направлению Компьютерные науки и Искусственный Интеллект на факультете Свободных искусств и наук в СПбГУ",,False,580,,,,stepik,Анализ данных
53994,bpm'online development. Базовая часть (Сертификация) — Stepik,Разработка на bpm'online. Базовая часть. Необходимый минимум для сертификации у Террасофт.,,False,250,,5.0,1,stepik,Анализ данных
56217,Представление данных: основы — Stepik,"Курс представляет собой взгляд из-за кулис, показывающий как именно данные различных типов (целые и дробные числа, текстовая информация, изображения и другие) кодируются для последующего хранения и обработки в компьютере.",Средний уровень,False,1619,,5.0,9,stepik,Анализ данных
57038,HRPI Fortbildung Moocs in Stepik — Stepik,Der Kurs gibt einen Überblick über verschiedene Funktionen,,False,33,,,,stepik,Анализ данных
57897,СУБД 2019 в CS Center — Stepik,"Всякая всячина курса ""Базы Данных"" в CS Center осенью 2019 года. Вряд ли она вам интересна, если вы там не учитесь.",,False,200,,5.0,1,stepik,Анализ данных
64125,Datenbanken 2020 — Stepik,Deutscher Datenbankkurs basierend auf SQLZOO,,False,56,,,,stepik,Анализ данных
68424,Базы данных и базы знаний — Stepik,"Краткий практикум работ по работе с базой данных в СУБД MS SQL Server 2014, содержит видео уроки по созданию схемы данных, созданию базы данных, созданию и выполнению запросов в SQL.",Начальный уровень,False,674,,5.0,12,stepik,Анализ данных
74612,Системы счисления МОК ЗАПАД — Stepik,"Курс направлен на изучение темы системы счисления, алгоритмов перевода из основных систем счисления и о представлении чисел в компьютере.",,False,137,,,,stepik,Анализ данных
82217,Информатика 11 технологический — Stepik,"Информатика и ИКТ 11 класс. Технологический профиль. Темы: 1) ""Программирование"". Язык программирования C++; 2) Визуальное ООП на языке программирования C# в среде Visual Studio; 3) Базы данных. СУБД Access; 4) Подготовка к ЕГЭ.",,False,304,,,,stepik,Анализ данных
86390,Обучение работе в ФГИС Аргус-лаборатория — Stepik,"Курс предназначен для сотрудников лабораторий по карантину растений, заказчиков и просто интересующихся людей. В данном курсе рассматриваются разные аспекты работы в ФГИС Аргус-лаборатория - Единая федеральная государственная информационная система учета лабораторных исследований в области карантина растений (фитосанитарии). Автор курса эксперт по фитосанитарному контролю, технический эксперт по аккредитации Росаккредитации, автор канала https://t.me/limsaccreditation и https://vk.com/limsaccreditation",,False,52,,,,stepik,Анализ данных
92042,Социология -  информационные базы архивных данных — Stepik,"Курс, в первую  очередь,  предназначен для студентов социологов.  В  обязательной образовательной программе  предлагаемая  информация о   международных  архивах, где  аккумулируются  результаты социсследований, отсутствует. Предлагаемая   информация углубляет мировоззрение и компетенции студентов-социологов.",Средний уровень,False,350,,4.7,3,stepik,Анализ данных
93397,Основы проектирования информационных систем,"Курс посвящен краткому описанию основных этапов проектирования информационной системы. Курс является вводным и подойдет для студентов, изучающих информационные технологии. Так же, курс подойдет для написания ВКР студентам, обучающимся по направлению ""Прикладная информатика"" и ""Бизнес-информатика"".",,True,524,400,4.4,19,stepik,Анализ данных
94053,Анализ базы данных научных публикаций — Stepik,Создание и частотный анализ базы данных научных публикаций за 10 часов для выявления трендов и наиболее популярных терминов,,False,102,,4.5,4,stepik,Анализ данных
95131,Поторение 10  класс — Stepik,"Практические работы по информатике.К учебнику Полякова К.Ю.
 Базовый и углубленный курс.
 Знакомство с кодированием информации",,False,21,,,,stepik,Анализ данных
95448,"NestJS — с нуля, современный backend на TypeScript и Node JS","Полный курс по современному Backend на NodeJS, TypeScript и MongoDB с использованием лучший практик и фреймворка NestJS!",Начальный уровень,True,335,3999,4.7,9,stepik,Анализ данных
101093,Базы данных MySQL в phpMyAdmin — Stepik,"Базы данных это просто, любой разработчик как frontend так и backend должен понимать базы данных. В этом видео курсе мы будем изучать базы данных на примере системы управления базами данных phpMyAdmin",Начальный уровень,False,55,290,5.0,1,stepik,Анализ данных
101525,MongoDB Python - Изучение базы данных используя PyMongo — Stepik,,Средний уровень,False,1132,,,,stepik,Анализ данных
102471,"Базы данных, HSE, осень 2021 — Stepik",,,False,1112,,,,stepik,Анализ данных
108870,Java расширенный: курс-шпаргалка — Stepik,"Курс-шпаргалка по Java расширенный содержит описание тем, которые необходимо знать разработчику Java на среднем уровне (юниор, мидл) для понимания Enterprise концепций разработки. Минимум текста, максимум отсылок на книги и внешние источники.",,False,1026,,3.0,2,stepik,Анализ данных
114009,Digital Humanities в изучении советских миграционных процессов — Stepik,"Учебная дисциплина базируется на опыте практического изучения отечественных архивных документов, содержащих разнообразные статистические данные, которые можно подвергнуть цифровому анализу. Проект реализуется победителем Конкурса на предоставление грантов преподавателям магистратуры  благотворительной программы «Стипендиальная программа Владимира Потанина» Благотворительного фонда  Владимира Потанина.",,False,332,,,,stepik,Анализ данных
118614,Базы данных: основы проектирования и использования — Stepik,"Электронный курс дает представление об основах баз данных – базовом разделе курса информатики, знакомит с основными понятиями баз данных, организацией данных, классификациями, основами теории нормализации отношений в реляционных базах данных. Теория вопросов строится на наглядных примерах, даются многочисленные полезные советы. Теоретические вопросы подкрепляются лабораторными работами, контрольными вопросами, тестами.",Средний уровень,False,1521,,4.2,12,stepik,Анализ данных
119978,Основы проектирование баз данных,"В данном курсе даны  основные понятия реляционной модели данных, рассмотрены различные подходы к построению таких моделей, описана концептуальная модель предметной области и переход от концептуальной модели к реляционной.  Курс снабжен теоретическим материалом; примерами; содержат лабораторный практикум и контрольные работы.",Средний уровень,False,271,,3.5,2,stepik,Анализ данных
120399,ПАРАЛЛЕЛЬ ЕСЕПТЕУЛЕР  КЛАСТЕРІН HADOOP ФРЕЙМВОРК АРҚЫЛЫ БАПТАУ — Stepik,Сіз  бұл курс барысында Hadoop фреймворгының архитектурасын және Hadoop кластерінде үлкен көлемді деректерді параллель өңдеуді үйренесіз.,Начальный уровень,False,75,,,,stepik,Анализ данных
121609,Diseño de Base de Datos utilizando SQL Server — Stepik,"Este es un curso presencial de New Millenium, las actividades acá desarrolladas son complementarias al curso mencionado.",,False,39,,5.0,2,stepik,Анализ данных
123950,Лабораторный практикум в программе ERWin — Stepik,Курс содержит текстовое описание лабораторных работ в среде ERWin Data Modeler,Начальный уровень,False,54,,5.0,1,stepik,Анализ данных
123989,Информатика_9класс  — Stepik,,,False,161,,,,stepik,Анализ данных
125674,Внутреннее устройство реляционных СУБД — Stepik,,,False,37,,,,stepik,Анализ данных
128014,Bazy danych II — Stepik,Ćwiczenia laboratoryjne z przedmiotu Bazy danych II prowadzonych dla studentów II roku kierunku informatyka praktyczna w Uniwersytecie Gdańskim.,Начальный уровень,False,283,,5.0,1,stepik,Анализ данных
128260,Разработка веб-приложений на Go (GoLang),"Для разработчиков которые хотят перейти на Go (GoLang) с другого языка и уже знакомы с основами Go. Курс затрагивает самые востребованные темы, для того чтобы начать писать REST API.",Продвинутый уровень,True,464,1100,4.2,12,stepik,Анализ данных
136472,Информатика_10класс_Бином — Stepik,,,False,148,,,,stepik,Анализ данных
139205,Важное о масштабировании ИТ-инфраструктур — Stepik,"Рассуждаем о подходах к масштабированию для типовых элементов инфраструктур, облачных и не только. Обсуждаем универсальный подход к проблеме, и играем в сантехника, пропихивая нагрузку дальше по инфраструктуре.",Средний уровень,False,1,1500,,,stepik,Анализ данных
141075,SoftClub Academy Go 0.0 — Stepik,,,False,148,,,,stepik,Анализ данных
154212,Подготовка к собеседованию на Data Engineer,"Привет, будущий Дата-инженер! На этом курсе я расскажу как сделать твое резюме выделяющемся среди других кандидатов, какие навыки тебе потребуется.
 Разберем чек-лист HR из топовых компаний, по каким критериям они отбирают кандидата. 
 
 Данный курс будет пополняться материалом, а цена только расти. При этом если купить курс сейчас по низкой цене, то все обновленные материалы будут доступны уже бесплатно!",Начальный уровень,False,327,2899,4.5,8,stepik,Анализ данных
170073,"PRO C#. Профессия ""Backend разработчик"" — Stepik","Получение самой популярной профессии с полного нуля. Более 87-х часов видео и 2100 задач. Насыщенная программа с короткими видеоуроками, текстовыми конспектами и большим количеством практики. Пакет из девяти курсов.",Начальный уровень,False,226,174190,5.0,2,stepik,Анализ данных
175949,Работа с Гугл Таблицами — Stepik,"Это курс по базовым и продвинутым функциям гугл таблиц, которые могут быть полезными для всех кто работает с табличными данными в экселе или гугл таблицах.",Начальный уровень,False,114,,,,stepik,Анализ данных
176835,Моделирование процессов и систем,"Курс ""Моделирования процессов и систем"" разработан для тех, кто хочет научиться создавать модели процессов и систем с помощью различных инструментов и технологий. В течение курса, вы будете изучать основы моделирования процессов и систем, а также узнаете, как создавать модели с помощью инструментов, таких как IDEF0, IDEF3, DFD и UML.",Начальный уровень,False,1047,300,4.2,16,stepik,Анализ данных
178084,Technologie backendowe,"Zapraszamy na kurs ""Technologie Backendowe"", gdzie uczestnicy zyskają umiejętności potrzebne do projektowania i implementacji efektywnych i skalowalnych aplikacji typu REST API. Kurs został zaprojektowany z myślą o programistach znających język JavaScript, którzy chcą pogłębić swoją wiedzę w zakresie technologii backendowych, wykorzystując Node.js i MongoDB.",Начальный уровень,False,110,,,,stepik,Анализ данных
178774,☯ Программирование на Python для начинающих — Stepik,"Цель программы:
 
 ✤ Получение слушателями профессиональных компетенций в области разработки бэкенда на языке программирования Python, подготовка специалистов в области промышленной и серверной разработки;
 ✤ Получение навыков работы с базами данных, грамотному обращению с информацией и данными;
 ✤ Установка и настройка программного обеспечения: IDE, расширений и модулей;
 ✤ Разработка программ на языке программирования Python;
 ✤ Построение аналитических диаграмм и графиков;
 ✤ Работа с библиотекой Requests.",Начальный уровень,False,66,999,4.5,4,stepik,Анализ данных
179156,Введение в Системный Анализ — Stepik,"ISEd - это ресурс, помогающий новичкам осваивать ИТ направления. Наша команда постепенно будет запускать новые курсы для различных специальностей и для разного уровня подготовки. Данный стартовый курс посвящен Системному анализу. Ознакомительный курс, который поможет понять чем занимается Аналитик в своей работе и какие навыки и знания нужны для успешной работы.",Начальный уровень,False,893,500,4.5,67,stepik,Анализ данных
181659,Python + MongoDB для начинающих — Stepik,"Курс для тех, кто хочет понять, что такое MongoDB и как с ним работать в Python.  В курсе примеры с пояснениями и немного теории.",Начальный уровень,False,70,500,2.0,1,stepik,Анализ данных
181959,PostgreSQL основы — Stepik,"Добро пожаловать в курс ""Основы PostgreSQL""! Этот курс предназначен для тех, кто хочет начать свой путь в мире баз данных и освоить PostgreSQL - мощную и распространенную систему управления базами данных. В ходе этого курса вы познакомитесь с основными концепциями, навыками и практиками работы с PostgreSQL, начиная с базовых запросов и заканчивая управлением базами данных.",Начальный уровень,False,33,2000,4.0,1,stepik,Анализ данных
182175,Python + Redis для начинающих — Stepik,"Курс предназначен для тех кто хочет познакомиться с Redis. Показаны основы работы с простыми типами: строки, списки, множества и хэши.",Средний уровень,False,146,100,3.2,6,stepik,Анализ данных
182641,Fundamentals of SQL Theory — Stepik,Discover the interactive online course that will effectively immerse you in the fundamental principles of SQL theory,Начальный уровень,False,6,750,,,stepik,Анализ данных
184703,PRO C#. WPF,Написание десктоп приложений на WPF с использованием паттерна MVVM. Работа с базами данных. Работа с анимацией. Создание кастомных элементов управления,Средний уровень,True,40,34900,5.0,2,stepik,Анализ данных
187499,Loginom Community — Stepik,Электронный практикум по дисциплине «Большие данные и аналитика данных. Анализ и разработка алгоритмов на платформе Loginom Community» ориентирован на студентов всех форм обучения направления подготовки 09.03.03 Прикладная информатика профиля подготовки «Прикладная информатика (по элективным модулям)».,Начальный уровень,False,257,,,,stepik,Анализ данных
191464,Генетические алгоритмы на языке программирования Python — Stepik,"В программе представлена структура педагогического взаимодействия на формирование знаний, а также практических навыков работы, необходимых для разработки программного кода на языке программирования Python, развития в области машинного обучения и применения знаний о генетических алгоритмах для решения практических задач в области программирования, умение самостоятельно планировать свою деятельность, умение ее демонстрировать и защищать.",,False,69,,,,stepik,Анализ данных
196646,Войти в IT: Вся Необходимая База. 3 Уровня Объяснения Материала — Stepik,"Мощный концентрат курса по компьютерным технологиям, с кучей практики, без воды и тремя уровнями объяснения материала. Пройди путь от основ до написания своего сервиса с искусственным интеллектом, погружаясь в темы необходимые каждому начинающему разработчику. Объяснение параллельно на Python и Javascript. Самый доступный, самый нескучный, самый вкусный курс этого лета!",Начальный уровень,False,106,1990,3.0,1,stepik,Анализ данных
197681,Aplikacje Bazodanowe — Stepik,"Ten kurs wprowadza w świat JavaScript, Node.js, Express.js, Passport.js oraz Mongoose, kładąc nacisk na tworzenie aplikacji webowych z wykorzystaniem baz danych relacyjnych lub MongoDB. Uczestnicy nauczą się budować dynamiczne serwery i zarządzać autentykacją, zdobywając praktyczne umiejętności w projektowaniu i implementacji zaawansowanych rozwiązań webowych. Idealny dla osób z podstawową wiedzą programistyczną, chcących rozwinąć swoje kompetencje w tworzeniu aplikacji internetowych.",Начальный уровень,False,76,,5.0,2,stepik,Анализ данных
199801,Go (golang) + Gin = быстрый бекенд для заметок v2 — Stepik,"🚀 Освойте создание микросервисов на Go с нуля! Научитесь разрабатывать сервисы авторизации и управления заметками, работать с PostgreSQL, MongoDB, Redis, Docker и NGINX, а также деплоить проект на VDS. Практический курс для уверенного старта в микросервисной архитектуре!",Начальный уровень,False,134,1499,4.4,11,stepik,Анализ данных
200649,Анализ Данных с Глебом Михайловым (3 курса сразу!),В эту специализацию входит три моих курса:1) SQL для анализа данных с Глебом Михайловым 2) Data Science с Глебом Михайловым 3)А/Б-тесты с Глебом Михайловым,Начальный уровень,False,270,5970,5.0,2,stepik,Анализ данных
201642,Backend разработка,"Node.js — это среда выполнения JavaScript на backend, спроектированная для построения масштабируемых сетевых приложений. На текущий момент его используют уже не только для создания backend for frontend, но и для написания полноценных backend приложений, микросервисов и парсеров сайтов.",,False,20,20000,,,stepik,Анализ данных
201643,Fullstack разработка,"Вы сможете самостоятельно писать полноценные web приложения, сайты, интернет магазины от начала и до конца с использованием знаний как backend, так и frontend. За счёт современного стека технологий, вы получите только актуальные знаний, которые пригодятся вам в работе.",,False,29,32000,5.0,1,stepik,Анализ данных
203612,Настройка системы мониторинга SODIS Building M — Stepik,"Программное обеспечение SODIS Building M для мониторинга технического состояния зданий и сооружений. SODIS Building M позволяет собирать и хранить информацию от датчиков и оборудования, обрабатывать и анализировать данные для определения технического состояния объекта, интегрироваться с системами диспетчеризации и управления инженерным оборудованием объекта.",Продвинутый уровень,False,4,9990,,,stepik,Анализ данных
205556,Защита информации в базах данных — Stepik,"В данном учебном курсе рассматриваются основные аспекты безопасности баз данных, включая защиту данных, предотвращение несанкционированного доступа, а также обеспечение конфиденциальности и целостности данных. Для отработки практических навыков выбрана СУБД Microsoft SQL Server.  Этот курс подойдёт как студентам, так и специалистам, желающим углубить свои знания в области информационной безопасности. Он предоставит прочную основу для понимания и применения ключевых принципов в данной сфере.",Средний уровень,False,30,,,,stepik,Анализ данных
205805,"Управление автоматизации баз данных, автоматизированная система  — Stepik","В курсе будут рассмотрены основные понятия о базе данных, в курсе имеются видео и презентации для наглядного рассмотрения основных понятий баз данных. Студенты смогут не выходя из дома освоить основные понятия данной тематики, а так же проверить себя с помощью самопроверки",Начальный уровень,False,184,,4.3,6,stepik,Анализ данных
206197,Основы проектирования баз данных — Stepik,"Этот курс предназначен для студентов, желающих получить фундаментальные знания о базах данных, их структуре и использовании. В рамках курса будут рассмотрены ключевые концепции, технологии и инструменты, необходимые для эффективного управления и работы с базами данных. Участники познакомятся с теоретическими аспектами и получат практические навыки, которые можно применить в реальных проектах.",Начальный уровень,False,554,,3.7,9,stepik,Анализ данных
206417,MongoDB для начинающих: от основ до администрирования баз данных,"Курс «MongoDB для начинающих: от основ до администрирования баз данных» предоставляет все необходимые знания и навыки для работы с MongoDB, начиная от основных концепций и заканчивая продвинутыми методами администрирования баз данных.
 
 Курс включает практические задания и проекты, которые помогут вам применить полученные знания на практике.
 
 Вы сможете создать и настроить базы данных, работать с данными, оптимизировать запросы и настроить распределенные системы хранения данных.",Средний уровень,False,576,899,4.7,18,stepik,Анализ данных
210721,AppMetrica: основы — Stepik,"Модуль курса ""Аналитик мобильных приложений"". Материал модуля призван ""без воды"" объяснить и показать вам возможности AppMetrica для начинающего мобильного аналитика, объяснить основные принципы работы платформы",Начальный уровень,False,10,2490,,,stepik,Анализ данных
210937,ВИРТУАЛЬНАЯ СТАЖИРОВКА JAVA,"Практический обучающий проект по созданию Java Backend приложений.
 Дает опыт разработки коммерческих приложений равноценный стажировке или первой работе.
 Подходит для начинающий специалистов с опытом работы и без него.",Начальный уровень,False,3491,,5.0,42,stepik,Анализ данных
211518,Криптовалюта для чайников — Stepik,"В ходе обучения вы с нуля на доступном языке узнаете и внедрите на практике всё самое нужное в теме криптовалют:
 Что такое биткоин, блокчейн, зачем он нужен и как обычный человек может его использовать.",Начальный уровень,False,5,900,3.0,2,stepik,Анализ данных
212256,Введение в Data Quality (качество данных). Great Expectations. — Stepik,Введение в Data Quality (качество данных). Основы за один час. Много практики.,Начальный уровень,False,565,,5.0,12,stepik,Анализ данных
212842,"Кинопоиск на Django. Python, HTML, CSS, Bootstrap, JavaScript. — Stepik","###Покупайте курс по ссылке https://stepik.org/212842
 
 
 
 
 
 Проект ""Кинопоиск"" представляет собой веб-приложение, разработанное с использованием Django как серверной платформы, а также HTML и CSS для оформления интерфейса, и JavaScript с Bootstrap для обеспечения интерактивности и адаптивности. Приложение позволяет пользователям просматривать список фильмов и сериалов, получать информацию о каждом из них, а также использовать фильтры для поиска по жанрам и названиям.",Средний уровень,False,151,100,5.0,1,stepik,Анализ данных
213229,ClickHouse для аналитика / инженера / машинного обучения | 1337,"ClickHouse для аналитики Лучший курс по ClickHouse с элементами AI (LLM)  Вы создадите Pet Projects, где ClickHouse станет поставщиком данных для RAG, Gen BI и AI Agent.  Курс включает: практические задания из реальных проектов; подготовку к собеседованиям.  Освойте с нуля до продвинутого уровня: SQL; MergeTree; индексы; сжатие; ML-функции, интеграции с Kafka, S3, Posgres...  Если Вы хотите быть, а не казаться.  Дата Инженер | Дата Аналитик | Системный Аналитик | Бизнес Аналитик | DWH Инженер | Data Science",Начальный уровень,True,29,4969,5.0,6,stepik,Анализ данных
213775,Администрирование и технологии защиты баз данных — Stepik,"Практический online-курс по администрированию и технологиям защиты баз данных (MS SQL Server). Состоит из коротких видео-уроков, практических заданий и тестов. 
 Мы всегда на связи: задавайте вопросы, если что-то не понятно. Ответим в комментариях в течение 24 часов.",Средний уровень,False,868,,5.0,10,stepik,Анализ данных
214427,Информатика 11 класс + ЕГЭ — Stepik,Курс рассчитан на 2 года обучения по 2 пары в неделю на протяжении 9 месяцев каждый год. Это версия для второго года. Курс заточен для ЕГЭ по информатике,Средний уровень,False,39,,,,stepik,Анализ данных
214844,Профессия: Разработчик C++ (Junior),"Программа, которая поможет вам стать уверенным разработчиком на C++. Вы начнете с основ программирования на C/C++, затем освоите объектно-ориентированное программирование, структуры данных и углубитесь в управление данными с помощью Git и SQL. Курсы построены последовательно и охватывают ключевые навыки, которые требуются начинающему специалисту. Каждую тему преподают опытные эксперты, авторы популярных курсов на Stepik.",Начальный уровень,False,465,5670,5.0,3,stepik,Анализ данных
215129,"""Поколение Python"": профи + ООП + SQL + алгоритмы для начинающих — Stepik","Программа содержит четыре курса от ""Поколения Python"": курсы для профессионалов и ООП, курс по базам данных и SQL, а также курс по алгоритмам. В первой части программы рассказывается о дополнительных возможностях языка Python (даты и время, дополнительные типы коллекций, итераторы и многое другое), а также раскрывается концепция объектно-ориентированного программирования. Вторая часть программы посвящена языку структурированных запросов SQL. Третья часть программы посвящена алгоритмам и структурам данных.",Средний уровень,False,123,24900,5.0,4,stepik,Анализ данных
215653,Курс по большим данным. Летучки — Stepik,"Это курс для сдачи заданий в рамках вузовского курса.
 
 Обучение происходит в другом месте.
 
 Сдавать задания с автоматизированной проверкой может каждый",,False,55,,,,stepik,Анализ данных
216152,Базы данных для студентов Прикладной информатики — Stepik,"Цель освоения: научить студентов основам реляционных баз данных. Краткое содержание дисциплины: введение, модели данных, реляционная модель данных, проектирование БД, язык SQL.",Начальный уровень,False,57,,,,stepik,Анализ данных
220559,Как стать Поставщиком данных через СМЭВ4. Загрузка данных — Stepik,"Система межведомственного электронного взаимодействия (СМЭВ) - это главный транспорт нашей страны, необходимый для предоставления госуслуг и выполнения государственных функций. Сервис СМЭВ4 перспективный и быстро развивающийся.  Пройдя курс, вы будете понимать, как он устроен и как интегрировать с ним свою систему, чтобы загружать данные в Витрину.",Продвинутый уровень,False,178,,3.5,2,stepik,Анализ данных
221527,Мощный старт в IT: Системный аналитик с 0. От основ к практике. — Stepik,"Добро пожаловать на курс по системному анализу, разработанный специально для тех, кто хочет начать карьеру в IT-индустрии! Если вы мечтаете о том, чтобы стать востребованным специалистом, обладающим глубокими знаниями в области системного анализа сложных систем, то этот курс создан для вас.",Начальный уровень,False,2,3990,,,stepik,Анализ данных
221829,Современные технологии управления данными: базы данных — Stepik,"Учебный курс предназначен для подготовки преподавателей информатики, профессиональная деятельность которых осуществляется в образовательных организациях среднего и среднего профессионального образования.",Начальный уровень,False,108,,4.7,3,stepik,Анализ данных
222351,Многоликость оцифровки исторических источников.,Программа онлайн-курса «Многоликость оцифровки исторических источников» разработана с учетом профессионального стандарта и ориентирована на совершенствование профессиональных компетенций специалистов-историков. Курс посвящен проблемам эффективного использования информационных технологий в профессиональной деятельности историка. Основное внимание в курсе уделяется изучению теоретических и технологических особенностей компьютеризированной обработки исторических источников.,Средний уровень,False,119,,5.0,15,stepik,Анализ данных
226209,Тестировщик ПО : Подготовка к собеседованию на грейд Junior — Stepik,"Всем привет!
 
 Данный курс направлен на подготовку к прохождению собеседования на позицию ""Ручной тестировщик ПО"" уровня junior, поможет Вам узнать и разобраться в основных терминах и нюансах, нужных для знания и понимания, чтобы успешно пройти собеседование.",Начальный уровень,False,1,500,,,stepik,Анализ данных
226879,Демо курс Zabbix 6. Мониторинг IT инфраструктуры предприятия,"Этот курс демонстрирует основные возможности Zabbix и предоставляет базовые навыки для эффективной работы с системой. Несмотря на выход Zabbix 7, материал курса сохраняет свою актуальность и будет полезен еще долгие годы. Данный демо курс является частью большого курса «Zabbix 6. Мониторинг IT инфраструктуры предприятия» и предназначен для начального знакомства с системой.",Начальный уровень,False,1028,,4.6,13,stepik,Анализ данных
227757,Приложения в стиле material design на KivyMD Python+PostgreSQL — Stepik,"Курс по KivyMD (Python) познакомит вас с созданием кроссплатформенных приложений. Вы изучите основы работы с фреймворком Kivy, познакомитесь с PostgreSQL для хранения и управления данными. В рамках курса вы разработаете три проекта, которые помогут закрепить знания на практике: от создания пользовательского интерфейса до работы с базами данных. Курс подойдёт как начинающим, так и программистам, желающим расширить свои навыки.",Начальный уровень,False,4,1850,,,stepik,Анализ данных
229209,Data Engineer с нуля до junior: Полная программа — Stepik,"Это полный набор курсов для погружения в IT направление ""Большие данные"" как Data Engineer. Включенные сюда дополнительные курсы SQL, Python, PySpark и SQLAlchemy дают ключевые навыки для обработки, трансформации и загрузки данных. Они позволяют эффективно работать с БД, автоматизировать пайплайны и масштабировать обработку данных в распределённых системах. По окончании курса Вам будет предложено решить финальное задание на выбор, которое пойдет в Ваше портфолио и отразит все знания, полученные на курсе.",Начальный уровень,False,419,12000,5.0,2,stepik,Анализ данных
229210,Data Engineer с нуля до junior + Python,"Это набор курсов для погружения в IT направление ""Большие данные"" как Data Engineer. Во включенном сюда дополнительном курсе Python глубоко рассматривается и прорабатывается весь инструментарий стека (нейросети, pandas, чат-боты, алгоритмы и сортировки, PyQt5). По окончании курса По окончании курса Вам будет предложено решить финальное задание на выбор, которое пойдет в Ваше портфолио и отразит все знания, полученные на курсе. На протяжении всего курса Вам будет доступен чат в тг.",Начальный уровень,False,51,6000,,,stepik,Анализ данных
229320,Основы реляционных баз данных — Stepik,"Дорогие студенты! Мы делимся с вами курсом с Хекслета, который был создан пользователями. Обратите внимание, что курс не обновляется и предоставляется 'как есть'. В нем могут быть неточности или устаревшие данные.  На этом курсе вы изучите основы реляционных баз данных. Вы узнаете больше об архитектуре СУБД и языке SQL. В итоге вы научитесь создавать таблицы, добавлять, модифицировать и удалять данные.",,False,39,,,,stepik,Анализ данных
230082,Оптимизация производительности и безопасности в PostgreSQL — Stepik,"Курс ""Основы PostgreSQL"" предоставляет глубокие знания о системах управления базами данных на примере PostgreSQL. Участники изучат ключевые концепции, такие как создание и управление базами данных, работа с запросами, индексация и оптимизация производительности. Курс охватывает также вопросы репликации, включая настройку потоковой репликации для обеспечения высокой доступности и резервирования данных. Практические примеры и задачи помогут закрепить теоретические знания, делая обучение эффективным и увлекате",Средний уровень,False,28,,,,stepik,Анализ данных
232547,Тестирование Web: Автоматизация с нуля до middle — Stepik,"Этот курс предназначен для тестировщиков, разработчиков и всех, кто хочет освоить автоматизацию тестирования веб-приложений. Он охватывает ключевые инструменты и техники, начиная с основ и заканчивая продвинутыми методами. В ходе обучения вы изучите Python, Selenium, Pytest, работу с динамическими элементами, интеграцию тестов в CI/CD, а также подготовитесь к собеседованию на позицию автоматизатора тестирования.",Начальный уровень,False,16,499,5.0,1,stepik,Анализ данных
233341,"""Поколение Python"": профи + ООП + SQL — Stepik","Программа содержит два курса от ""Поколения Python"": курсы для профессионалов и ООП, а также курс по базам данных и SQL. В первой части программы рассказывается о дополнительных возможностях языка Python (даты и время, дополнительные типы коллекций, итераторы и многое другое), а также раскрывается концепция объектно-ориентированного программирования. Вторая часть программы посвящена языку структурированных запросов SQL. Для закрепления материала программа включает свыше 1000 задач с автоматической проверкой.",,False,37,19900,5.0,1,stepik,Анализ данных
233458,Глубокое изучение конструкции WITH (PostgreSQL) — Stepik,"Курс «Глубокое изучение конструкции WITH (CTE) в PostgreSQL» предлагает участникам возможность освоить использование Common Table Expressions (CTE) для улучшения структуры и производительности SQL-запросов. Участники узнают, как использовать CTE для упрощения сложных запросов, повышения читаемости кода и оптимизации выполнения операций с большими объемами данных. Курс охватывает основные концепции, практические примеры и методы анализа производительности запросов, включая сравнение CTE с обычными подзапроса",Средний уровень,False,29,,,,stepik,Анализ данных
233839,Języki skryptowe (ZAO UG) — Stepik,"Kompleksowy kurs Pythona – Poznaj funkcje, moduły, obiektowość, obsługę plików, wyrażenia regularne, przetwarzanie HTML, bazy danych SQL oraz testowanie aplikacji.",Средний уровень,False,51,,,,stepik,Анализ данных
234019,Стажировка Data Engineer | Летний поток 2025 — Stepik,"На этой стажировке Вас ждёт практическое погружение в обработку данных: работа с базами данных, потоковая и batch-обработка (Airflow, Kafka, Spark), настройка ETL-пайплайнов и автоматизация загрузки данных. Вы освоите Docker, Pandas, Hive, PySpark, научитесь парсингу, очистке и загрузке данных. Формат включает индивидуальные и командные задачи, имитирующие реальные проекты в сфере Big Data. Предусмотрена приоритетная и индивидуальная поддержка в рамках чата. 15 онлайн вебинаров. Продолжительность - 3.5 мес.",Средний уровень,False,57,29999,5.0,7,stepik,Анализ данных
238743,Функции в PostgreSQL — Stepik,"Этот курс предназначен для студентов и специалистов, желающих освоить концепции и применение функций в PostgreSQL. Мы рассмотрим создание, использование и оптимизацию функций, а также различные их типы и особенности.",Средний уровень,False,29,,,,stepik,Анализ данных
238964,База данных (полный курс) — Stepik,"🚀 Курс ""Базы данных"" – Стань экспертом в работе с данными!
 В современном мире данные – это ценнейший ресурс. Без баз данных не работают ни интернет-магазины, ни соцсети, ни банковские системы. 
 Хранение и обработка больших объемов информации
 Быстрый поиск и анализ данных
 Обеспечение целостности и безопасности информации",Начальный уровень,False,1,1000,5.0,1,stepik,Анализ данных
240022,Redis для начинающих — Stepik,"Практический курс для начинающих, который шаг за шагом научит работать с самым популярным NoSQL-хранилищем Redis: от установки и конфигурирования сервера до проектирования кэшей, очередей и рейтингов в реальных приложениях. Курс подойдет для тех, кто делает первые шаги в backend-разработке и хочет использовать современные инструменты ускорения своей работы.",,False,44,750,,,stepik,Анализ данных
240384,Основы ClickHouse: работа с данными в экосистеме OLAP — Stepik,"Курс посвящен освоению ClickHouse — высокопроизводительной колоночной СУБД, оптимизированной для обработки больших данных и аналитических запросов (OLAP). 
 
 Вы изучите архитектуру ClickHouse, его интеграцию в экосистему аналитических инструментов, а также научитесь эффективно решать задачи анализа данных в реальном времени.",Средний уровень,False,196,599,4.3,3,stepik,Анализ данных
240388,Django: Веб-разработка на Python с нуля — Stepik,"Изучите Django с нуля и научитесь создавать современные веб-приложения на Python! Этот курс проведет вас от основ веб-разработки и настройки окружения до работы с базами данных, формами, аутентификацией и развертывания ваших проектов. Погрузитесь в один из самых популярных и мощных веб-фреймворков Python.",Начальный уровень,False,33,,,,stepik,Анализ данных
240494,Системный анализ: Проектирование Базы Данных (SQL/NoSQL) — Stepik,"ОЧЕНЬ МНОГО РАЗНООБРАЗНЫХ ЗАДАНИЙ НА ПРАКТИКУ! Друзья, перед Вами НАИБОЛЕЕ ПОЛНЫЙ КУРС ПО ПРОЕКТИРОВАНИЮ БД, в котором Вы изучите теорию реляционных и нереляционных БД, работу с SQL БД, БД для кэширования, хранения документов с реальными кейсами и практикой типовых задач по SQL, а также с указанием примечаний и рекомендаций автора для подготовки непосредственно к собеседованиям, что прокачает ваши навыки для получения ЖЕЛАЕМОГО ГРЕЙДА.",Начальный уровень,False,4,2299,,,stepik,Анализ данных
241744,Техподдержка 2-3 линии и практический SQL — Stepik,"Освойте навыки с курсом тех. поддержки 2-3 линии! Курс с упором на практический SQL, работу с серверами, сервисами и Jira. Научитесь решать сложные инциденты, делать выгрузки данных и эффективно взаимодействовать в IT-команде. Готовьтесь к реальным задачам и повышайте свою ценность как специалиста!",Начальный уровень,False,6,4900,5.0,2,stepik,Анализ данных
242021,Введение в Data Science: от сбора данных до визуализации — Stepik,"Освойте основы Data Science — от получения и очистки данных до их анализа и визуализации. Курс познакомит вас с ключевыми инструментами и библиотеками (Pandas, NumPy, Matplotlib), поможет понять базовые принципы работы с данными и научит создавать информативные графики. Подходит для начинающих, без опыта в программировании.",,False,107,799,,,stepik,Анализ данных
242080,Работа с JSON и JSONB в PostgreSQL — Stepik,"Курс посвящен глубокому изучению работы с JSON и JSONB в PostgreSQL, включая их особенности, применение в реальных проектах, оптимизацию запросов, отказоустойчивость и масштабируемость. Участники научатся эффективно хранить и извлекать данные, использовать функции и операторы JSON, а также адаптировать архитектуру приложений для достижения лучших результатов.",,False,28,,,,stepik,Анализ данных
242188,Обработка исключение и ошибок в PostgreSQL — Stepik,"Курс посвящён освоению обработки ошибок в PostgreSQL с помощью PL/pgSQL. Вы научитесь создавать функции и процедуры с надёжной обработкой исключений, логированием ошибок и контролем транзакций. Практические задания помогут закрепить навыки управления целостностью данных, обеспечивая устойчивость и информативность приложений. Курс включает теорию, подробный разбор синтаксиса, примеры кода и тестовые задания для проверки знаний.",,False,29,,,,stepik,Анализ данных
248838,Введение в Apache Superset: первые шаги к визуализации данных,"Научитесь работать с Apache Superset — мощной BI-системой с открытым исходным кодом. Курс охватывает основы визуализации данных, создание дашбордов и подключение источников. Все примеры уникальны и не дублируются с YouTube. Подходит для начинающих и тех, кто хочет уверенно стартовать в аналитике.",Начальный уровень,True,27,2990,,,stepik,Анализ данных
249404,DataOPS + Python Engineer с нуля до junior — Stepik,"Этот набор курсов объединяет два направления — DataOps и Python-разработку. Вы начнёте с нуля и постепенно освоите как программирование на Python, так и инструменты DataOps инфраструктуры. Вы научитесь работать с Linux и Git, собирать образы в Docker, разворачивать кластеры в Kubernetes, строить потоковые системы на Hadoop и Spark, автоматизировать задачи с Ansible и Airflow, подключать облако и CI/CD. 
 Углубленное знание Python позволит Вам лучше работать с Airflow, Spark и писать сложные скрипты.",Начальный уровень,False,2,10000,,,stepik,Анализ данных
249405,DataOPS + SQL Engineer с нуля до junior — Stepik,"Данный набор объединяет два наших курса— DataOps и SQL. Вы начнёте с нуля и постепенно освоите инструменты DataOps инфраструктуры. Вы научитесь работать с Linux и Git, собирать образы в Docker, разворачивать кластеры в Kubernetes, строить потоковые системы на Hadoop и Spark, автоматизировать задачи с Ansible и Airflow, подключать облако и CI/CD. Углубленное знание SQL поможет Вам в администрировании и оптимизации баз данных, что очень важно в работе с большими данными и не только.",,False,,10000,,,stepik,Анализ данных
249406,DataOPS + Python + SQL с нуля до junior — Stepik,"Это набор из трех курсов - DataOps, Python и SQL. Вы начнёте с нуля и постепенно освоите как программирование на Python, разработку SQL архитектуры так и инструменты DataOps инфраструктуры. Вы научитесь работать с Linux и Git, собирать образы в Docker, разворачивать кластеры в Kubernetes, строить потоковые системы на Hadoop и Spark, автоматизировать задачи с Ansible и Airflow, подключать облако и CI/CD.  Более глубокое изучение Python также поможет Вам писать более сложные скрипты для автоматизации.",Начальный уровень,False,2,12000,,,stepik,Анализ данных
249407,DataOPS c нуля до middle: Полная программа,"Это полный набор из наших курсов для DataOps, который включает такие курсы как Python, SQL и SQLAlchemy. Вы начнёте с нуля и постепенно освоите как программирование на Python, разработку SQL архитектуры, инструменты DataOps инфраструктуры и SQLAlchemy. Вы научитесь работать с Linux и Git, собирать образы в Docker, разворачивать кластеры в Kubernetes, строить потоковые системы на Hadoop и Spark, автоматизировать задачи с Ansible и Airflow, подключать облако и CI/CD.",Начальный уровень,False,9,14000,,,stepik,Анализ данных
249408,SQL + SQLAlchemy с нуля до junior — Stepik,"Набор курсов создателей ""Data Engineer с нуля до junior"". На курсе вы сможете получить знания, которые позволят вам стать экспертом в работе с базами данных и SQL. Освоите SQLAlchemy для работы с базами данных в Python. Вы научитесь создавать таблицы, описывать связи между ними, писать запросы и управлять миграциями. Вы получите знания по администрированию базами данных, что очень важно для безопасного хранения данных. На курсе Вас ждет много практики и финальное задание на выбор.",,False,1,4000,,,stepik,Анализ данных
249409,Python + SQLAlchemy c нуля до junior — Stepik,"Набор курсов создателей ""Data Engineer с нуля до junior"". На курсе изучаются основные и углубленные конструкции языка программирования Python. Рассматриваются архитектура Python приложений, пишутся первые чат-боты, изучаются различные методы оптимизации приложений. Также Вы освоите SQLAlchemy для работы с базами данных в Python. Вы научитесь создавать таблицы, описывать связи между ними, писать запросы и управлять миграциями. На курсе Вас ждет много практики и финальное задание на выбор.",Начальный уровень,False,2,5000,,,stepik,Анализ данных
249709,ClickHouse | GenBI | LLM | VLM | AI | 1337,"Лучший курс по ClickHouse с применением Gen BI, LLM и VLM.
 Вы создадите Pet Project, где ClickHouse интегрируется с Grafana для GenBI и AI-решений.
 
 Data Engineer | Data Analyst | Business Analyst | System Anal | AI/ML Engineer",Начальный уровень,True,21,1969,5.0,3,stepik,Анализ данных
250054,ClickHouse | RAG | LLM | Streamlit | AI | 1337,"Лучший курс по ClickHouse с применением RAG (Retrieval Augmented Generation), LLM и Streamlit (Web UI).
 Вы создадите Pet Project, где ClickHouse интегрируется с LLM для RAG и AI-решений.
 
 Data Engineer | Data Analyst | Business Analyst | System Anal | AI/ML Engineer",Начальный уровень,True,25,1969,5.0,3,stepik,Анализ данных
250095,МЕГА-ПАК: Профессия «Аналитик данных» от А до Я,"Хочешь войти в Data Science, но не знаешь, с чего начать? В этом паке собраны лучшие курсы для полного погружения в профессию аналитика данных. Ты освоишь инструменты, научишься разбираться в данных, решать реальные задачи и с нуля дойдёшь до уверенной подготовки к собеседованиям. Всё, что нужно для старта — в одном месте. Начни путь в востребованную и высокооплачиваемую сферу уже сегодня! 🚀",Начальный уровень,False,9,4190,,,stepik,Анализ данных
251944,SQLAlchemy + PySpark — Stepik,"Набор курсов создателей ""Data Engineer с нуля до junior"". На курсах Вы сможете  получить знания, которые позволят вам улучшить навыки в работе с базами данных до уровня экспертов. Освоите SQLAlchemy для работы с базами данных в Python. Вы научитесь создавать таблицы, описывать связи между ними, писать запросы и управлять миграциями. Вы получите знания по администрированию базами данных, что очень важно для безопасного хранения данных. На курсе Вас ждет много практики и финальное задание на выбор.",Средний уровень,False,9,6500,,,stepik,Анализ данных
253004,Проектирование систем — Stepik,Данный курс поможет тебе спроектировать твою первую систему и разобрать по полочкам из чего она состоит. Также расскажет о собеседовании по архитектуре и как его проходить,Средний уровень,False,386,,4.7,9,stepik,Анализ данных
254865,"Тест Middle: Python, PostgreSQL, Redis, Git — Stepik","Этот курс предназначен для проверки и оценки знаний Python-разработчиков уровня Middle. Он поможет выявить уязвимости в знаниях, определить пробелы в темах, а также понять, что требует углубленного изучения. Курс не является экзаменом, а служит инструментом для самооценки и определения направлений для развития. Вопросы охватывают ключевые навыки, необходимые для успешного прохождения собеседований на позицию Middle Python-разработчика💬",Средний уровень,False,4,199,4.0,1,stepik,Анализ данных
257035,Информационные системы и системы баз данных,"Курс посвящен основам проектирования, реализации и поддержки баз данных. Участники изучат модели данных, бизнес-требования, практические аспекты разработки и тестирования, а также методы оптимизации и обеспечения безопасности баз данных.",,False,29,,5.0,1,stepik,Анализ данных
259019,ClickHouse. Для инженеров и аналитиков данных. Полный курс — Stepik,"Курс по ClickHouse для аналитиков и инженеров данных. Для старта достаточно уметь писать SELECT запросы. После прохождения у вас будет уровень не менее middle по ClickHouse. Много внимания в курсе уделено оптимизации запросов, устройству движков таблиц, а также работе с кластером.",Начальный уровень,False,20,6000,,,stepik,Анализ данных
259432,Стажировка Data Engineer | Весенний поток 2026 — Stepik,"На стажировке вы погрузитесь в практику Data Engineering: базы данных, потоковая и batch-обработка (Airflow, Kafka, Spark), создание ETL-пайплайнов и автоматизация загрузки данных. Вы освоите Docker, Pandas, Hive, PySpark, DBT, ELK, Grafana и Yandex Cloud, научитесь строить архитектуру DWH и DataLake. Формат — более 30 вебинаров, проектная и командная работа, поддержка менторов и финальная защита. Старт 16 марта 2026, длительность — 7,5 месяцев, проверка ДЗ до конца года.",Начальный уровень,False,2,59990,,,stepik,Анализ данных
260121,Хранилища данных в iOS | Как в BigTech это делают,"Курс по архитектуре iOS-хранилищ: репозитории, AppStorage и интеракторы для масштабируемого, безопасного и тестируемого управления данными.",Средний уровень,False,4,1800,,,stepik,Анализ данных
4316,Финансовый анализ для чайников,Основы финансового анализа на доступном языке для студентов вузов,,False,2253,,3.0,4,stepik,Анализ данных
5287,Персонализированная медицина — Stepik,Курс представляет собой знакомство с базовыми принципами генетики и ее современными возможностями в рамках персонализированной медицины,,False,5605,,4.9,41,stepik,Анализ данных
45795,AASB 2018 — Stepik,Exercícios para Algoritmos de análise de sequências biológicas (ano letivo 2018/2019),,False,63,,,,stepik,Анализ данных
48271,Программирование на Python — Stepik,"Программа состоит из четырех курсов, каждый из которых раскрывает определенную тему в Python. Сначала вы научитесь основным конструкциям языка и другим особенностям программирования на Python, далее углубитесь в объектно-ориентированное программирование. Научитесь создавать веб-сервисы и проводить анализ данных. Программа подойдет для студентов и профессионалов с начальными навыками программирования.",,False,155,50000,5.0,4,stepik,Анализ данных
50099,Практическая статистика для биохимиков — Stepik,"Адаптированный курс краткого знакомства со статистической обработкой в R для биохимиков. (проходит очно/дистанционно, здесь - конспекты занятий + домашняя работа)",,False,764,,,,stepik,Анализ данных
51632,Advanced data structure in Python (GEOG-389) — Stepik,"1. Learn to use numpy array, pandas data frame. 2. Read vector and raster data using geopandas and rasterio in Python",,False,766,,,,stepik,Анализ данных
51992,"Информация о продукции АО ""Калинов Родник"" — Stepik","Что вы знаете о воде ""Калинов Родник""? Чем различаются детская вода и взрослая? Пусть этот тест поможет вам в дальнейшей работе в нашей компании.",,False,158,,3.5,4,stepik,Анализ данных
53630,Бизнес-аналитика данных в IBM SPSS Modeler  — Stepik,"В этом курсе вы окунетесь в основы анализа данных и их визуализации. Во познакомитесь с основными инструментами, а также сможете решать актуальные кейсы и даже создать свой собственный проект.",,False,171,,,,stepik,Анализ данных
57393,Big Data для руководителей — Stepik,"Этот курс - ликбез для тех, кто хочет разобраться в теме с нуля, интересуется анализом данных и технологиями больших данных.",,False,398,950,4.4,25,stepik,Анализ данных
59874,Моделирование простых молекулярных систем методами Монте-Карло,В этом курсе рассматривается моделирование простых молекулярных систем (идеальный газ и система твердых сфер) методом Монте-Карло.,,False,37,,,,stepik,Анализ данных
66372,Surface Water Quality: management and modeling — Stepik,"The course “Surface Water Quality: management and modeling” allows to quickly introduce students to the features of modeling surface water pollution and how to prevent and eliminate it, taking into account water quality standards and the characteristics of polluting agents. The course is especially relevant for students whose professional activities are related to ensuring water quality, conducting environmental monitoring, as well as assessing the risks that arise when using water of inadequate quality.
 
 The course can be used in interdisciplinary programs and to expand the knowledge of representatives in regional administration annd in legal, medical, and engineering sectors about the role and ways of maintaining the quality of surface waters in the economy and social life of the region.
 
 The course is of interest both for areas in which there is a need to maintain high surface water quality in the absence or in low degree implementation of quality standards, and for territories that successfully maintain surface water quality but are interested in optimizing and improving the efficiency of relevant procedures.",,False,6706,,4.7,19,stepik,Анализ данных
70842,Power Query в Excel — Stepik,Часто приходится писать трехэтажные формулы или макросы для причёсывания исходных данных? Нужно собирать отчёты из нескольких десятков или даже сотен Excel-файлов и учётных систем? Power Query поможет выполнить эти задачи за пару кликов. Сделал раз и забыл.,Средний уровень,False,6,17900,1.0,1,stepik,Анализ данных
75005,Тестовое задание - Магистратура ИИТ ЧелГУ,"Тестовое задание для поступления в магистратуру Machine Learning Института информационных технологий ЧелГУ.  Тестовое задание с вопросами по программированию, математике и Data Science.",,False,91,,3.0,1,stepik,Анализ данных
83603,Статистика для гуманитариев,"В рамках освоения курса учащиеся познакомятся с основными этапами и базовыми методами статистического анализа данных, применяемыми при обработке информации и используют полученные знания для решения конкретных практических задач в гуманитарных исследованиях.",,True,3913,,3.8,5,stepik,Анализ данных
93428,PandasCourse — Stepik,"Python course. Created: Feb 19, 2021, 8:33:10 PM. By Mr Lash",,False,388,,5.0,3,stepik,Анализ данных
96511,Экология (RUS) — Stepik,"Курс «Экология» разбирает тему загрязненного воздуха на примере Алматы. В курсе вы узнаете об основных загрязнителях воздуха, методах мониторинга, нормах загрязнения и многое другое.",,False,559,,4.5,11,stepik,Анализ данных
100567,Введение в Data Science: часть 1 - программирование на Python,"Данный курс является первым из серии в специализации ""Введение в Data Science"".
 Он полностью посвящен теме изучения фундаментальных основ языка программирования Python, одного из самых распространенных и востребованных языков, особенно, в сфере анализа данных.",Начальный уровень,True,12,12000,5.0,1,stepik,Анализ данных
101319,Дашборды и отчеты с Google Data Studio / Looker. Экспресс курс,"Курс по Google Data Studio (Google Looker) предназначен для того, чтобы вы научились быстро решать задачи в области анализа и визуализации данных, начиная от данных в Google таблицах и заканчивая аналитикой рекламных кампаний и поведением пользователей в системе веб-аналитики Google Analytics.",Начальный уровень,True,100,4900,4.6,17,stepik,Анализ данных
101913,Введение в Анализ данных — Stepik,"Курс входит в учебный план специализации 010302 ""Прикладная математика и информатика"" на факультете математики и компьютерных наук ФГБОУ ВО СОГУ им.К.Л.Хетагурова. Разработан при поддержке Министерства науки и высшего образования РФ, соглашение №075-02-2021-1552.",,False,1537,,2.0,1,stepik,Анализ данных
103394,Data engineering - интенсив,Данный интенсив отлично подойдет для выпускников технических вузов и обучающих курсов по направлению Machine Learning. Интенсив будет включать теоретическую и практическую части на стыке data science и data engineering.,,False,392,,3.0,4,stepik,Анализ данных
105785,Yummy Pandas — Stepik,"Это прикольный курс, в котором мы потусуемся с базовыми инструментами анализа и обработки данных, с помощью языка программирования Python и библиотеки Pandas",Начальный уровень,False,332,590,4.7,34,stepik,Анализ данных
107116,Факторный анализ для финансистов — Stepik,"Факторный анализ абсолютных, удельных и относительных финансовых показателей с выделением эффектов цены, объема и микса",,False,104,2990,4.6,10,stepik,Анализ данных
111360,Основи програмування Py+JS — Stepik,"Про курс Ідея курсу в тому, щоб через практику на прикладі ефективної технології навчання програмуванню де основні принципи програмування розгляда.ться одразу на 3 мовах: Python та JavaScript, , що дозволяє зробити швидкий старт в програмуванні Що чекає на курсі? ·   	засвоєння принципів технології навчання програмуванню; ·   	вміння писати програми  на 2 мовах на рівні алгоритмічних структур; ·   робота з GUI основи web - програмування  створення власних проектів  Для кого цей курс:  14+ З наявністю попереднього досвіду в програмуванні на одній з цих мов 12+",,False,23,,,,stepik,Анализ данных
113401,Google-таблицы. от А до Я,Курс по Google-таблицам. от А до Я,Начальный уровень,False,97,2190,4.2,4,stepik,Анализ данных
114538,Методология научных исследований и котики — Stepik,"Курс “Методология научных исследований и котики” знакомит с основами исследовательской деятельности. В нем описан полный цикл проведения научных исследований - от постановки научной проблемы до публикации статьи. 
 
 Вы узнаете, чем отличаются научные исследования от ненаучных и познакомитесь с базовыми типами исследований и основами статистической обработки данных.",Начальный уровень,False,4,4000,1.0,1,stepik,Анализ данных
116177,Универсальные коллекции значений в 1С — Stepik,"А именно: массивы, списки значений, структуры, соответствия, фиксированные коллекции значений, таблицы, деревья.",Начальный уровень,False,6,2900,5.0,1,stepik,Анализ данных
122704,"Power Query, Pivot Tables для финансистов — Stepik","Мини-курс "" Точечные решения задач финансового анализа и бюджетирования с помощью Power Query и Pivot Tables""",Средний уровень,False,2,15000,,,stepik,Анализ данных
124602,Численные методы,,,False,141,,,,stepik,Анализ данных
125123,Основы искусственного интеллекта и анализа данных,Основан на курсе https://stepik.org/course/109539,,False,196,,5.0,2,stepik,Анализ данных
127486,Введение в Data Science: часть 2 - математика для Data Science — Stepik,"Данный курс является первым из серии в специализации ""Введение в Data Science"". Он полностью посвящен теме изучения основ математики для Data Science.",Начальный уровень,False,3,17000,,,stepik,Анализ данных
131035,Диагностика уровня владения Excel — Stepik,"Умом Россию не понять, аршином общим не измерить.  В чем уверен ""уверенный пользователь Excel""? А куда продвинулся ""продвинутый""? Наша диагностика - вариант комплексной оценки знаний и навыков в Excel, без привязки к профессии или компании. Замеряем уровень ваших Excel Skills относительно всех наиболее используемых.",Начальный уровень,False,75,1000,5.0,7,stepik,Анализ данных
133852,Кредитный анализ,"Чтобы принимать правильные решения, нужно обладать качественной информацией. Хорошо, когда эта информация представлена в наглядном виде и поддается определенной логике.",Средний уровень,True,22,34300,,,stepik,Анализ данных
134036,Финансовый анализ предприятия — Stepik,"Вы уже умеете составлять отчетность, неплохо ее понимаете и умеете анализировать с помощью стандартных подходов. Однако, финансовый анализ компании - как инструмент - имеет способность углубляться до уровня ""атомов"". Покажем и докажем, что анализировать финансовое состояние и перспективы компании можно и нужно не только посредством общеизвестных инструментов!",Средний уровень,False,6,4500,,,stepik,Анализ данных
134203,Академия трейдинга — Stepik,"Говорят, что технический анализ не работает, и трейдинг - удел отдельных счастливчиков среди множества участников рынка. На курсе показываем, что это не так!",Средний уровень,False,7,2500,3.0,1,stepik,Анализ данных
134316,Введение в финансовый учет и анализ — Stepik,"""Деньги любят счет"" - это выражение слышали многие. Но считать деньги можно по-разному, особенно когда речь идет о крупных компаниях. Чтобы делать это корректно и системно, нужно обладать знаниями и навыками работы с определенными инструментами, например, с бюджетом компании. На курсе """"Финансовый контроль"""" обучаем работе с инструментами, позволяющими вести контроль расходов и рисков. Курс подходит для аналитиков, экономистов и руководителей, которые регулярно сталкиваются с локальными бюджетами",Начальный уровень,False,8,13300,1.0,1,stepik,Анализ данных
134763,FMI Institute. Подготовка к экзамену AFM — Stepik,Обзорный урок по экзамену по финансовому моделированию (AFM) от FMI Institute. Помимо видеоурока даем доступ к подготовительным материалам от самого Института!,Средний уровень,False,1,2199,,,stepik,Анализ данных
134822,Стохастика в финансах — Stepik,"Моделирование акций, кривых процентных ставок и облигаций. Построение торгово-инвестиционных алгоритмов и расчеты рисков. Все это и многое другое - в одном модуле!",Средний уровень,False,3,7350,,,stepik,Анализ данных
134828,Корпоративные финансы — Stepik,"Емкий курс по корпоративным финансам от действующих практиков: стоимость денег во времени, оценка компаний и проектов, капитальное бюджетирование, управление инвестициями и привлечение финансирования. Обучение на основе кейсов по международным стандартам.",Начальный уровень,False,20,26250,,,stepik,Анализ данных
135314,Юнит-экономика — Stepik,"Показываем, как считать, интерпретировать и использовать бизнес-метрики для улучшения финансовых показателей компании!",Средний уровень,False,18,7350,1.0,1,stepik,Анализ данных
135413,Продвинутые навыки работы в Excel — Stepik,"Научим использовать все прикладные инструменты из функционала MS Excel, что повлияет на вашу производительность и скорость решения аналитических задач.",Средний уровень,False,14,7300,,,stepik,Анализ данных
135850,Основы аудита и бухгалтерского анализа — Stepik,Финансовый анализ - это не только про отчетность и официальные документы. Учим видеть признаки проблем заранее и с помощью разных инструментов!,Начальный уровень,False,6,7350,,,stepik,Анализ данных
138171,Process Mining: Анализ данных процессов с помощью Python,"Process Mining - современная область data science / data mining, направленная на анализ данных процессов бизнеса. После прохождения курса вы будете знать, что представляет из себя область процессной аналитики, какие существуют методы анализа процессных данных, и как их применять на практике для анализа процессов организации.",Начальный уровень,True,101,2500,4.9,8,stepik,Анализ данных
138391,Грокаем Python через разработку проекта,"У вас есть знания основ Python, но не хватает практического опыта в реализации программных систем? Не можете определиться, программирование - это ваше или нет? Тогда этот курс идеально подойдет, чтобы расставить все точки над ""И""!
 Мы реализуем систему для автоматической проверки заданий по таким предметам, как: программирование на Python (3.11), анализ данных и ML.
 В ваших руках окажется идеальная ""песочница"" для прокачивания своих hard skills, в чем дополнительно помогут реальные задачи по ее улучшению.",Средний уровень,False,52,1999,,,stepik,Анализ данных
169371,Курс по разметке данных в CVAT — Stepik,"Вас приветствует компания DataDep! Одно из наших основных направлений работы это разметка данных, поэтому мы решили поделиться знаниями в этой сфере и пригласить лучших к себе на работу.",,False,753,,3.0,2,stepik,Анализ данных
170896,Базовая аналитика — Stepik,"Курс для быстрого старта в маркетинговой аналитике. Вы освоите основы статистики и базовые инструменты: Excel, сводные таблицы, Google Analytics и Яндекс.Метрику. Узнаете, какие метрики отслеживать, как строить и визуализировать отчеты, а также грамотно проверять гипотезы экспериментами.",Начальный уровень,False,13418,,4.7,86,stepik,Анализ данных
170902,"Excel для бухгалтеров, экономистов и финансовых аналитиков — Stepik","Этот курс включает навыки и инструменты, которые необходимы для работы с финансами. Объяснения проводятся на примере финансовых и управленческих данных. Курс подойдет как НАЧИНАЮЩИМ, так и ПРОДОЛЖАЮЩИМ пользователям excel.",Начальный уровень,False,2,2950,,,stepik,Анализ данных
171986,EXCEL: быстрый старт до уверенного пользователя — Stepik,"Откройте для себя все секреты Excel, которые используют экономисты, менеджеры, финансисты и аудиторы для эффективной работы с данными. На этом курсе вы освоите самые востребованные функции и формулы, которые позволят вам уверенно справляться с 80% любых задач в Excel: визуализация данных, анализ, автоматизация процессов – всё это станет доступным и понятным. Превратите Excel в мощный инструмент, который повысит вашу продуктивность и откроет новые карьерные возможности!",Начальный уровень,False,18,1200,5.0,2,stepik,Анализ данных
174763,Flink на Scala (Java API),"Курс для тех, кто хочет познакомиться с потоковой обработкой данных и научиться обрабатывать непрерывно поступающие данные на Flink.",Средний уровень,True,40,4980,5.0,2,stepik,Анализ данных
175382,"Пакет курсов ""Data Scientist"": Python + SQL + Машинное обучение","Более 70 часов видео-лекций! 👍 Победитель Stepik Awards в номинации ""Прорыв года""! 🏆 Самые востребованные навыки Python + SQL + Machine Learning в едином пакете - для Дата Сайентистов, Аналитиков данных, Инженеров данных и всех интересующихся. Много практики + теория тоже есть! 🔥Оперативная поддержка автора!🔥 Почитайте отзывы на отдельные курсы, входящие в пакет (особенно отзывы на курс по машинному обучению), и смелее записывайтесь!",,False,2524,3900,5.0,24,stepik,Анализ данных
175964,Машинное обучение — Модуль 1 (Анализ данных),"Данный курс является первым модулем из серии моих курсов по машинному обучению (ML). В этом курсе в качестве задачи будет рассматриваться прогнозирование в футбольной аналитике. Мы сосредоточимся на сборе данных, которые будут использоваться для прогнозирования в следующих модулях. Помимо сбора данных, мы также применим некоторые техники предобработки данных.",Средний уровень,True,48,500,,,stepik,Анализ данных
176256,Data Analysis and Statistics in Ecology аnd Landscape Study — Stepik,Today everyone deals with tones of data generated by numerous sources. DASELS course will develop basic knowledge and skills necessary to process and analyse data with especial focus on landscape and environmental sciences.,,False,9009,,5.0,2,stepik,Анализ данных
176628,Летняя IT-школа — Stepik,Программа онлайн-курса разработана в соответствии с направлениями подготовки магистратуры Инженерной школы информационных технологий и робототехники Томского политехнического университета.,Средний уровень,False,705,,4.5,2,stepik,Анализ данных
178439,Анализ данных — Stepik,"для тех, кто решил разобраться в анализе данных для машинного обучения, так же для тех,  кто хочет разобраться ,  с чего начать обработку данных, для тех, у кого возникла необходимость обработки данные своей задачи или интерпретировать обработку данных для тезиса в статье или для диссертации  Курс в процессе разработки",,False,200,,,,stepik,Анализ данных
179407,Анализ временных рядов и создание дашбордов,"Данный курс посвящен изучению методов и подходов к анализу временных рядов, а также к инструментам визуализации результатов в виде дэшбордов. Курс представляет собой комбинацию анализа и разработки приложений. Данный курс предназначен для интересующихся или работающих в области анализа данных.",Начальный уровень,False,871,,3.0,4,stepik,Анализ данных
183213,Spark на Scala: Потоковая обработка — Stepik,"Курс для тех, кто хочет продолжить изучение Spark и освоить потоковую обработку данных в Spark на Scala.",Средний уровень,False,28,4679,5.0,1,stepik,Анализ данных
185365,Продуктовый аналитик — а что будет на собесе?,"Задачи и вопросы с собеседований, примеры удачных решений, типичные ошибки кандидатов — обо всём этом расскажу в своём курсе.",Средний уровень,False,151,2999,4.2,5,stepik,Анализ данных
186416,"Excel: функции для работы с текстом, датами и временем — Stepik","Незаменимые функции для работы с текстом, датами и времени в Microsoft Excel! Экономим время за счет использования формул",Средний уровень,False,4,1990,5.0,2,stepik,Анализ данных
187297,Логические функции в Excel,"Детальный разбор логических функций Microsoft Excel (ЕСЛИ, И, ИЛИ) на реальных бизнес-кейсах - незаменимые инструменты для построения финансовых моделей и сценарного планирования",Средний уровень,True,5,1990,3.0,3,stepik,Анализ данных
187506,Анализ данных с Pandas,"Этот курс предназначен для тех, кто хочет научиться эффективно работать с таблицами и данными в Python. В рамках курса вы изучите основные методы работы с таблицами, включая загрузку, фильтрацию, группировку и агрегацию данных. Вы также научитесь проводить анализ данных, создавать новые столбцы и визуализировать результаты. Курс включает в себя практические задания и проекты, которые помогут вам закрепить полученные знания и навыки.",Средний уровень,False,4484,,4.2,23,stepik,Анализ данных
188147,Магия сводных таблиц Excel — Stepik,Курс раскрывает богатые возможности Сводных таблиц в Microsoft Excel для анализа данных и подготовки презентаций,Средний уровень,False,15,2990,4.3,3,stepik,Анализ данных
188151,Визуализация данных в Excel (графики и диаграммы),"В этом курсе вы научитесь готовить качественные, емкие и стильные графики и диаграммы на основе данных в Microsoft Excel",Средний уровень,True,18,2990,5.0,2,stepik,Анализ данных
193703,Основы Python для продактов и маркетологов — Stepik,"Практический курс о том, как с помощью программирования автоматизировать свои рутинные задачи: сбор и анализ данных, рекламные рассылки, подготовка креативов, написание постов.",Начальный уровень,False,36,,,,stepik,Анализ данных
194297,Python для анализа данных — Stepik,"Сделайте первый шаг в сторону изучения основного инструмента анализа данных - Python! Все от знакомства с языком программирования с нуля, до использования его на практике.",Начальный уровень,False,1,990,,,stepik,Анализ данных
195891,Системный аналитик/System analyst. Полный курс с нуля,"Освой профессию системного аналитика с нуля! Полный курс: изучите основы анализа бизнес-процессов, разработку требований и работу с современными инструментами. Подходит для начинающих и тех, кто хочет сменить профессию. Четкая структура, актуальные материалы и поддержка экспертов помогут вам уверенно войти в IT. Начните карьеру в востребованной сфере уже сегодня!",Начальный уровень,True,92,4499,4.8,8,stepik,Анализ данных
202285,Методы анализа букмекерских коэффициентов и прогнозирование,"История беттинга отражает развитие человеческой цивилизации и наше постоянное стремление к новым формам развлечения и заработка. От древних азартных игр до современных онлайн-ставок, этот вид деятельности продолжает привлекать миллионы людей по всему миру, предлагая не только возможность заработать деньги, но и насладиться процессом предсказания исходов событий.
 Ставки во многом схожи с инвестированием. Здесь также присутствует элемент неопределенности, однако процессы быстрее, но  вероятность успеха выше.",Начальный уровень,True,32,1500,5.0,2,stepik,Анализ данных
202410,Основы no-code/low-code сервиса ApiMonster. — Stepik,"ApiMonster и no-code подход позволяет на 95% упростить некоторые популярные технически задачи при автоматизации процессов в маркетинге, аналитике и продажах.  Курс рассказывает какие есть возможности и как решать задачи.",Начальный уровень,False,162,,5.0,1,stepik,Анализ данных
204966,Алгоритмический трейдинг на Python — Stepik,"Задача курса - помочь начинающим трейдерам, инвесторам и всем, кто желает попробовать себя в автоматизированной торговле на российском фондовом рынке, сделать первые шаги, разобраться в основах биржевой торговли, построить автоматизированную торговую инфраструктуру для взаимодействия с брокером с использованием Python на примере одного из самых популярных брокеров ""Тинькофф Инвестиции"", а также сделать автономного робота для мониторинга и обработки новостей из Telegram-каналов",Начальный уровень,False,143,1590,4.3,38,stepik,Анализ данных
205748,Вводный курс по функциональности платформы GreenData,"Вводный курс по функциональности платформы предназначен для тех, кто только начинает знакомство с low-code платформой GreenData. В курсе предусмотрен как текстовый, так и видеоконтент, а также тесты для проверки усвоения материала. Курс состоит из 4 модулей, рекомендуем изучать их последовательно, а также закрепить полученные знания итоговым тестированием.",Начальный уровень,False,295,,4.9,8,stepik,Анализ данных
206832,Аналитик данных: Мониторинг и анализ продуктовых метрик — Stepik,"В ходе курса вы познакомитесь с основными понятиями и методами анализа данных, научитесь собирать, обрабатывать и интерпретировать данные, а также проводить анализ ключевых метрик, таких как Lifetime Value (LTV), Retention Rate, Conversion Rate и других. Вы изучите основы библиотек Python, таких как NumPy и Pandas, для очистки данных, анализа продуктовых метрик в SQL и построения дашбордов в Power BI.",Начальный уровень,False,56,890,4.4,10,stepik,Анализ данных
211482,Основы бизнес-анализа: Изучение BABOK понятно и с примерами — Stepik,"Этот курс является разбором настольной книги бизнес-аналитика - BABOK (v.3)
 Хочешь стать успешным бизнес-аналитиком, но пугает сложная теория? Этот курс поможет легко разобраться в основах бизнес-анализа, используя простые объяснения и примеры. Вместе мы пройдем путь от новичка до уверенного специалиста, готового к реальным задачам. Погрузись в BABOK v3 без лишнего стресса!",Начальный уровень,False,21,2600,5.0,1,stepik,Анализ данных
212627,Гуманитарные технологии в сетевых медиа,"Курс ""Гуманитарные технологии в социальных медиа"" предназначен для изучения взаимодействия гуманитарных наук и технологий в контексте современных социальных медиа. Основное внимание уделяется тому, как гуманитарные исследования помогают понять и анализировать социальные процессы, происходящие в цифровом пространстве.",,False,178,,1.0,1,stepik,Анализ данных
212997,Собеседование Аналитика — Stepik,"Этот курс призван помочь вам пройти собеседование на позицию аналитика данных с максимальной уверенностью и успешно начать свою карьеру в этой динамичной и востребованной области! На курсе вы ознакомитесь с типичными задачами и вопросами, которые могут возникнуть на собеседовании.",Начальный уровень,False,3,2000,5.0,1,stepik,Анализ данных
215987,Библиотека Polars для обработки данных — Stepik,"Этот курс познакомит вас с основами библиотеки Polars — современным, высокопроизводительным фреймворком для анализа и обработки данных на Python.  Мы настроим экземпляр, пройдём по базовому синтаксису, поработаем с открытыми датасетами, посмотрим как производить расчёты на GPU.",,False,3,2999,5.0,1,stepik,Анализ данных
216479,Системный аналитик: вход в IT с нуля. БАЗА — Stepik,"Курс ""Системный аналитик: вход в IT с нуля"" — это комплексное введение в профессию системного аналитика, которое поможет вам освоить ключевые навыки и инструменты для работы в IT.",Начальный уровень,False,35,800,4.7,3,stepik,Анализ данных
218906,Аналитика в Appmetrica (Аппметрика) от 0 до профи — Stepik,"Курс разделён на две части:
 Читатель — бесплатный блок, в котором вы освоите базовые понятия и основы аналитики. Редактор — платный блок для тех, кто хочет: интегрировать AppMetrica в приложение, анализировать данные и строить отчёты, работать с трекерами и пуш-кампаниями, проводить A/B-тестирование",Начальный уровень,False,4,900,,,stepik,Анализ данных
219323,Аналитик 1С. PRO,"Этот пакет из трех курсов поможет вам стать востребованным специалистом по аналитике в 1С и открыть новые карьерные возможности в области управления и автоматизации бизнес-процессов.  В этих курсах мы углубленно изучим такие важные инструменты как основы 1С, основы программирования, основы бизнес анализа, углубленно изучим запросы 1С и систему компоновки данных.",Начальный уровень,False,341,6900,5.0,1,stepik,Анализ данных
219647,Power BI Service: основное для бизнес-пользователей — Stepik,Курс дает быстрое освоение облачной платформы Power BI Service для использования в рабочих процессах. Этот быстрый обзорный курс позволит Вам максимально быстро ознакомиться с большинством возможностей Power BI Service как облачной среды проектирования дашбордов (панелей мониторинга) и совместной работы с ними с другими пользователями в Вашей организации.,Средний уровень,False,298,1190,5.0,3,stepik,Анализ данных
220669,Очень продвинутые навыки программирования Python — Stepik,"Этот курс ""Очень продвинутые навыки программирования Python"" создан для тех, кто хочет стать профессионалом в Python. Курс охватывает сложные темы: декораторы, многопоточность, сборку мусора, метаклассы, сетевое программирование, тестирование и профилирование. Участники научатся решать задачи любой сложности, оптимизировать код и работать с большими объемами данных, параллельно углубляя знания Python на экспертном уровне.",Продвинутый уровень,False,14,2190,5.0,1,stepik,Анализ данных
223258,Формулы и функции — Курс MS Excel для начинающих — Stepik,"Перед вами курс по формулам и функциям Excel с акцентом на практику. Вы научитесь решать реальные задачи с помощью функций и формул, получая максимум полезных навыков.",Начальный уровень,False,4,3450,5.0,1,stepik,Анализ данных
223462,"Уверенный пользователь MS Excel, Google Sheets, Google Forms — Stepik","Новинка 2025 года на Stepik. Почувствуйте себя уверенно при работе в популярных программах для обработки данных (MS Excel), при совместной работе с данными онлайн (Google Таблицы), при создании анкет на этапе сбора данных (Google Формы). Комплексный курс для подготовки профессионалов с современным набором навыков.",Начальный уровень,False,1,12000,,,stepik,Анализ данных
227601,Функция ВПР - Мини-курс MS Excel для начинающих — Stepik,"Перед вами мини-курс посвященный фунции ВПР. Этот мини-курс поможет вам научиться использовать данную функцию и понимать, в каких ситуациях этот инструмент может быть вам полезен.",Начальный уровень,False,4,170,5.0,1,stepik,Анализ данных
233467,"IT Аналитик: Основы IT-аналитики для начинающих,ввод в профессию — Stepik","Курс охватывает все ключевые аспекты работы IT-аналитика, начиная с базовых понятий и заканчивая реальной практикой. После прохождения курса вы сможете уверенно начать карьеру в IT-аналитике и применять полученные знания на практике!",Начальный уровень,False,14,350,5.0,1,stepik,Анализ данных
234189,Создание PDF с помощью Python и ReportLab — Stepik,"Приветствуем вас в мире создания PDF-документов с использованием Python и библиотеки ReportLab! Наш курс разработан для тех, кто хочет освоить мощные инструменты автоматизации PDF — от базовых навыков до продвинутых техник форматирования, разметки и визуализации.",Начальный уровень,False,47,1900,5.0,5,stepik,Анализ данных
234626,Ревенью Менеджмент: Динамическое ценообразование. Ч.2. — Stepik,"Данный модуль посвящен изучению динамического ценообразования – ключевого инструмента управления доходами. Рассматриваются математические модели прогнозирования спроса, определения оптимальных цен и сегментирования клиентов. Анализируются алгоритмы гибкой корректировки тарифов на основе исторических данных и текущего спроса. Изучается влияние ценовой дифференциации на доходность бизнеса.",Продвинутый уровень,False,8,2890,,,stepik,Анализ данных
234714,Ревенью Менеджмент. Управление доступностью тарифов. Ч.3. — Stepik,"Модуль посвящен управлению вместимостью и оптимизации загрузки ресурсов. Рассматриваются уровни управления доступностью: стратегический (сегментация и ценовая дифференциация), тактический (лимиты бронирования) и оперативный (контроль заявок). Изучаются алгоритмы прогнозирования спроса, нестинг и управление избыточным бронированием. Курс поможет повысить доходность бизнеса в сфере транспорта, гостиниц и логистики.",Продвинутый уровень,False,1,1890,,,stepik,Анализ данных
237545,Основы работы с библиотекой NumPy — Stepik,"Умение работать с библиотекой NumPy - это важный шаг для дальнейшего изучения библиотек анализа данных языка Python, а также инструментов машинного и глубокого обучения.",Начальный уровень,False,2,590,5.0,1,stepik,Анализ данных
238572,Библиотека pandas (с нуля до уверенной работы) — Stepik,"Умение работы с pandas – это важный шаг в освоении многих специальностей, связанных с наукой о данных (Data Science). Эта библиотека используется как в работе аналитиков данных, специалистов Data Science, так и при решении многих задач машинного и глубокого обучения.",Начальный уровень,False,1,1390,5.0,1,stepik,Анализ данных
239591,Введение в анализ данных и машинное обучение на Python,"Попробуйте бесплатные модули и оцените всё сами! Убедитесь, насколько это просто и эффективно, прямо сейчас! 🚀🚀🚀",Начальный уровень,True,3,1499,5.0,1,stepik,Анализ данных
245224,Основы статистики для врачей,"Курс с основами статистической обработки данных, необходимыми студентам-медикам, врачам-исследователям и специалистам смежных специальностей.  Двенадцать увлекательных лекций, в которых вы узнаете всю необходимую информацию от того, что такое p-value до того, как читать мета-анализы.  В курсе присутствует не только теория, но и демонстрация того, как выбрать метод, анализировать данные и нарисовать правильный график.  Меньше математики – больше интерпретации и визуализации  Записывайтесь на курс, я вас жду.",Начальный уровень,True,21,2000,5.0,2,stepik,Анализ данных
245727,Excel аналитика: ключевые функции для офисников  — Stepik,"ТЕКСТОВЫЙ КУРС отлично подойдет офисным сотрудникам и тем, кто только планирует устраиваться в офис. В нем собраны наглядные инструкции по использованию САМЫХ ПОПУЛЯРНЫХ И ПОЛЕЗНЫХ ФУНКЦИЙ Excel. НАУЧИТЕСЬ искать данные в больших таблицах, выполнять различные вычисления, работать с условиями и логическими операторами, а также редактировать текст прямо в таблицах. ПОЛУЧИТЕ готовый Excel-файл для практики и электронный сертификат по окончании обучения.",Начальный уровень,False,10,220,,,stepik,Анализ данных
247299,Дашборд за 60 минут: динамичный P&L в Excel — Stepik,"Создай дашборд, который работает вместо Тебя!
 За один воркшоп Ты соберёшь свой уникальный P&L-дашборд в Excel — без лишней теории и часовых поисков кнопок. Только нужные шаги, наглядные видео и готовый шаблон в подарок. Мы не просто учим — мы строим с Тобой вместе.
 На выходе: 
    * наш дашборд, 
    * Твой дашборд,
    * знания, по которым Ты создашь ещё десятки!
 Удобно, быстро, эффективно. И применимо в любой компании!",Средний уровень,False,7,599,5.0,1,stepik,Анализ данных
248196,Курс по анализу данных и визуализации в Google Colab,"Курс по анализу данных в Google Colab с нуля! 🚀  Научитесь работать с реальными данными в облачной среде. 💻 Освойте: ✅ Python для анализа данных ✅ Библиотеки NumPy, Pandas, Matplotlib, Seaborn ✅ Создание информативных визуализаций 📊 ✅ Основы машинного обучения  Практические навыки по автоматизации и совместной работе. Начните карьеру в Data Science уже сегодня! 🌟",Начальный уровень,True,9,200,5.0,1,stepik,Анализ данных
248245,Numpy + Pandas: 2 в одном — Stepik,"Освойте работу с массивами и таблицами в Python: быстрая обработка данных, аналитика, агрегации и фильтрация. Только практика — всё по делу.",Начальный уровень,False,77,599,,,stepik,Анализ данных
250734,Знакомство с онлайн-магистратурой «Аналитика больших данных»  — Stepik,"Бесплатный курс для тех, кто хочет сделать первые шаги в работе с большими данными и понять, подходит ли формат магистратуры. Уроки познакомят вас со структурой программы, требованиями и перспективами выпускников. Разберём, чему учат на магистратуре: от основ статистики и Python до машинного обучения и BI-инструментов. В конце курса вы сможете оценить свои силы и принять взвешенное решение о поступлении.",,False,46,,,,stepik,Анализ данных
252318,AI агенты в n8n: Фабрика процессов вместо рутины — Stepik,"📖 AI агенты в n8n: Фабрика процессов вместо рутины – практический курс по автоматизации задач с помощью n8n и интеграции с AI-сервисами.
 
 Вы научитесь создавать умные workflow, подключать внешние сервисы (OpenAI, Slack, Telegram, Google Sheets), автоматизировать повторяющиеся процессы, развёртывать n8n в облаке и на собственных серверах, обеспечивать безопасность и масштабируемость решений.",Средний уровень,False,155,,5.0,2,stepik,Анализ данных
252388,Google Таблицы: от массива данных до дашборда — Stepik,"ТЕКСТОВЫЙ КУРС посвящен изучению основ работы со сводными таблицами и дашбордами в Google Таблицах. Узнаете, как преобразовать массив данных в форматируемую и сводную таблицы, научитесь создавать информативные дашборды и пользоваться аналитическими функциями. Вас ждут подробные инструкции со скриншотами и гифками, а также тесты и практические задания для тренировки и закрепления знаний. По завершении обучения получите ИМЕННОЙ СЕРТИФИКАТ.",Начальный уровень,False,5,250,,,stepik,Анализ данных
252721,Пакет «Нейросети и временные ряды»,"Мечтаешь разбираться в данных глубже и применять нейросети для прогнозов? Этот пакет даст тебе всё необходимое: от изучения методов анализа временных рядов до построения собственных моделей в PyTorch. Ты научишься выявлять закономерности, работать с трендами и сезонностью, создавать предсказательные модели и понимать их математическую основу. С этим курсом ты получишь навыки, которые ценят работодатели, и сделаешь уверенный шаг в карьеру в Data Science. 🚀",Средний уровень,False,5,3490,,,stepik,Анализ данных
253506,Прикладные задачи анализа данных (с примерами на Python и R) — Stepik,"Курс познакомит вас с современными методами анализа данных на языках Python и R. Вы узнаете, как загружать, очищать и визуализировать данные, работать с библиотеками Pandas, dplyr и ggplot2, выполнять статистический анализ и кодировать категориальные признаки. Курс включает лекции, практические лабораторные и тесты для закрепления (курс расширяемый, на этапе заполнения материалами стоимость минимальна).",Начальный уровень,False,1,1000,,,stepik,Анализ данных
254051,Математическое моделирование для агроменеджера — Stepik,"Курс ""Математическое моделирование для агроменеджера"" - это мощный практический инструмент для повышения рентабельности, снижения рисков и построения современного, технологичного и конкурентоспособного агробизнеса.",Начальный уровень,False,201,,,,stepik,Анализ данных
255487,Эффективный лидер: от речи до управления — Stepik,"🎤 Хочешь выступать уверенно, управлять проектами и вдохновлять команду? В этом курсе ты прокачаешь навыки лидера: от речи и коммуникации до продакта, проектов и ИИ-инструментов. 🚀",Начальный уровень,False,,3960,,,stepik,Анализ данных
257685,Python: Data Harvesting & Cyber Defense — Stepik,"Эта специализация объединяет две критически важные компетенции современного IT-специалиста. Вы научитесь автоматизировать сбор веб-данных, преодолевая системы защиты, и применять Python для решения практических задач кибербезопасности: от анализа сетевого трафика до тестирования на проникновение. Всё это — в интерактивном формате с мгновенной проверкой кода на реальных сценариях.",Начальный уровень,False,,5950,,,stepik,Анализ данных
259387,Бизнес аналитик в IT (практика с поддержкой автора),"Практический курс по бизнес-анализу в IT: никакой теории — только реальные задачи. Вы проведёте Discovery, соберёте требования, составите BRD, SRS, Use Case, User Story, проработаете диаграммы и SQL-запросы. Формат — индивидуальная работа с автором. Идеально для входа в профессию или прокачки на практике.",Средний уровень,True,9,8415,5.0,1,stepik,Анализ данных
259983,Python. Алгоритмы фильтрации,"Узнайте, как реализовать алгоритмы фильтрации с нуля и решите оптимизационные задачи с их использованием.",Начальный уровень,False,103,,5.0,1,stepik,Анализ данных
261052,Бизнес аналитик в IT (полный курс+практика с поддержкой автора),"Программа из двух курсов: полный курс по бизнес-анализу плюс практический курс с наставничеством автора. Это цельная программа для уверенного входа в профессию. Вы освоите SQL, BPMN, API, техники работы с требованиями и документацией (BRD, SRS), основы тестирования, продуктовую и финансовую аналитику, инструменты AI. На практике проработаете Discovery, диаграммы BPMN и UML, SQL-задачи, разбор кейсов, портфолио и готовность к интервью.",Начальный уровень,False,8,9945,5.0,1,stepik,Анализ данных
262235,Тренажер: 40 задач по PySpark для собеседований,"Попробуйте бесплатные модули и оцените всё сами! Убедитесь, насколько это просто и эффективно, прямо сейчас! 🚀🚀🚀",Средний уровень,False,4,1490,5.0,1,stepik,Анализ данных
