id,sales
3000888,5.0329986
3000889,0.30356812
3000890,5.77996
3000891,244.69345
3000892,0.33371127
3000893,336.19025
3000894,13.511927
3000895,299.79874
3000896,333.00024
3000897,155.60893
3000898,150.19937
3000899,146.55266
3000900,128.00949
3000901,23.167358
3000902,1.8743625
3000903,27.695208
3000904,31.48155
3000905,1.1318204
3000906,192.88019
3000907,14.677628
3000908,41.06396
3000909,15.73057
3000910,100.032074
3000911,6.0957913
3000912,281.73022
3000913,182.84393
3000914,3.3053029
3000915,8.563752
3000916,318.50333
3000917,64.217606
3000918,238.71405
3000919,272.21274
3000920,23.738289
3000921,1.0638946
3000922,0.055987287
3000923,3.92869
3000924,316.41666
3000925,0.055987287
3000926,108.605995
3000927,3.565078
3000928,303.91336
3000929,312.7613
3000930,260.19333
3000931,30.092854
3000932,29.173534
3000933,149.00542
3000934,4.5305977
3000935,0.29715738
3000936,10.698731
3000937,18.950819
3000938,0.14088903
3000939,162.01486
3000940,3.082618
3000941,302.54184
3000942,16.321255
3000943,27.55542
3000944,0.24857557
3000945,166.58545
3000946,185.39595
3000947,0.7231734
3000948,3.4630764
3000949,140.15453
3000950,23.682142
3000951,299.87527
3000952,172.13335
3000953,1.5555363
3000954,6.966967
3000955,0.15599804
3000956,5.698436
3000957,261.3252
3000958,0.06483543
3000959,312.41656
3000960,11.830889
3000961,210.7177
3000962,343.68787
3000963,348.21484
3000964,180.39906
3000965,77.10483
3000966,137.69034
3000967,26.630264
3000968,0.7210298
3000969,25.158617
3000970,24.22749
3000971,0.17626269
3000972,351.82986
3000973,9.369251
3000974,273.55917
3000975,11.222768
3000976,44.365627
3000977,2.0313764
3000978,272.26895
3000979,324.35178
3000980,2.5335217
3000981,15.03256
3000982,271.1694
3000983,92.00847
3000984,349.8697
3000985,94.094025
3000986,7.3640437
3000987,4.694835
3000988,0.099762276
3000989,4.6502795
3000990,355.97864
3000991,0.099762276
3000992,179.90202
3000993,9.187229
3000994,343.51382
3000995,354.2847
3000996,212.15344
3000997,53.073345
3000998,34.88604
3000999,319.20267
3001000,8.170398
3001001,0.36079642
3001002,13.333726
3001003,24.246819
3001004,0.2559933
3001005,163.90428
3001006,5.835396
3001007,290.89545
3001008,11.524761
3001009,43.47685
3001010,1.2021974
3001011,152.50584
3001012,178.4812
3001013,1.2733202
3001014,5.8534226
3001015,141.87799
3001016,29.696451
3001017,351.19748
3001018,144.03734
3001019,3.05787
3001020,4.1799784
3001021,0.099762276
3001022,4.9497075
3001023,293.70026
3001024,0.099762276
3001025,118.03769
3001026,6.310586
3001027,319.083
3001028,303.31628
3001029,153.36765
3001030,40.777355
3001031,28.07906
3001032,144.202
3001033,13.4484415
3001034,0.18466403
3001035,15.702761
3001036,17.85249
3001037,0.13426243
3001038,143.35515
3001039,1.2284168
3001040,290.89545
3001041,5.980909
3001042,66.68408
3001043,1.624778
3001044,145.97209
3001045,202.35504
3001046,0.45734322
3001047,4.419568
3001048,77.267784
3001049,19.969774
3001050,276.93277
3001051,125.29759
3001052,1.2604665
3001053,3.015868
3001054,0.09803544
3001055,4.457232
3001056,333.44858
3001057,0.09803544
3001058,165.43567
3001059,8.437144
3001060,353.7143
3001061,351.73468
3001062,258.2831
3001063,36.126972
3001064,34.40134
3001065,327.62714
3001066,9.54086
3001067,0.5318433
3001068,14.566682
3001069,26.038845
3001070,0.22369818
3001071,192.99957
3001072,1.0196981
3001073,296.23538
3001074,8.6261215
3001075,31.639301
3001076,1.775941
3001077,204.43149
3001078,253.04247
3001079,1.0372766
3001080,3.8189838
3001081,72.85584
3001082,78.00293
3001083,365.13983
3001084,192.7559
3001085,3.4637158
3001086,3.3994663
3001087,0.7578851
3001088,5.27844
3001089,298.34317
3001090,0.11768119
3001091,151.12502
3001092,3.6927667
3001093,199.01198
3001094,331.10107
3001095,262.96008
3001096,86.16346
3001097,57.85045
3001098,122.38303
3001099,7.8029237
3001100,1.1351042
3001101,15.131465
3001102,24.060242
3001103,0.27391225
3001104,224.79854
3001105,7.7101545
3001106,296.1977
3001107,12.8298855
3001108,30.741873
3001109,1.7696947
3001110,129.12996
3001111,188.97327
3001112,0.7834237
3001113,4.7697744
3001114,105.30886
3001115,41.70587
3001116,345.41772
3001117,142.27516
3001118,3.8798687
3001119,3.9250436
3001120,0.16296826
3001121,4.716295
3001122,299.3756
3001123,0.033230357
3001124,142.73672
3001125,4.765121
3001126,314.01743
3001127,237.82533
3001128,142.16153
3001129,118.45251
3001130,29.489641
3001131,150.75473
3001132,4.7710395
3001133,0.38093844
3001134,12.1951275
3001135,21.08396
3001136,0.22037382
3001137,150.16118
3001138,0.056305755
3001139,305.87674
3001140,19.33075
3001141,42.02043
3001142,1.2628256
3001143,51.358276
3001144,143.08586
3001145,0.74117804
3001146,2.601089
3001147,63.64399
3001148,33.179443
3001149,343.0953
3001150,288.13104
3001151,0.89917463
3001152,7.632851
3001153,0.49861312
3001154,4.6775646
3001155,336.88583
3001156,0.03536147
3001157,312.80716
3001158,5.178142
3001159,197.31647
3001160,317.60733
3001161,344.70267
3001162,148.18828
3001163,89.41933
3001164,138.79337
3001165,13.5274725
3001166,1.1481104
3001167,23.932074
3001168,29.486113
3001169,0.210091
3001170,274.82907
3001171,0.545592
3001172,305.5233
3001173,14.340451
3001174,53.70698
3001175,3.363211
3001176,246.63264
3001177,263.68503
3001178,1.6101278
3001179,7.291851
3001180,308.97488
3001181,50.749676
3001182,350.87845
3001183,169.93466
3001184,11.450427
3001185,3.2859557
3001186,0.3792762
3001187,5.4669876
3001188,356.769
3001189,0.035566844
3001190,341.70477
3001191,7.2058754
3001192,211.84613
3001193,342.2836
3001194,183.67052
3001195,142.97742
3001196,44.338963
3001197,323.9104
3001198,10.588248
3001199,0.853038
3001200,20.137175
3001201,23.59387
3001202,0.19980489
3001203,168.94005
3001204,9.016456
3001205,216.38193
3001206,16.706228
3001207,59.715057
3001208,1.7438979
3001209,76.01755
3001210,165.49641
3001211,3.3892598
3001212,5.852166
3001213,148.91655
3001214,56.214245
3001215,335.0482
3001216,98.634796
3001217,9.920004
3001218,5.226136
3001219,0.64408314
3001220,4.781721
3001221,341.9436
3001222,0.086828396
3001223,162.60144
3001224,6.0469637
3001225,304.58646
3001226,338.073
3001227,263.09955
3001228,39.49262
3001229,36.635574
3001230,166.32158
3001231,18.297455
3001232,1.2433758
3001233,13.893769
3001234,27.250957
3001235,0.1982557
3001236,170.12038
3001237,7.0077066
3001238,294.28683
3001239,8.174397
3001240,66.773544
3001241,2.7127657
3001242,122.64326
3001243,181.84657
3001244,1.0819564
3001245,4.5201855
3001246,96.77078
3001247,23.169527
3001248,352.7461
3001249,157.26857
3001250,3.309215
3001251,5.7397146
3001252,0.062376667
3001253,8.539805
3001254,234.02678
3001255,0.062376667
3001256,362.3264
3001257,10.437086
3001258,243.29106
3001259,346.9736
3001260,228.87793
3001261,160.10165
3001262,104.81224
3001263,130.02522
3001264,33.24222
3001265,1.3100312
3001266,20.808723
3001267,42.4917
3001268,0.1880394
3001269,256.93463
3001270,19.697416
3001271,47.50334
3001272,18.164213
3001273,84.56105
3001274,8.107932
3001275,353.6881
3001276,274.96674
3001277,7.4018106
3001278,6.72539
3001279,357.2432
3001280,102.48763
3001281,201.17963
3001282,272.36777
3001283,28.379086
3001284,6.654842
3001285,0.033230357
3001286,7.0619884
3001287,350.62762
3001288,0.033230357
3001289,330.72104
3001290,6.3774414
3001291,346.94424
3001292,348.18076
3001293,350.93634
3001294,70.78526
3001295,65.05859
3001296,328.29294
3001297,10.769645
3001298,0.30475596
3001299,21.65146
3001300,22.568176
3001301,0.0677305
3001302,292.81174
3001303,2.2721772
3001304,88.17997
3001305,13.588743
3001306,56.335
3001307,1.572505
3001308,254.7255
3001309,292.3158
3001310,3.4274056
3001311,5.2565074
3001312,250.46254
3001313,57.073147
3001314,358.39575
3001315,107.002815
3001316,11.496009
3001317,8.550829
3001318,0.4524023
3001319,5.452211
3001320,348.69376
3001321,0.033230357
3001322,343.8358
3001323,5.8090982
3001324,357.83676
3001325,350.76123
3001326,267.3789
3001327,194.50224
3001328,70.0961
3001329,326.48688
3001330,14.716841
3001331,0.7471034
3001332,30.492085
3001333,33.173416
3001334,0.22037382
3001335,268.8727
3001336,3.5923166
3001337,249.7117
3001338,17.397917
3001339,91.03578
3001340,1.8459344
3001341,100.99423
3001342,241.91133
3001343,2.7760155
3001344,5.4693584
3001345,154.84381
3001346,129.83574
3001347,340.37924
3001348,290.98605
3001349,5.174009
3001350,4.1423345
3001351,0.23990025
3001352,4.493125
3001353,309.9859
3001354,0.033230357
3001355,133.65901
3001356,7.1933885
3001357,343.13632
3001358,340.27713
3001359,146.88701
3001360,38.96185
3001361,43.329308
3001362,304.76242
3001363,9.611966
3001364,0.8389567
3001365,22.22599
3001366,24.127232
3001367,0.0677305
3001368,165.73518
3001369,1.3792683
3001370,295.37045
3001371,6.2003636
3001372,81.0418
3001373,2.1129124
3001374,101.01633
3001375,151.1515
3001376,0.9642574
3001377,5.179742
3001378,106.3976
3001379,28.326477
3001380,365.12622
3001381,157.21193
3001382,2.8460052
3001383,2.0427792
3001384,0.052100766
3001385,4.1500793
3001386,310.6187
3001387,0.12902789
3001388,268.308
3001389,9.422077
3001390,302.7024
3001391,361.4055
3001392,132.58531
3001393,45.220905
3001394,59.983467
3001395,123.9658
3001396,23.930693
3001397,0.3236264
3001398,13.279891
3001399,35.591576
3001400,0.30376232
3001401,140.05429
3001402,11.81913
3001403,217.90924
3001404,15.03816
3001405,57.184723
3001406,4.4191866
3001407,313.48035
3001408,167.351
3001409,3.0057442
3001410,5.5030036
3001411,299.20074
3001412,30.322035
3001413,163.51947
3001414,288.84625
3001415,6.8137903
3001416,2.407857
3001417,0.24893196
3001418,6.1323586
3001419,356.5577
3001420,0.15776919
3001421,338.8414
3001422,14.785453
3001423,349.58224
3001424,355.26923
3001425,295.54736
3001426,237.7613
3001427,173.55136
3001428,330.15402
3001429,31.112494
3001430,0.7495241
3001431,19.39556
3001432,35.282322
3001433,0.19226937
3001434,271.19586
3001435,11.083631
3001436,53.86276
3001437,17.35091
3001438,86.85684
3001439,12.391571
3001440,347.55957
3001441,291.61224
3001442,14.699416
3001443,8.809302
3001444,296.2436
3001445,109.51503
3001446,228.79396
3001447,269.94116
3001448,21.062502
3001449,2.894921
3001450,0.09620009
3001451,5.6588526
3001452,333.1262
3001453,0.045798533
3001454,316.3273
3001455,6.489041
3001456,332.24823
3001457,275.3264
3001458,168.37206
3001459,105.74251
3001460,76.50115
3001461,308.717
3001462,19.168482
3001463,1.1030648
3001464,20.329496
3001465,26.235851
3001466,0.090790145
3001467,119.10048
3001468,0.0688739
3001469,56.991398
3001470,12.440079
3001471,179.14919
3001472,8.146437
3001473,182.83359
3001474,127.791725
3001475,4.364056
3001476,5.684992
3001477,161.00645
3001478,32.676872
3001479,342.08264
3001480,273.22504
3001481,4.1744146
3001482,4.209993
3001483,0.050508324
3001484,5.123924
3001485,328.4401
3001486,0.050508324
3001487,223.49255
3001488,5.1803684
3001489,303.58542
3001490,242.81335
3001491,102.6892
3001492,29.830698
3001493,30.801249
3001494,124.55975
3001495,11.826675
3001496,0.6208823
3001497,12.066554
3001498,17.424715
3001499,0.30216983
3001500,106.2176
3001501,0.1505108
3001502,116.63451
3001503,12.686265
3001504,35.269672
3001505,0.2340831
3001506,228.0141
3001507,143.36092
3001508,2.4487717
3001509,1.1274902
3001510,134.27396
3001511,20.96553
3001512,369.71384
3001513,268.45645
3001514,2.2203276
3001515,5.9871097
3001516,0.45847684
3001517,4.762106
3001518,317.07138
3001519,0.15033145
3001520,335.43112
3001521,13.29429
3001522,355.55963
3001523,308.97488
3001524,292.45386
3001525,234.68643
3001526,105.45672
3001527,181.18813
3001528,24.058018
3001529,2.590186
3001530,22.447348
3001531,35.443542
3001532,0.31083038
3001533,236.72119
3001534,5.261512
3001535,49.795433
3001536,17.544786
3001537,141.8491
3001538,3.5067933
3001539,284.51794
3001540,259.17847
3001541,8.828468
3001542,8.324533
3001543,334.56918
3001544,76.87047
3001545,181.25044
3001546,250.93892
3001547,14.218494
3001548,6.1903048
3001549,0.050508324
3001550,5.1721063
3001551,329.0075
3001552,0.050508324
3001553,368.2684
3001554,14.179728
3001555,344.88586
3001556,367.135
3001557,323.79666
3001558,204.76892
3001559,65.803185
3001560,130.8023
3001561,13.076176
3001562,1.0271701
3001563,29.082418
3001564,24.613207
3001565,0.7961626
3001566,275.80984
3001567,0.07358369
3001568,142.72868
3001569,8.560684
3001570,58.21942
3001571,0.8710493
3001572,202.42354
3001573,285.1929
3001574,4.253285
3001575,4.2114964
3001576,186.5219
3001577,77.947685
3001578,355.931
3001579,257.2607
3001580,3.9395142
3001581,5.499267
3001582,0.3730888
3001583,5.119894
3001584,324.5989
3001585,0.050508324
3001586,357.68213
3001587,9.8993435
3001588,333.36053
3001589,357.5809
3001590,259.54242
3001591,179.53679
3001592,59.575993
3001593,319.21942
3001594,13.766064
3001595,1.0516648
3001596,22.913969
3001597,25.787418
3001598,0.09549994
3001599,255.33304
3001600,0.07358369
3001601,152.28372
3001602,10.612951
3001603,114.604294
3001604,1.2270846
3001605,114.620895
3001606,249.01036
3001607,4.416146
3001608,4.1583686
3001609,180.62401
3001610,64.37154
3001611,355.931
3001612,266.3028
3001613,5.686357
3001614,9.576859
3001615,1.0024179
3001616,15.344452
3001617,179.80768
3001618,0.08532156
3001619,347.2497
3001620,27.169773
3001621,194.8714
3001622,354.2378
3001623,334.27103
3001624,364.23553
3001625,317.70282
3001626,299.60986
3001627,74.51427
3001628,2.49829
3001629,52.465443
3001630,53.23871
3001631,0.60449904
3001632,358.98242
3001633,32.585445
3001634,80.007576
3001635,29.488106
3001636,211.34148
3001637,25.592772
3001638,25.810596
3001639,365.61642
3001640,16.519043
3001641,20.188713
3001642,300.77414
3001643,238.31174
3001644,117.9111
3001645,284.3047
3001646,74.22566
3001647,2.7561698
3001648,0.48462585
3001649,4.75729
3001650,324.26703
3001651,0.046779346
3001652,162.93387
3001653,3.7969992
3001654,301.9915
3001655,298.18546
3001656,130.96051
3001657,115.36425
3001658,42.731823
3001659,203.40334
3001660,4.9096327
3001661,0.28794938
3001662,13.019174
3001663,19.297617
3001664,0.24441427
3001665,176.02946
3001666,0.82261884
3001667,283.64243
3001668,8.490849
3001669,51.176197
3001670,0.7223105
3001671,56.191456
3001672,113.90014
3001673,1.8069955
3001674,3.6960707
3001675,105.41714
3001676,20.03772
3001677,317.84024
3001678,263.51904
3001679,3.667935
3001680,7.1285872
3001681,0.17270993
3001682,4.7179875
3001683,316.28418
3001684,0.04297202
3001685,363.57928
3001686,8.262094
3001687,262.78287
3001688,322.48376
3001689,234.25627
3001690,255.96742
3001691,64.46584
3001692,152.65388
3001693,11.399703
3001694,0.28414208
3001695,24.652235
3001696,25.26511
3001697,0.1278738
3001698,268.7275
3001699,1.1368976
3001700,173.5837
3001701,14.714385
3001702,33.17515
3001703,1.3662313
3001704,305.49335
3001705,242.40448
3001706,3.537451
3001707,5.716905
3001708,114.107155
3001709,69.39122
3001710,355.70084
3001711,254.80238
3001712,4.663717
3001713,1.3057232
3001714,0.046779346
3001715,5.3436956
3001716,329.7822
3001717,0.046779346
3001718,124.02684
3001719,3.129219
3001720,342.21204
3001721,227.68755
3001722,125.14179
3001723,137.0705
3001724,18.722075
3001725,151.49684
3001726,1.735142
3001727,0.28794938
3001728,11.558535
3001729,22.460497
3001730,0.1316811
3001731,113.64854
3001732,0.06985472
3001733,283.64243
3001734,14.0616
3001735,56.724907
3001736,0.25325963
3001737,66.60403
3001738,120.09225
3001739,0.31227627
3001740,0.9104599
3001741,48.991978
3001742,10.42865
3001743,318.53625
3001744,269.33243
3001745,1.7135397
3001746,5.8968277
3001747,0.033230357
3001748,4.7424164
3001749,324.6687
3001750,0.033230357
3001751,225.34853
3001752,7.626198
3001753,275.98718
3001754,350.62054
3001755,190.32356
3001756,123.08915
3001757,47.573612
3001758,133.99437
3001759,3.269355
3001760,0.4343908
3001761,29.551626
3001762,24.12919
3001763,0.28489187
3001764,210.96243
3001765,0.056305755
3001766,295.41895
3001767,14.644365
3001768,48.366066
3001769,1.0062889
3001770,238.28496
3001771,244.05504
3001772,1.4180347
3001773,3.3622859
3001774,204.3794
3001775,28.96265
3001776,354.44992
3001777,276.32452
3001778,0.29052833
3001779,3.0600276
3001780,0.2534493
3001781,4.5704103
3001782,331.31693
3001783,0.046779346
3001784,335.62756
3001785,7.945446
3001786,259.8066
3001787,337.40527
3001788,232.19069
3001789,104.54258
3001790,60.553135
3001791,132.72243
3001792,6.641409
3001793,4.202318
3001794,32.123554
3001795,36.53617
3001796,0.1582066
3001797,213.13582
3001798,1.5704978
3001799,190.37494
3001800,15.132479
3001801,41.80539
3001802,2.070456
3001803,172.65068
3001804,282.92426
3001805,2.8312135
3001806,5.250999
3001807,143.7974
3001808,29.092295
3001809,336.3308
3001810,254.1144
3001811,2.4530382
3001812,3.4521222
3001813,0.044723462
3001814,5.343727
3001815,313.96527
3001816,0.044723462
3001817,123.39023
3001818,2.784946
3001819,336.5618
3001820,229.3496
3001821,113.67719
3001822,114.090836
3001823,41.05832
3001824,145.02942
3001825,5.7527375
3001826,0.49839532
3001827,11.997827
3001828,32.000732
3001829,0.20896147
3001830,117.9236
3001831,0.06779884
3001832,290.78226
3001833,14.032737
3001834,58.615612
3001835,0.6326823
3001836,177.64313
3001837,108.248955
3001838,0.73625064
3001839,1.0590155
3001840,45.394737
3001841,17.371662
3001842,358.5668
3001843,265.87442
3001844,0.9376731
3001845,4.125669
3001846,0.06314362
3001847,4.866875
3001848,272.50305
3001849,0.06314362
3001850,351.80417
3001851,8.529308
3001852,305.89505
3001853,329.32864
3001854,203.1433
3001855,118.06493
3001856,75.42634
3001857,325.67123
3001858,6.5212445
3001859,0.5249984
3001860,29.321512
3001861,18.671442
3001862,0.21937464
3001863,232.77953
3001864,0.08621897
3001865,40.708946
3001866,17.235807
3001867,78.376
3001868,0.98193276
3001869,217.67038
3001870,231.23422
3001871,2.5959225
3001872,3.023415
3001873,111.076706
3001874,45.846287
3001875,355.95258
3001876,281.75742
3001877,1.3808123
3001878,3.295418
3001879,0.08731355
3001880,8.419368
3001881,267.61334
3001882,0.08731355
3001883,312.0564
3001884,6.5778584
3001885,249.2132
3001886,289.2053
3001887,159.6673
3001888,124.10076
3001889,116.04881
3001890,140.35944
3001891,56.148666
3001892,1.2038476
3001893,32.197544
3001894,41.012146
3001895,0.52112156
3001896,245.1521
3001897,20.051071
3001898,59.76331
3001899,14.499433
3001900,116.86409
3001901,8.385921
3001902,211.5741
3001903,293.05234
3001904,11.424825
3001905,13.882322
3001906,265.14697
3001907,68.79778
3001908,207.94597
3001909,263.95596
3001910,10.657169
3001911,4.981787
3001912,0.033230357
3001913,9.176328
3001914,259.23383
3001915,0.033230357
3001916,361.20325
3001917,10.455304
3001918,166.87
3001919,355.68506
3001920,134.99847
3001921,79.08509
3001922,115.66725
3001923,136.27365
3001924,30.030558
3001925,0.9786771
3001926,38.594654
3001927,67.09116
3001928,0.0677305
3001929,287.21875
3001930,17.488064
3001931,53.20022
3001932,17.357681
3001933,90.18679
3001934,10.568242
3001935,165.62874
3001936,325.1714
3001937,6.976716
3001938,11.214425
3001939,115.29051
3001940,73.85675
3001941,179.7781
3001942,167.30676
3001943,13.152186
3001944,7.3235235
3001945,0.29982597
3001946,5.4282207
3001947,300.0912
3001948,0.056452204
3001949,251.96634
3001950,5.978472
3001951,272.37595
3001952,345.2492
3001953,195.36363
3001954,242.16753
3001955,55.906315
3001956,131.04587
3001957,26.515177
3001958,1.5808424
3001959,23.395021
3001960,23.625446
3001961,0.14135395
3001962,312.71896
3001963,5.1004553
3001964,57.685623
3001965,15.9363165
3001966,58.621136
3001967,3.4225254
3001968,149.54903
3001969,285.26883
3001970,6.321146
3001971,8.674375
3001972,204.63055
3001973,51.600185
3001974,346.89804
3001975,214.34976
3001976,11.974798
3001977,3.4906583
3001978,0.47761884
3001979,6.6951632
3001980,263.80148
3001981,0.080619626
3001982,361.23306
3001983,6.751349
3001984,313.361
3001985,347.35638
3001986,193.52805
3001987,126.70371
3001988,80.12681
3001989,133.21855
3001990,23.949923
3001991,1.5039413
3001992,14.988187
3001993,18.631401
3001994,0.1815554
3001995,240.63779
3001996,16.400913
3001997,44.57529
3001998,15.270336
3001999,86.45267
3002000,6.7228746
3002001,319.0212
3002002,249.93245
3002003,5.2581606
3002004,8.0634365
3002005,336.31717
3002006,49.027946
3002007,177.01758
3002008,267.06076
3002009,20.994352
3002010,3.1659234
3002011,0.13914964
3002012,5.058418
3002013,297.3497
3002014,0.051731046
3002015,335.65866
3002016,8.418739
3002017,264.18677
3002018,351.30807
3002019,271.0759
3002020,169.51367
3002021,56.47075
3002022,135.74733
3002023,10.879385
3002024,2.1340408
3002025,27.136562
3002026,28.550308
3002027,0.21596907
3002028,335.5898
3002029,0.07480642
3002030,285.08835
3002031,14.170897
3002032,50.57901
3002033,1.9865777
3002034,138.00551
3002035,290.68924
3002036,2.685715
3002037,8.604215
3002038,161.60413
3002039,52.763844
3002040,352.90192
3002041,272.2659
3002042,4.1275215
3002043,6.6152663
3002044,0.051731046
3002045,8.787473
3002046,325.92407
3002047,0.051731046
3002048,362.5658
3002049,9.275208
3002050,320.51743
3002051,365.39996
3002052,218.90381
3002053,125.670715
3002054,106.46091
3002055,162.1284
3002056,27.689281
3002057,1.0481422
3002058,24.786594
3002059,41.493702
3002060,0.17739381
3002061,238.4788
3002062,16.39326
3002063,38.328495
3002064,17.222523
3002065,87.727104
3002066,9.956895
3002067,189.59975
3002068,272.11166
3002069,11.701204
3002070,8.798714
3002071,191.81992
3002072,66.33802
3002073,231.92763
3002074,274.11154
3002075,5.9993997
3002076,3.2406693
3002077,0.0641723
3002078,6.2891135
3002079,275.0178
3002080,0.0641723
3002081,364.59045
3002082,8.544753
3002083,280.12054
3002084,288.41888
3002085,173.75156
3002086,126.81805
3002087,109.28368
3002088,277.27386
3002089,28.432146
3002090,0.7722198
3002091,27.160557
3002092,31.613514
3002093,0.14907403
3002094,195.5171
3002095,14.14301
3002096,49.927876
3002097,12.433322
3002098,69.19835
3002099,8.199319
3002100,242.63084
3002101,232.49481
3002102,7.823844
3002103,7.574573
3002104,226.69305
3002105,51.795086
3002106,300.20856
3002107,256.72858
3002108,12.780824
3002109,5.5275846
3002110,0.11187428
3002111,5.948438
3002112,186.27446
3002113,0.061472706
3002114,219.54414
3002115,13.816039
3002116,189.2674
3002117,271.4334
3002118,268.32883
3002119,164.9184
3002120,60.04207
3002121,133.63377
3002122,9.031213
3002123,0.18713547
3002124,18.397413
3002125,26.142921
3002126,0.15686592
3002127,250.76408
3002128,0.08454807
3002129,73.04009
3002130,16.134495
3002131,93.297104
3002132,3.4370236
3002133,194.16003
3002134,271.8341
3002135,2.833064
3002136,2.5034785
3002137,214.28821
3002138,110.62907
3002139,280.4757
3002140,257.8399
3002141,1.0882938
3002142,13.40899
3002143,0.033230357
3002144,17.448595
3002145,168.44252
3002146,0.033230357
3002147,270.65295
3002148,25.338762
3002149,150.4658
3002150,334.44812
3002151,371.961
3002152,352.8953
3002153,349.9284
3002154,344.21323
3002155,84.21311
3002156,4.2768946
3002157,96.76012
3002158,124.21737
3002159,0.2744004
3002160,364.77643
3002161,31.78574
3002162,52.725807
3002163,43.901627
3002164,276.36838
3002165,22.104689
3002166,24.838768
3002167,368.40536
3002168,31.942131
3002169,31.337126
3002170,289.75772
3002171,312.0835
3002172,102.05113
3002173,178.09898
3002174,82.53038
3002175,14.641165
3002176,0.038351037
3002177,13.749836
3002178,163.28427
3002179,0.038351037
3002180,120.98881
3002181,23.897902
3002182,183.63847
3002183,194.48857
3002184,375.22806
3002185,310.98837
3002186,276.70596
3002187,317.32013
3002188,112.63986
3002189,1.5766822
3002190,59.46517
3002191,79.46898
3002192,0.71778435
3002193,368.22473
3002194,32.169525
3002195,45.904484
3002196,28.018906
3002197,194.35886
3002198,16.921997
3002199,37.604404
3002200,370.8773
3002201,18.910421
3002202,26.280983
3002203,280.59103
3002204,254.8851
3002205,106.37059
3002206,258.30615
3002207,75.450836
3002208,9.802819
3002209,0.035566844
3002210,18.53211
3002211,118.913956
3002212,0.12672944
3002213,321.61624
3002214,12.399639
3002215,177.18483
3002216,234.02705
3002217,352.60406
3002218,115.41097
3002219,228.49371
3002220,212.56546
3002221,40.754032
3002222,3.0407588
3002223,43.375637
3002224,30.42099
3002225,0.39264748
3002226,367.5353
3002227,26.399109
3002228,50.580025
3002229,19.378391
3002230,111.08449
3002231,9.362148
3002232,171.91751
3002233,342.34387
3002234,20.037472
3002235,39.024326
3002236,317.12445
3002237,125.58471
3002238,154.75433
3002239,206.66312
3002240,38.3066
3002241,14.181572
3002242,0.035566844
3002243,20.60729
3002244,120.15022
3002245,0.046058323
3002246,327.9091
3002247,17.901098
3002248,152.22983
3002249,335.43738
3002250,349.4301
3002251,324.21667
3002252,232.76617
3002253,222.59705
3002254,50.343636
3002255,1.831492
3002256,70.62177
3002257,71.738716
3002258,0.82318586
3002259,306.5489
3002260,39.022858
3002261,48.6176
3002262,34.29329
3002263,179.99925
3002264,12.238628
3002265,17.780148
3002266,378.6602
3002267,19.697105
3002268,26.780205
3002269,336.00824
3002270,228.01689
3002271,115.271355
3002272,283.09982
3002273,59.915527
3002274,10.098944
3002275,0.035566844
3002276,19.3918
3002277,117.15607
3002278,0.035566844
3002279,361.12842
3002280,16.720469
3002281,169.45383
3002282,337.4585
3002283,368.0202
3002284,92.71368
3002285,173.87645
3002286,207.23238
3002287,35.309566
3002288,0.49742174
3002289,30.7887
3002290,68.86769
3002291,0.27673694
3002292,361.9632
3002293,31.85483
3002294,74.805145
3002295,16.621645
3002296,120.25747
3002297,5.515233
3002298,265.05304
3002299,356.37375
3002300,14.327036
3002301,24.861868
3002302,320.0961
3002303,87.14665
3002304,201.40797
3002305,251.47382
3002306,19.301394
3002307,10.299491
3002308,0.038351037
3002309,12.258423
3002310,161.1695
3002311,0.038351037
3002312,304.94528
3002313,22.824162
3002314,138.65755
3002315,335.0471
3002316,355.4308
3002317,367.9471
3002318,314.826
3002319,316.4521
3002320,63.623383
3002321,1.6951058
3002322,45.02616
3002323,69.35668
3002324,0.41867065
3002325,365.00656
3002326,12.458683
3002327,41.07794
3002328,18.295965
3002329,223.71957
3002330,16.356155
3002331,320.87924
3002332,365.2781
3002333,16.706001
3002334,27.482225
3002335,256.53882
3002336,223.62074
3002337,119.31363
3002338,230.38689
3002339,76.3571
3002340,5.0403905
3002341,0.3880381
3002342,7.5409336
3002343,300.90436
3002344,0.08532156
3002345,348.96042
3002346,20.898188
3002347,274.18015
3002348,328.54257
3002349,219.29622
3002350,79.2487
3002351,80.27847
3002352,149.03629
3002353,34.7271
3002354,1.0993476
3002355,27.259409
3002356,26.501823
3002357,0.3369831
3002358,199.78635
3002359,11.941189
3002360,129.20755
3002361,15.298876
3002362,61.17243
3002363,6.5564847
3002364,243.37236
3002365,253.6548
3002366,2.8819294
3002367,6.350083
3002368,223.67378
3002369,52.86183
3002370,222.51053
3002371,283.16663
3002372,8.312363
3002373,8.849647
3002374,0.06605901
3002375,13.937792
3002376,165.13058
3002377,0.06605901
3002378,368.4835
3002379,28.05525
3002380,164.87932
3002381,344.5092
3002382,353.14035
3002383,93.24667
3002384,141.38803
3002385,183.63295
3002386,85.67271
3002387,1.3645622
3002388,51.810234
3002389,38.742165
3002390,0.19172175
3002391,343.90372
3002392,17.656796
3002393,108.64211
3002394,17.849665
3002395,131.63977
3002396,7.6391673
3002397,350.65253
3002398,362.5408
3002399,11.346039
3002400,20.694128
3002401,345.53967
3002402,76.16578
3002403,187.1617
3002404,231.6161
3002405,15.939308
3002406,6.409939
3002407,0.07765098
3002408,7.884643
3002409,232.57521
3002410,0.08814246
3002411,177.14935
3002412,8.67291
3002413,198.0944
3002414,329.83997
3002415,273.91055
3002416,343.6454
3002417,234.53708
3002418,234.41042
3002419,46.029903
3002420,1.9324281
3002421,30.499186
3002422,45.433647
3002423,0.5114589
3002424,338.0979
3002425,3.216825
3002426,64.00533
3002427,15.04851
3002428,140.85367
3002429,9.588174
3002430,224.85287
3002431,300.58047
3002432,17.859524
3002433,9.055076
3002434,239.44135
3002435,124.481895
3002436,108.17772
3002437,245.64777
3002438,45.030983
3002439,9.845223
3002440,0.040916137
3002441,9.815336
3002442,318.20953
3002443,0.040916137
3002444,313.86258
3002445,10.868744
3002446,316.08368
3002447,319.77417
3002448,332.70325
3002449,229.26335
3002450,277.84393
3002451,303.79007
3002452,42.655533
3002453,2.910866
3002454,48.62684
3002455,52.054977
3002456,0.2820862
3002457,344.67688
3002458,7.1789427
3002459,75.18449
3002460,13.530301
3002461,206.03865
3002462,9.010938
3002463,360.64148
3002464,316.89212
3002465,12.422699
3002466,23.06705
3002467,329.8182
3002468,120.20696
3002469,324.58453
3002470,170.87024
3002471,6.9983616
3002472,7.8425694
3002473,0.04452137
3002474,5.853668
3002475,259.48468
3002476,0.04452137
3002477,360.12625
3002478,7.1321154
3002479,259.09546
3002480,348.54437
3002481,242.56142
3002482,84.32915
3002483,103.72884
3002484,234.11803
3002485,13.706422
3002486,1.7407768
3002487,27.175488
3002488,32.088924
3002489,0.1294231
3002490,218.79411
3002491,5.378588
3002492,54.401142
3002493,16.148678
3002494,110.338974
3002495,3.635376
3002496,256.87222
3002497,242.82321
3002498,4.4016237
3002499,5.434791
3002500,170.0695
3002501,69.45799
3002502,242.84459
3002503,268.5549
3002504,3.370408
3002505,5.49468
3002506,0.035286233
3002507,4.95262
3002508,287.25916
3002509,0.035286233
3002510,216.16579
3002511,4.1723814
3002512,276.7582
3002513,299.08127
3002514,209.41939
3002515,53.49304
3002516,28.088158
3002517,128.54704
3002518,9.319609
3002519,0.8743863
3002520,25.368137
3002521,19.311274
3002522,0.12018801
3002523,214.41782
3002524,0.05836164
3002525,270.24207
3002526,9.940576
3002527,46.323086
3002528,0.90109324
3002529,48.990387
3002530,179.23239
3002531,0.1549203
3002532,1.933769
3002533,51.571682
3002534,81.59299
3002535,318.02063
3002536,251.83078
3002537,2.4928398
3002538,6.004309
3002539,0.072868146
3002540,7.9500175
3002541,252.6051
3002542,0.062376667
3002543,363.96634
3002544,11.954403
3002545,234.46706
3002546,303.02264
3002547,317.239
3002548,167.62978
3002549,135.75868
3002550,156.3623
3002551,29.233027
3002552,1.0741469
3002553,25.74129
3002554,55.656696
3002555,0.096876785
3002556,295.72592
3002557,21.348326
3002558,44.72172
3002559,17.896132
3002560,100.21539
3002561,6.0017095
3002562,355.78833
3002563,311.22412
3002564,7.8386326
3002565,13.652342
3002566,355.4032
3002567,86.42728
3002568,105.947334
3002569,279.59625
3002570,31.858664
3002571,4.990895
3002572,0.15526403
3002573,7.0503383
3002574,231.98552
3002575,0.18178953
3002576,336.30258
3002577,16.196999
3002578,178.81883
3002579,264.82913
3002580,202.21323
3002581,283.69904
3002582,212.67882
3002583,174.30655
3002584,36.97328
3002585,2.5872483
3002586,29.160093
3002587,43.95063
3002588,0.70710874
3002589,258.17972
3002590,12.207291
3002591,60.758575
3002592,16.25359
3002593,167.42203
3002594,11.064895
3002595,354.83295
3002596,273.42075
3002597,6.2990685
3002598,11.814133
3002599,250.95914
3002600,132.79884
3002601,115.6352
3002602,261.20065
3002603,41.137978
3002604,4.459867
3002605,0.5775897
3002606,11.475288
3002607,200.48048
3002608,0.0536508
3002609,318.7272
3002610,17.14188
3002611,175.35695
3002612,350.88412
3002613,283.49402
3002614,297.97827
3002615,160.68373
3002616,174.05774
3002617,35.407555
3002618,3.4289012
3002619,35.77965
3002620,67.19422
3002621,0.08815096
3002622,335.42816
3002623,26.454273
3002624,45.39178
3002625,26.415943
3002626,142.23308
3002627,17.046492
3002628,355.58978
3002629,322.15106
3002630,15.380935
3002631,16.329481
3002632,252.86252
3002633,146.95839
3002634,234.12775
3002635,272.6424
3002636,34.212883
3002637,10.889608
3002638,0.4529587
3002639,9.1865635
3002640,248.13054
3002641,0.0536508
3002642,361.02347
3002643,12.716572
3002644,195.71214
3002645,355.1956
3002646,355.2024
3002647,174.23555
3002648,94.24609
3002649,150.71541
3002650,9.550736
3002651,0.999721
3002652,42.628334
3002653,42.82921
3002654,0.08815096
3002655,345.87033
3002656,9.960065
3002657,178.44386
3002658,16.34401
3002659,59.951115
3002660,3.076085
3002661,327.30948
3002662,350.4267
3002663,6.7923675
3002664,6.8544817
3002665,326.08762
3002666,87.53483
3002667,353.75952
3002668,171.3391
3002669,13.027572
3002670,4.9370217
3002671,0.32071957
3002672,4.12497
3002673,208.04858
3002674,0.3508627
3002675,320.39426
3002676,14.276076
3002677,251.92464
3002678,328.74277
3002679,120.55971
3002680,123.45197
3002681,118.40148
3002682,116.73987
3002683,22.81764
3002684,1.8011146
3002685,19.948517
3002686,24.545683
3002687,1.1169575
3002688,162.73203
3002689,14.713983
3002690,18.827175
3002691,8.325493
3002692,96.54097
3002693,6.3882465
3002694,247.83585
3002695,150.95819
3002696,3.2884622
3002697,8.369505
3002698,256.6632
3002699,62.792088
3002700,28.421722
3002701,0.0
3002702,23.2713
3002703,1.1083775
3002704,0.073138684
3002705,3.031787
3002706,311.1201
3002707,0.073138684
3002708,75.15354
3002709,4.2075214
3002710,317.07623
3002711,227.92938
3002712,201.6567
3002713,36.300793
3002714,29.100231
3002715,155.37387
3002716,4.8008504
3002717,0.31430882
3002718,6.9406238
3002719,5.9072227
3002720,0.10763888
3002721,132.60074
3002722,3.4909463
3002723,0.0
3002724,1.0428028
3002725,13.19423
3002726,0.24190867
3002727,240.06305
3002728,148.55345
3002729,0.70849943
3002730,3.6036894
3002731,111.39639
3002732,23.286032
3002733,204.36029
3002734,2.4733136
3002735,1.4136798
3002736,7.3081174
3002737,0.17314947
3002738,4.813629
3002739,219.85907
3002740,0.081986845
3002741,296.95865
3002742,11.941794
3002743,205.42471
3002744,342.95377
3002745,350.1729
3002746,176.03445
3002747,69.06322
3002748,164.28812
3002749,30.834373
3002750,0.7232315
3002751,23.408873
3002752,20.487097
3002753,0.19341412
3002754,352.38608
3002755,8.597675
3002756,0.65154624
3002757,8.284039
3002758,34.53628
3002759,1.9837059
3002760,356.65607
3002761,295.5014
3002762,2.6345367
3002763,14.719405
3002764,257.77274
3002765,92.73333
3002766,168.14172
3002767,11.947402
3002768,7.7774687
3002769,5.353444
3002770,0.11691369
3002771,0.5179059
3002772,336.77515
3002773,0.11691369
3002774,138.0673
3002775,10.087388
3002776,324.76047
3002777,321.25476
3002778,169.03062
3002779,58.399216
3002780,37.50163
3002781,308.0994
3002782,7.6974783
3002783,0.37794787
3002784,11.884633
3002785,18.836973
3002786,0.27314475
3002787,152.71848
3002788,6.006803
3002789,0.0
3002790,6.661974
3002791,38.905792
3002792,1.1589583
3002793,212.6707
3002794,140.1505
3002795,1.3435853
3002796,6.1325293
3002797,144.43454
3002798,28.397316
3002799,324.07803
3002800,7.0224876
3002801,2.7070453
3002802,4.2245207
3002803,0.11691369
3002804,3.3376358
3002805,284.47324
3002806,0.11691369
3002807,111.16725
3002808,6.5338616
3002809,311.33798
3002810,218.88695
3002811,124.89864
3002812,37.6065
3002813,29.648485
3002814,152.71753
3002815,12.7385845
3002816,0.20181549
3002817,15.686832
3002818,6.375771
3002819,0.15141386
3002820,115.62355
3002821,1.2214231
3002822,0.0
3002823,2.3636496
3002824,39.605747
3002825,1.5399355
3002826,175.15189
3002827,153.19772
3002828,0.45316073
3002829,4.4081073
3002830,87.01531
3002831,20.490234
3002832,161.46182
3002833,7.514637
3002834,1.1466198
3002835,3.1960006
3002836,0.115186855
3002837,3.1888924
3002838,345.39914
3002839,0.115186855
3002840,142.63127
3002841,8.770267
3002842,340.3913
3002843,329.07504
3002844,203.75713
3002845,28.600983
3002846,40.31353
3002847,316.756
3002848,8.087115
3002849,0.5489948
3002850,8.750423
3002851,20.995358
3002852,0.24084966
3002853,178.92899
3002854,1.1112972
3002855,0.0
3002856,2.3127074
3002857,17.17365
3002858,1.7827613
3002859,244.63214
3002860,213.89284
3002861,1.0330943
3002862,3.8278215
3002863,75.7367
3002864,86.04137
3002865,324.97424
3002866,6.580848
3002867,3.6597714
3002868,3.2354734
3002869,0.7536746
3002870,4.281335
3002871,277.27368
3002872,0.13483262
3002873,147.13237
3002874,3.489547
3002875,142.64323
3002876,298.69992
3002877,214.30908
3002878,84.053986
3002879,64.7885
3002880,142.88806
3002881,7.454198
3002882,4.1356926
3002883,11.282562
3002884,14.891304
3002885,0.2910637
3002886,185.86221
3002887,7.372095
3002888,0.0
3002889,2.8802962
3002890,22.531816
3002891,1.646682
3002892,173.51118
3002893,157.96686
3002894,0.7687498
3002895,4.610813
3002896,116.86473
3002897,42.76243
3002898,267.6974
3002899,15.703623
3002900,3.9452248
3002901,4.0713887
3002902,0.1801197
3002903,1.4226861
3002904,268.6961
3002905,0.050381828
3002906,116.26058
3002907,4.760319
3002908,331.00977
3002909,189.01521
3002910,122.99809
3002911,113.67355
3002912,29.6316
3002913,156.35143
3002914,4.7093883
3002915,0.21461985
3002916,8.854954
3002917,9.69272
3002918,0.23752528
3002919,129.35295
3002920,0.0734572
3002921,0.0
3002922,1.7869819
3002923,22.496641
3002924,1.2633622
3002925,55.410954
3002926,105.494125
3002927,0.72710407
3002928,2.4774694
3002929,56.538403
3002930,28.295603
3002931,273.83887
3002932,0.0
3002933,0.92885256
3002934,7.5194016
3002935,0.5052729
3002936,3.8380587
3002937,301.20483
3002938,0.052512933
3002939,262.58908
3002940,5.5244327
3002941,191.52031
3002942,288.14902
3002943,338.7365
3002944,141.45413
3002945,80.052505
3002946,161.57597
3002947,14.474543
3002948,1.1964031
3002949,17.206522
3002950,24.774113
3002951,0.21675095
3002952,225.42488
3002953,0.6257395
3002954,0.0
3002955,4.680075
3002956,38.38196
3002957,3.2675345
3002958,281.41486
3002959,210.22922
3002960,1.6253384
3002961,7.8054447
3002962,291.36456
3002963,51.544144
3002964,244.39684
3002965,19.229427
3002966,11.274966
3002967,3.0685046
3002968,0.39642763
3002969,4.555796
3002970,324.42838
3002971,0.052718308
3002972,306.74808
3002973,8.064794
3002974,217.0012
3002975,330.36795
3002976,165.92021
3002977,134.72552
3002978,43.643715
3002979,313.3937
3002980,11.607289
3002981,0.86029804
3002982,13.837368
3002983,15.501032
3002984,0.21695629
3002985,152.50911
3002986,8.657385
3002987,2.6802428
3002988,7.25703
3002989,49.159046
3002990,1.7203066
3002991,226.1996
3002992,132.60745
3002993,3.3641856
3002994,6.030715
3002995,142.0428
3002996,51.61833
3002997,135.7639
3002998,84.91887
3002999,9.921669
3003000,5.580015
3003001,0.70928085
3003002,3.743592
3003003,294.29745
3003004,0.10397987
3003005,127.785965
3003006,6.1664395
3003007,309.3989
3003008,278.0344
3003009,224.78479
3003010,49.562668
3003011,38.506596
3003012,162.08678
3003013,19.268759
3003014,1.3063039
3003015,10.837426
3003016,13.398144
3003017,0.21540713
3003018,135.7829
3003019,7.2807293
3003020,0.0
3003021,3.4935029
3003022,43.13847
3003023,2.6011395
3003024,140.96916
3003025,154.37846
3003026,1.1486441
3003027,4.9197783
3003028,162.53815
3003029,22.949217
3003030,328.97354
3003031,12.008947
3003032,3.8173733
3003033,6.229395
3003034,0.07952808
3003035,8.538908
3003036,159.66637
3003037,0.07952808
3003038,356.03708
3003039,10.032625
3003040,296.8503
3003041,330.53912
3003042,172.36827
3003043,126.46683
3003044,90.94369
3003045,142.91153
3003046,31.296284
3003047,1.3881677
3003048,15.14397
3003049,30.586304
3003050,0.20519087
3003051,203.26448
3003052,20.503954
3003053,13.920255
3003054,3.915749
3003055,88.12089
3003056,8.083608
3003057,328.975
3003058,207.57303
3003059,7.283233
3003060,7.1210628
3003061,348.17212
3003062,91.799614
3003063,23.087082
3003064,0.0
3003065,26.437567
3003066,6.691257
3003067,0.050381828
3003068,6.029229
3003069,314.89102
3003070,0.050381828
3003071,305.59784
3003072,7.2664022
3003073,321.37616
3003074,332.43973
3003075,345.77722
3003076,81.13268
3003077,69.35393
3003078,313.45407
3003079,11.730731
3003080,0.31141594
3003081,17.45906
3003082,15.786927
3003083,0.08488196
3003084,269.61313
3003085,2.2162104
3003086,4.350417
3003087,4.266881
3003088,42.265564
3003089,1.2586071
3003090,331.7709
3003091,254.74649
3003092,3.400762
3003093,5.322847
3003094,239.8077
3003095,57.271103
3003096,168.33379
3003097,93.907745
3003098,11.179914
3003099,9.1644535
3003100,0.4695538
3003101,3.2985864
3003102,337.44656
3003103,0.050381828
3003104,327.65668
3003105,6.2999234
3003106,337.15836
3003107,327.40256
3003108,238.01854
3003109,175.82867
3003110,70.65617
3003111,320.7073
3003112,12.72143
3003113,0.7904671
3003114,26.98648
3003115,27.810843
3003116,0.23752528
3003117,223.86665
3003118,3.9538097
3003119,1.553279
3003120,8.879205
3003121,77.10594
3003122,1.8075689
3003123,127.02327
3003124,212.63031
3003125,2.4592104
3003126,5.7906947
3003127,132.13208
3003128,128.52002
3003129,239.80557
3003130,0.3127874
3003131,5.33004
3003132,4.1909943
3003133,0.25705177
3003134,2.0509393
3003135,271.89523
3003136,0.050381828
3003137,114.74504
3003138,8.010788
3003139,337.15216
3003140,287.00327
3003141,123.68951
3003142,38.25879
3003143,48.299053
3003144,283.9546
3003145,8.967748
3003146,0.9250225
3003147,25.666126
3003148,16.4768
3003149,0.08488196
3003150,130.83626
3003151,1.2049475
3003152,0.0
3003153,3.5348434
3003154,44.362385
3003155,2.0762854
3003156,117.76983
3003157,125.91586
3003158,1.0248116
3003159,5.6793
3003160,128.48015
3003161,25.67187
3003162,328.00278
3003163,9.494676
3003164,3.2856383
3003165,1.8994892
3003166,0.06925219
3003167,2.135832
3003168,316.15015
3003169,0.14617932
3003170,246.54648
3003171,12.021582
3003172,247.0626
3003173,330.05594
3003174,100.576324
3003175,43.12749
3003176,59.68448
3003177,139.26411
3003178,21.609304
3003179,0.3104223
3003180,9.735317
3003181,16.963446
3003182,0.3104223
3003183,107.489365
3003184,11.058656
3003185,0.9994299
3003186,2.9952142
3003187,47.259586
3003188,4.422093
3003189,267.80167
3003190,123.2192
3003191,3.0114822
3003192,5.4807754
3003193,257.90332
3003194,29.041058
3003195,19.69887
3003196,0.0
3003197,6.555666
3003198,2.616907
3003199,0.27883095
3003200,3.9097693
3003201,178.60725
3003202,0.17492065
3003203,247.90594
3003204,16.47045
3003205,26.513414
3003206,29.209692
3003207,221.91022
3003208,188.65543
3003209,158.08621
3003210,254.7733
3003211,32.263252
3003212,0.7584928
3003213,15.561731
3003214,23.791742
3003215,0.2094208
3003216,212.27309
3003217,11.189528
3003218,34.265236
3003219,8.139034
3003220,77.684746
3003221,12.986103
3003222,327.1535
3003223,231.94516
3003224,14.813566
3003225,8.592283
3003226,294.953
3003227,108.65081
3003228,27.691154
3003229,0.0
3003230,21.0612
3003231,3.3456933
3003232,0.1133516
3003233,1.8173537
3003234,307.9032
3003235,0.06294999
3003236,293.31998
3003237,6.6407266
3003238,302.92593
3003239,261.52603
3003240,121.86455
3003241,101.26566
3003242,82.75589
3003243,298.70407
3003244,20.633066
3003245,1.05449
3003246,15.746867
3003247,13.992844
3003248,0.09745012
3003249,98.28695
3003250,0.08602536
3003251,20.165909
3003252,3.3250034
3003253,144.22096
3003254,8.119632
3003255,160.71585
3003256,101.43817
3003257,4.554538
3003258,7.166754
3003259,161.41592
3003260,36.840736
3003261,136.6879
3003262,0.5941864
3003263,4.3222756
3003264,3.6646533
3003265,0.06765975
3003266,0.49881878
3003267,296.72055
3003268,0.06765975
3003269,190.58873
3003270,4.9984937
3003271,255.45543
3003272,187.4316
3003273,62.984356
3003274,28.465197
3003275,32.231728
3003276,117.58073
3003277,11.6859045
3003278,0.62754226
3003279,9.335
3003280,7.9716806
3003281,0.3088298
3003282,63.53415
3003283,0.16766223
3003284,5.373521
3003285,0.52669436
3003286,24.586775
3003287,0.18361884
3003288,211.6702
3003289,105.52769
3003290,2.4486675
3003291,1.1656164
3003292,110.88582
3003293,18.153482
3003294,325.73605
3003295,0.35457686
3003296,2.479114
3003297,6.226914
3003298,0.4756283
3003299,3.4870055
3003300,280.09543
3003301,0.16748288
3003302,334.09888
3003303,14.770466
3003304,307.30515
3003305,280.57968
3003306,250.57959
3003307,201.95041
3003308,107.934235
3003309,171.00333
3003310,22.663921
3003311,2.489453
3003312,19.033188
3003313,27.622337
3003314,0.31749037
3003315,181.38556
3003316,5.7471085
3003317,33.076885
3003318,7.076763
3003319,127.97758
3003320,3.4541717
3003321,251.20197
3003322,200.26804
3003323,9.051666
3003324,7.9451227
3003325,302.5039
3003326,71.40811
3003327,23.915455
3003328,0.9263506
3003329,13.280964
3003330,5.878106
3003331,0.06765975
3003332,3.9783654
3003333,318.44366
3003334,0.06765975
3003335,361.92688
3003336,13.068818
3003337,345.00076
3003338,341.35324
3003339,295.52054
3003340,180.04164
3003341,61.373047
3003342,148.64294
3003343,13.796218
3003344,1.03383
3003345,29.625084
3003346,17.40134
3003347,0.83387804
3003348,217.03479
3003349,0.09073509
3003350,6.772293
3003351,4.342021
3003352,49.608852
3003353,0.8447445
3003354,302.55313
3003355,231.78307
3003356,4.320405
3003357,4.173605
3003358,175.61957
3003359,73.18983
3003360,173.96574
3003361,2.3249896
3003362,4.059798
3003363,5.4271994
3003364,0.39024025
3003365,3.8970542
3003366,304.79208
3003367,0.06765975
3003368,358.0146
3003369,10.576085
3003370,307.49222
3003371,348.13147
3003372,206.40982
3003373,156.90543
3003374,57.514137
3003375,320.28012
3003376,13.441006
3003377,1.0357047
3003378,20.036303
3003379,19.02497
3003380,0.10215986
3003381,204.83604
3003382,0.09073509
3003383,4.27991
3003384,4.5938835
3003385,74.49071
3003386,1.2324045
3003387,139.7511
3003388,193.1
3003389,4.061269
3003390,4.257004
3003391,160.13965
3003392,56.724636
3003393,173.96574
3003394,1.4792507
3003395,5.4802213
3003396,9.778871
3003397,1.0090784
3003398,14.776998
3003399,143.25833
3003400,0.102473035
3003401,318.2602
3003402,30.02209
3003403,137.62927
3003404,332.7935
3003405,303.29816
3003406,340.93274
3003407,284.79178
3003408,265.82608
3003409,66.34417
3003410,2.500937
3003411,46.33811
3003412,44.736057
3003413,0.53628093
3003414,341.00726
3003415,31.852507
3003416,45.28794
3003417,20.455843
3003418,197.2375
3003419,26.800034
3003420,25.856739
3003421,363.46027
3003422,15.78711
3003423,22.55385
3003424,318.58755
3003425,224.80222
3003426,57.227684
3003427,0.49450463
3003428,65.2537
3003429,2.892617
3003430,0.47142154
3003431,0.8588918
3003432,314.91943
3003433,0.063930765
3003434,148.33572
3003435,4.1753964
3003436,261.95306
3003437,246.84447
3003438,103.33591
3003439,137.25676
3003440,45.601517
3003441,190.72394
3003442,4.9702687
3003443,0.30510083
3003444,11.660094
3003445,8.427481
3003446,0.25107425
3003447,123.585976
3003448,0.8292788
3003449,0.0
3003450,2.467528
3003451,44.10575
3003452,0.724657
3003453,143.80942
3003454,93.28009
3003455,1.8749257
3003456,3.7619205
3003457,103.43423
3003458,19.274448
3003459,238.04274
3003460,0.0
3003461,3.7636056
3003462,7.6470246
3003463,0.18986136
3003464,1.8368883
3003465,290.60364
3003466,0.060123462
3003467,352.37088
3003468,8.707195
3003469,214.45866
3003470,295.74213
3003471,192.38269
3003472,244.30011
3003473,73.40878
3003474,180.82538
3003475,12.49278
3003476,0.30129352
3003477,19.886833
3003478,18.19774
3003479,0.14502522
3003480,237.99292
3003481,1.1213279
3003482,5.2460475
3003483,8.502537
3003484,18.283182
3003485,1.4102513
3003486,348.0502
3003487,204.7687
3003488,3.3421702
3003489,6.072951
3003490,138.96811
3003491,55.378574
3003492,164.49666
3003493,0.4779055
3003494,4.6659465
3003495,1.3123832
3003496,0.063930765
3003497,0.7754196
3003498,303.44733
3003499,0.063930765
3003500,103.41253
3003501,3.1622002
3003502,330.51474
3003503,142.88968
3003504,79.8348
3003505,149.35605
3003506,17.09651
3003507,186.07028
3003508,1.7522749
3003509,0.30510083
3003510,6.9693427
3003511,3.4405916
3003512,0.14883256
3003513,78.88226
3003514,0.08700615
3003515,0.0
3003516,0.05468917
3003517,33.869076
3003518,0.25560614
3003519,117.7068
3003520,63.243713
3003521,0.30413133
3003522,0.78943163
3003523,55.152943
3003524,9.879586
3003525,168.94168
3003526,0.0
3003527,1.8072774
3003528,5.932991
3003529,0.050381828
3003530,3.5572739
3003531,320.78406
3003532,0.050381828
3003533,198.44543
3003534,8.917736
3003535,155.02817
3003536,312.24734
3003537,161.99832
3003538,137.45038
3003539,51.394905
3003540,122.9667
3003541,3.2488208
3003542,0.4410508
3003543,22.130642
3003544,14.030275
3003545,0.29155186
3003546,165.12453
3003547,0.0734572
3003548,0.0
3003549,10.921617
3003550,31.500381
3003551,0.9708736
3003552,309.8408
3003553,186.12389
3003554,1.5142568
3003555,3.478801
3003556,193.11702
3003557,22.754261
3003558,158.80542
3003559,0.0
3003560,0.29199913
3003561,2.7866168
3003562,0.27060074
3003563,2.6227999
3003564,288.4019
3003565,0.063930765
3003566,307.6679
3003567,7.6835318
3003568,312.78366
3003569,223.9771
3003570,193.66588
3003571,89.26198
3003572,61.133873
3003573,129.1917
3003574,6.5880394
3003575,4.270983
3003576,26.722225
3003577,33.45081
3003578,0.17535806
3003579,186.68767
3003580,1.7245122
3003581,3.8347776
3003582,2.4415941
3003583,30.95857
3003584,2.1278822
3003585,245.53532
3003586,235.5385
3003587,3.0960307
3003588,5.334146
3003589,136.43123
3003590,26.883177
3003591,225.32407
3003592,3.047022
3003593,2.742805
3003594,3.2770581
3003595,0.0618749
3003596,0.19793862
3003597,296.40112
3003598,0.0618749
3003599,79.958115
3003600,3.0769331
3003601,331.9856
3003602,154.68721
3003603,75.015465
3003604,110.367355
3003605,44.54245
3003606,142.3153
3003607,6.080877
3003608,0.51554674
3003609,9.716222
3003610,5.2086887
3003611,0.22611293
3003612,94.490036
3003613,0.0849503
3003614,0.0
3003615,0.0
3003616,36.799534
3003617,0.63502884
3003618,281.22018
3003619,58.50771
3003620,0.73859715
3003621,0.93609333
3003622,49.88824
3003623,16.516956
3003624,275.287
3003625,0.0
3003626,0.9285941
3003627,4.240138
3003628,0.08029503
3003629,2.681329
3003630,273.7612
3003631,0.08029503
3003632,352.84695
3003633,10.123405
3003634,298.46634
3003635,319.13885
3003636,155.8988
3003637,133.16298
3003638,74.574524
3003639,326.31427
3003640,6.76696
3003641,0.5421499
3003642,19.638664
3003643,9.954005
3003644,0.2365261
3003645,176.5853
3003646,0.10337044
3003647,22.936768
3003648,2.3938088
3003649,54.09909
3003650,0.93634105
3003651,330.74197
3003652,178.64943
3003653,2.5402057
3003654,2.8468297
3003655,113.839066
3003656,37.342728
3003657,171.56386
3003658,0.48116994
3003659,1.1043288
3003660,3.1230915
3003661,0.10446504
3003662,7.856188
3003663,296.6112
3003664,0.10446504
3003665,298.88904
3003666,6.239101
3003667,264.90305
3003668,233.76631
3003669,145.89558
3003670,116.06686
3003671,116.19232
3003672,132.92278
3003673,49.22187
3003674,1.281554
3003675,35.231934
3003676,35.21405
3003677,0.53827304
3003678,196.01544
3003679,20.0784
3003680,19.656483
3003681,0.84991777
3003682,123.065
3003683,8.633856
3003684,196.1768
3003685,246.06143
3003686,11.724387
3003687,13.0015955
3003688,224.61432
3003689,74.06386
3003690,22.926287
3003691,0.0
3003692,10.585704
3003693,5.010906
3003694,0.050381828
3003695,8.688949
3003696,301.9496
3003697,0.050381828
3003698,353.11017
3003699,12.203772
3003700,66.74458
3003701,251.8542
3003702,117.82501
3003703,70.31077
3003704,99.96116
3003705,139.06921
3003706,25.698057
3003707,0.9891219
3003708,35.3043
3003709,37.07276
3003710,0.08488196
3003711,245.00558
3003712,17.995855
3003713,16.257221
3003714,7.6794944
3003715,77.507065
3003716,10.754912
3003717,140.93953
3003718,279.94998
3003719,6.5090275
3003720,9.154472
3003721,98.451065
3003722,71.67145
3003723,11.193494
3003724,20.60712
3003725,14.110136
3003726,7.691271
3003727,0.28027362
3003728,3.943268
3003729,276.47742
3003730,0.073603615
3003731,269.20868
3003732,6.6902266
3003733,195.90352
3003734,318.55063
3003735,169.24223
3003736,223.73114
3003737,59.867424
3003738,131.39665
3003739,27.75334
3003740,1.7180845
3003741,18.96069
3003742,15.156487
3003743,0.15850538
3003744,281.4774
3003745,4.3863125
3003746,13.027064
3003747,5.1341586
3003748,55.11334
3003749,3.7381196
3003750,228.37221
3003751,258.91882
3003752,5.72075
3003753,8.536133
3003754,206.89128
3003755,53.05728
3003756,238.1031
3003757,10.4584
3003758,11.943385
3003759,3.9162045
3003760,0.4947703
3003761,6.5781736
3003762,195.97223
3003763,0.08727956
3003764,333.6179
3003765,6.9270997
3003766,300.04846
3003767,320.37894
3003768,163.13777
3003769,107.84855
3003770,71.35172
3003771,139.83347
3003772,22.30948
3003773,1.7578802
3003774,11.080287
3003775,10.233941
3003776,0.19870687
3003777,181.31944
3003778,16.804392
3003779,18.594046
3003780,1.6472934
3003781,67.48296
3003782,6.725534
3003783,279.80643
3003784,195.35764
3003785,5.4474406
3003786,8.930794
3003787,297.01636
3003788,47.09225
3003789,18.810448
3003790,0.0
3003791,20.840761
3003792,3.280099
3003793,0.14580959
3003794,3.8705323
3003795,304.5224
3003796,0.06888248
3003797,320.23373
3003798,8.45621
3003799,311.89404
3003800,280.6221
3003801,225.80635
3003802,137.56229
3003803,58.985027
3003804,143.78423
3003805,9.21544
3003806,2.306221
3003807,22.74362
3003808,18.771708
3003809,0.23312053
3003810,300.55167
3003811,0.09195784
3003812,0.0
3003813,7.216938
3003814,33.86949
3003815,1.8460003
3003816,178.34125
3003817,242.916
3003818,2.6616042
3003819,9.387997
3003820,149.88269
3003821,48.12893
3003822,161.48596
3003823,0.0
3003824,4.615369
3003825,6.3094754
3003826,0.06888248
3003827,7.1096683
3003828,319.1463
3003829,0.06888248
3003830,355.46432
3003831,9.7380905
3003832,312.791
3003833,339.00958
3003834,193.18114
3003835,105.11261
3003836,134.84973
3003837,170.21696
3003838,29.391106
3003839,1.0851443
3003840,21.915262
3003841,24.217615
3003842,0.19454524
3003843,198.42896
3003844,17.343216
3003845,15.545384
3003846,7.7681355
3003847,84.391815
3003848,10.963087
3003849,181.09694
3003850,236.44145
3003851,12.8823185
3003852,7.735443
3003853,155.04385
3003854,54.720043
3003855,16.453094
3003856,0.2648081
3003857,5.9101353
3003858,3.4831634
3003859,0.0813237
3003860,2.6218808
3003861,130.5094
3003862,0.0813237
3003863,348.90298
3003864,8.939068
3003865,218.82726
3003866,4.564353
3003867,135.20656
3003868,113.781075
3003869,101.25558
3003870,236.93546
3003871,29.91461
3003872,0.8177706
3003873,18.584877
3003874,16.306477
3003875,0.1662255
3003876,149.73021
3003877,13.950544
3003878,32.177338
3003879,3.4383802
3003880,59.17553
3003881,8.7032385
3003882,211.56795
3003883,176.35728
3003884,7.790246
3003885,7.792299
3003886,187.7751
3003887,50.566975
3003888,230.10378
3003889,0.0
3003890,12.1666765
3003891,5.3096466
3003892,0.12902573
3003893,4.6007814
3003894,144.1206
3003895,0.078624114
3003896,173.24773
3003897,15.217572
3003898,143.46622
3003899,256.1387
3003900,229.57655
3003901,162.98709
3003902,59.337276
3003903,217.65254
3003904,8.19358
3003905,0.20428693
3003906,12.977415
3003907,16.957802
3003908,0.16352591
3003909,207.73167
3003910,0.10169953
3003911,6.9002113
3003912,0.9272588
3003913,92.788475
3003914,3.0874288
3003915,262.5751
3003916,240.015
3003917,2.9776466
3003918,2.6617115
3003919,218.06435
3003920,123.13175
3003921,198.69516
3003922,1.6372049
3003923,1.0894294
3003924,13.524128
3003925,0.050381828
3003926,15.238685
3003927,151.9476
3003928,0.050381828
3003929,295.04178
3003930,24.539946
3003931,103.6106
3003932,315.58777
3003933,347.79944
3003934,312.58383
3003935,327.46347
3003936,269.85477
3003937,78.60959
3003938,4.550342
3003939,92.49142
3003940,99.676765
3003941,0.21461985
3003942,332.80078
3003943,28.911406
3003944,23.253614
3003945,45.06574
3003946,238.05264
3003947,22.452112
3003948,22.499489
3003949,335.9117
3003950,32.799873
3003951,32.119793
3003952,300.66135
3003953,286.0798
3003954,58.385845
3003955,200.71278
3003956,68.271255
3003957,14.118605
3003958,0.055502485
3003959,11.910561
3003960,146.70135
3003961,0.055502485
3003962,96.084465
3003963,27.677513
3003964,151.2843
3003965,197.54323
3003966,356.35178
3003967,265.83826
3003968,249.25601
3003969,291.25278
3003970,115.46882
3003971,1.6002833
3003972,53.95681
3003973,72.62232
3003974,0.7244443
3003975,359.01904
3003976,26.162828
3003977,31.143005
3003978,5.8261766
3003979,202.1022
3003980,17.823502
3003981,50.600506
3003982,351.7751
3003983,18.759026
3003984,25.565914
3003985,272.89474
3003986,231.4669
3003987,71.02698
3003988,251.13095
3003989,66.2341
3003990,10.772495
3003991,0.052718308
3003992,18.478607
3003993,119.144196
3003994,0.1438809
3003995,318.87045
3003996,14.41885
3003997,81.865166
3003998,297.54288
3003999,297.23703
3004000,100.26585
3004001,202.01656
3004002,199.38165
3004003,40.0157
3004004,2.9289565
3004005,48.18371
3004006,19.173313
3004007,0.40979892
3004008,353.49112
3004009,27.111898
3004010,20.13908
3004011,14.730389
3004012,121.19881
3004013,9.397845
3004014,183.24113
3004015,335.09546
3004016,19.195166
3004017,37.52327
3004018,304.45886
3004019,122.646645
3004020,24.020689
3004021,199.414
3004022,37.879845
3004023,15.43168
3004024,0.052718308
3004025,19.89288
3004026,118.570656
3004027,0.052718308
3004028,308.5298
3004029,19.974155
3004030,110.10958
3004031,316.89993
3004032,320.8998
3004033,287.7507
3004034,209.17226
3004035,301.4923
3004036,47.294567
3004037,1.6080154
3004038,57.010914
3004039,64.9489
3004040,0.82984585
3004041,306.31604
3004042,31.724997
3004043,25.94331
3004044,38.72055
3004045,179.80786
3004046,12.600016
3004047,17.511278
3004048,350.83792
3004049,19.973324
3004050,23.816307
3004051,313.35538
3004052,214.09085
3004053,37.243744
3004054,283.94534
3004055,57.14247
3004056,10.72718
3004057,0.052718308
3004058,19.498842
3004059,95.924644
3004060,0.052718308
3004061,347.41266
3004062,15.012889
3004063,110.00962
3004064,319.4023
3004065,345.46997
3004066,85.352936
3004067,159.5819
3004068,196.42119
3004069,39.02437
3004070,0.51457316
3004071,29.565033
3004072,27.681227
3004073,0.17838106
3004074,337.15265
3004075,16.211678
3004076,9.097251
3004077,6.5844426
3004078,102.466225
3004079,5.3354115
3004080,285.82758
3004081,345.46573
3004082,14.891549
3004083,18.873075
3004084,308.42874
3004085,80.26681
3004086,27.593672
3004087,238.21815
3004088,19.011242
3004089,10.68159
3004090,0.055502485
3004091,10.122172
3004092,147.89282
3004093,0.055502485
3004094,290.2932
3004095,23.828949
3004096,86.667465
3004097,317.70584
3004098,325.30664
3004099,345.49622
3004100,286.37234
3004101,285.32983
3004102,60.9377
3004103,1.777333
3004104,48.404045
3004105,59.68286
3004106,0.29667255
3004107,347.73767
3004108,21.216276
3004109,28.550396
3004110,9.473726
3004111,184.71106
3004112,15.97393
3004113,304.71127
3004114,335.87878
3004115,16.326818
3004116,25.773394
3004117,240.06303
3004118,203.75882
3004119,60.35299
3004120,252.00304
3004121,65.96785
3004122,5.4053445
3004123,0.44618228
3004124,7.3685937
3004125,321.10706
3004126,0.102473035
3004127,320.18954
3004128,22.545523
3004129,266.69058
3004130,304.2697
3004131,183.4667
3004132,67.03278
3004133,77.52341
3004134,147.51219
3004135,38.51399
3004136,1.1301569
3004137,26.610514
3004138,19.6837
3004139,0.3436431
3004140,169.74132
3004141,11.740997
3004142,7.1656528
3004143,10.249132
3004144,50.160213
3004145,6.2734103
3004146,208.79938
3004147,208.77269
3004148,2.8291605
3004149,6.759697
3004150,175.22147
3004151,51.855072
3004152,14.556805
3004153,0.6393743
3004154,8.191067
3004155,9.508769
3004156,0.08321042
3004157,13.735304
3004158,111.490814
3004159,0.08321042
3004160,362.77438
3004161,31.696392
3004162,91.99157
3004163,310.9275
3004164,340.56375
3004165,82.09029
3004166,156.8356
3004167,196.47711
3004168,74.553795
3004169,1.3603445
3004170,54.299038
3004171,27.827982
3004172,0.20887321
3004173,302.83948
3004174,19.285072
3004175,6.486858
3004176,2.666527
3004177,136.49565
3004178,8.237831
3004179,339.54208
3004180,363.65442
3004181,10.936038
3004182,18.3902
3004183,327.87103
3004184,75.49218
3004185,19.446589
3004186,269.62247
3004187,16.035372
3004188,6.9611187
3004189,0.09480244
3004190,6.6671224
3004191,189.0304
3004192,0.09480244
3004193,225.53192
3004194,8.044592
3004195,49.876976
3004196,305.14108
3004197,196.49586
3004198,288.1663
3004199,211.62357
3004200,298.34378
3004201,39.659317
3004202,1.7577232
3004203,26.96977
3004204,34.00747
3004205,0.33597252
3004206,257.93738
3004207,2.7304363
3004208,38.021217
3004209,4.8225355
3004210,148.61017
3004211,9.027633
3004212,185.41795
3004213,238.50453
3004214,17.99984
3004215,11.858706
3004216,236.04855
3004217,109.9397
3004218,38.91258
3004219,3.0963085
3004220,37.902958
3004221,10.696628
3004222,0.05806758
3004223,5.943548
3004224,296.61722
3004225,0.05806758
3004226,294.43195
3004227,12.129759
3004228,298.08887
3004229,298.97845
3004230,296.56592
3004231,185.56697
3004232,245.1761
3004233,323.84088
3004234,42.418762
3004235,3.202243
3004236,44.445488
3004237,42.829777
3004238,0.29923764
3004239,302.89236
3004240,7.499783
3004241,50.18184
3004242,8.636048
3004243,197.85652
3004244,9.4785185
3004245,331.39938
3004246,278.24603
3004247,13.788937
3004248,22.520014
3004249,324.80276
3004250,108.59498
3004251,159.28717
3004252,4.0633216
3004253,7.5758834
3004254,8.121455
3004255,0.06167281
3004256,2.6618967
3004257,258.99133
3004258,0.06167281
3004259,341.98672
3004260,7.346127
3004261,193.11766
3004262,337.72562
3004263,186.52658
3004264,73.10442
3004265,99.17854
3004266,201.58578
3004267,13.819691
3004268,1.5711192
3004269,23.337238
3004270,23.482285
3004271,0.14657453
3004272,183.81313
3004273,5.256085
3004274,9.823159
3004275,6.3689866
3004276,85.02101
3004277,3.7677968
3004278,233.193
3004279,185.27943
3004280,4.696883
3004281,5.6700454
3004282,165.68971
3004283,58.837624
3004284,14.529335
3004285,0.0
3004286,3.1505666
3004287,5.624726
3004288,0.052437697
3004289,1.3270983
3004290,275.256
3004291,0.052437697
3004292,177.27693
3004293,4.1845126
3004294,290.80078
3004295,198.32272
3004296,167.18501
3004297,54.22598
3004298,27.16273
3004299,132.48134
3004300,9.738285
3004301,0.8890337
3004302,21.376879
3004303,8.434996
3004304,0.13733944
3004305,177.16943
3004306,0.07551308
3004307,0.0
3004308,3.2419755
3004309,21.318085
3004310,0.91332746
3004311,58.28582
3004312,149.84018
3004313,0.15726683
3004314,1.9157784
3004315,54.871426
3004316,72.988144
3004317,279.01782
3004318,0.0
3004319,2.1631455
3004320,6.2657905
3004321,0.07952808
3004322,5.9545474
3004323,191.96889
3004324,0.07952808
3004325,360.1096
3004326,12.523222
3004327,134.60942
3004328,299.04758
3004329,272.6682
3004330,132.62018
3004331,114.23272
3004332,167.55243
3004333,31.112595
3004334,1.1683224
3004335,23.007847
3004336,51.791203
3004337,0.11402823
3004338,233.67996
3004339,19.126434
3004340,16.502108
3004341,19.712473
3004342,68.45837
3004343,6.267933
3004344,335.60092
3004345,265.40482
3004346,8.136839
3004347,13.292374
3004348,341.42477
3004349,84.06085
3004350,47.034916
3004351,0.0
3004352,27.436043
3004353,4.6434655
3004354,0.17241547
3004355,3.6880524
3004356,11.955844
3004357,0.17241547
3004358,161.49034
3004359,15.615454
3004360,20.86855
3004361,243.64015
3004362,149.82588
3004363,228.05602
3004364,178.73068
3004365,115.93939
3004366,34.748695
3004367,2.3744485
3004368,24.220736
3004369,22.071089
3004370,0.7137687
3004371,197.27374
3004372,12.026991
3004373,36.021976
3004374,7.111527
3004375,108.505295
3004376,11.415376
3004377,331.1121
3004378,192.85268
3004379,6.2292933
3004380,12.579659
3004381,225.58731
3004382,113.4898
3004383,43.5197
3004384,0.0
3004385,35.120434
3004386,4.00894
3004387,0.59474117
3004388,7.5752883
3004389,16.442377
3004390,0.07080224
3004391,241.49469
3004392,18.436264
3004393,22.127413
3004394,4.7992916
3004395,214.60132
3004396,246.50456
3004397,130.22377
3004398,100.45644
3004399,34.6264
3004400,3.5197318
3004401,29.260689
3004402,37.87518
3004403,0.10530236
3004404,276.73465
3004405,25.696842
3004406,28.606922
3004407,17.351084
3004408,108.84013
3004409,18.602985
3004410,333.27884
3004411,253.11584
3004412,16.213564
3004413,16.845383
3004414,251.16754
3004415,129.03787
3004416,18.32257
3004417,2.2244396
3004418,31.649178
3004419,10.724612
3004420,0.47011027
3004421,7.295596
3004422,202.86087
3004423,0.07080224
3004424,356.35098
3004425,13.048522
3004426,184.02405
3004427,280.02536
3004428,305.12183
3004429,160.83754
3004430,84.93754
3004431,169.51515
3004432,10.27822
3004433,0.98747855
3004434,41.872677
3004435,38.15721
3004436,0.10530236
3004437,312.8351
3004438,10.265383
3004439,3.5388956
3004440,6.8280497
3004441,42.55412
3004442,3.102797
3004443,347.12576
3004444,326.55035
3004445,6.2996306
3004446,6.477103
3004447,309.49292
3004448,88.27081
3004449,166.1078
3004450,138.67897
3004451,12.987059
3004452,5.271942
3004453,0.37296805
3004454,4.315493
3004455,182.63968
3004456,0.4031112
3004457,323.66113
3004458,16.679716
3004459,250.67854
3004460,322.51782
3004461,164.26025
3004462,154.3156
3004463,126.49184
3004464,115.28671
3004465,23.628565
3004466,1.9687858
3004467,25.541
3004468,23.583809
3004469,1.0394915
3004470,156.43858
3004471,15.171905
3004472,21.650398
3004473,6.601223
3004474,142.67616
3004475,6.6166596
3004476,345.93167
3004477,153.87878
3004478,3.3650382
3004479,9.851291
3004480,315.19324
3004481,78.16564
3004482,11.210998
3004483,0.0
3004484,40.437614
3004485,1.2043326
3004486,0.12538719
3004487,1.668247
3004488,288.17004
3004489,0.12538719
3004490,71.6564
3004491,4.3178124
3004492,323.62473
3004493,243.42673
3004494,240.65938
3004495,39.647697
3004496,32.800903
3004497,154.6218
3004498,5.2224045
3004499,0.3665573
3004500,8.374912
3004501,7.9162297
3004502,0.15988736
3004503,143.6462
3004504,3.5106313
3004505,0.0
3004506,1.5224168
3004507,21.409258
3004508,0.29415718
3004509,138.35498
3004510,141.69237
3004511,0.7607479
3004512,3.4326198
3004513,165.22581
3004514,26.624657
3004515,204.77055
3004516,8.738692
3004517,1.493546
3004518,7.4329634
3004519,0.22539796
3004520,5.109067
3004521,221.06224
3004522,0.13423535
3004523,311.47934
3004524,13.665299
3004525,162.18973
3004526,349.84473
3004527,360.19733
3004528,168.28584
3004529,90.6923
3004530,170.75328
3004531,28.079605
3004532,0.8693983
3004533,30.209368
3004534,22.737003
3004535,0.24566257
3004536,335.52036
3004537,9.008438
3004538,1.5880672
3004539,9.123
3004540,59.90241
3004541,2.1291847
3004542,226.37563
3004543,300.0805
3004544,2.6417246
3004545,14.876102
3004546,308.6123
3004547,99.17085
3004548,175.57956
3004549,15.232755
3004550,8.413569
3004551,5.0829525
3004552,0.1691622
3004553,2.426651
3004554,316.14053
3004555,0.1691622
3004556,136.36449
3004557,11.871769
3004558,310.02026
3004559,313.5674
3004560,215.9363
3004561,49.37801
3004562,40.25015
3004563,297.5631
3004564,8.791592
3004565,0.41033226
3004566,13.889318
3004567,18.5697
3004568,0.294825
3004569,137.41327
3004570,6.51715
3004571,0.0
3004572,4.246818
3004573,51.69065
3004574,1.2254776
3004575,115.87146
3004576,137.95668
3004577,1.2966001
3004578,6.223166
3004579,152.60265
3004580,29.725397
3004581,314.573
3004582,20.091728
3004583,2.5758014
3004584,4.5967474
3004585,0.1691622
3004586,3.331683
3004587,287.14673
3004588,0.1691622
3004589,96.6765
3004590,7.148852
3004591,286.38153
3004592,218.84125
3004593,162.30362
3004594,35.203793
3004595,34.280323
3004596,146.91594
3004597,17.291056
3004598,0.254064
3004599,13.253497
3004600,10.533973
3004601,0.20366235
3004602,118.278015
3004603,1.2164767
3004604,0.0
3004605,2.4822845
3004606,62.620106
3004607,1.4205345
3004608,139.5225
3004609,145.37956
3004610,0.53899735
3004611,5.1696496
3004612,105.38428
3004613,21.478945
3004614,157.83324
3004615,9.617212
3004616,1.2593634
3004617,3.203177
3004618,0.16743536
3004619,3.1420665
3004620,325.53937
3004621,0.16743536
3004622,134.7781
3004623,10.391236
3004624,326.48425
3004625,319.26715
3004626,260.98633
3004627,39.108925
3004628,48.932045
3004629,308.96655
3004630,8.881798
3004631,0.60124326
3004632,11.32096
3004633,24.104916
3004634,0.29309815
3004635,173.45474
3004636,1.2627918
3004637,0.0
3004638,2.66321
3004639,29.321257
3004640,1.7892334
3004641,185.06091
3004642,216.11899
3004643,1.0853428
3004644,3.960356
3004645,77.845856
3004646,89.910126
3004647,327.94348
3004648,1.0810366
3004649,3.8107831
3004650,3.3778856
3004651,0.6656045
3004652,2.9866219
3004653,237.08566
3004654,0.18708111
3004655,143.05956
3004656,3.3313417
3004657,122.38755
3004658,285.40503
3004659,265.94598
3004660,91.796906
3004661,67.286064
3004662,142.57242
3004663,7.286258
3004664,1.3045446
3004665,14.48943
3004666,17.851692
3004667,0.34331217
3004668,184.56688
3004669,7.7307696
3004670,0.0
3004671,3.548707
3004672,30.95117
3004673,1.8218596
3004674,112.01948
3004675,161.6534
3004676,0.82099825
3004677,4.4790025
3004678,125.45279
3004679,45.866493
3004680,231.64548
3004681,16.126516
3004682,3.65699
3004683,4.28253
3004684,0.23236819
3004685,1.6025014
3004686,267.64584
3004687,0.10263027
3004688,113.04574
3004689,5.1899705
3004690,297.3721
3004691,189.02344
3004692,136.56319
3004693,104.40281
3004694,38.537113
3004695,184.36356
3004696,4.7221785
3004697,0.26686838
3004698,11.828817
3004699,11.821874
3004700,0.2897738
3004701,132.27913
3004702,0.12570569
3004703,0.0
3004704,2.4109032
3004705,37.732273
3004706,1.3156106
3004707,44.096127
3004708,104.06399
3004709,0.77935255
3004710,2.5661726
3004711,65.19024
3004712,31.929502
3004713,273.1096
3004714,0.0
3004715,0.93713397
3004716,8.7793865
3004717,0.6388834
3004718,4.008459
3004719,285.64267
3004720,0.10476139
3004721,284.3524
3004722,6.4798484
3004723,191.53964
3004724,226.32991
3004725,358.23013
3004726,146.65239
3004727,88.94459
3004728,132.56973
3004729,16.99335
3004730,1.4112502
3004731,23.079777
3004732,22.278044
3004733,0.2689995
3004734,228.34547
3004735,0.65177566
3004736,0.0
3004737,5.8603754
3004738,63.90182
3004739,3.544882
3004740,197.84781
3004741,217.93474
3004742,1.6958579
3004743,8.030817
3004744,315.12323
3004745,56.818527
3004746,238.61794
3004747,21.546692
3004748,14.112983
3004749,3.3442976
3004750,0.5042747
3004751,4.639705
3004752,315.5438
3004753,0.10496676
3004754,202.12064
3004755,9.455162
3004756,240.81763
3004757,317.13324
3004758,218.75752
3004759,125.455505
3004760,51.273106
3004761,302.74677
3004762,11.842949
3004763,0.9415627
3004764,25.986141
3004765,15.749259
3004766,0.21639405
3004767,139.21082
3004768,9.450923
3004769,3.7302608
3004770,3.8878164
3004771,84.42893
3004772,1.704622
3004773,64.29261
3004774,135.00356
3004775,3.4601367
3004776,6.099211
3004777,194.546
3004778,53.2444
3004779,134.87794
3004780,41.17751
3004781,11.188092
3004782,6.3839607
3004783,0.7764791
3004784,2.6428814
3004785,278.99725
3004786,0.15622835
3004787,134.64948
3004788,5.8922625
3004789,293.7831
3004790,291.5338
3004791,270.10474
3004792,48.609116
3004793,43.158073
3004794,130.9286
3004795,30.521353
3004796,1.4033862
3004797,12.755833
3004798,16.329826
3004799,0.26765567
3004800,143.41096
3004801,8.7309675
3004802,0.0
3004803,3.9856515
3004804,67.12511
3004805,2.948948
3004806,121.51058
3004807,165.65677
3004808,1.1630789
3004809,4.9552965
3004810,126.53653
3004811,24.909918
3004812,317.6093
3004813,3.1459773
3004814,3.5071054
3004815,6.288566
3004816,0.13177657
3004817,9.012749
3004818,145.44058
3004819,0.13177657
3004820,355.72348
3004821,11.28943
3004822,312.48868
3004823,255.70857
3004824,263.13202
3004825,168.48933
3004826,112.25016
3004827,131.14046
3004828,35.059532
3004829,1.4546865
3004830,22.476576
3004831,39.90934
3004832,0.25743937
3004833,221.15717
3004834,21.218956
3004835,15.539494
3004836,8.429744
3004837,116.58394
3004838,9.430751
3004839,355.3439
3004840,227.6408
3004841,8.38116
3004842,8.252087
3004843,366.4274
3004844,94.10052
3004845,20.363934
3004846,0.0
3004847,41.163406
3004848,7.5308614
3004849,0.10263027
3004850,6.2049026
3004851,317.6411
3004852,0.10263027
3004853,301.69473
3004854,8.684586
3004855,319.82233
3004856,339.68787
3004857,357.93127
3004858,77.9973
3004859,79.28349
3004860,310.6353
3004861,14.39555
3004862,0.36366442
3004863,23.094769
3004864,15.869589
3004865,0.13713045
3004866,256.68976
3004867,2.4366572
3004868,5.7374964
3004869,3.7495148
3004870,74.33978
3004871,1.3370678
3004872,230.84688
3004873,264.7054
3004874,3.7962236
3004875,5.879929
3004876,311.3286
3004877,69.555916
3004878,165.89662
3004879,82.98645
3004880,12.047168
3004881,10.425622
3004882,0.5218022
3004883,3.7228255
3004884,332.5868
3004885,0.10263027
3004886,317.31384
3004887,7.0170665
3004888,343.7376
3004889,326.47784
3004890,290.31497
3004891,175.573
3004892,89.95416
3004893,318.37183
3004894,14.71091
3004895,0.66251284
3004896,36.383686
3004897,31.145023
3004898,0.2897738
3004899,219.59595
3004900,4.4173503
3004901,3.6579964
3004902,9.313121
3004903,98.04288
3004904,2.0990202
3004905,92.88336
3004906,189.47177
3004907,2.5340347
3004908,7.834445
3004909,158.99315
3004910,152.13869
3004911,147.08589
3004912,0.4368339
3004913,6.129505
3004914,4.424675
3004915,0.30930024
3004916,2.1509702
3004917,270.5101
3004918,0.10263027
3004919,143.53926
3004920,8.936557
3004921,366.03098
3004922,297.32425
3004923,147.06297
3004924,54.145348
3004925,51.936657
3004926,289.88632
3004927,8.089474
3004928,0.8978652
3004929,20.617079
3004930,18.195013
3004931,0.13713045
3004932,146.0078
3004933,1.2963089
3004934,0.0
3004935,3.8429687
3004936,93.842545
3004937,2.4531083
3004938,105.44626
3004939,129.3215
3004940,0.99176705
3004941,5.4420204
3004942,150.8887
3004943,30.378656
3004944,324.5995
3004945,11.180432
3004946,2.7555459
3004947,1.8464915
3004948,0.121500656
3004949,2.461097
3004950,308.0214
3004951,0.21266331
3004952,244.30357
3004953,10.293025
3004954,236.92567
3004955,349.3568
3004956,150.07034
3004957,57.10232
3004958,70.122246
3004959,128.68716
3004960,25.047903
3004961,0.36267078
3004962,10.729884
3004963,20.95885
3004964,0.36267078
3004965,114.56502
3004966,11.848354
3004967,2.475196
3004968,3.908202
3004969,75.23195
3004970,4.6332088
3004971,330.7482
3004972,135.72769
3004973,3.3220272
3004974,5.4271717
3004975,328.20737
3004976,33.85616
3004977,19.487858
3004978,0.0
3004979,12.921518
3004980,2.5650227
3004981,0.3183319
3004982,4.008653
3004983,316.16907
3004984,0.22716914
3004985,254.7538
3004986,19.516659
3004987,332.57834
3004988,338.87152
3004989,317.68643
3004990,259.28998
3004991,199.79489
3004992,353.41196
3004993,35.994232
3004994,0.8107413
3004995,20.30438
3004996,34.6683
3004997,0.2616693
3004998,228.4026
3004999,12.564112
3005000,39.75592
3005001,9.8428135
3005002,145.38643
3005003,13.805152
3005004,347.11462
3005005,269.12842
3005006,15.110166
3005007,9.089552
3005008,315.1836
3005009,125.36778
3005010,17.600693
3005011,0.0
3005012,36.69913
3005013,3.0785193
3005014,0.16560008
3005015,5.514696
3005016,304.05215
3005017,0.11519845
3005018,300.78308
3005019,7.4237413
3005020,321.39667
3005021,250.90273
3005022,223.2335
3005023,144.83516
3005024,124.42566
3005025,310.13995
3005026,21.994003
3005027,1.119486
3005028,18.142267
3005029,20.32943
3005030,0.14969863
3005031,109.03858
3005032,0.13827388
3005033,27.209723
3005034,4.7129555
3005035,197.93767
3005036,10.040448
3005037,318.77252
3005038,118.976974
3005039,4.777722
3005040,6.480151
3005041,289.0237
3005042,40.81296
3005043,130.84274
3005044,0.7332018
3005045,7.184289
3005046,3.8542643
3005047,0.11990824
3005048,2.8949015
3005049,279.62775
3005050,0.11990824
3005051,195.84685
3005052,5.2215033
3005053,271.42874
3005054,200.99065
3005055,89.533195
3005056,33.811367
3005057,35.19115
3005058,118.910324
3005059,11.223924
3005060,0.67979074
3005061,8.5046215
3005062,9.161027
3005063,0.3610783
3005064,80.19073
3005065,0.21991073
3005066,9.277785
3005067,0.9411166
3005068,35.75791
3005069,0.23586734
3005070,347.6702
3005071,134.13956
3005072,2.3121526
3005073,1.1715938
3005074,198.8867
3005075,19.317019
3005076,322.8628
3005077,0.37173554
3005078,5.2847886
3005079,6.4782996
3005080,0.5278768
3005081,3.460434
3005082,268.42947
3005083,0.21973138
3005084,342.15494
3005085,16.395496
3005086,295.11813
3005087,325.3227
3005088,322.53595
3005089,266.31442
3005090,151.77655
3005091,175.68314
3005092,25.655151
3005093,2.3665009
3005094,24.957722
3005095,30.24046
3005096,0.36973885
3005097,191.05887
3005098,6.429617
3005099,36.355145
3005100,8.967622
3005101,138.51175
3005102,3.4262826
3005103,353.38156
3005104,198.98222
3005105,10.039579
3005106,9.000774
3005107,348.1172
3005108,78.79159
3005109,14.552053
3005110,1.003269
3005111,23.99429
3005112,6.4450727
3005113,0.11990824
3005114,2.9057307
3005115,306.40775
3005116,0.11990824
3005117,353.5278
3005118,16.89458
3005119,314.5456
3005120,329.19177
3005121,337.4004
3005122,177.79558
3005123,77.11915
3005124,142.06905
3005125,15.933879
3005126,1.1862706
3005127,29.747671
3005128,22.537153
3005129,0.9151431
3005130,214.47148
3005131,0.14298363
3005132,5.597493
3005133,5.1481457
3005134,63.876537
3005135,0.896993
3005136,171.78036
3005137,218.85327
3005138,4.6030846
3005139,4.4783163
3005140,224.74551
3005141,80.17732
3005142,233.74011
3005143,2.3458025
3005144,4.054422
3005145,5.6492386
3005146,0.44248873
3005147,3.454461
3005148,299.8345
3005149,0.11990824
3005150,350.94543
3005151,11.761695
3005152,305.15356
3005153,332.26205
3005154,287.34836
3005155,154.84283
3005156,84.38914
3005157,304.73752
3005158,15.573004
3005159,1.0879532
3005160,23.499363
3005161,18.287125
3005162,0.15440838
3005163,186.56912
3005164,0.14298363
3005165,5.786393
3005166,4.916177
3005167,131.80885
3005168,1.2974977
3005169,103.26162
3005170,181.15778
3005171,4.4933467
3005172,4.6304455
3005173,192.79747
3005174,61.42819
3005175,158.83615
3005176,1.5971353
3005177,6.5403433
3005178,11.706301
3005179,1.106161
3005180,14.380289
3005181,123.358536
3005182,0.15472151
3005183,298.47723
3005184,43.478096
3005185,98.55587
3005186,336.5907
3005187,350.965
3005188,380.9953
3005189,310.78494
3005190,272.76184
3005191,78.67776
3005192,2.6227205
3005193,55.814846
3005194,54.230892
3005195,0.60127693
3005196,362.98846
3005197,40.430374
3005198,57.06542
3005199,24.544964
3005200,244.76189
3005201,32.25738
3005202,138.16869
3005203,359.52225
3005204,17.961445
3005205,23.40689
3005206,344.5056
3005207,236.55571
3005208,45.668777
3005209,0.51166326
3005210,116.762596
3005211,3.0796463
3005212,0.52367
3005213,0.91114026
3005214,306.83777
3005215,0.11617926
3005216,136.87851
3005217,4.4649606
3005218,276.18005
3005219,227.9551
3005220,127.870705
3005221,139.73169
3005222,48.00931
3005223,176.0022
3005224,5.276983
3005225,0.3573493
3005226,11.754901
3005227,8.683312
3005228,0.30332276
3005229,157.77211
3005230,0.89427483
3005231,0.0
3005232,2.8450353
3005233,52.701714
3005234,0.7769055
3005235,51.792595
3005236,87.2397
3005237,1.9278222
3005238,3.660465
3005239,131.59692
3005240,21.462484
3005241,198.57335
3005242,0.0
3005243,3.305685
3005244,8.167731
3005245,0.2421099
3005246,2.2833228
3005247,284.5337
3005248,0.11237194
3005249,340.9282
3005250,10.057841
3005251,195.18285
3005252,307.98923
3005253,257.45776
3005254,241.84029
3005255,96.87229
3005256,175.26494
3005257,13.077471
3005258,0.353542
3005259,24.676704
3005260,20.411455
3005261,0.19727372
3005262,242.87637
3005263,1.2737696
3005264,6.284607
3005265,9.05305
3005266,22.970886
3005267,1.4354326
3005268,300.59048
3005269,213.7361
3005270,3.618287
3005271,6.539557
3005272,157.91423
3005273,65.218864
3005274,160.94717
3005275,1.4403151
3005276,6.218677
3005277,1.4538419
3005278,0.11617926
3005279,0.80502385
3005280,289.8399
3005281,0.11617926
3005282,96.43182
3005283,3.534488
3005284,319.44885
3005285,121.28179
3005286,94.01512
3005287,131.72299
3005288,17.970543
3005289,155.07921
3005290,1.7387143
3005291,0.3573493
3005292,8.241843
3005293,3.8964922
3005294,0.20108105
3005295,73.24054
3005296,0.13925467
3005297,0.0
3005298,0.45326507
3005299,53.979836
3005300,0.30785462
3005301,63.272163
3005302,63.203934
3005303,0.3563798
3005304,0.83849865
3005305,64.24452
3005306,10.094855
3005307,151.71487
3005308,0.0
3005309,1.7295973
3005310,6.8316884
3005311,0.10263027
3005312,2.3000355
3005313,299.832
3005314,0.10263027
3005315,175.29686
3005316,7.9387083
3005317,139.35165
3005318,303.92905
3005319,187.0673
3005320,102.61555
3005321,82.83299
3005322,122.75581
3005323,3.4498742
3005324,0.49329928
3005325,30.061398
3005326,17.113342
3005327,0.34380034
3005328,146.74373
3005329,0.12570569
3005330,0.0
3005331,12.012776
3005332,50.61552
3005333,1.0566459
3005334,200.44264
3005335,169.12672
3005336,1.7888336
3005337,3.450966
3005338,280.6915
3005339,30.338879
3005340,167.71266
3005341,0.0
3005342,0.6587516
3005343,2.8312469
3005344,0.33559686
3005345,2.8900287
3005346,283.18567
3005347,0.11617926
3005348,285.5095
3005349,8.410013
3005350,306.99246
3005351,219.70583
3005352,240.22923
3005353,119.62254
3005354,75.80718
3005355,140.16891
3005356,6.8892593
3005357,4.339769
3005358,31.06364
3005359,37.413757
3005360,0.22760655
3005361,183.58008
3005362,1.7604125
3005363,5.112895
3005364,3.0501077
3005365,44.305866
3005366,2.2312236
3005367,164.20514
3005368,248.28308
3005369,3.2361908
3005370,6.0283866
3005371,163.06625
3005372,32.672855
3005373,236.06572
3005374,3.1314933
3005375,2.4756424
3005376,3.3558376
3005377,0.114123374
3005378,0.32457328
3005379,267.83517
3005380,0.114123374
3005381,85.1433
3005382,3.0891135
3005383,325.08057
3005384,121.28282
3005385,103.572075
3005386,121.15127
3005387,51.51598
3005388,137.14563
3005389,7.0860786
3005390,0.5677952
3005391,8.575528
3005392,6.0290723
3005393,0.27035442
3005394,79.83997
3005395,0.13719882
3005396,0.0
3005397,0.25857115
3005398,65.88442
3005399,0.6872773
3005400,152.98323
3005401,69.18727
3005402,0.79084563
3005403,0.9883418
3005404,66.674805
3005405,18.23491
3005406,289.95163
3005407,0.0
3005408,1.1155524
3005409,4.5514793
3005410,0.13254353
3005411,0.53155345
3005412,268.78027
3005413,0.13254353
3005414,338.46204
3005415,10.48867
3005416,269.43314
3005417,328.32352
3005418,204.75938
3005419,115.954994
3005420,118.260506
3005421,313.05374
3005422,7.6620255
3005423,0.5943984
3005424,25.753391
3005425,12.496132
3005426,0.2887746
3005427,187.21428
3005428,0.15561895
3005429,29.835014
3005430,3.3875573
3005431,73.51218
3005432,1.0334235
3005433,197.60365
3005434,178.72125
3005435,2.5690677
3005436,2.91453
3005437,121.54107
3005438,43.877098
3005439,167.15753
3005440,0.754031
3005441,1.2535368
3005442,3.2513554
3005443,0.1567135
3005444,7.9732776
3005445,295.36118
3005446,0.1567135
3005447,257.83585
3005448,6.8766627
3005449,289.47174
3005450,233.26974
3005451,170.09448
3005452,125.52634
3005453,125.74358
3005454,124.222824
3005455,61.244717
3005456,1.2793539
3005457,37.034767
3005458,24.689913
3005459,0.5905215
3005460,208.86955
3005461,21.999905
3005462,25.337973
3005463,1.1922418
3005464,148.06029
3005465,9.767784
3005466,302.65552
3005467,232.7411
3005468,12.592193
3005469,15.161965
3005470,310.35434
3005471,78.45548
3005472,13.447054
3005473,0.0
3005474,15.973674
3005475,5.4775214
3005476,0.10263027
3005477,8.370155
3005478,312.15607
3005479,0.10263027
3005480,346.44183
3005481,15.01257
3005482,72.70878
3005483,251.14767
3005484,167.84776
3005485,80.97793
3005486,115.60113
3005487,128.78606
3005488,28.821459
3005489,1.1146022
3005490,37.687923
3005491,65.80102
3005492,0.13713045
3005493,258.66434
3005494,20.091759
3005495,16.811644
3005496,8.848571
3005497,110.6519
3005498,12.50088
3005499,247.98929
3005500,301.9289
3005501,6.9219933
3005502,10.631771
3005503,174.37035
3005504,95.352615
3005505,15.687078
3005506,17.691927
3005507,20.362938
3005508,8.922349
3005509,0.3325221
3005510,2.5387156
3005511,275.91562
3005512,0.1258521
3005513,273.6361
3005514,6.659624
3005515,175.076
3005516,325.42484
3005517,196.2417
3005518,226.4778
3005519,76.38332
3005520,137.03961
3005521,29.545927
3005522,1.8008524
3005523,20.998013
3005524,21.087122
3005525,0.21075387
3005526,286.97598
3005527,4.770693
3005528,16.146235
3005529,9.063532
3005530,75.696495
3005531,3.4734497
3005532,137.38039
3005533,257.6568
3005534,6.427271
3005535,10.3077755
3005536,254.77657
3005537,59.662655
3005538,164.78886
3005539,4.1846566
3005540,13.936753
3005541,4.276814
3005542,0.5470186
3005543,4.900267
3005544,165.14647
3005545,0.1395281
3005546,347.03983
3005547,7.763164
3005548,308.24796
3005549,323.23947
3005550,222.57014
3005551,138.45462
3005552,94.16777
3005553,142.15947
3005554,26.961197
3005555,1.6292615
3005556,15.418802
3005557,13.478511
3005558,0.22442986
3005559,183.54597
3005560,18.393965
3005561,24.462631
3005562,1.8069383
3005563,136.77007
3005564,6.994349
3005565,346.3625
3005566,214.96259
3005567,5.836341
3005568,8.476393
3005569,342.5033
3005570,48.976753
3005571,26.432768
3005572,0.0
3005573,28.579678
3005574,3.4477477
3005575,0.19805808
3005576,3.7448986
3005577,308.67468
3005578,0.12113097
3005579,317.6577
3005580,9.437644
3005581,320.0775
3005582,315.59784
3005583,279.871
3005584,145.93607
3005585,77.35529
3005586,146.79929
3005587,11.277061
3005588,2.200457
3005589,26.065382
3005590,28.12405
3005591,0.28536904
3005592,323.8031
3005593,0.14420637
3005594,0.03433292
3005595,7.138737
3005596,57.985973
3005597,1.9697988
3005598,127.33433
3005599,256.71652
3005600,3.0108533
3005601,9.31334
3005602,231.58165
3005603,56.825737
3005604,164.06412
3005605,0.0
3005606,5.9149375
3005607,6.5941477
3005608,0.12113097
3005609,8.695228
3005610,221.10681
3005611,0.12113097
3005612,349.9905
3005613,11.328714
3005614,292.46756
3005615,341.87308
3005616,222.77155
3005617,124.51601
3005618,151.46149
3005619,227.68463
3005620,43.46883
3005621,1.1306865
3005622,21.347816
3005623,32.147717
3005624,0.15563111
3005625,203.06236
3005626,17.529127
3005627,19.820156
3005628,7.9922853
3005629,137.70293
3005630,11.979351
3005631,327.0446
3005632,245.45027
3005633,12.575151
3005634,8.260587
3005635,255.40674
3005636,63.13355
3005637,12.450595
3005638,0.30036473
3005639,8.74131
3005640,3.4819536
3005641,0.1335722
3005642,4.8700275
3005643,244.04478
3005644,0.1335722
3005645,362.06686
3005646,11.055196
3005647,278.38467
3005648,257.18338
3005649,165.45845
3005650,125.20235
3005651,129.68037
3005652,307.23257
3005653,33.249023
3005654,0.84101975
3005655,29.177795
3005656,28.116909
3005657,0.16807236
3005658,164.60736
3005659,16.490435
3005660,41.698242
3005661,4.0894585
3005662,87.1846
3005663,9.702171
3005664,299.4967
3005665,193.13254
3005666,8.33931
3005667,7.8339787
3005668,279.4886
3005669,55.521378
3005670,110.75002
3005671,0.0
3005672,16.85727
3005673,5.873758
3005674,0.18127422
3005675,3.1675506
3005676,134.51181
3005677,0.13087262
3005678,184.16785
3005679,19.924267
3005680,259.6311
3005681,161.6604
3005682,313.5184
3005683,161.28899
3005684,72.26254
3005685,279.8188
3005686,9.496066
3005687,0.25653544
3005688,14.937615
3005689,19.268543
3005690,0.2157744
3005691,225.0474
3005692,0.15394802
3005693,7.4971333
3005694,1.6368179
3005695,117.5032
3005696,3.397505
3005697,180.34341
3005698,251.42686
3005699,3.2055035
3005700,2.6278396
3005701,278.55942
3005702,125.17064
3005703,190.86882
3005704,1.739809
3005705,1.1663082
3005706,14.278122
3005707,0.10263027
3005708,19.831766
3005709,169.05061
3005710,0.10263027
3005711,320.5199
3005712,30.956795
3005713,106.94231
3005714,319.28616
3005715,369.76053
3005716,374.10233
3005717,326.56003
3005718,263.85425
3005719,87.84124
3005720,4.4375653
3005721,124.54613
3005722,112.35283
3005723,0.26686838
3005724,358.65375
3005725,35.06721
3005726,28.26284
3005727,60.702362
3005728,283.80618
3005729,26.662657
3005730,127.51202
3005731,350.56528
3005732,39.85019
3005733,35.68911
3005734,378.7724
3005735,302.91956
3005736,44.240276
3005737,207.30675
3005738,122.75363
3005739,15.1062765
3005740,0.10775095
3005741,14.744555
3005742,139.35178
3005743,0.10775095
3005744,103.26902
3005745,27.070053
3005746,160.67398
3005747,202.26073
3005748,364.88394
3005749,360.83038
3005750,292.42224
3005751,277.7722
3005752,130.39331
3005753,1.6983079
3005754,63.72739
3005755,87.57142
3005756,0.7901575
3005757,363.76926
3005758,32.539013
3005759,42.52478
3005760,16.22917
3005761,295.19968
3005762,20.407278
3005763,139.28574
3005764,354.63586
3005765,22.240047
3005766,30.420933
3005767,307.7638
3005768,271.71475
3005769,49.955086
3005770,248.30919
3005771,102.778694
3005772,12.370922
3005773,0.10496676
3005774,20.758196
3005775,106.45866
3005776,0.1961294
3005777,338.25092
3005778,16.3465
3005779,71.97509
3005780,323.76315
3005781,331.74948
3005782,129.18712
3005783,238.53682
3005784,198.1103
3005785,50.235588
3005786,3.0761135
3005787,42.952477
3005788,26.62465
3005789,0.4620474
3005790,356.13354
3005791,25.65762
3005792,26.284912
3005793,15.327638
3005794,176.71286
3005795,10.442537
3005796,254.9185
3005797,267.45108
3005798,21.914495
3005799,45.958435
3005800,372.5384
3005801,142.38577
3005802,18.985916
3005803,227.7044
3005804,61.536137
3005805,17.055668
3005806,0.10496676
3005807,22.461832
3005808,102.75521
3005809,0.10496676
3005810,286.49097
3005811,23.54775
3005812,76.803116
3005813,315.424
3005814,353.4346
3005815,336.5085
3005816,255.46274
3005817,284.8575
3005818,64.28994
3005819,1.5448416
3005820,62.28165
3005821,71.041374
3005822,0.8820943
3005823,321.57755
3005824,32.897144
3005825,31.092646
3005826,32.814632
3005827,230.44089
3005828,16.742989
3005829,158.8872
3005830,348.41678
3005831,22.49562
3005832,28.335249
3005833,368.27203
3005834,243.98328
3005835,42.446884
3005836,277.66095
3005837,84.49755
3005838,12.637638
3005839,0.10496676
3005840,23.054684
3005841,86.353195
3005842,0.10496676
3005843,354.87234
3005844,19.011505
3005845,78.26523
3005846,335.57968
3005847,365.39398
3005848,100.480606
3005849,173.61858
3005850,213.16782
3005851,48.62748
3005852,0.6004099
3005853,36.722546
3005854,46.278202
3005855,0.23062955
3005856,353.555
3005857,33.978973
3005858,13.391421
3005859,6.595023
3005860,187.8759
3005861,5.8490577
3005862,322.63962
3005863,338.57236
3005864,16.663408
3005865,27.867365
3005866,375.5528
3005867,83.51968
3005868,25.139389
3005869,250.06906
3005870,30.468067
3005871,12.435068
3005872,0.10775095
3005873,11.376353
3005874,140.15016
3005875,0.10775095
3005876,296.25244
3005877,27.626831
3005878,63.897697
3005879,321.7517
3005880,353.52386
3005881,372.52576
3005882,330.21683
3005883,278.09686
3005884,63.656685
3005885,1.8181504
3005886,48.599144
3005887,76.45186
3005888,0.34892103
3005889,347.7915
3005890,10.355391
3005891,36.68242
3005892,10.725636
3005893,267.81418
3005894,20.109642
3005895,299.1836
3005896,344.61923
3005897,19.22721
3005898,29.099236
3005899,346.28186
3005900,232.00916
3005901,41.508316
3005902,284.68665
3005903,115.544205
3005904,5.4786577
3005905,0.49843076
3005906,6.2418194
3005907,317.4712
3005908,0.15472151
3005909,321.5425
3005910,26.265364
3005911,285.40784
3005912,219.33755
3005913,263.84576
3005914,86.58453
3005915,103.34517
3005916,152.1423
3005917,44.046947
3005918,1.1824054
3005919,30.294292
3005920,22.105951
3005921,0.39589158
3005922,181.65198
3005923,13.858693
3005924,8.985968
3005925,11.212093
3005926,84.63885
3005927,7.1052895
3005928,296.92496
3005929,204.11044
3005930,2.976605
3005931,6.442025
3005932,288.9247
3005933,59.621777
3005934,11.1088295
3005935,0.43285474
3005936,15.732588
3005937,10.6329365
3005938,0.13545895
3005939,14.481462
3005940,108.13314
3005941,0.13545895
3005942,364.16412
3005943,34.519157
3005944,100.6661
3005945,318.40326
3005946,351.43362
3005947,98.57475
3005948,166.74432
3005949,184.37267
3005950,102.63521
3005951,1.4760958
3005952,68.29148
3005953,37.707317
3005954,0.2611217
3005955,314.47955
3005956,24.014076
3005957,9.264249
3005958,2.7684143
3005959,188.78654
3005960,8.988473
3005961,373.1058
3005962,356.85455
3005963,13.291413
3005964,23.511627
3005965,353.11856
3005966,87.99176
3005967,25.3076
3005968,218.1816
3005969,24.464705
3005970,7.421494
3005971,0.14705095
3005972,8.42511
3005973,168.44977
3005974,0.14705095
3005975,250.67148
3005976,9.541537
3005977,97.81403
3005978,304.53372
3005979,310.42352
3005980,353.37753
3005981,270.2763
3005982,288.7579
3005983,45.007187
3005984,1.8994915
3005985,31.97589
3005986,43.50399
3005987,0.388221
3005988,304.05313
3005989,2.743436
3005990,43.217827
3005991,5.2773757
3005992,198.57573
3005993,10.03727
3005994,282.49173
3005995,280.37546
3005996,19.943495
3005997,9.399612
3005998,326.34534
3005999,128.24419
3006000,29.261204
3006001,3.1438704
3006002,63.38479
3006003,11.562124
3006004,0.11031605
3006005,9.192613
3006006,276.438
3006007,0.11031605
3006008,274.30273
3006009,13.606112
3006010,284.8412
3006011,290.07486
3006012,338.86517
3006013,262.07965
3006014,286.9618
3006015,307.0551
3006016,51.851788
3006017,3.3773017
3006018,57.43316
3006019,53.919857
3006020,0.35148612
3006021,317.4452
3006022,8.132055
3006023,60.29835
3006024,9.458944
3006025,263.9145
3006026,9.895292
3006027,347.8315
3006028,298.0223
3006029,15.1406765
3006030,26.324638
3006031,381.07123
3006032,146.6078
3006033,150.42596
3006034,4.464261
3006035,10.195082
3006036,9.650678
3006037,0.113921285
3006038,2.0711327
3006039,229.43019
3006040,0.113921285
3006041,338.49997
3006042,7.926708
3006043,214.16328
3006044,338.5349
3006045,242.16797
3006046,82.26693
3006047,147.63661
3006048,175.59372
3006049,14.991019
3006050,1.3888558
3006051,26.928581
3006052,19.54402
3006053,0.19882302
3006054,181.22371
3006055,5.7408295
3006056,13.064295
3006057,6.927248
3006058,152.64786
3006059,3.5664232
3006060,357.91394
3006061,204.46509
3006062,5.0429745
3006063,6.588881
3006064,237.43874
3006065,62.93457
3006066,8.0847845
3006067,0.020142594
3006068,3.2543569
3006069,6.280423
3006070,0.104686156
3006071,1.3892382
3006072,256.08575
3006073,0.104686156
3006074,181.15826
3006075,4.8354926
3006076,276.66608
3006077,207.87851
3006078,212.16258
3006079,65.58404
3006080,33.915092
3006081,127.50939
3006082,9.707856
3006083,0.94128215
3006084,24.883759
3006085,9.705443
3006086,0.18958794
3006087,165.8345
3006088,0.12776157
3006089,0.0
3006090,3.6790864
3006091,29.300667
3006092,1.0699975
3006093,45.81971
3006094,139.4149
3006095,0.20951532
3006096,2.0064924
3006097,65.96352
3006098,74.31886
3006099,320.0326
3006100,0.0
3006101,2.571565
3006102,6.4049716
3006103,0.13177657
3006104,6.8091435
3006105,162.08313
3006106,0.13177657
3006107,340.03268
3006108,14.936682
3006109,120.27679
3006110,272.95673
3006111,342.15723
3006112,170.3138
3006113,155.62225
3006114,176.7445
3006115,33.297577
3006116,1.0705177
3006117,29.332958
3006118,63.33848
3006119,0.16627674
3006120,265.6838
3006121,21.25571
3006122,18.552555
3006123,14.465831
3006124,135.03763
3006125,6.8621545
3006126,343.51233
3006127,278.59778
3006128,8.855192
3006129,14.717997
3006130,366.3867
3006131,109.04669
3006132,43.087753
3006133,0.0
3006134,47.63124
3006135,4.9069505
3006136,0.22466396
3006137,7.0669994
3006138,167.19374
3006139,0.22466396
3006140,249.43
3006141,20.6995
3006142,67.93089
3006143,317.4625
3006144,222.87616
3006145,297.56854
3006146,220.54597
3006147,167.72374
3006148,35.191185
3006149,2.3381603
3006150,31.46064
3006151,31.932922
3006152,0.7660172
3006153,224.6605
3006154,14.201741
3006155,44.80958
3006156,7.4209094
3006157,231.2579
3006158,14.602213
3006159,368.12195
3006160,220.96175
3006161,6.401221
3006162,15.904703
3006163,347.04346
3006164,137.2789
3006165,40.197502
3006166,0.0
3006167,53.55507
3006168,4.407944
3006169,0.64698964
3006170,11.370553
3006171,175.03775
3006172,0.12305072
3006173,300.18475
3006174,22.181639
3006175,72.8444
3006176,338.9123
3006177,310.29074
3006178,312.75607
3006179,172.46997
3006180,152.66878
3006181,51.23128
3006182,3.4362512
3006183,34.56237
3006184,47.24082
3006185,0.15755089
3006186,303.76675
3006187,27.092613
3006188,33.181835
3006189,23.71984
3006190,187.21605
3006191,19.887999
3006192,356.13382
3006193,295.54965
3006194,19.478443
3006195,20.270744
3006196,347.5797
3006197,148.39961
3006198,10.453119
3006199,2.3057175
3006200,60.45875
3006201,11.4313965
3006202,0.52235866
3006203,7.9480977
3006204,194.85526
3006205,0.12305072
3006206,353.0077
3006207,15.828738
3006208,190.8335
3006209,286.87808
3006210,353.26245
3006211,154.51535
3006212,97.071815
3006213,166.86395
3006214,12.711843
3006215,1.0526474
3006216,44.765087
3006217,45.223648
3006218,0.15755089
3006219,311.62207
3006220,11.421862
3006221,4.6509185
3006222,6.8309073
3006223,65.828064
3006224,3.334256
3006225,314.56586
3006226,309.12436
3006227,6.806798
3006228,6.928932
3006229,321.3648
3006230,104.473755
3006231,168.88829
3006232,108.151726
3006233,15.651374
3006234,5.883643
3006235,0.07624918
3006236,4.3187556
3006237,187.38612
3006238,0.087318465
3006239,290.8045
3006240,18.782608
3006241,311.6094
3006242,347.31308
3006243,128.97733
3006244,137.67038
3006245,148.13425
3006246,129.13095
3006247,16.624346
3006248,1.8189868
3006249,22.227797
3006250,18.946709
3006251,0.6837151
3006252,171.54051
3006253,15.0360365
3006254,18.858635
3006255,6.8135886
3006256,137.65968
3006257,7.3522425
3006258,215.28316
3006259,168.81955
3006260,4.158162
3006261,10.5965395
3006262,246.48926
3006263,64.75576
3006264,27.176714
3006265,0.0
3006266,28.765745
3006267,1.8651158
3006268,0.19949225
3006269,2.6614764
3006270,320.01437
3006271,0.19949225
3006272,102.998886
3006273,6.9370575
3006274,332.50055
3006275,302.32184
3006276,271.61234
3006277,53.199146
3006278,53.51425
3006279,152.59291
3006280,8.5855
3006281,0.6386167
3006282,14.724393
3006283,11.3516
3006284,0.27551445
3006285,188.28569
3006286,5.324757
3006287,3.0436435
3006288,2.376427
3006289,26.059181
3006290,0.49682325
3006291,185.04283
3006292,190.80891
3006293,1.2122917
3006294,5.7766404
3006295,126.468445
3006296,32.235096
3006297,284.90015
3006298,11.83666
3006299,1.9472609
3006300,11.01625
3006301,0.3082372
3006302,6.157498
3006303,173.21579
3006304,0.1827192
3006305,306.222
3006306,17.692099
3006307,145.4944
3006308,350.06158
3006309,339.8158
3006310,252.98659
3006311,114.30235
3006312,151.57474
3006313,41.22086
3006314,1.1086735
3006315,39.79832
3006316,26.892458
3006317,0.3285018
3006318,348.23944
3006319,10.764938
3006320,2.382719
3006321,12.521489
3006322,73.54907
3006323,2.894157
3006324,265.65765
3006325,336.3415
3006326,3.8956187
3006327,17.960167
3006328,308.00317
3006329,120.10526
3006330,163.948
3006331,25.979042
3006332,17.341156
3006333,7.696468
3006334,0.3254072
3006335,0.8770799
3006336,289.75565
3006337,0.3254072
3006338,173.95235
3006339,16.297356
3006340,298.3269
3006341,328.544
3006342,197.26143
3006343,61.8782
3006344,64.64432
3006345,269.22653
3006346,12.054007
3006347,0.64809775
3006348,20.897795
3006349,25.0657
3006350,0.51545656
3006351,175.83606
3006352,10.145636
3006353,0.09859088
3006354,9.030406
3006355,72.21154
3006356,1.6041423
3006357,149.56454
3006358,187.026
3006359,1.7764843
3006360,8.905564
3006361,152.1283
3006362,37.595406
3006363,334.3599
3006364,8.832023
3006365,4.3663907
3006366,5.928055
3006367,0.32344252
3006368,5.854287
3006369,283.32648
3006370,0.32344252
3006371,124.90574
3006372,10.539436
3006373,319.97916
3006374,292.94592
3006375,184.2556
3006376,54.259216
3006377,45.733494
3006378,149.26813
3006379,22.284859
3006380,0.42957586
3006381,21.162083
3006382,13.78071
3006383,0.3690119
3006384,165.90074
3006385,1.706654
3006386,0.09662622
3006387,3.579208
3006388,72.67952
3006389,2.3569334
3006390,165.78764
3006391,221.94643
3006392,0.6584095
3006393,7.166686
3006394,122.54842
3006395,27.02338
3006396,220.69421
3006397,13.159957
3006398,2.1468725
3006399,5.0910816
3006400,0.17075354
3006401,3.7814357
3006402,341.4587
3006403,0.17075354
3006404,187.42049
3006405,11.454889
3006406,323.97104
3006407,343.61096
3006408,269.31683
3006409,43.235104
3006410,64.93175
3006411,286.1006
3006412,11.160838
3006413,0.76123613
3006414,12.935059
3006415,26.459208
3006416,0.38705477
3006417,268.98462
3006418,1.667949
3006419,3.0149045
3006420,4.201419
3006421,26.649002
3006422,2.6135192
3006423,284.25415
3006424,300.57254
3006425,1.4500184
3006426,5.995818
3006427,160.92352
3006428,97.18409
3006429,338.70325
3006430,6.9986424
3006431,7.898839
3006432,4.9435835
3006433,3.067072
3006434,4.6274004
3006435,239.71144
3006436,0.15934965
3006437,145.11537
3006438,4.5648894
3006439,118.48193
3006440,321.95578
3006441,247.34825
3006442,87.00975
3006443,84.06324
3006444,133.60698
3006445,9.318982
3006446,1.71432
3006447,17.386965
3006448,21.537195
3006449,0.36882496
3006450,231.23239
3006451,9.704879
3006452,0.0
3006453,5.885801
3006454,34.889503
3006455,2.138681
3006456,124.027565
3006457,206.33205
3006458,0.93680525
3006459,6.153276
3006460,105.7753
3006461,41.211006
3006462,232.8356
3006463,12.360724
3006464,6.246694
3006465,6.3448853
3006466,0.4155776
3006467,2.4241252
3006468,277.208
3006469,0.15727863
3006470,150.56253
3006471,7.489058
3006472,292.10477
3006473,269.54837
3006474,163.3093
3006475,132.11975
3006476,60.747215
3006477,231.83246
3006478,6.548076
3006479,0.47298312
3006480,14.565771
3006481,17.174086
3006482,0.47298312
3006483,168.92245
3006484,0.18035403
3006485,3.00143
3006486,3.0857463
3006487,56.674496
3006488,2.1190784
3006489,58.862705
3006490,156.41338
3006491,1.2209929
3006492,3.9397857
3006493,61.858967
3006494,40.371696
3006495,292.6144
3006496,2.8746471
3006497,1.159215
3006498,11.149407
3006499,0.9574409
3006500,5.523202
3006501,275.30045
3006502,0.17907181
3006503,322.40173
3006504,9.393376
3006505,278.19788
3006506,231.03644
3006507,339.30063
3006508,210.3042
3006509,182.55176
3006510,145.33714
3006511,22.892483
3006512,1.9791039
3006513,26.816519
3006514,31.691404
3006515,0.4718709
3006516,314.16006
3006517,0.9019119
3006518,3.023223
3006519,11.290836
3006520,80.494194
3006521,5.4356766
3006522,272.09525
3006523,315.06946
3006524,2.5538793
3006525,12.289137
3006526,320.12637
3006527,69.13084
3006528,236.21198
3006529,44.699356
3006530,19.831074
3006531,5.3382382
3006532,0.7468227
3006533,7.024134
3006534,292.84723
3006535,0.18094262
3006536,282.01184
3006537,12.679411
3006538,249.84766
3006539,302.22174
3006540,241.39426
3006541,205.45001
3006542,110.08467
3006543,269.99915
3006544,15.7940445
3006545,1.4603902
3006546,29.34777
3006547,24.964725
3006548,0.40265852
3006549,227.70392
3006550,12.749513
3006551,5.3030853
3006552,10.469074
3006553,86.72438
3006554,2.6555827
3006555,104.26381
3006556,192.79631
3006557,5.694655
3006558,9.66935
3006559,210.87784
3006560,57.347656
3006561,134.45602
3006562,74.753265
3006563,21.958878
3006564,8.574294
3006565,1.0739068
3006566,5.0862765
3006567,276.25668
3006568,0.31156102
3006569,211.66866
3006570,8.727226
3006571,329.83646
3006572,338.81638
3006573,321.3761
3006574,66.48303
3006575,55.548573
3006576,136.94627
3006577,33.344826
3006578,1.9176095
3006579,20.12083
3006580,27.512552
3006581,0.44421992
3006582,257.0695
3006583,12.671328
3006584,0.13360052
3006585,5.551744
3006586,86.10857
3006587,3.798377
3006588,210.34909
3006589,260.59406
3006590,1.7975848
3006591,6.843954
3006592,255.198
3006593,31.593525
3006594,343.79645
3006595,16.446733
3006596,6.0697956
3006597,9.796809
3006598,0.19949225
3006599,10.451339
3006600,125.57966
3006601,0.19949225
3006602,290.4775
3006603,15.208767
3006604,323.8462
3006605,255.08308
3006606,252.1825
3006607,179.6375
3006608,155.26505
3006609,111.90247
3006610,56.5089
3006611,2.2162144
3006612,22.789503
3006613,41.69874
3006614,0.42971045
3006615,295.8737
3006616,29.97051
3006617,22.954927
3006618,6.900754
3006619,178.38441
3006620,13.383583
3006621,340.36057
3006622,309.4255
3006623,11.87689
3006624,10.935097
3006625,344.42886
3006626,122.58138
3006627,29.095207
3006628,2.8477092
3006629,40.681507
3006630,11.329063
3006631,0.1896022
3006632,8.66343
3006633,289.4681
3006634,0.15914944
3006635,350.97778
3006636,12.678071
3006637,305.20377
3006638,344.93738
3006639,356.54922
3006640,122.672905
3006641,152.19107
3006642,270.4907
3006643,18.807135
3006644,0.6040071
3006645,29.517994
3006646,20.158892
3006647,0.19364959
3006648,348.81552
3006649,3.503752
3006650,7.8486505
3006651,5.3595605
3006652,109.688805
3006653,2.0652716
3006654,316.0954
3006655,332.9372
3006656,6.0988913
3006657,9.480334
3006658,310.09274
3006659,90.48896
3006660,170.89445
3006661,87.09564
3006662,23.293394
3006663,15.032685
3006664,0.74382335
3006665,6.6326804
3006666,300.67252
3006667,0.15914944
3006668,338.63867
3006669,10.622381
3006670,310.61102
3006671,358.43054
3006672,314.04263
3006673,277.96332
3006674,149.10823
3006675,273.99826
3006676,20.344276
3006677,0.9630672
3006678,49.43772
3006679,41.39666
3006680,0.48058712
3006681,336.9039
3006682,6.526787
3006683,4.827103
3006684,13.312204
3006685,158.59431
3006686,2.8110576
3006687,137.50858
3006688,309.56485
3006689,3.9169009
3006690,7.693997
3006691,206.26465
3006692,171.60284
3006693,141.7486
3006694,3.87473
3006695,11.461075
3006696,6.277054
3006697,0.48913682
3006698,3.1787593
3006699,251.307
3006700,0.1503331
3006701,144.17091
3006702,12.593358
3006703,319.07703
3006704,330.20303
3006705,138.33107
3006706,54.84073
3006707,100.27578
3006708,261.7539
3006709,12.385617
3006710,1.2698017
3006711,29.089676
3006712,23.188828
3006713,0.18483326
3006714,192.54202
3006715,2.195186
3006716,3.0433397
3006717,5.5543666
3006718,131.58858
3006719,3.2701988
3006720,110.80246
3006721,166.4589
3006722,1.5001547
3006723,7.652982
3006724,167.2215
3006725,41.208447
3006726,338.35287
3006727,26.332594
3006728,6.16613
3006729,2.7791193
3006730,0.1584633
3006731,4.7183313
3006732,295.45386
3006733,0.2847745
3006734,265.29153
3006735,14.816511
3006736,246.41
3006737,321.71536
3006738,134.00333
3006739,49.839058
3006740,82.87844
3006741,131.57802
3006742,29.521387
3006743,0.47627723
3006744,16.321508
3006745,24.253143
3006746,0.47627723
3006747,133.86357
3006748,16.54712
3006749,3.505253
3006750,3.7072926
3006751,93.72266
3006752,6.29631
3006753,287.4895
3006754,157.93442
3006755,5.0403657
3006756,7.372451
3006757,277.59598
3006758,43.23517
3006759,22.4727
3006760,0.0
3006761,9.36663
3006762,3.585378
3006763,0.4041727
3006764,6.58913
3006765,305.45535
3006766,0.29177842
3006767,268.74548
3006768,22.448566
3006769,302.94427
3006770,317.59503
3006771,314.0763
3006772,246.98831
3006773,196.17998
3006774,312.23862
3006775,42.48398
3006776,1.0014867
3006777,25.275932
3006778,39.156208
3006779,0.32627848
3006780,282.99432
3006781,16.30923
3006782,43.982166
3006783,13.200243
3006784,159.57645
3006785,15.9276905
3006786,335.8785
3006787,313.85663
3006788,22.093466
3006789,12.283851
3006790,335.90967
3006791,135.52747
3006792,19.405521
3006793,0.0
3006794,26.133055
3006795,4.956122
3006796,0.2679909
3006797,5.4063897
3006798,287.2393
3006799,0.16590485
3006800,324.4917
3006801,11.084951
3006802,340.8882
3006803,288.79092
3006804,181.18596
3006805,130.54977
3006806,195.70445
3006807,274.7042
3006808,31.497824
3006809,1.6870042
3006810,24.85618
3006811,23.774384
3006812,0.200405
3006813,148.72601
3006814,0.18898025
3006815,34.01986
3006816,6.9410844
3006817,214.24725
3006818,15.502213
3006819,213.77533
3006820,152.55016
3006821,6.7209964
3006822,10.065964
3006823,217.14992
3006824,54.239258
3006825,145.48006
3006826,1.1522695
3006827,7.3150125
3006828,5.9951844
3006829,0.31757417
3006830,3.0107274
3006831,301.63156
3006832,0.30410942
3006833,256.7702
3006834,8.133834
3006835,308.5259
3006836,279.24463
3006837,93.45054
3006838,37.882835
3006839,45.552593
3006840,123.49028
3006841,17.667274
3006842,0.8305375
3006843,11.607945
3006844,12.602874
3006845,0.6080061
3006846,107.973076
3006847,0.42534357
3006848,9.176073
3006849,1.3710103
3006850,45.41889
3006851,0.44130018
3006852,270.39954
3006853,141.09721
3006854,3.6158347
3006855,5.3396993
3006856,164.17609
3006857,29.62588
3006858,334.34183
3006859,0.71703297
3006860,3.6586626
3006861,10.38508
3006862,0.7629523
3006863,6.71709
3006864,263.86374
3006865,0.32088515
3006866,316.02396
3006867,26.106106
3006868,301.14453
3006869,279.78552
3006870,329.30334
3006871,272.61188
3006872,231.94983
3006873,234.30975
3006874,38.219467
3006875,3.764653
3006876,29.19952
3006877,48.02417
3006878,0.57375675
3006879,277.06866
3006880,10.991003
3006881,59.106205
3006882,12.300989
3006883,218.8148
3006884,5.6786942
3006885,315.68054
3006886,291.1629
3006887,13.686758
3006888,13.67228
3006889,333.7491
3006890,97.36968
3006891,22.333088
3006892,1.5939131
3006893,20.267965
3006894,9.495868
3006895,0.21410015
3006896,5.7667685
3006897,319.37024
3006898,0.21410015
3006899,364.60104
3006900,20.950594
3006901,308.44934
3006902,337.56735
3006903,328.79907
3006904,259.39035
3006905,116.99061
3006906,127.562355
3006907,19.56201
3006908,1.661843
3006909,38.49603
3006910,30.3355
3006911,1.3053991
3006912,299.33533
3006913,0.2371755
3006914,8.332532
3006915,7.7388496
3006916,130.33685
3006917,1.2330685
3006918,212.13039
3006919,312.49393
3006920,6.8443327
3006921,6.4594097
3006922,260.46912
3006923,87.34579
3006924,164.47194
3006925,4.034274
3006926,8.944217
3006927,9.111863
3006928,0.67858064
3006929,4.1730695
3006930,262.77716
3006931,0.21410015
3006932,365.04718
3006933,16.047821
3006934,279.41827
3006935,350.4357
3006936,267.76648
3006937,218.63411
3006938,180.90633
3006939,263.67474
3006940,24.798502
3006941,1.5863823
3006942,29.779009
3006943,28.10267
3006944,0.24860021
3006945,285.0447
3006946,0.2371755
3006947,8.69683
3006948,7.881754
3006949,227.26283
3006950,1.9126585
3006951,116.17493
3006952,241.36736
3006953,6.9235325
3006954,6.9027796
3006955,210.05177
3006956,70.911156
3006957,163.30083
3006958,2.3783698
3006959,10.6629505
3006960,15.679864
3006961,1.5472063
3006962,20.869408
3006963,111.10067
3006964,0.17769906
3006965,286.5518
3006966,47.51936
3006967,108.659035
3006968,319.86633
3006969,346.70163
3006970,337.12817
3006971,338.26355
3006972,283.73346
3006973,96.86238
3006974,3.8663983
3006975,65.96912
3006976,60.927002
3006977,0.39368173
3006978,353.57388
3006979,58.582275
3006980,69.06968
3006981,29.810993
3006982,268.1228
3006983,40.405754
3006984,62.39604
3006985,366.16443
3006986,23.871815
3006987,35.453297
3006988,175.071
3006989,283.61267
3006990,49.873634
3006991,0.8392504
3006992,94.74101
3006993,4.373015
3006994,0.76428527
3006995,0.92503065
3006996,297.1506
3006997,0.15322343
3006998,164.60497
3006999,5.738032
3007000,279.96112
3007001,306.6641
3007002,120.16674
3007003,152.2099
3007004,76.31767
3007005,181.83594
3007006,8.055034
3007007,0.4571204
3007008,14.771094
3007009,11.10668
3007010,0.3856041
3007011,164.81833
3007012,1.1690879
3007013,0.0
3007014,4.3040442
3007015,67.17934
3007016,0.95604444
3007017,57.752968
3007018,100.82855
3007019,2.6424327
3007020,5.337583
3007021,117.96193
3007022,26.759966
3007023,216.7324
3007024,0.0
3007025,5.237952
3007026,11.681968
3007027,0.3292761
3007028,3.4039185
3007029,303.60483
3007030,0.15509424
3007031,353.53857
3007032,13.100682
3007033,119.83516
3007034,221.20367
3007035,276.8449
3007036,289.2208
3007037,152.27193
3007038,182.90654
3007039,19.420013
3007040,0.45819792
3007041,30.646242
3007042,26.351725
3007043,0.18959439
3007044,303.09848
3007045,1.6206112
3007046,7.7525263
3007047,12.890055
3007048,36.075558
3007049,1.960304
3007050,329.07504
3007051,288.55957
3007052,5.246857
3007053,9.48061
3007054,146.59146
3007055,71.919106
3007056,159.28474
3007057,2.1641533
3007058,8.325209
3007059,2.0588112
3007060,0.15322343
3007061,0.99537045
3007062,262.50217
3007063,0.15322343
3007064,118.602005
3007065,4.9869027
3007066,330.89435
3007067,172.663
3007068,98.21231
3007069,163.84422
3007070,28.66172
3007071,149.8353
3007072,2.7350092
3007073,0.4571204
3007074,11.506772
3007075,5.532951
3007076,0.25935683
3007077,105.00693
3007078,0.17629883
3007079,0.0
3007080,0.6049392
3007081,84.029816
3007082,0.46165228
3007083,71.011894
3007084,84.71526
3007085,0.4881906
3007086,1.1350555
3007087,61.39464
3007088,14.000342
3007089,227.31378
3007090,0.0
3007091,1.2868788
3007092,10.213117
3007093,0.17076698
3007094,3.2782035
3007095,196.10063
3007096,0.17076698
3007097,250.80737
3007098,11.735668
3007099,108.52666
3007100,330.63477
3007101,188.82101
3007102,153.52715
3007103,155.61488
3007104,119.62721
3007105,4.9798512
3007106,0.7256094
3007107,34.80272
3007108,26.185032
3007109,0.5440707
3007110,242.89935
3007111,0.19384238
3007112,3.0637736
3007113,17.4026
3007114,69.41522
3007115,1.4222946
3007116,290.859
3007117,253.51744
3007118,2.3187547
3007119,5.400407
3007120,226.46378
3007121,35.62364
3007122,164.74
3007123,2.9369912
3007124,2.412267
3007125,4.376061
3007126,0.42369783
3007127,2.1546497
3007128,270.44717
3007129,0.15509424
3007130,272.7568
3007131,11.682301
3007132,326.2901
3007133,283.24408
3007134,230.05814
3007135,136.05081
3007136,90.3895
3007137,136.55646
3007138,9.574125
3007139,6.3070917
3007140,37.334595
3007141,49.903873
3007142,0.28695983
3007143,228.66983
3007144,2.3842578
3007145,7.5552254
3007146,4.357108
3007147,63.47269
3007148,2.5981424
3007149,172.28667
3007150,303.72742
3007151,4.464107
3007152,8.019357
3007153,139.949
3007154,39.467556
3007155,227.56554
3007156,5.0210953
3007157,5.603476
3007158,5.4905763
3007159,0.17076698
3007160,0.393551
3007161,245.54388
3007162,0.17076698
3007163,111.80975
3007164,4.669645
3007165,339.9787
3007166,200.41121
3007167,99.35905
3007168,172.76445
3007169,118.48883
3007170,135.70427
3007171,10.737524
3007172,0.7886119
3007173,12.280726
3007174,10.107261
3007175,0.44964913
3007176,105.00906
3007177,0.19384238
3007178,3.0637736
3007179,0.5487241
3007180,130.08159
3007181,0.9294773
3007182,193.53944
3007183,99.06655
3007184,1.1504827
3007185,1.4435626
3007186,56.02323
3007187,24.523794
3007188,324.47543
3007189,3.0283568
3007190,2.9988475
3007191,6.3404527
3007192,0.18259606
3007193,0.7358429
3007194,281.79388
3007195,0.18259606
3007196,356.32938
3007197,14.368051
3007198,314.96564
3007199,361.30408
3007200,213.44637
3007201,151.22218
3007202,201.2587
3007203,287.58896
3007204,11.354501
3007205,0.48649305
3007206,41.10324
3007207,13.968809
3007208,0.32949045
3007209,235.09532
3007210,0.20567146
3007211,35.98174
3007212,4.152737
3007213,133.72176
3007214,1.295187
3007215,219.75073
3007216,245.15358
3007217,3.7252223
3007218,4.389182
3007219,126.951645
3007220,46.648537
3007221,166.41327
3007222,1.1211952
3007223,0.9325887
3007224,4.4189944
3007225,0.15322343
3007226,9.794904
3007227,334.6327
3007228,0.15322343
3007229,321.86252
3007230,9.539418
3007231,290.7393
3007232,260.0966
3007233,159.9974
3007234,137.75523
3007235,116.99023
3007236,126.33107
3007237,60.03193
3007238,1.7436295
3007239,34.477463
3007240,30.887379
3007241,0.6597449
3007242,266.3568
3007243,29.544893
3007244,24.980217
3007245,1.5284117
3007246,153.64772
3007247,12.332479
3007248,234.6509
3007249,285.8438
3007250,15.544571
3007251,17.031342
3007252,256.58594
3007253,69.1322
3007254,19.224781
3007255,0.0
3007256,14.213113
3007257,8.161024
3007258,0.17076698
3007259,11.767151
3007260,338.71603
3007261,0.17076698
3007262,364.59805
3007263,17.582241
3007264,72.56562
3007265,262.46176
3007266,170.90945
3007267,113.56358
3007268,131.7281
3007269,156.78185
3007270,35.26716
3007271,1.5539187
3007272,51.387367
3007273,59.90538
3007274,0.20526713
3007275,319.73788
3007276,32.15162
3007277,21.8578
3007278,12.45654
3007279,156.94
3007280,16.31619
3007281,167.14275
3007282,334.5676
3007283,9.984634
3007284,13.982009
3007285,160.80719
3007286,96.59199
3007287,22.884048
3007288,20.407057
3007289,20.60936
3007290,12.945399
3007291,0.49552304
3007292,4.9572783
3007293,264.4998
3007294,0.22691944
3007295,253.76768
3007296,8.355518
3007297,153.93752
3007298,353.94397
3007299,196.50801
3007300,293.87314
3007301,130.66899
3007302,132.68407
3007303,38.176537
3007304,2.414672
3007305,34.17505
3007306,25.102257
3007307,0.32198358
3007308,326.4126
3007309,7.16282
3007310,18.765137
3007311,14.934469
3007312,99.308975
3007313,4.785314
3007314,184.10777
3007315,321.27414
3007316,8.718438
3007317,13.94052
3007318,288.94727
3007319,62.694065
3007320,164.35005
3007321,13.228874
3007322,20.785841
3007323,6.109474
3007324,0.90687156
3007325,7.1691413
3007326,159.8489
3007327,0.21922112
3007328,334.8771
3007329,11.05451
3007330,332.93686
3007331,318.6795
3007332,226.0407
3007333,166.1892
3007334,119.1334
3007335,144.74323
3007336,39.487453
3007337,2.5604248
3007338,20.904217
3007339,17.607807
3007340,0.3142852
3007341,261.68225
3007342,24.972017
3007343,27.982998
3007344,2.8572516
3007345,182.67192
3007346,10.163588
3007347,328.1258
3007348,284.6631
3007349,8.752134
3007350,11.650678
3007351,333.99124
3007352,57.90543
3007353,29.943792
3007354,2.878511
3007355,31.460194
3007356,5.068737
3007357,0.33833265
3007358,4.533481
3007359,297.14758
3007360,0.17076698
3007361,340.97925
3007362,17.357962
3007363,338.6952
3007364,344.15622
3007365,295.90573
3007366,195.88098
3007367,101.454865
3007368,119.07691
3007369,13.258617
3007370,3.2133677
3007371,32.868355
3007372,32.636215
3007373,0.47255456
3007374,325.25394
3007375,0.19384238
3007376,3.2348545
3007377,10.41452
3007378,95.87288
3007379,2.69373
3007380,146.5547
3007381,316.18152
3007382,4.0285535
3007383,12.475185
3007384,186.18703
3007385,64.76052
3007386,173.23221
3007387,2.9369912
3007388,9.452081
3007389,10.2177305
3007390,0.21228907
3007391,10.364229
3007392,236.84421
3007393,0.17076698
3007394,359.80563
3007395,14.685928
3007396,318.66754
3007397,358.27527
3007398,248.7824
3007399,144.68748
3007400,216.1092
3007401,224.70605
3007402,66.122765
3007403,1.7846634
3007404,36.871643
3007405,47.10854
3007406,0.24678916
3007407,298.55872
3007408,29.373207
3007409,27.523842
3007410,11.581007
3007411,202.44128
3007412,17.29155
3007413,243.3668
3007414,311.81677
3007415,17.162308
3007416,11.361608
3007417,226.8018
3007418,74.43093
3007419,14.594997
3007420,0.5311736
3007421,9.181553
3007422,5.1698933
3007423,0.22504863
3007424,7.7545753
3007425,236.06696
3007426,0.22504863
3007427,351.74
3007428,13.2777605
3007429,271.82254
3007430,252.58743
3007431,178.96518
3007432,140.55356
3007433,124.05034
3007434,275.70764
3007435,40.650303
3007436,1.0890703
3007437,35.018276
3007438,37.794395
3007439,0.27061808
3007440,239.04007
3007441,24.225077
3007442,47.991535
3007443,8.315663
3007444,117.64483
3007445,12.382207
3007446,256.70926
3007447,281.30515
3007448,11.806025
3007449,10.955638
3007450,234.72058
3007451,62.497635
3007452,114.52475
3007453,0.0
3007454,16.726982
3007455,8.585583
3007456,0.27341622
3007457,5.9087753
3007458,106.11811
3007459,0.20178291
3007460,182.81593
3007461,22.589325
3007462,257.91678
3007463,147.82681
3007464,304.66013
3007465,214.88956
3007466,104.290665
3007467,244.03278
3007468,12.842812
3007469,0.3486773
3007470,26.212847
3007471,26.715906
3007472,0.3079163
3007473,282.7051
3007474,0.22485831
3007475,10.750466
3007476,1.9804158
3007477,197.42357
3007478,5.2711334
3007479,204.47655
3007480,317.97083
3007481,4.9418173
3007482,3.6712182
3007483,271.86832
3007484,147.21033
3007485,224.31696
3007486,2.4967952
3007487,1.325608
3007488,22.881609
3007489,0.15914944
3007490,25.913176
3007491,132.89531
3007492,0.15914944
3007493,322.54343
3007494,34.214417
3007495,126.26629
3007496,307.02893
3007497,357.26297
3007498,290.3157
3007499,345.97003
3007500,283.0041
3007501,94.973045
3007502,6.3641686
3007503,148.13058
3007504,157.02663
3007505,0.5280068
3007506,347.71826
3007507,56.715324
3007508,39.854626
3007509,65.107704
3007510,307.0435
3007511,38.035213
3007512,68.017105
3007513,353.0372
3007514,59.548744
3007515,47.688805
3007516,247.49925
3007517,338.3343
3007518,60.298027
3007519,233.84724
3007520,112.59362
3007521,22.984116
3007522,0.15914944
3007523,20.507566
3007524,124.374245
3007525,0.1896022
3007526,105.06059
3007527,36.45093
3007528,167.46799
3007529,204.60716
3007530,323.03467
3007531,337.68356
3007532,329.83868
3007533,304.13602
3007534,186.31778
3007535,2.4774742
3007536,83.81567
3007537,98.54542
3007538,1.0743155
3007539,361.71005
3007540,42.155037
3007541,49.309414
3007542,13.718298
3007543,318.99042
3007544,27.611563
3007545,82.77343
3007546,337.94284
3007547,34.51436
3007548,41.230118
3007549,126.796745
3007550,309.15723
3007551,76.06161
3007552,277.83368
3007553,105.84449
3007554,18.011335
3007555,0.18094262
3007556,30.31226
3007557,97.82647
3007558,0.36815843
3007559,255.74785
3007560,22.773022
3007561,82.00431
3007562,311.3994
3007563,311.434
3007564,195.76376
3007565,327.16467
3007566,283.2229
3007567,63.412624
3007568,4.896944
3007569,59.117565
3007570,37.069283
3007571,0.72184676
3007572,364.0809
3007573,54.64747
3007574,39.414597
3007575,14.232027
3007576,233.66429
3007577,14.93315
3007578,240.3869
3007579,260.68234
3007580,36.098896
3007581,71.49073
3007582,310.82755
3007583,170.98364
3007584,34.582428
3007585,249.10394
3007586,60.879086
3007587,23.7627
3007588,0.18094262
3007589,29.983868
3007590,96.93635
3007591,0.21139538
3007592,279.68887
3007593,30.213142
3007594,85.75629
3007595,314.23297
3007596,287.02493
3007597,335.1054
3007598,304.4834
3007599,255.44756
3007600,69.072296
3007601,2.5854793
3007602,82.931015
3007603,95.74852
3007604,1.5126212
3007605,347.44012
3007606,54.634834
3007607,39.93793
3007608,29.306091
3007609,294.94928
3007610,22.537832
3007611,43.73559
3007612,337.62637
3007613,31.882452
3007614,42.70913
3007615,295.266
3007616,292.40985
3007617,53.8817
3007618,298.3192
3007619,74.59781
3007620,20.23898
3007621,0.18094262
3007622,29.352283
3007623,107.48592
3007624,0.18094262
3007625,333.06555
3007626,28.285625
3007627,98.23795
3007628,231.09694
3007629,353.06342
3007630,147.18707
3007631,249.77129
3007632,268.4878
3007633,60.51881
3007634,0.943381
3007635,40.474545
3007636,53.515514
3007637,0.41689402
3007638,356.37683
3007639,49.169186
3007640,19.400963
3007641,13.288986
3007642,226.37247
3007643,9.261266
3007644,281.71945
3007645,360.98135
3007646,26.192648
3007647,37.95405
3007648,306.39584
3007649,121.19335
3007650,28.188717
3007651,254.93117
3007652,31.44032
3007653,16.592737
3007654,0.15914944
3007655,17.113684
3007656,121.13367
3007657,0.15914944
3007658,239.76013
3007659,33.642113
3007660,94.08008
3007661,307.0415
3007662,350.72794
3007663,349.24698
3007664,340.73285
3007665,291.74365
3007666,73.37933
3007667,2.5474927
3007668,65.250275
3007669,84.99978
3007670,0.62280095
3007671,356.802
3007672,21.333776
3007673,41.20866
3007674,18.163488
3007675,307.2759
3007676,26.201593
3007677,223.43823
3007678,350.84473
3007679,24.986723
3007680,39.082233
3007681,208.68697
3007682,261.81815
3007683,55.52997
3007684,274.42862
3007685,84.28208
3007686,7.8632917
3007687,0.73467106
3007688,9.299249
3007689,321.41165
3007690,0.17769906
3007691,337.34708
3007692,32.42537
3007693,300.51675
3007694,200.96214
3007695,222.33511
3007696,90.237495
3007697,135.15215
3007698,156.185
3007699,59.346146
3007700,1.6451805
3007701,33.29203
3007702,25.563337
3007703,0.5649197
3007704,219.93266
3007705,18.046741
3007706,11.778078
3007707,13.99483
3007708,107.55533
3007709,10.197695
3007710,264.35468
3007711,274.76315
3007712,4.5273814
3007713,9.058263
3007714,235.81071
3007715,62.226177
3007716,12.270764
3007717,0.7096925
3007718,9.44717
3007719,14.094031
3007720,0.21343109
3007721,20.204952
3007722,113.84047
3007723,0.21343109
3007724,312.30084
3007725,43.58383
3007726,96.098335
3007727,327.4596
3007728,335.53815
3007729,133.5329
3007730,194.11514
3007731,209.08517
3007732,139.61255
3007733,2.0686343
3007734,75.61396
3007735,45.764183
3007736,0.37344912
3007737,324.07788
3007738,29.03553
3007739,13.292082
3007740,4.754931
3007741,186.02289
3007742,13.8395
3007743,317.06027
3007744,345.50497
3007745,19.34339
3007746,36.19276
3007747,321.0784
3007748,106.93846
3007749,34.75516
3007750,240.82967
3007751,24.721794
3007752,10.428769
3007753,0.20365372
3007754,9.435452
3007755,160.50163
3007756,0.20365372
3007757,288.09824
3007758,13.367805
3007759,84.23401
3007760,294.87158
3007761,299.9124
3007762,328.70728
3007763,290.19412
3007764,293.07065
3007765,55.732044
3007766,2.6986682
3007767,46.36298
3007768,54.961536
3007769,0.6028037
3007770,330.6698
3007771,4.026392
3007772,55.531452
3007773,8.038337
3007774,253.7887
3007775,14.076204
3007776,175.05492
3007777,335.02856
3007778,27.197483
3007779,14.990716
3007780,87.33067
3007781,141.73341
3007782,49.96731
3007783,5.0679727
3007784,49.81802
3007785,16.177366
3007786,0.17263779
3007787,12.388608
3007788,272.5711
3007789,0.17263779
3007790,265.36923
3007791,16.929403
3007792,276.01962
3007793,289.8221
3007794,336.22247
3007795,256.30518
3007796,324.5456
3007797,295.8179
3007798,65.33616
3007799,5.1362643
3007800,67.5809
3007801,57.510033
3007802,0.5516748
3007803,340.7055
3007804,14.252457
3007805,73.311104
3007806,12.88213
3007807,293.21957
3007808,15.9289
3007809,323.90204
3007810,349.6603
3007811,21.256613
3007812,35.00674
3007813,349.45056
3007814,140.42776
3007815,163.56078
3007816,6.8862977
3007817,11.922641
3007818,12.309429
3007819,0.19256017
3007820,5.260232
3007821,239.66124
3007822,0.19256017
3007823,343.3276
3007824,11.026067
3007825,141.84839
3007826,304.27768
3007827,266.87308
3007828,107.67956
3007829,207.51775
3007830,161.74522
3007831,23.753742
3007832,2.2674534
3007833,41.800755
3007834,35.28401
3007835,0.32914633
3007836,252.38239
3007837,7.626396
3007838,19.885477
3007839,10.33133
3007840,218.30539
3007841,5.3497148
3007842,290.78635
3007843,288.84778
3007844,6.6087956
3007845,10.010583
3007846,220.66856
3007847,80.24474
3007848,12.909259
3007849,3.27365
3007850,4.579281
3007851,9.883062
3007852,0.22504863
3007853,2.1165676
3007854,274.00888
3007855,0.22504863
3007856,254.33667
3007857,7.24335
3007858,283.69693
3007859,281.21817
3007860,243.13623
3007861,67.48602
3007862,59.230373
3007863,124.81487
3007864,13.951703
3007865,1.24931
3007866,28.00552
3007867,13.735556
3007868,0.33118203
3007869,269.48868
3007870,0.24812397
3007871,0.047088116
3007872,5.355538
3007873,52.325047
3007874,1.3572987
3007875,49.97631
3007876,203.78282
3007877,0.35110945
3007878,2.789987
3007879,78.634834
3007880,96.45072
3007881,280.9034
3007882,0.0
3007883,3.6722002
3007884,10.210671
3007885,0.2410143
3007886,8.769161
3007887,135.73189
3007888,0.19949225
3007889,301.47696
3007890,18.573105
3007891,101.5265
3007892,274.05624
3007893,344.76797
3007894,204.11345
3007895,217.76714
3007896,192.57394
3007897,44.43253
3007898,1.5012196
3007899,41.275017
3007900,70.8879
3007901,0.2339924
3007902,332.92154
3007903,32.445854
3007904,22.258623
3007905,16.972935
3007906,201.18004
3007907,9.611095
3007908,338.82864
3007909,327.81058
3007910,12.357496
3007911,18.858227
3007912,290.07938
3007913,128.60986
3007914,42.210716
3007915,2.8477092
3007916,41.969345
3007917,6.5550804
3007918,0.2797851
3007919,7.5302863
3007920,140.94037
3007921,0.2797851
3007922,238.09338
3007923,25.37107
3007924,86.76798
3007925,340.82846
3007926,173.75859
3007927,255.50322
3007928,267.44836
3007929,217.05624
3007930,40.282883
3007931,3.3291016
3007932,37.524494
3007933,41.57119
3007934,1.020736
3007935,232.36302
3007936,18.740925
3007937,46.298107
3007938,11.753789
3007939,275.61377
3007940,17.685955
3007941,335.77164
3007942,224.69032
3007943,8.856784
3007944,21.951101
3007945,193.5006
3007946,140.01398
3007947,44.08382
3007948,3.2072082
3007949,41.62472
3007950,6.8317065
3007951,0.9499215
3007952,15.53657
3007953,131.2298
3007954,0.21922112
3007955,327.6567
3007956,25.363867
3007957,85.168045
3007958,324.21704
3007959,323.08023
3007960,319.38016
3007961,187.85007
3007962,199.19481
3007963,53.552128
3007964,5.3388867
3007965,53.32261
3007966,67.590065
3007967,0.21219921
3007968,336.63113
3007969,43.063614
3007970,42.256035
3007971,28.103048
3007972,227.06323
3007973,24.45883
3007974,347.6646
3007975,339.3553
3007976,24.633518
3007977,24.90918
3007978,201.13591
3007979,175.88943
3007980,29.324713
3007981,2.930132
3007982,45.02775
3007983,16.732344
3007984,0.7749152
3007985,11.271716
3007986,145.74208
3007987,0.17956987
3007988,350.42764
3007989,23.385857
3007990,155.12627
3007991,220.73637
3007992,318.96436
3007993,227.89116
3007994,140.2525
3007995,156.45049
3007996,17.345362
3007997,1.7346271
3007998,52.575768
3007999,54.993168
3008000,0.21407002
3008001,357.47916
3008002,15.411953
3008003,6.765989
3008004,10.393414
3008005,104.960945
3008006,4.6096463
3008007,340.13434
3008008,351.85275
3008009,9.631288
3008010,9.625847
3008011,338.67944
3008012,134.16978
3008013,174.68098
3008014,140.3715
3008015,24.366646
3008016,3.6033363
3008017,0.0
3008018,2.700334
3008019,167.97794
3008020,0.0
3008021,218.53058
3008022,6.686818
3008023,260.0791
3008024,331.72852
3008025,52.438274
3008026,69.19503
3008027,52.47414
3008028,121.25825
3008029,10.357883
3008030,0.876586
3008031,7.603195
3008032,11.791701
3008033,0.0
3008034,84.46614
3008035,9.338493
3008036,11.797046
3008037,5.5639267
3008038,36.168682
3008039,5.158228
3008040,122.70775
3008041,85.10052
3008042,3.274408
3008043,5.702373
3008044,131.31462
3008045,47.177086
3008046,9.76158
3008047,0.0
3008048,14.786824
3008049,1.8029811
3008050,0.18165477
3008051,2.633619
3008052,290.72858
3008053,0.18165477
3008054,128.93259
3008055,5.659351
3008056,330.17313
3008057,306.08682
3008058,288.74673
3008059,64.74397
3008060,41.927216
3008061,156.48796
3008062,9.00173
3008063,0.5610685
3008064,12.310463
3008065,10.297687
3008066,0.19796625
3008067,183.31473
3008068,5.4605627
3008069,3.4055157
3008070,1.9078948
3008071,16.921677
3008072,0.47959554
3008073,189.96158
3008074,195.72397
3008075,1.1950641
3008076,5.0844417
3008077,194.43964
3008078,32.729717
3008079,280.63583
3008080,10.53206
3008081,2.6076908
3008082,10.031768
3008083,0.25319406
3008084,5.6235337
3008085,159.3921
3008086,0.13354412
3008087,345.01755
3008088,14.996326
3008089,116.64641
3008090,353.14444
3008091,352.4188
3008092,288.23773
3008093,104.9723
3008094,138.43008
3008095,36.414627
3008096,1.0329577
3008097,39.235542
3008098,27.921595
3008099,0.27696332
3008100,353.86508
3008101,12.650778
3008102,3.1331015
3008103,10.620362
3008104,39.198322
3008105,2.999208
3008106,250.06062
3008107,348.3484
3008108,3.9513123
3008109,17.542246
3008110,319.39627
3008111,96.92286
3008112,164.55507
3008113,40.63707
3008114,14.412918
3008115,7.849466
3008116,0.14224726
3008117,0.7528138
3008118,289.01395
3008119,0.14224726
3008120,196.65659
3008121,14.504415
3008122,285.84293
3008123,323.7477
3008124,206.37929
3008125,56.844578
3008126,39.51063
3008127,254.76204
3008128,11.642814
3008129,0.30013996
3008130,13.40326
3008131,23.967337
3008132,0.18629237
3008133,171.04433
3008134,10.045179
3008135,0.0
3008136,11.36506
3008137,45.812145
3008138,1.3526957
3008139,144.94675
3008140,194.91833
3008141,1.6211053
3008142,9.170424
3008143,156.2708
3008144,34.72428
3008145,328.6268
3008146,9.680993
3008147,3.7103145
3008148,5.700028
3008149,0.14224726
3008150,5.8247967
3008151,288.21387
3008152,0.14224726
3008153,130.00102
3008154,9.541928
3008155,296.05194
3008156,278.69266
3008157,153.18288
3008158,49.072205
3008159,31.574856
3008160,165.95474
3008161,18.145662
3008162,0.1023763
3008163,20.086452
3008164,11.649153
3008165,0.041812386
3008166,129.9671
3008167,1.5482994
3008168,0.0
3008169,3.3938444
3008170,32.22864
3008171,1.8698442
3008172,135.68356
3008173,189.13837
3008174,0.37169486
3008175,7.2074428
3008176,106.81666
3008177,28.592325
3008178,180.52937
3008179,12.3876095
3008180,1.2221634
3008181,4.738017
3008182,0.14704753
3008183,2.3421836
3008184,308.75546
3008185,0.14704753
3008186,154.67575
3008187,11.127399
3008188,295.0593
3008189,320.55383
3008190,204.9917
3008191,44.495934
3008192,36.207405
3008193,267.5735
3008194,7.3379655
3008195,0.6213233
3008196,11.335152
3008197,22.70458
3008198,0.3036381
3008199,182.45514
3008200,1.5307648
3008201,2.832387
3008202,3.5072417
3008203,19.612747
3008204,2.3395708
3008205,202.69246
3008206,200.10483
3008207,1.3074462
3008208,5.5331993
3008209,70.571625
3008210,80.77281
3008211,334.5487
3008212,6.247538
3008213,5.029683
3008214,5.7451863
3008215,0.70785534
3008216,4.737763
3008217,239.8437
3008218,0.098232105
3008219,133.80055
3008220,4.24219
3008221,107.23194
3008222,298.52448
3008223,225.60384
3008224,89.34172
3008225,57.338036
3008226,128.48218
3008227,9.322443
3008228,1.5949031
3008229,12.216671
3008230,21.310995
3008231,0.2479966
3008232,196.61482
3008233,9.77346
3008234,0.0
3008235,4.27514
3008236,19.271881
3008237,1.8047494
3008238,111.43942
3008239,195.77411
3008240,0.8762975
3008241,5.652771
3008242,88.88422
3008243,36.56612
3008244,215.04956
3008245,20.222736
3008246,5.4210176
3008247,6.082061
3008248,0.3977401
3008249,3.2437143
3008250,316.3553
3008251,0.13944115
3008252,234.60141
3008253,6.7314425
3008254,295.61078
3008255,325.29745
3008256,227.38817
3008257,141.45905
3008258,42.424675
3008259,252.96329
3008260,9.55005
3008261,0.3725295
3008262,14.387232
3008263,18.5105
3008264,0.39543495
3008265,210.35616
3008266,0.13323313
3008267,3.3633022
3008268,2.9801443
3008269,36.696472
3008270,2.023807
3008271,62.231865
3008272,201.28671
3008273,1.2174438
3008274,4.3384337
3008275,73.9047
3008276,46.220592
3008277,302.0482
3008278,3.2478614
3008279,1.3529466
3008280,10.896547
3008281,0.95455325
3008282,5.2853227
3008283,266.63663
3008284,0.16123433
3008285,341.78918
3008286,8.292638
3008287,261.84625
3008288,212.26324
3008289,343.62195
3008290,264.95267
3008291,133.49165
3008292,171.91255
3008293,23.767082
3008294,1.8791656
3008295,31.502632
3008296,33.067013
3008297,0.39432272
3008298,328.72116
3008299,1.0813148
3008300,3.3850951
3008301,11.563153
3008302,56.65594
3008303,5.2792497
3008304,291.92828
3008305,327.34283
3008306,2.5546608
3008307,12.02472
3008308,332.26865
3008309,71.754654
3008310,244.79202
3008311,62.73418
3008312,19.773417
3008313,5.4459453
3008314,0.7832747
3008315,7.5126395
3008316,287.81192
3008317,0.16310515
3008318,280.4693
3008319,9.778175
3008320,252.64844
3008321,282.71008
3008322,243.45045
3008323,246.59094
3008324,69.55074
3008325,261.06778
3008326,19.07894
3008327,1.495778
3008328,29.06311
3008329,23.535473
3008330,0.4169014
3008331,245.91473
3008332,14.253098
3008333,5.5015984
3008334,6.284333
3008335,57.647278
3008336,2.700451
3008337,123.52173
3008338,217.48454
3008339,5.900424
3008340,10.937107
3008341,244.7427
3008342,55.857357
3008343,144.73088
3008344,74.033134
3008345,18.003332
3008346,8.522781
3008347,0.8607844
3008348,4.120117
3008349,250.4007
3008350,0.098438814
3008351,200.91682
3008352,7.816189
3008353,314.58673
3008354,321.10187
3008355,290.58734
3008356,79.20409
3008357,40.838028
3008358,135.17184
3008359,35.913822
3008360,1.5320126
3008361,16.181084
3008362,20.14781
3008363,0.17138703
3008364,189.51135
3008365,13.298456
3008366,0.0
3008367,5.7434716
3008368,33.436108
3008369,3.5124626
3008370,119.56801
3008371,197.39375
3008372,1.5369964
3008373,6.7313232
3008374,75.22326
3008375,30.509647
3008376,335.04874
3008377,6.941649
3008378,5.195606
3008379,9.925123
3008380,0.18165477
3008381,11.674407
3008382,112.89231
3008383,0.18165477
3008384,289.88522
3008385,13.175388
3008386,308.79163
3008387,260.54428
3008388,254.69551
3008389,246.98634
3008390,120.87298
3008391,131.8496
3008392,56.39393
3008393,3.293651
3008394,22.650953
3008395,39.023796
3008396,0.3953173
3008397,293.6943
3008398,32.600903
3008399,21.836086
3008400,5.9459796
3008401,90.96412
3008402,12.400701
3008403,340.67078
3008404,317.1595
3008405,11.441756
3008406,10.3684025
3008407,337.59628
3008408,125.85688
3008409,29.067575
3008410,3.220923
3008411,44.793148
3008412,11.953839
3008413,0.17176472
3008414,9.6296015
3008415,284.10178
3008416,0.14131196
3008417,359.71667
3008418,11.844076
3008419,282.89514
3008420,321.1438
3008421,362.47864
3008422,169.57501
3008423,101.90532
3008424,266.75076
3008425,20.1445
3008426,0.61824995
3008427,32.28802
3008428,27.317265
3008429,0.1681884
3008430,331.35608
3008431,4.0726047
3008432,9.346708
3008433,7.1814656
3008434,66.07858
3008435,2.2826264
3008436,318.66675
3008437,345.8998
3008438,6.39408
3008439,9.7237015
3008440,328.32516
3008441,104.35724
3008442,171.20995
3008443,82.84283
3008444,19.450909
3008445,14.821754
3008446,0.8077285
3008447,7.254339
3008448,296.78696
3008449,0.14131196
3008450,363.64523
3008451,8.90595
3008452,294.52432
3008453,369.16772
3008454,335.4151
3008455,298.7304
3008456,88.02
3008457,258.80286
3008458,25.146217
3008459,1.0035312
3008460,51.237675
3008461,45.726143
3008462,0.4093437
3008463,336.10117
3008464,7.8227506
3008465,5.352642
3008466,13.634705
3008467,77.99385
3008468,2.5249598
3008469,180.27171
3008470,329.89526
3008471,4.297552
3008472,7.9437084
3008473,252.2205
3008474,199.16162
3008475,234.92297
3008476,4.3917427
3008477,10.4338045
3008478,6.3335185
3008479,0.47129932
3008480,3.0940764
3008481,244.94745
3008482,0.13249563
3008483,162.83246
3008484,10.139829
3008485,329.18478
3008486,326.04883
3008487,161.77263
3008488,51.684826
3008489,52.04618
3008490,242.52806
3008491,11.704218
3008492,1.1922535
3008493,27.405674
3008494,22.381227
3008495,0.10728504
3008496,183.94405
3008497,0.914707
3008498,3.405212
3008499,5.4852657
3008500,73.55611
3008501,3.2346735
3008502,105.92781
3008503,187.26782
3008504,1.4140593
3008505,8.101687
3008506,151.46985
3008507,38.75082
3008508,335.12878
3008509,12.699894
3008510,3.2204719
3008511,2.7060769
3008512,0.111252874
3008513,3.2400262
3008514,328.05014
3008515,0.23756409
3008516,273.42004
3008517,13.353296
3008518,234.18295
3008519,339.46567
3008520,137.3405
3008521,53.46197
3008522,65.675934
3008523,123.90121
3008524,22.872232
3008525,0.3693561
3008526,16.068865
3008527,20.665339
3008528,0.3693561
3008529,159.85168
3008530,15.948814
3008531,4.4178615
3008532,5.4215117
3008533,66.83436
3008534,6.0782723
3008535,306.25714
3008536,191.16214
3008537,4.684845
3008538,7.5170474
3008539,305.72418
3008540,33.33324
3008541,22.484316
3008542,0.24621367
3008543,9.05938
3008544,3.313171
3008545,0.26848286
3008546,5.3630147
3008547,274.34836
3008548,0.11293353
3008549,252.88312
3008550,18.166372
3008551,255.01443
3008552,269.08337
3008553,296.55484
3008554,231.76527
3008555,136.7965
3008556,264.4157
3008557,43.720997
3008558,0.76293105
3008559,22.776531
3008560,38.11181
3008561,0.087723
3008562,277.66946
3008563,14.944693
3008564,35.874043
3008565,11.748908
3008566,74.83337
3008567,14.826857
3008568,327.1356
3008569,310.19388
3008570,20.789192
3008571,12.1992035
3008572,323.5151
3008573,113.29581
3008574,35.806396
3008575,0.0
3008576,22.722815
3008577,4.982014
3008578,0.25015336
3008579,5.4639645
3008580,283.79602
3008581,0.14806737
3008582,321.89685
3008583,9.745657
3008584,328.28177
3008585,283.74854
3008586,158.03448
3008587,135.28996
3008588,139.15178
3008589,257.85938
3008590,32.56792
3008591,1.6855049
3008592,19.087414
3008593,22.032047
3008594,0.12285678
3008595,143.39612
3008596,0.14185935
3008597,27.450487
3008598,7.6095486
3008599,158.23735
3008600,13.700464
3008601,199.85948
3008602,142.11488
3008603,6.982877
3008604,9.327332
3008605,193.23936
3008606,47.83152
3008607,138.9717
3008608,1.1711563
3008609,5.917515
3008610,5.711636
3008611,0.1281482
3008612,0.6632395
3008613,292.89987
3008614,0.1281482
3008615,287.8862
3008616,7.604405
3008617,321.8589
3008618,309.3799
3008619,115.06389
3008620,50.792576
3008621,42.254364
3008622,134.391
3008623,19.816124
3008624,0.59486556
3008625,12.693496
3008626,12.648412
3008627,0.37233445
3008628,120.94175
3008629,0.2200989
3008630,8.382698
3008631,1.2195227
3008632,29.072685
3008633,0.23942323
3008634,289.12512
3008635,172.68306
3008636,3.332876
3008637,1.5851644
3008638,193.5424
3008639,28.321217
3008640,330.6764
3008641,0.5265619
3008642,3.727613
3008643,10.0237465
3008644,0.77473485
3008645,7.075032
3008646,238.69815
3008647,0.27652216
3008648,347.85104
3008649,21.621328
3008650,318.08856
3008651,273.3945
3008652,323.21826
3008653,310.87344
3008654,159.1789
3008655,171.07446
3008656,44.223587
3008657,3.8438904
3008658,27.774717
3008659,36.958477
3008660,0.5015377
3008661,313.96005
3008662,11.205921
3008663,53.672497
3008664,12.328295
3008665,144.26686
3008666,5.2999783
3008667,325.08945
3008668,328.45044
3008669,14.2950945
3008670,12.507296
3008671,345.74594
3008672,112.66224
3008673,23.500551
3008674,1.5848367
3008675,23.031788
3008676,9.583883
3008677,0.19626267
3008678,4.9089384
3008679,321.81686
3008680,0.19626267
3008681,377.4736
3008682,17.935595
3008683,333.21518
3008684,337.26724
3008685,343.65747
3008686,285.47427
3008687,83.94023
3008688,129.04118
3008689,21.217627
3008690,1.6139146
3008691,37.288704
3008692,27.978674
3008693,1.2628001
3008694,331.67667
3008695,0.19005466
3008696,7.7096744
3008697,7.925877
3008698,84.74358
3008699,1.2508075
3008700,246.88385
3008701,335.72256
3008702,6.816092
3008703,6.5429735
3008704,302.349
3008705,95.45765
3008706,164.83394
3008707,3.9700804
3008708,6.506229
3008709,9.271593
3008710,0.6607432
3008711,3.9834495
3008712,262.10294
3008713,0.19626267
3008714,378.5574
3008715,14.705928
3008716,264.0324
3008717,361.14697
3008718,310.61655
3008719,282.03745
3008720,93.97988
3008721,259.19083
3008722,26.65901
3008723,1.5239695
3008724,34.7059
3008725,27.95987
3008726,0.1710521
3008727,318.3777
3008728,0.19005466
3008729,8.6866255
3008730,7.1799817
3008731,89.37702
3008732,1.6641347
3008733,135.85016
3008734,293.81076
3008735,7.076379
3008736,6.216804
3008737,255.65485
3008738,76.499054
3008739,166.21338
3008740,2.4197018
3008741,9.432249
3008742,14.7792635
3008743,1.507181
3008744,21.5147
3008745,112.06721
3008746,0.15986158
3008747,276.55728
3008748,39.770397
3008749,92.84838
3008750,295.29343
3008751,335.85974
3008752,350.9064
3008753,334.1582
3008754,290.05457
3008755,105.684456
3008756,3.858351
3008757,77.48377
3008758,76.222984
3008759,0.31613356
3008760,359.4759
3008761,59.652298
3008762,63.607582
3008763,32.629898
3008764,233.4348
3008765,34.833218
3008766,39.287464
3008767,350.8497
3008768,24.400215
3008769,32.44718
3008770,178.44131
3008771,284.351
3008772,31.182938
3008773,0.7988823
3008774,98.234146
3008775,4.1985188
3008776,0.7464478
3008777,0.9071932
3008778,308.9676
3008779,0.13538595
3008780,187.9074
3008781,5.69123
3008782,289.11963
3008783,310.09326
3008784,135.95955
3008785,157.59872
3008786,48.99659
3008787,184.73438
3008788,9.882768
3008789,0.3795722
3008790,15.74547
3008791,11.5246
3008792,0.30805594
3008793,138.81352
3008794,1.230003
3008795,0.0
3008796,4.145126
3008797,43.973564
3008798,0.9388168
3008799,61.629932
3008800,103.87805
3008801,2.5467732
3008802,5.4518113
3008803,117.2363
3008804,25.680948
3008805,233.7069
3008806,0.0
3008807,4.9504223
3008808,11.190566
3008809,0.30557063
3008810,4.130302
3008811,303.22723
3008812,0.13725676
3008813,350.41177
3008814,11.6455145
3008815,114.50623
3008816,249.90347
3008817,304.5675
3008818,313.84097
3008819,91.02039
3008820,139.89061
3008821,22.313442
3008822,0.4379971
3008823,30.282812
3008824,27.13036
3008825,0.16413319
3008826,331.71884
3008827,1.3876597
3008828,8.24363
3008829,12.607382
3008830,17.213507
3008831,1.9082177
3008832,330.1084
3008833,320.04477
3008834,5.2892113
3008835,9.99869
3008836,166.33516
3008837,81.35942
3008838,159.64674
3008839,2.3633146
3008840,6.562164
3008841,2.1090631
3008842,0.13538595
3008843,0.98787
3008844,257.26285
3008845,0.13538595
3008846,167.761
3008847,5.1726947
3008848,357.889
3008849,195.24033
3008850,103.39645
3008851,184.62303
3008852,22.663916
3008853,137.17793
3008854,5.7487063
3008855,0.3795722
3008856,11.508153
3008857,5.5815277
3008858,0.18180862
3008859,98.02095
3008860,0.12917793
3008861,0.0
3008862,0.571651
3008863,35.815533
3008864,0.44442463
3008865,74.08733
3008866,83.905846
3008867,0.47096294
3008868,1.1178279
3008869,64.46042
3008870,13.297316
3008871,263.50156
3008872,0.0
3008873,2.5449572
3008874,9.584738
3008875,0.1529295
3008876,3.5969589
3008877,213.40724
3008878,0.1529295
3008879,305.74747
3008880,11.568982
3008881,110.58342
3008882,336.77713
3008883,192.61388
3008884,159.73338
3008885,52.154224
3008886,132.51463
3008887,5.5579476
3008888,0.6480612
3008889,35.150234
3008890,23.910368
3008891,0.35267508
3008892,277.66388
3008893,0.14672148
3008894,2.887125
3008895,17.19413
3008896,48.720753
3008897,1.5310562
3008898,293.15067
3008899,285.2221
3008900,2.2547176
3008901,5.8272696
3008902,258.4855
3008903,31.931854
3008904,165.102
3008905,2.7716842
3008906,0.6674677
3008907,4.3376374
3008908,0.39999235
3008909,2.3958688
3008910,251.04582
3008911,0.13725676
3008912,262.54825
3008913,9.809696
3008914,332.28836
3008915,248.5106
3008916,220.8096
3008917,139.11604
3008918,65.326675
3008919,127.499825
3008920,11.295313
3008921,5.8478913
3008922,35.990433
3008923,48.83941
3008924,0.22469714
3008925,206.93596
3008926,2.8768582
3008927,5.881149
3008928,4.0403843
3008929,35.13749
3008930,2.6980913
3008931,173.54124
3008932,297.74344
3008933,3.9440386
3008934,8.965661
3008935,137.60551
3008936,36.595882
3008937,211.64331
3008938,5.349679
3008939,3.6362112
3008940,5.2328587
3008941,0.1529295
3008942,0.5880286
3008943,182.84343
3008944,0.1529295
3008945,148.42265
3008946,4.2003765
3008947,336.21997
3008948,236.06038
3008949,122.656845
3008950,199.684
3008951,54.087536
3008952,125.516975
3008953,14.023528
3008954,0.7446522
3008955,13.443734
3008956,10.623427
3008957,0.3631773
3008958,129.3593
3008959,0.14672148
3008960,2.887125
3008961,0.4827615
3008962,86.27752
3008963,0.9417149
3008964,225.49803
3008965,117.87301
3008966,1.0937897
3008967,1.3860549
3008968,75.3877
3008969,26.990267
3008970,322.30853
3008971,2.8630497
3008972,1.4543242
3008973,6.372103
3008974,0.16827668
3008975,0.93340045
3008976,270.38803
3008977,0.16827668
3008978,345.657
3008979,11.418612
3008980,294.2795
3008981,343.4875
3008982,236.16916
3008983,152.34157
3008984,98.33428
3008985,272.01797
3008986,12.231359
3008987,0.25465313
3008988,29.464695
3008989,14.765344
3008990,0.16916677
3008991,260.0069
3008992,0.07577504
3008993,25.935753
3008994,4.024691
3008995,72.12848
3008996,1.2219832
3008997,214.81311
3008998,274.80426
3008999,3.8344364
3009000,4.512967
3009001,131.64957
3009002,46.515038
3009003,166.68495
3009004,0.84349924
3009005,1.7139206
3009006,4.8366194
3009007,0.12951742
3009008,9.852989
3009009,342.77856
3009010,0.12951742
3009011,272.66895
3009012,7.3318243
3009013,298.10098
3009014,305.06702
3009015,128.86095
3009016,113.41647
3009017,82.064354
3009018,129.31293
3009019,57.97284
3009020,1.6535064
3009021,22.213474
3009022,27.687017
3009023,0.5763282
3009024,229.52328
3009025,27.459053
3009026,22.083866
3009027,1.5108178
3009028,72.014305
3009029,11.080262
3009030,199.82521
3009031,252.37524
3009032,14.535691
3009033,15.412212
3009034,222.71292
3009035,61.834663
3009036,15.324647
3009037,0.0
3009038,14.118624
3009039,8.287843
3009040,0.1529295
3009041,11.006639
3009042,360.77164
3009043,0.1529295
3009044,365.65207
3009045,15.436975
3009046,78.273445
3009047,260.30154
3009048,155.12254
3009049,127.02838
3009050,112.93928
3009051,134.7815
3009052,34.83852
3009053,1.353785
3009054,46.30304
3009055,74.991394
3009056,0.12771893
3009057,306.25623
3009058,36.214405
3009059,19.111189
3009060,11.882742
3009061,142.7542
3009062,16.914616
3009063,160.03354
3009064,338.25336
3009065,9.733348
3009066,14.266054
3009067,152.31982
3009068,96.4331
3009069,24.252346
3009070,18.222267
3009071,19.69098
3009072,12.017256
3009073,0.37152737
3009074,4.7154365
3009075,213.53026
3009076,0.20321347
3009077,292.61224
3009078,7.7885823
3009079,164.90701
3009080,334.1499
3009081,194.68459
3009082,300.42224
3009083,65.32492
3009084,132.86156
3009085,41.015465
3009086,2.7479205
3009087,32.847553
3009088,20.957245
3009089,0.2906539
3009090,329.77496
3009091,7.444753
3009092,15.929646
3009093,8.297241
3009094,57.045544
3009095,4.5143
3009096,163.1173
3009097,314.00153
3009098,9.231621
3009099,12.892308
3009100,275.5712
3009101,56.159267
3009102,164.35545
3009103,20.58003
3009104,18.689758
3009105,5.8539195
3009106,0.8890341
3009107,9.01281
3009108,147.10742
3009109,0.15986158
3009110,343.7584
3009111,9.758246
3009112,315.60712
3009113,217.52504
3009114,221.0709
3009115,206.57079
3009116,124.03963
3009117,152.56786
3009118,36.93383
3009119,2.3594153
3009120,18.631083
3009121,14.803571
3009122,0.236737
3009123,277.46118
3009124,26.655582
3009125,27.699701
3009126,2.9370072
3009127,93.31296
3009128,9.32555
3009129,332.63242
3009130,304.576
3009131,8.82827
3009132,11.726678
3009133,341.2406
3009134,59.785294
3009135,39.99632
3009136,3.251725
3009137,34.04814
3009138,4.8390875
3009139,0.32049516
3009140,4.4026446
3009141,214.93246
3009142,0.1529295
3009143,360.14355
3009144,10.273888
3009145,337.3856
3009146,323.04608
3009147,289.23
3009148,197.92607
3009149,60.560757
3009150,121.50513
3009151,15.346079
3009152,2.7405596
3009153,32.910637
3009154,29.881258
3009155,0.3950064
3009156,337.48712
3009157,0.14672148
3009158,3.04397
3009159,10.56236
3009160,28.416264
3009161,2.4383388
3009162,140.77419
3009163,315.37427
3009164,3.7772083
3009165,12.440983
3009166,204.2105
3009167,64.21857
3009168,173.23761
3009169,2.7716842
3009170,7.4071565
3009171,10.356121
3009172,0.1529295
3009173,12.062192
3009174,245.11441
3009175,0.1529295
3009176,357.71393
3009177,13.814411
3009178,324.35236
3009179,347.9037
3009180,265.69244
3009181,195.50572
3009182,140.78506
3009183,180.83688
3009184,44.172955
3009185,1.6495951
3009186,34.451683
3009187,41.756813
3009188,0.16924101
3009189,303.67615
3009190,33.516315
3009191,24.872389
3009192,11.85735
3009193,96.42789
3009194,17.553265
3009195,272.78342
3009196,319.87982
3009197,18.828394
3009198,11.959546
3009199,258.22897
3009200,81.5816
3009201,31.378252
3009202,0.4908056
3009203,9.623883
3009204,5.4214187
3009205,0.20134266
3009206,8.0762205
3009207,224.9588
3009208,0.20134266
3009209,353.66876
3009210,10.548077
3009211,254.4629
3009212,237.0932
3009213,170.85121
3009214,155.01274
3009215,109.382
3009216,251.07518
3009217,39.048973
3009218,1.0449096
3009219,32.132187
3009220,35.784637
3009221,0.17613208
3009222,249.40916
3009223,23.941353
3009224,39.20924
3009225,7.080968
3009226,80.725784
3009227,12.975045
3009228,246.02487
3009229,282.3715
3009230,11.492064
3009231,11.581374
3009232,237.50584
3009233,64.39115
3009234,115.09343
3009235,0.0
3009236,18.849482
3009237,8.850317
3009238,0.25557873
3009239,5.722903
3009240,101.64362
3009241,0.18394543
3009242,243.7176
3009243,21.08643
3009244,241.06679
3009245,135.65262
3009246,303.96533
3009247,242.86716
3009248,67.45196
3009249,246.35411
3009250,12.856947
3009251,0.31428415
3009252,22.629705
3009253,26.348812
3009254,0.23036812
3009255,301.85864
3009256,0.17773741
3009257,11.121138
3009258,1.7680436
3009259,79.70854
3009260,4.397992
3009261,238.10767
3009262,320.8039
3009263,5.154441
3009264,3.3811734
3009265,275.49686
3009266,139.27301
3009267,138.38815
3009268,2.4656606
3009269,1.7284144
3009270,21.398176
3009271,0.14131196
3009272,27.147171
3009273,93.364555
3009274,0.14131196
3009275,316.4872
3009276,30.736866
3009277,108.32401
3009278,287.13986
3009279,349.61917
3009280,291.80496
3009281,341.79
3009282,298.11606
3009283,105.13204
3009284,6.438127
3009285,168.5815
3009286,156.4945
3009287,0.51817167
3009288,342.37076
3009289,48.219532
3009290,35.65786
3009291,57.036488
3009292,300.41708
3009293,38.08757
3009294,30.805862
3009295,345.48337
3009296,59.454132
3009297,54.076035
3009298,198.08897
3009299,332.67474
3009300,42.291393
3009301,219.47366
3009302,123.39495
3009303,25.124195
3009304,0.14131196
3009305,23.81899
3009306,120.39477
3009307,0.17176472
3009308,151.7728
3009309,26.636301
3009310,165.99057
3009311,216.44525
3009312,320.2696
3009313,328.9365
3009314,326.7123
3009315,298.6936
3009316,156.47206
3009317,2.6333742
3009318,94.31129
3009319,106.800064
3009320,1.2133398
3009321,362.385
3009322,45.276623
3009323,49.767593
3009324,29.212025
3009325,245.86671
3009326,29.952349
3009327,57.222584
3009328,343.30896
3009329,39.173573
3009330,45.585033
3009331,159.8216
3009332,313.3549
3009333,51.80245
3009334,297.61716
3009335,133.10468
3009336,19.128824
3009337,0.16310515
3009338,31.861515
3009339,137.62878
3009340,0.2541219
3009341,243.66228
3009342,17.245634
3009343,107.95809
3009344,333.4003
3009345,309.35602
3009346,252.65138
3009347,322.61584
3009348,286.999
3009349,65.644394
3009350,4.7981544
3009351,57.981125
3009352,40.497192
3009353,0.72716594
3009354,360.86258
3009355,62.198334
3009356,39.673893
3009357,15.342911
3009358,136.12013
3009359,14.258821
3009360,241.58142
3009361,222.27357
3009362,41.66658
3009363,73.348755
3009364,313.35696
3009365,159.95546
3009366,15.058904
3009367,260.71002
3009368,68.11278
3009369,24.74712
3009370,0.16310515
3009371,30.989267
3009372,139.28346
3009373,0.1935579
3009374,270.72235
3009375,23.43792
3009376,74.52596
3009377,288.66452
3009378,295.89566
3009379,336.23926
3009380,311.4484
3009381,277.5223
3009382,64.87876
3009383,2.7462378
3009384,94.6288
3009385,100.65531
3009386,1.5976461
3009387,315.34756
3009388,53.2973
3009389,40.111248
3009390,19.17421
3009391,246.47438
3009392,20.984447
3009393,23.676413
3009394,329.01324
3009395,37.324047
3009396,48.353603
3009397,306.93817
3009398,290.1157
3009399,27.577526
3009400,244.26355
3009401,87.97316
3009402,20.481062
3009403,0.16310515
3009404,36.452682
3009405,103.03359
3009406,0.16310515
3009407,299.58078
3009408,22.54782
3009409,90.47611
3009410,226.46204
3009411,352.60733
3009412,222.35849
3009413,259.50244
3009414,227.07773
3009415,66.93571
3009416,1.0263577
3009417,50.266045
3009418,64.56141
3009419,0.47429192
3009420,349.76395
3009421,38.97221
3009422,20.2094
3009423,7.3620515
3009424,125.23935
3009425,10.126191
3009426,264.75095
3009427,358.14398
3009428,29.36517
3009429,45.475807
3009430,186.21452
3009431,147.61592
3009432,31.891365
3009433,279.33582
3009434,41.058758
3009435,14.988906
3009436,0.14131196
3009437,17.806488
3009438,115.09766
3009439,0.14131196
3009440,224.13051
3009441,26.551546
3009442,79.522644
3009443,285.99377
3009444,355.54858
3009445,346.32376
3009446,335.69028
3009447,313.63937
3009448,79.14842
3009449,2.9112976
3009450,62.08771
3009451,69.60323
3009452,0.61824995
3009453,355.2666
3009454,25.584082
3009455,34.39808
3009456,18.96249
3009457,268.9983
3009458,25.468815
3009459,191.67636
3009460,352.19818
3009461,28.2199
3009462,45.135834
3009463,218.53758
3009464,266.6714
3009465,36.95974
3009466,280.0072
3009467,79.98948
3009468,7.962007
3009469,0.65529853
3009470,9.811399
3009471,336.47348
3009472,0.15986158
3009473,352.135
3009474,27.123129
3009475,294.0254
3009476,237.42476
3009477,240.78882
3009478,114.69392
3009479,100.28066
3009480,149.99678
3009481,66.3698
3009482,1.5333042
3009483,29.944647
3009484,23.95219
3009485,0.47844788
3009486,273.00223
3009487,17.7016
3009488,11.8649845
3009489,14.349906
3009490,59.42897
3009491,9.589667
3009492,272.5491
3009493,312.92517
3009494,4.861347
3009495,9.154418
3009496,249.96959
3009497,62.000786
3009498,8.130933
3009499,0.7601538
3009500,10.515548
3009501,14.11521
3009502,0.19559361
3009503,20.229618
3009504,109.48381
3009505,0.19559361
3009506,312.84024
3009507,39.62512
3009508,90.496124
3009509,314.10852
3009510,344.0705
3009511,156.3772
3009512,148.73538
3009513,187.79547
3009514,153.98607
3009515,2.1951127
3009516,56.514812
3009517,45.53874
3009518,0.3532483
3009519,339.95953
3009520,30.923489
3009521,12.847837
3009522,4.89441
3009523,128.6297
3009524,13.884374
3009525,330.7435
3009526,356.46988
3009527,17.087519
3009528,37.509
3009529,334.8587
3009530,97.27994
3009531,19.864386
3009532,254.94164
3009533,23.019138
3009534,10.830973
3009535,0.18581624
3009536,9.266831
3009537,228.57077
3009538,0.18581624
3009539,306.19577
3009540,11.900395
3009541,66.10744
3009542,268.4639
3009543,299.69913
3009544,338.99088
3009545,290.8761
3009546,278.1571
3009547,59.5233
3009548,2.7576113
3009549,43.51264
3009550,58.10468
3009551,0.58260286
3009552,339.62708
3009553,4.6583543
3009554,50.182987
3009555,7.5103025
3009556,202.0368
3009557,14.406244
3009558,170.45685
3009559,346.81924
3009560,26.894901
3009561,15.258126
3009562,82.31819
3009563,151.60535
3009564,58.12059
3009565,5.2111907
3009566,57.011414
3009567,17.496681
3009568,0.15480031
3009569,11.92725
3009570,280.92825
3009571,0.15480031
3009572,265.49454
3009573,15.427696
3009574,268.86496
3009575,277.43652
3009576,334.07025
3009577,290.697
3009578,312.29892
3009579,287.0878
3009580,60.692383
3009581,4.356541
3009582,53.221478
3009583,60.976147
3009584,0.47149602
3009585,338.745
3009586,12.471711
3009587,58.92044
3009588,12.59239
3009589,257.52026
3009590,13.98922
3009591,326.5203
3009592,342.44986
3009593,20.658558
3009594,38.181553
3009595,324.9577
3009596,145.53688
3009597,165.93837
3009598,7.5840964
3009599,11.1244
3009600,12.421511
3009601,0.17472269
3009602,5.350657
3009603,247.63733
3009604,0.17472269
3009605,336.51245
3009606,10.547861
3009607,179.5455
3009608,281.4786
3009609,282.08487
3009610,131.88577
3009611,132.71867
3009612,162.2229
3009613,23.506521
3009614,2.307716
3009615,38.507362
3009616,31.164396
3009617,0.25159815
3009618,290.06247
3009619,8.112663
3009620,17.55
3009621,9.754966
3009622,97.695854
3009623,5.460936
3009624,304.69055
3009625,316.86655
3009626,6.78168
3009627,8.666694
3009628,256.29498
3009629,85.35652
3009630,10.059313
3009631,3.6557875
3009632,4.4705234
3009633,9.452067
3009634,0.20721115
3009635,3.2437341
3009636,259.78488
3009637,0.20721115
3009638,306.23993
3009639,6.07888
3009640,284.45828
3009641,314.05844
3009642,311.0806
3009643,86.883675
3009644,41.48933
3009645,133.01402
3009646,16.825272
3009647,1.1996112
3009648,43.399204
3009649,13.363974
3009650,0.19306988
3009651,317.572
3009652,0.20100313
3009653,0.40896016
3009654,5.5134172
3009655,37.020683
3009656,1.0763747
3009657,65.3297
3009658,268.98712
3009659,0.3338818
3009660,2.7808144
3009661,78.10524
3009662,116.969894
3009663,278.14978
3009664,0.2835819
3009665,3.2385292
3009666,9.931188
3009667,0.22317682
3009668,9.2808075
3009669,120.92256
3009670,0.18165477
3009671,287.0047
3009672,14.515088
3009673,102.82273
3009674,218.23634
3009675,323.2464
3009676,271.55545
3009677,188.37503
3009678,199.53827
3009679,47.271576
3009680,1.4924699
3009681,34.43371
3009682,65.88163
3009683,0.15644419
3009684,322.43863
3009685,38.741337
3009686,23.127554
3009687,15.9884
3009688,104.39688
3009689,9.875419
3009690,341.6566
3009691,325.2239
3009692,12.506655
3009693,19.914719
3009694,319.7656
3009695,125.93149
3009696,34.786674
3009697,3.220923
3009698,47.874393
3009699,6.358874
3009700,0.2619476
3009701,9.397849
3009702,114.66433
3009703,0.2619476
3009704,207.85735
3009705,15.982547
3009706,32.915646
3009707,362.58487
3009708,175.51698
3009709,261.2652
3009710,231.88696
3009711,234.82977
3009712,38.87405
3009713,3.6246426
3009714,31.935568
3009715,32.083668
3009716,1.0151074
3009717,251.13551
3009718,19.518242
3009719,40.688713
3009720,13.4597435
3009721,166.816
3009722,16.30169
3009723,331.7624
3009724,238.03357
3009725,9.667071
3009726,18.393745
3009727,206.52278
3009728,137.17514
3009729,30.632095
3009730,3.5804222
3009731,40.55974
3009732,6.334029
3009733,0.932084
3009734,16.294756
3009735,122.83095
3009736,0.15986158
3009737,303.5172
3009738,22.666767
3009739,91.35714
3009740,294.504
3009741,313.38132
3009742,319.53397
3009743,188.28325
3009744,204.33586
3009745,47.547134
3009746,5.054105
3009747,43.711952
3009748,65.87202
3009749,0.134651
3009750,324.48044
3009751,39.993683
3009752,42.483814
3009753,29.998005
3009754,122.6584
3009755,23.571533
3009756,346.64972
3009757,329.11172
3009758,28.070654
3009759,23.646734
3009760,197.32184
3009761,177.1488
3009762,29.96724
3009763,2.9982955
3009764,46.443268
3009765,17.06893
3009766,0.83550805
3009767,11.774048
3009768,134.4408
3009769,0.16173239
3009770,359.7929
3009771,18.754517
3009772,143.06094
3009773,225.32944
3009774,285.73566
3009775,264.3769
3009776,137.48355
3009777,144.05078
3009778,18.343668
3009779,1.8281395
3009780,50.924286
3009781,57.90286
3009782,0.18860883
3009783,359.79407
3009784,16.175867
3009785,7.6770926
3009786,15.285147
3009787,68.41065
3009788,4.803726
3009789,337.4725
3009790,357.76196
3009791,10.24778
3009792,10.601079
3009793,345.8459
3009794,127.46254
3009795,174.99648
3009796,158.22192
3009797,20.547596
3009798,4.539274
3009799,0.3439214
3009800,4.3671346
3009801,178.21896
3009802,0.37406453
3009803,343.12805
3009804,11.36028
3009805,279.40845
3009806,311.36813
3009807,142.95914
3009808,139.83167
3009809,121.627266
3009810,177.49
3009811,17.71622
3009812,1.7955577
3009813,19.504309
3009814,26.111563
3009815,0.9827998
3009816,201.3215
3009817,14.024585
3009818,17.36088
3009819,7.4617534
3009820,74.24887
3009821,6.3451414
3009822,257.57565
3009823,193.61688
3009824,3.2756646
3009825,8.780544
3009826,283.8924
3009827,62.652985
3009828,0.0
3009829,0.031278428
3009830,24.038998
3009831,1.186306
3009832,0.09634058
3009833,1.8386402
3009834,324.8346
3009835,0.09634058
3009836,100.93285
3009837,3.6785102
3009838,316.53354
3009839,303.12946
3009840,249.03947
3009841,88.52666
3009842,29.103666
3009843,176.83647
3009844,4.7618546
3009845,0.32498896
3009846,7.559581
3009847,6.618809
3009848,0.09845492
3009849,177.4351
3009850,3.3757439
3009851,0.0
3009852,1.4530346
3009853,9.055474
3009854,0.24057572
3009855,195.9549
3009856,182.60022
3009857,0.7861351
3009858,3.3052886
3009859,139.16693
3009860,24.284346
3009861,244.19778
3009862,6.117883
3009863,1.8156009
3009864,6.287227
3009865,0.19635132
3009866,3.545545
3009867,205.93393
3009868,0.10518871
3009869,299.54712
3009870,11.480197
3009871,165.56079
3009872,322.47693
3009873,349.18588
3009874,284.29257
3009875,73.06164
3009876,177.11761
3009877,24.305204
3009878,0.7140476
3009879,22.159018
3009880,22.028757
3009881,0.15770471
3009882,353.93988
3009883,8.39314
3009884,1.7965988
3009885,8.082777
3009886,26.937754
3009887,2.081209
3009888,251.52153
3009889,340.0518
3009890,2.5693822
3009891,14.404549
3009892,264.7043
3009893,85.54283
3009894,145.06126
3009895,19.090948
3009896,8.134336
3009897,5.1582427
3009898,0.17242354
3009899,2.7225685
3009900,328.5016
3009901,0.17242354
3009902,204.90718
3009903,10.307907
3009904,313.56778
3009905,347.66486
3009906,205.3971
3009907,76.23059
3009908,29.271841
3009909,300.66446
3009910,7.2875195
3009911,0.38120782
3009912,10.49422
3009913,19.687485
3009914,0.26570055
3009915,193.21999
3009916,6.5146594
3009917,0.03922127
3009918,11.01116
3009919,25.473656
3009920,1.1121838
3009921,152.67195
3009922,180.63753
3009923,1.1995744
3009924,6.590125
3009925,161.62509
3009926,28.972944
3009927,329.08173
3009928,16.672028
3009929,2.8183315
3009930,4.4178863
3009931,0.17242354
3009932,3.9481177
3009933,236.92612
3009934,0.17242354
3009935,136.87323
3009936,6.387673
3009937,299.3248
3009938,290.9777
3009939,173.96182
3009940,82.40528
3009941,31.97333
3009942,188.12848
3009943,12.646468
3009944,0.22493955
3009945,19.635841
3009946,9.5508795
3009947,0.17453793
3009948,154.79979
3009949,1.2039984
3009950,0.03922127
3009951,2.908622
3009952,31.185076
3009953,1.0718939
3009954,166.12042
3009955,202.02643
3009956,0.38808933
3009957,4.790437
3009958,80.394936
3009959,19.880337
3009960,184.88698
3009961,8.830935
3009962,1.2022263
3009963,3.2731073
3009964,0.1706967
3009965,1.8393897
3009966,290.57407
3009967,0.1706967
3009968,175.09143
3009969,8.454893
3009970,329.92596
3009971,347.35007
3009972,262.83087
3009973,44.25523
3009974,34.607433
3009975,298.75967
3009976,5.083397
3009977,0.5721189
3009978,7.596622
3009979,21.610815
3009980,0.2639737
3009981,201.54048
3009982,1.2543545
3009983,0.03749444
3009984,2.9539979
3009985,11.102431
3009986,1.6928042
3009987,220.14479
3009988,263.63785
3009989,1.1825948
3009990,4.2652793
3009991,65.69734
3009992,83.964386
3009993,338.35434
3009994,7.1304436
3009995,3.5287056
3009996,3.304422
3009997,0.67771566
3009998,4.5063577
3009999,290.50873
3010000,0.15803447
3010001,163.18013
3010002,3.2883644
3010003,149.84709
3010004,340.511
3010005,279.99045
3010006,125.329895
3010007,59.190563
3010008,169.51022
3010009,7.44855
3010010,1.3810326
3010011,13.584191
3010012,16.125408
3010013,0.2898868
3010014,231.50699
3010015,6.9418488
3010016,0.024832193
3010017,3.1731126
3010018,17.114048
3010019,1.4076929
3010020,133.55103
3010021,194.66582
3010022,0.7688605
3010023,4.431341
3010024,108.598335
3010025,39.31274
3010026,191.12122
3010027,16.539507
3010028,3.7821898
3010029,4.2355323
3010030,0.22622696
3010031,1.4035025
3010032,270.8719
3010033,0.07358365
3010034,176.2694
3010035,4.680964
3010036,317.63504
3010037,264.5975
3010038,171.49185
3010039,180.17755
3010040,22.904327
3010041,251.64001
3010042,4.6601515
3010043,0.22834131
3010044,11.782575
3010045,12.270302
3010046,0.22834131
3010047,170.49252
3010048,0.06427328
3010049,0.0
3010050,1.9957974
3010051,18.423784
3010052,1.3307147
3010053,56.6329
3010054,146.86407
3010055,0.91951966
3010056,2.8312058
3010057,62.738167
3010058,34.537205
3010059,320.7732
3010060,0.0
3010061,0.7599056
3010062,7.515826
3010063,0.63296956
3010064,3.6172264
3010065,320.23807
3010066,0.07571477
3010067,344.80875
3010068,5.123412
3010069,318.08426
3010070,227.88939
3010071,343.8148
3010072,262.9159
3010073,87.45758
3010074,294.09497
3010075,14.737961
3010076,1.2908341
3010077,24.053448
3010078,26.255123
3010079,0.2304725
3010080,308.76318
3010081,0.62438005
3010082,0.0
3010083,8.427451
3010084,26.57528
3010085,3.2633855
3010086,279.52594
3010087,290.30475
3010088,1.6046125
3010089,8.040264
3010090,342.45135
3010091,56.926838
3010092,231.17798
3010093,43.234676
3010094,11.072462
3010095,3.2732928
3010096,0.47522804
3010097,5.769266
3010098,307.28726
3010099,0.075920165
3010100,218.6392
3010101,7.1154466
3010102,240.84972
3010103,296.6351
3010104,198.73997
3010105,236.24422
3010106,40.336826
3010107,301.81305
3010108,11.108912
3010109,0.8200585
3010110,14.503819
3010111,17.825304
3010112,0.15496162
3010113,180.98862
3010114,9.875628
3010115,3.3123815
3010116,5.9046736
3010117,32.846943
3010118,1.7174952
3010119,82.16408
3010120,175.9439
3010121,3.556699
3010122,6.5120316
3010123,167.74924
3010124,50.870476
3010125,142.21733
3010126,56.678978
3010127,11.57287
3010128,5.794838
3010129,0.61224985
3010130,2.9583044
3010131,303.8924
3010132,0.15948969
3010133,184.00204
3010134,5.87142
3010135,320.91302
3010136,332.4053
3010137,298.21625
3010138,111.30713
3010139,38.284378
3010140,212.10542
3010141,22.7564
3010142,1.2906806
3010143,11.264057
3010144,16.242481
3010145,0.2120057
3010146,180.64204
3010147,8.185597
3010148,0.0
3010149,3.8944557
3010150,25.574764
3010151,2.2390447
3010152,142.78171
3010153,193.98837
3010154,1.1186367
3010155,4.5615997
3010156,82.434784
3010157,25.703487
3010158,338.562
3010159,8.431495
3010160,3.8310554
3010161,7.1871686
3010162,0.10272995
3010163,8.976788
3010164,173.4489
3010165,0.10272995
3010166,322.21207
3010167,9.9151535
3010168,295.22626
3010169,225.39162
3010170,204.15274
3010171,171.08197
3010172,85.71642
3010173,210.56274
3010174,41.074352
3010175,1.4722854
3010176,16.188934
3010177,32.764584
3010178,0.22657517
3010179,240.48965
3010180,20.034525
3010181,13.67724
3010182,7.1000156
3010183,57.724678
3010184,8.6854925
3010185,343.17044
3010186,268.09183
3010187,7.7155323
3010188,7.9499197
3010189,341.39282
3010190,107.3448
3010191,0.026636628
3010192,0.0
3010193,31.3008
3010194,6.6398625
3010195,0.07358365
3010196,6.309424
3010197,315.883
3010198,0.07358365
3010199,346.5213
3010200,7.438593
3010201,317.63864
3010202,329.73257
3010203,353.0779
3010204,175.52658
3010205,71.32414
3010206,312.4012
3010207,10.577488
3010208,0.302232
3010209,19.328562
3010210,16.385216
3010211,0.07569805
3010212,323.79794
3010213,2.6122243
3010214,6.001781
3010215,3.0748787
3010216,29.416155
3010217,1.6442894
3010218,292.30093
3010219,326.66687
3010220,3.8349557
3010221,5.6624856
3010222,262.9537
3010223,61.49456
3010224,151.86922
3010225,67.64067
3010226,12.502241
3010227,9.170817
3010228,0.4927556
3010229,5.479116
3010230,330.05972
3010231,0.07358365
3010232,344.4685
3010233,6.431223
3010234,331.59283
3010235,325.72305
3010236,317.5559
3010237,286.2032
3010238,66.84151
3010239,313.30933
3010240,15.609195
3010241,0.6010805
3010242,31.755503
3010243,31.3971
3010244,0.16686064
3010245,299.82724
3010246,3.778049
3010247,2.4746532
3010248,8.970888
3010249,57.339966
3010250,1.6266247
3010251,109.12844
3010252,256.1151
3010253,2.5356662
3010254,6.1244397
3010255,164.94022
3010256,144.72447
3010257,137.4999
3010258,0.30051804
3010259,6.0808315
3010260,4.230198
3010261,0.2802536
3010262,2.1062222
3010263,279.64825
3010264,0.07358365
3010265,176.13152
3010266,7.260143
3010267,308.18307
3010268,324.362
3010269,159.2529
3010270,78.86141
3010271,42.477673
3010272,269.7521
3010273,8.615355
3010274,0.8491806
3010275,21.79903
3010276,16.45154
3010277,0.07569805
3010278,171.23193
3010279,0.5882122
3010280,0.0
3010281,4.119578
3010282,44.55472
3010283,2.1382182
3010284,117.08145
3010285,175.60963
3010286,1.0193429
3010287,4.8109603
3010288,155.64996
3010289,23.548126
3010290,339.25497
3010291,20.309511
3010292,2.060211
3010293,1.9335017
3010294,0.09245406
3010295,3.8803554
3010296,331.48062
3010297,0.18361667
3010298,282.8707
3010299,8.741118
3010300,234.9955
3010301,336.544
3010302,126.45141
3010303,46.524418
3010304,51.13622
3010305,135.06946
3010306,20.272406
3010307,0.32110244
3010308,12.07849
3010309,14.95543
3010310,0.30123836
3010311,131.37482
3010312,11.373901
3010313,2.3111408
3010314,3.2425842
3010315,31.24991
3010316,4.3705363
3010317,314.86023
3010318,148.00491
3010319,3.2060716
3010320,4.88159
3010321,290.6093
3010322,27.890493
3010323,1.6004999
3010324,0.0
3010325,6.515506
3010326,2.3538663
3010327,0.15941754
3010328,6.257781
3010329,316.41803
3010330,0.037686728
3010331,249.79295
3010332,15.646736
3010333,186.42998
3010334,317.0007
3010335,269.61313
3010336,224.22273
3010337,147.0225
3010338,309.61124
3010339,34.039703
3010340,0.5888731
3010341,19.9201
3010342,28.539211
3010343,0.03980113
3010344,264.14957
3010345,12.525471
3010346,31.238625
3010347,8.005464
3010348,47.879097
3010349,10.9873
3010350,331.89044
3010351,285.8585
3010352,15.138479
3010353,8.824169
3010354,323.27963
3010355,99.90851
3010356,0.0
3010357,0.0
3010358,19.8472
3010359,2.9609885
3010360,0.11034842
3010361,4.4595184
3010362,312.9393
3010363,0.059946883
3010364,313.28223
3010365,6.312012
3010366,316.3548
3010367,303.6537
3010368,136.64973
3010369,114.23639
3010370,70.39051
3010371,296.7641
3010372,22.211931
3010373,1.1395832
3010374,14.881322
3010375,17.277975
3010376,0.062061284
3010377,99.76263
3010378,0.050636515
3010379,16.84021
3010380,3.9250166
3010381,104.59738
3010382,8.61686
3010383,179.39505
3010384,99.49438
3010385,4.338031
3010386,5.9888716
3010387,157.63701
3010388,34.585224
3010389,124.25895
3010390,0.7241381
3010391,4.4775777
3010392,4.241113
3010393,0.08780207
3010394,0.4439372
3010395,293.23645
3010396,0.08780207
3010397,218.85075
3010398,4.8471694
3010399,296.1122
3010400,230.14537
3010401,77.86674
3010402,36.27059
3010403,29.630955
3010404,176.36469
3010405,13.383011
3010406,0.48707792
3010407,9.266615
3010408,8.104922
3010409,0.29658633
3010410,81.972015
3010411,0.12889329
3010412,5.2605534
3010413,0.9197428
3010414,16.831123
3010415,0.14617187
3010416,235.98271
3010417,121.71714
3010418,2.1437829
3010419,1.141338
3010420,138.54747
3010421,23.190441
3010422,327.21487
3010423,0.30774564
3010424,2.618745
3010425,6.3155546
3010426,0.47397017
3010427,4.847787
3010428,282.5713
3010429,0.11688109
3010430,303.15472
3010431,14.22295
3010432,282.33966
3010433,210.23824
3010434,286.04376
3010435,240.17549
3010436,98.97844
3010437,143.14664
3010438,28.354223
3010439,2.7213917
3010440,19.471247
3010441,27.501171
3010442,0.27526376
3010443,224.72534
3010444,6.3862724
3010445,33.500572
3010446,8.487696
3010447,106.84357
3010448,3.134955
3010449,286.11118
3010450,234.7278
3010451,10.384302
3010452,8.540585
3010453,335.24365
3010454,81.30078
3010455,5.7982497
3010456,1.0863684
3010457,16.058672
3010458,6.4907117
3010459,0.08780207
3010460,3.0255744
3010461,280.76413
3010462,0.08780207
3010463,342.09653
3010464,13.195475
3010465,316.558
3010466,332.9711
3010467,322.21957
3010468,293.7535
3010469,65.057274
3010470,161.00487
3010471,14.167408
3010472,1.1217787
3010473,31.898396
3010474,18.95683
3010475,0.8506512
3010476,258.42606
3010477,0.0784917
3010478,5.187579
3010479,5.567796
3010480,25.252302
3010481,0.8465707
3010482,191.42145
3010483,272.2952
3010484,4.1645412
3010485,4.2595363
3010486,194.0815
3010487,82.00404
3010488,151.56084
3010489,2.6499777
3010490,5.362024
3010491,6.372033
3010492,0.42313004
3010493,2.9275808
3010494,289.5552
3010495,0.08780207
3010496,334.32217
3010497,9.787942
3010498,286.31546
3010499,337.63342
3010500,257.06512
3010501,294.6036
3010502,47.328815
3010503,282.45633
3010504,16.677568
3010505,1.1445332
3010506,24.27781
3010507,17.773537
3010508,0.08991647
3010509,242.91121
3010510,0.0784917
3010511,5.484552
3010512,4.6835923
3010513,44.76102
3010514,1.056756
3010515,119.9818
3010516,209.88655
3010517,4.527512
3010518,5.030753
3010519,187.39064
3010520,67.62053
3010521,151.56084
3010522,2.1333208
3010523,6.7812867
3010524,9.810476
3010525,1.0248929
3010526,14.959055
3010527,166.4449
3010528,0.12567484
3010529,319.776
3010530,26.71082
3010531,104.52982
3010532,317.9825
3010533,331.92722
3010534,343.84882
3010535,316.9525
3010536,307.66974
3010537,73.191055
3010538,2.7460518
3010539,45.643253
3010540,49.023716
3010541,0.19093838
3010542,355.71143
3010543,42.163067
3010544,47.903133
3010545,17.709784
3010546,161.35602
3010547,24.318916
3010548,24.287712
3010549,359.206
3010550,16.659338
3010551,23.211372
3010552,201.37976
3010553,219.75656
3010554,10.075557
3010555,0.5010321
3010556,76.80583
3010557,3.0275536
3010558,0.58388543
3010559,0.73999405
3010560,295.28415
3010561,0.0840731
3010562,186.47372
3010563,3.897294
3010564,309.11685
3010565,293.61755
3010566,115.58474
3010567,201.38959
3010568,38.664223
3010569,179.04146
3010570,5.259869
3010571,0.20791832
3010572,11.999581
3010573,8.903602
3010574,0.23883078
3010575,137.6198
3010576,0.9512834
3010577,0.0
3010578,2.8169641
3010579,24.426622
3010580,0.71373564
3010581,54.32396
3010582,92.41428
3010583,1.8936137
3010584,3.8405466
3010585,102.61612
3010586,20.579853
3010587,219.89282
3010588,0.064466044
3010589,3.8042643
3010590,7.3534584
3010591,0.23596859
3010592,2.0513546
3010593,249.47986
3010594,0.0833253
3010595,344.16943
3010596,8.761329
3010597,154.52254
3010598,263.453
3010599,226.21165
3010600,307.11932
3010601,56.785652
3010602,144.36324
3010603,12.339044
3010604,0.29210958
3010605,21.13886
3010606,22.469135
3010607,0.0854397
3010608,281.77686
3010609,0.8888582
3010610,5.204296
3010611,8.075312
3010612,12.511476
3010613,1.3377144
3010614,326.59885
3010615,249.1223
3010616,3.7100523
3010617,6.23128
3010618,119.79368
3010619,61.328014
3010620,146.91977
3010621,1.3971609
3010622,4.6452937
3010623,1.6609815
3010624,0.0840731
3010625,0.8269522
3010626,280.06616
3010627,0.0840731
3010628,138.78214
3010629,3.5306146
3010630,342.55347
3010631,180.62973
3010632,87.14386
3010633,225.7026
3010634,17.479324
3010635,214.82094
3010636,1.3026154
3010637,0.29285735
3010638,6.9164634
3010639,4.0921865
3010640,0.13658908
3010641,85.03849
3010642,0.07476272
3010643,0.0
3010644,0.39514256
3010645,26.623814
3010646,0.2987112
3010647,65.68319
3010648,69.92231
3010649,0.29320985
3010650,0.8924247
3010651,59.232986
3010652,10.2361555
3010653,192.99219
3010654,0.014064581
3010655,1.5261288
3010656,6.5082855
3010657,0.07358365
3010658,1.92836
3010659,231.95413
3010660,0.07358365
3010661,239.97128
3010662,7.260643
3010663,150.94939
3010664,339.53885
3010665,180.18709
3010666,222.7203
3010667,37.158684
3010668,205.08868
3010669,3.332414
3010670,0.43186682
3010671,29.277115
3010672,16.541327
3010673,0.19742888
3010674,216.74667
3010675,0.06427328
3010676,0.0
3010677,11.187556
3010678,18.253403
3010679,1.0387632
3010680,259.98843
3010681,206.81372
3010682,1.8240697
3010683,3.7631364
3010684,194.57294
3010685,24.657822
3010686,144.05925
3010687,0.0
3010688,0.5001863
3010689,3.114413
3010690,0.3106071
3010691,1.7543275
3010692,291.87363
3010693,0.0840731
3010694,313.45856
3010695,7.6837535
3010696,310.15823
3010697,237.13362
3010698,229.99599
3010699,168.77252
3010700,59.075882
3010701,157.24684
3010702,6.398156
3010703,4.0433407
3010704,24.566776
3010705,38.177113
3010706,0.13658908
3010707,205.04674
3010708,2.2486205
3010709,4.4337845
3010710,2.7153673
3010711,17.570442
3010712,1.8061726
3010713,166.59659
3010714,274.8208
3010715,2.9294958
3010716,5.797782
3010717,140.60373
3010718,27.217188
3010719,211.46185
3010720,3.6048703
3010721,2.488151
3010722,3.6558402
3010723,0.08201721
3010724,0.3294837
3010725,277.8111
3010726,0.08201721
3010727,105.69745
3010728,2.5336037
3010729,353.44925
3010730,177.9998
3010731,96.532135
3010732,226.23254
3010733,32.647053
3010734,192.54991
3010735,7.022601
3010736,0.53689164
3010737,7.7775908
3010738,6.265707
3010739,0.20586243
3010740,105.12355
3010741,0.07270685
3010742,0.0
3010743,0.27663118
3010744,45.11002
3010745,0.5427455
3010746,192.79375
3010747,84.39239
3010748,0.76656663
3010749,0.98842597
3010750,49.918144
3010751,18.233637
3010752,312.46445
3010753,0.041112904
3010754,1.1679608
3010755,4.4048743
3010756,0.10043737
3010757,0.7848848
3010758,243.7646
3010759,0.10043737
3010760,342.50177
3010761,8.547255
3010762,261.26468
3010763,329.86447
3010764,208.07002
3010765,188.27118
3010766,56.845284
3010767,308.50488
3010768,7.250966
3010769,0.32196933
3010770,26.1343
3010771,11.147815
3010772,0.19371438
3010773,220.05005
3010774,0.09112695
3010775,19.373068
3010776,2.9896207
3010777,31.45365
3010778,0.9203929
3010779,212.23648
3010780,209.45334
3010781,2.7119355
3010782,3.0244694
3010783,119.40896
3010784,44.99587
3010785,152.3952
3010786,0.95595807
3010787,1.3545846
3010788,3.7557592
3010789,0.1455814
3010790,8.742055
3010791,333.39578
3010792,0.1455814
3010793,298.5803
3010794,5.435201
3010795,304.3893
3010796,249.69315
3010797,168.80432
3010798,122.337555
3010799,105.365654
3010800,182.56902
3010801,48.77886
3010802,1.3216441
3010803,19.653303
3010804,26.261312
3010805,0.55518633
3010806,223.61972
3010807,18.958574
3010808,19.548183
3010809,1.1017058
3010810,79.65552
3010811,8.438922
3010812,201.19786
3010813,266.7987
3010814,10.731512
3010815,12.870693
3010816,228.91139
3010817,62.0271
3010818,4.6145186
3010819,0.0
3010820,9.876551
3010821,5.1179166
3010822,0.07358365
3010823,6.6411524
3010824,324.58435
3010825,0.07358365
3010826,362.78207
3010827,10.941732
3010828,135.7686
3010829,257.9332
3010830,157.56177
3010831,84.96686
3010832,94.127975
3010833,106.97238
3010834,25.602282
3010835,0.9265724
3010836,45.762386
3010837,27.039022
3010838,0.07569805
3010839,317.42178
3010840,23.061895
3010841,14.153396
3010842,7.8732367
3010843,81.1452
3010844,11.218312
3010845,150.07538
3010846,331.18854
3010847,6.5128284
3010848,9.169342
3010849,107.376076
3010850,73.938934
3010851,0.0
3010852,17.959988
3010853,13.133022
3010854,7.8652706
3010855,0.2817569
3010856,2.7443333
3010857,210.96048
3010858,0.1291135
3010859,289.97437
3010860,5.3978753
3010861,292.13254
3010862,313.4499
3010863,190.5599
3010864,294.87708
3010865,57.084232
3010866,155.07623
3010867,31.30368
3010868,2.0323768
3010869,19.130358
3010870,16.982662
3010871,0.18162945
3010872,320.2619
3010873,4.859172
3010874,11.756961
3010875,5.682503
3010876,34.22536
3010877,3.2518663
3010878,167.44551
3010879,319.15213
3010880,6.0274167
3010881,8.845449
3010882,203.85167
3010883,52.28768
3010884,150.5459
3010885,11.696775
3010886,13.403415
3010887,3.6949902
3010888,0.6102937
3010889,6.7837057
3010890,298.1683
3010891,0.110481426
3010892,339.64984
3010893,6.29389
3010894,300.28925
3010895,243.64607
3010896,185.29697
3010897,140.97653
3010898,78.54609
3010899,172.79115
3010900,20.381788
3010901,1.6760278
3010902,11.637434
3010903,10.010248
3010904,0.16299742
3010905,198.33374
3010906,17.764023
3010907,17.867144
3010908,2.068914
3010909,47.710217
3010910,6.6057916
3010911,326.45444
3010912,236.88742
3010913,6.0804257
3010914,7.7867594
3010915,326.35703
3010916,50.214695
3010917,6.4788685
3010918,0.0
3010919,22.143406
3010920,2.916336
3010921,0.20131943
3010922,2.374693
3010923,239.95544
3010924,0.12439236
3010925,348.35965
3010926,7.929069
3010927,333.55713
3010928,293.3222
3010929,281.54697
3010930,253.10164
3010931,56.036217
3010932,137.95728
3010933,8.745472
3010934,2.1453936
3010935,28.960726
3010936,22.037214
3010937,0.27915004
3010938,349.76782
3010939,0.11508195
3010940,0.041591544
3010941,7.7611933
3010942,23.284412
3010943,1.8102032
3010944,138.39555
3010945,297.3674
3010946,2.5445728
3010947,8.69017
3010948,170.67119
3010949,60.610455
3010950,150.00081
3010951,0.0
3010952,5.789762
3010953,6.7255015
3010954,0.12439236
3010955,7.1143985
3010956,219.90726
3010957,0.12439236
3010958,361.0335
3010959,8.368666
3010960,305.5293
3010961,313.01535
3010962,210.59598
3010963,137.83975
3010964,99.014435
3010965,159.33234
3010966,29.08671
3010967,1.1444374
3010968,21.721579
3010969,33.557285
3010970,0.12650672
3010971,237.50378
3010972,16.353321
3010973,15.504173
3010974,7.5734158
3010975,45.82087
3010976,10.371603
3010977,206.832
3010978,252.8282
3010979,12.866142
3010980,9.238815
3010981,194.02946
3010982,61.653194
3010983,0.0
3010984,0.18077613
3010985,6.375023
3010986,3.8025491
3010987,0.12244013
3010988,6.209358
3010989,251.23448
3010990,0.12244013
3010991,349.02066
3010992,8.232993
3010993,255.81888
3010994,255.93549
3010995,177.82289
3010996,132.70712
3010997,102.47479
3010998,268.27768
3010999,30.804049
3011000,0.7876103
3011001,22.029413
3011002,23.231276
3011003,0.124554485
3011004,198.1086
3011005,14.212963
3011006,32.10624
3011007,4.12808
3011008,52.335556
3011009,8.507412
3011010,222.76447
3011011,228.78242
3011012,8.227223
3011013,8.065556
3011014,200.04657
3011015,54.039818
3011016,106.34487
3011017,0.14306216
3011018,13.19874
3011019,6.0432734
3011020,0.18453556
3011021,4.408897
3011022,154.85686
3011023,0.134134
3011024,171.94115
3011025,14.192684
3011026,288.96338
3011027,191.7988
3011028,310.66074
3011029,310.74255
3011030,60.236126
3011031,296.42188
3011032,9.451818
3011033,0.25797924
3011034,16.70326
3011035,19.044579
3011036,0.18664998
3011037,269.1546
3011038,0.1248236
3011039,6.9958954
3011040,1.5028651
3011041,50.645798
3011042,3.5944893
3011043,224.48822
3011044,302.5514
3011045,3.083948
3011046,2.5166123
3011047,236.32875
3011048,130.08958
3011049,90.24443
3011050,1.8705211
3011051,0.84335613
3011052,13.090517
3011053,0.07291928
3011054,16.08368
3011055,177.41428
3011056,0.07291928
3011057,320.3096
3011058,22.369307
3011059,109.94356
3011060,318.51294
3011061,333.82062
3011062,279.7912
3011063,338.83102
3011064,304.2122
3011065,85.160065
3011066,4.397191
3011067,102.645836
3011068,102.14066
3011069,0.23098367
3011070,324.14978
3011071,31.675343
3011072,21.2945
3011073,53.601192
3011074,232.73691
3011075,23.441547
3011076,12.772936
3011077,341.69308
3011078,35.04459
3011079,34.748497
3011080,245.04437
3011081,304.67563
3011082,8.734259
3011083,218.9178
3011084,84.86021
3011085,16.242691
3011086,0.07803996
3011087,14.8844595
3011088,182.28908
3011089,0.07803996
3011090,100.65957
3011091,21.29991
3011092,194.69878
3011093,184.70361
3011094,330.19974
3011095,314.81772
3011096,272.80893
3011097,247.19324
3011098,115.5778
3011099,1.3798668
3011100,57.5308
3011101,78.6971
3011102,0.637409
3011103,349.28668
3011104,15.122454
3011105,26.510399
3011106,26.9378
3011107,148.00227
3011108,17.165346
3011109,30.385983
3011110,328.62662
3011111,20.739819
3011112,26.408638
3011113,183.97906
3011114,232.66594
3011115,10.407336
3011116,222.88615
3011117,80.546715
3011118,11.127079
3011119,0.0752558
3011120,19.836103
3011121,165.47176
3011122,0.12565735
3011123,251.17685
3011124,11.622064
3011125,152.73087
3011126,333.18826
3011127,311.71356
3011128,130.82639
3011129,220.08217
3011130,232.3601
3011131,44.65306
3011132,3.1659927
3011133,35.578136
3011134,24.759815
3011135,0.3999506
3011136,348.3498
3011137,22.657051
3011138,21.003624
3011139,8.715261
3011140,95.49529
3011141,9.435685
3011142,276.07074
3011143,263.1724
3011144,20.092293
3011145,45.143944
3011146,290.10443
3011147,135.40303
3011148,0.0
3011149,241.47415
3011150,39.334187
3011151,14.895569
3011152,0.0752558
3011153,20.432302
3011154,155.78323
3011155,0.0752558
3011156,314.42563
3011157,16.582502
3011158,117.1767
3011159,320.46396
3011160,340.42307
3011161,339.6028
3011162,227.97182
3011163,189.99936
3011164,47.055763
3011165,1.4926326
3011166,62.262154
3011167,66.14655
3011168,0.9345929
3011169,271.7868
3011170,25.161564
3011171,21.163458
3011172,32.594986
3011173,160.45993
3011174,12.723239
3011175,9.559713
3011176,315.34937
3011177,21.193468
3011178,26.239044
3011179,270.19598
3011180,199.21169
3011181,5.053178
3011182,242.85915
3011183,66.79486
3011184,11.779055
3011185,0.0752558
3011186,21.96999
3011187,127.08986
3011188,0.0752558
3011189,322.93713
3011190,14.923089
3011191,100.29829
3011192,236.11021
3011193,336.93594
3011194,110.10106
3011195,150.7347
3011196,161.01384
3011197,42.066204
3011198,0.50472486
3011199,27.450552
3011200,37.083694
3011201,0.199101
3011202,355.38394
3011203,28.37466
3011204,10.338997
3011205,5.998438
3011206,74.51038
3011207,5.5900593
3011208,279.48892
3011209,352.01233
3011210,17.22921
3011211,21.02502
3011212,220.53012
3011213,89.57337
3011214,6.544101
3011215,271.47095
3011216,21.18858
3011217,11.313164
3011218,0.07803996
3011219,10.731583
3011220,184.19257
3011221,0.07803996
3011222,214.10588
3011223,22.670147
3011224,59.587708
3011225,321.22372
3011226,339.6357
3011227,347.93365
3011228,317.38443
3011229,300.17624
3011230,64.272575
3011231,1.73461
3011232,43.105995
3011233,39.691944
3011234,0.31943586
3011235,324.4095
3011236,19.331818
3011237,23.473465
3011238,7.2896585
3011239,189.77351
3011240,18.274054
3011241,201.30229
3011242,352.06232
3011243,17.969877
3011244,27.317074
3011245,173.69168
3011246,206.9278
3011247,4.68412
3011248,263.395
3011249,78.91371
3011250,5.438556
3011251,0.5448467
3011252,7.6081867
3011253,327.63168
3011254,0.12567484
3011255,334.911
3011256,21.449694
3011257,295.0514
3011258,208.73001
3011259,219.3648
3011260,80.481125
3011261,75.20089
3011262,166.25618
3011263,45.185246
3011264,1.116803
3011265,22.519653
3011266,20.408346
3011267,0.33445916
3011268,210.4683
3011269,12.352649
3011270,7.613338
3011271,10.790524
3011272,39.093063
3011273,6.6681967
3011274,251.36914
3011275,247.75467
3011276,3.1347568
3011277,6.2428694
3011278,203.12726
3011279,56.0051
3011280,7.8366704
3011281,0.5337219
3011282,7.5605774
3011283,9.460524
3011284,0.10574792
3011285,13.567194
3011286,159.81094
3011287,0.10574792
3011288,345.92694
3011289,29.434258
3011290,83.13804
3011291,314.87564
3011292,354.7287
3011293,109.55175
3011294,114.57344
3011295,170.51324
3011296,63.981197
3011297,1.3332784
3011298,45.2564
3011299,35.195965
3011300,0.18478942
3011301,344.07797
3011302,16.00419
3011303,8.081053
3011304,3.354452
3011305,88.31717
3011306,8.212582
3011307,351.48788
3011308,362.6518
3011309,11.34214
3011310,22.250744
3011311,340.28748
3011312,81.65527
3011313,5.91117
3011314,250.04785
3011315,15.180318
3011316,6.2742896
3011317,0.11428036
3011318,6.222361
3011319,288.43823
3011320,0.11428036
3011321,306.69037
3011322,8.027504
3011323,126.843666
3011324,303.01434
3011325,242.77505
3011326,329.13977
3011327,208.22319
3011328,197.3808
3011329,41.23115
3011330,1.8138813
3011331,31.37051
3011332,35.831585
3011333,0.41911122
3011334,319.36053
3011335,3.0245051
3011336,39.272835
3011337,4.837288
3011338,102.77261
3011339,9.760293
3011340,212.70578
3011341,312.49634
3011342,19.515982
3011343,9.099328
3011344,105.06677
3011345,123.06371
3011346,15.74303
3011347,3.8545291
3011348,45.214226
3011349,10.316989
3011350,0.08060506
3011351,9.488734
3011352,306.16977
3011353,0.08060506
3011354,304.34598
3011355,11.104721
3011356,244.10558
3011357,314.70184
3011358,331.68292
3011359,221.74133
3011360,270.21017
3011361,317.2873
3011362,55.288193
3011363,2.9311907
3011364,51.318718
3011365,44.356915
3011366,0.23536274
3011367,340.6978
3011368,7.7845707
3011369,41.042515
3011370,10.22727
3011371,182.02972
3011372,9.26343
3011373,329.73947
3011374,315.56647
3011375,13.088736
3011376,22.16536
3011377,322.79056
3011378,123.62336
3011379,161.65492
3011380,4.6185603
3011381,7.3437014
3011382,8.238355
3011383,0.08487466
3011384,4.82677
3011385,172.42244
3011386,0.08487466
3011387,349.1793
3011388,7.362004
3011389,201.2762
3011390,317.06305
3011391,214.99214
3011392,94.15347
3011393,83.17793
3011394,196.35991
3011395,15.845634
3011396,1.4570128
3011397,24.518858
3011398,24.500298
3011399,0.08698903
3011400,202.21136
3011401,5.6290345
3011402,11.163846
3011403,6.104969
3011404,56.088608
3011405,4.180382
3011406,250.64551
3011407,227.57642
3011408,4.458077
3011409,5.393459
3011410,163.36682
3011411,63.17287
3011412,2.9420145
3011413,0.0
3011414,3.2057223
3011415,5.6487026
3011416,0.07563953
3011417,2.8607304
3011418,221.63889
3011419,0.07563953
3011420,247.30333
3011421,4.336483
3011422,310.27017
3011423,272.4281
3011424,232.03163
3011425,89.00041
3011426,27.300785
3011427,182.57158
3011428,10.023446
3011429,0.8798498
3011430,21.481493
3011431,10.9479
3011432,0.07775393
3011433,227.38986
3011434,0.06632917
3011435,0.0
3011436,3.9723976
3011437,16.348248
3011438,0.6964463
3011439,48.902813
3011440,194.73682
3011441,0.14940491
3011442,1.8245258
3011443,61.13758
3011444,87.51688
3011445,243.53603
3011446,0.0
3011447,2.1071563
3011448,5.767744
3011449,0.10272995
3011450,6.8200665
3011451,200.01814
3011452,0.10272995
3011453,321.58197
3011454,11.076369
3011455,159.9174
3011456,208.58322
3011457,324.756
3011458,174.00967
3011459,123.81733
3011460,134.92151
3011461,31.350931
3011462,0.9331523
3011463,25.104836
3011464,51.45542
3011465,0.10484433
3011466,317.25845
3011467,20.056152
3011468,15.005162
3011469,13.030579
3011470,33.91087
3011471,5.933079
3011472,349.6809
3011473,335.02985
3011474,8.245182
3011475,12.531786
3011476,339.12045
3011477,85.81357
3011478,6.488854
3011479,0.0
3011480,34.511272
3011481,4.5053515
3011482,0.14521572
3011483,6.912907
3011484,167.85431
3011485,0.19561732
3011486,233.9677
3011487,15.111809
3011488,46.287266
3011489,314.51077
3011490,180.57655
3011491,289.46582
3011492,184.65048
3011493,227.58905
3011494,35.912037
3011495,2.5809262
3011496,26.851673
3011497,35.246246
3011498,0.6964021
3011499,251.85031
3011500,12.566232
3011501,34.153442
3011502,7.2023306
3011503,118.02659
3011504,11.32358
3011505,345.88235
3011506,250.54514
3011507,6.5813193
3011508,12.094881
3011509,136.00854
3011510,120.60956
3011511,16.774803
3011512,0.09453179
3011513,39.370743
3011514,3.4956946
3011515,0.62740475
3011516,12.390927
3011517,175.83199
3011518,0.094004095
3011519,327.40524
3011520,16.115402
3011521,140.02519
3011522,316.44302
3011523,281.59882
3011524,304.0903
3011525,147.47792
3011526,164.94379
3011527,35.66402
3011528,3.605672
3011529,36.488697
3011530,47.97258
3011531,0.096118465
3011532,332.17828
3011533,25.78652
3011534,30.63737
3011535,24.592484
3011536,107.116295
3011537,16.65351
3011538,346.19977
3011539,324.62173
3011540,18.301306
3011541,17.04637
3011542,219.21315
3011543,132.57227
3011544,0.0
3011545,2.5102057
3011546,34.79327
3011547,11.784055
3011548,0.5014947
3011549,7.9106035
3011550,183.14384
3011551,0.094004095
3011552,318.9732
3011553,13.006331
3011554,186.37297
3011555,292.75613
3011556,296.65506
3011557,279.39737
3011558,86.36309
3011559,160.20082
3011560,10.6433735
3011561,1.1584854
3011562,46.38364
3011563,42.435852
3011564,0.096118465
3011565,347.30594
3011566,10.37313
3011567,4.6677036
3011568,6.1497817
3011569,45.707413
3011570,3.109867
3011571,341.7697
3011572,352.1055
3011573,6.7400007
3011574,6.4954953
3011575,329.89337
3011576,85.82841
3011577,154.17513
3011578,129.7118
3011579,14.129782
3011580,4.8621564
3011581,0.31153563
3011582,2.336051
3011583,208.77844
3011584,0.34167877
3011585,312.67435
3011586,11.504633
3011587,270.22537
3011588,308.9567
3011589,133.2928
3011590,126.649574
3011591,114.47647
3011592,305.49353
3011593,20.2827
3011594,2.0253284
3011595,21.697937
3011596,27.357254
3011597,0.9460445
3011598,184.54483
3011599,13.783506
3011600,19.949764
3011601,8.538209
3011602,70.723366
3011603,5.9620585
3011604,252.60481
3011605,177.69225
3011606,3.3526266
3011607,12.372125
3011608,269.2864
3011609,59.279232
3011610,8.649222
3011611,0.031278428
3011612,24.4364
3011613,1.07167
3011614,0.063954815
3011615,2.018909
3011616,288.852
3011617,0.063954815
3011618,90.04724
3011619,3.7653217
3011620,296.76328
3011621,272.7236
3011622,220.50227
3011623,36.52886
3011624,28.344809
3011625,195.92067
3011626,5.1350374
3011627,0.32498896
3011628,7.4186664
3011629,7.607104
3011630,0.09845492
3011631,145.51448
3011632,3.7002475
3011633,0.0
3011634,1.3947892
3011635,9.225837
3011636,0.24057572
3011637,186.87256
3011638,162.24612
3011639,0.8171905
3011640,3.6119895
3011641,134.77017
3011642,23.537117
3011643,298.73712
3011644,7.837939
3011645,2.0325685
3011646,6.504214
3011647,0.16396555
3011648,5.1363683
3011649,225.45007
3011650,0.072802946
3011651,310.173
3011652,12.009726
3011653,211.04231
3011654,338.78558
3011655,350.86835
3011656,191.15549
3011657,76.95362
3011658,229.46991
3011659,28.773132
3011660,0.7140476
3011661,22.769129
3011662,18.690619
3011663,0.15770471
3011664,350.38113
3011665,7.798676
3011666,3.0368552
3011667,7.8957834
3011668,30.725529
3011669,1.7888503
3011670,268.77798
3011671,316.73575
3011672,2.696939
3011673,13.832493
3011674,264.78824
3011675,96.66804
3011676,328.59924
3011677,12.6475525
3011678,7.966004
3011679,5.563491
3011680,0.14003778
3011681,0.54801494
3011682,331.48935
3011683,0.14003778
3011684,176.3191
3011685,10.995813
3011686,327.54706
3011687,337.73312
3011688,200.83374
3011689,59.04128
3011690,35.579777
3011691,314.31238
3011692,7.8180995
3011693,0.38120782
3011694,13.882918
3011695,16.660337
3011696,0.26570055
3011697,166.7951
3011698,6.5897026
3011699,0.03922127
3011700,9.716158
3011701,29.697802
3011702,1.0994363
3011703,170.52356
3011704,169.23596
3011705,1.1995744
3011706,6.038734
3011707,156.93741
3011708,29.389517
3011709,351.96115
3011710,15.928358
3011711,2.7953434
3011712,4.260764
3011713,0.14003778
3011714,4.8017063
3011715,221.05795
3011716,0.14003778
3011717,129.93698
3011718,6.4011135
3011719,278.02274
3011720,258.73416
3011721,164.82268
3011722,42.264896
3011723,28.879362
3011724,196.64005
3011725,12.373804
3011726,0.22493955
3011727,13.919734
3011728,7.469258
3011729,0.17453793
3011730,138.09563
3011731,1.2081283
3011732,0.03922127
3011733,2.7766664
3011734,31.394657
3011735,1.2069805
3011736,170.57103
3011737,170.72743
3011738,0.38808933
3011739,4.730342
3011740,91.470924
3011741,19.50157
3011742,234.80788
3011743,16.563278
3011744,1.0289392
3011745,3.4192169
3011746,0.13831094
3011747,1.5338693
3011748,307.84253
3011749,0.13831094
3011750,172.94533
3011751,8.486514
3011752,328.86438
3011753,350.24426
3011754,225.8977
3011755,34.184353
3011756,37.021957
3011757,308.18567
3011758,5.691895
3011759,0.5721189
3011760,7.884799
3011761,18.520319
3011762,0.2639737
3011763,192.94875
3011764,1.3431647
3011765,0.03749444
3011766,2.7129037
3011767,17.9208
3011768,1.7695915
3011769,223.5134
3011770,239.14716
3011771,1.142137
3011772,4.320209
3011773,69.46134
3011774,83.41102
3011775,357.9524
3011776,7.2378135
3011777,3.679031
3011778,3.358044
3011779,0.7059947
3011780,3.45034
3011781,266.06512
3011782,0.1256487
3011783,162.38475
3011784,3.8246453
3011785,309.74307
3011786,311.94894
3011787,238.0811
3011788,96.97278
3011789,65.383194
3011790,213.57896
3011791,7.5054812
3011792,1.4264375
3011793,10.996181
3011794,19.679161
3011795,0.2898868
3011796,214.29112
3011797,7.02711
3011798,0.024832193
3011799,3.0139847
3011800,17.104132
3011801,1.4086957
3011802,132.14319
3011803,181.4149
3011804,0.7688605
3011805,4.587865
3011806,106.53081
3011807,45.632217
3011808,269.72513
3011809,23.075161
3011810,3.9029148
3011811,3.9819157
3011812,0.19384119
3011813,1.4420612
3011814,265.2961
3011815,0.04119791
3011816,154.34662
3011817,4.565298
3011818,313.84882
3011819,233.27829
3011820,154.03865
3011821,119.97171
3011822,26.673729
3011823,266.85764
3011824,4.69533
3011825,0.22834131
3011826,8.974756
3011827,12.348665
3011828,0.22834131
3011829,145.44249
3011830,0.06427328
3011831,0.0
3011832,2.1452253
3011833,22.939043
3011834,1.3134968
3011835,50.9522
3011836,125.78183
3011837,0.8813917
3011838,2.8156457
3011839,65.50925
3011840,34.23215
3011841,361.45255
3011842,0.0
3011843,1.0756825
3011844,6.7664285
3011845,0.60058373
3011846,3.089577
3011847,330.1752
3011848,0.043329023
3011849,312.76474
3011850,5.681887
3011851,327.61584
3011852,260.91693
3011853,342.1778
3011854,178.99536
3011855,86.694595
3011856,304.74097
3011857,14.698302
3011858,1.3149558
3011859,22.392689
3011860,23.754766
3011861,0.2304725
3011862,264.6789
3011863,0.60453445
3011864,0.0
3011865,8.008734
3011866,28.5351
3011867,3.309954
3011868,244.07072
3011869,245.15173
3011870,1.5844461
3011871,7.764388
3011872,314.5742
3011873,54.428143
3011874,341.23306
3011875,25.610895
3011876,11.824053
3011877,3.2788103
3011878,0.44284227
3011879,5.11286
3011880,305.83115
3011881,0.04353442
3011882,295.10416
3011883,7.6824923
3011884,213.77267
3011885,302.8073
3011886,187.82135
3011887,167.99763
3011888,48.476578
3011889,311.7541
3011890,11.559032
3011891,0.812671
3011892,18.91526
3011893,18.142769
3011894,0.12843612
3011895,168.25954
3011896,7.887272
3011897,5.857353
3011898,8.221101
3011899,37.403492
3011900,1.6422759
3011901,99.32341
3011902,146.11485
3011903,3.1674182
3011904,6.406598
3011905,163.71004
3011906,51.272766
3011907,314.53583
3011908,49.688503
3011909,11.809254
3011910,5.352384
3011911,0.66122603
3011912,3.738326
3011913,300.72223
3011914,0.12710392
3011915,155.80147
3011916,6.79716
3011917,274.42142
3011918,323.29892
3011919,263.9848
3011920,53.9421
3011921,39.05708
3011922,211.64305
3011923,20.17526
3011924,1.3043387
3011925,11.357039
3011926,14.176708
3011927,0.2120057
3011928,163.70657
3011929,7.952542
3011930,0.0
3011931,3.776236
3011932,28.855993
3011933,2.1909595
3011934,149.93144
3011935,164.32523
3011936,1.1873347
3011937,4.5387845
3011938,97.11778
3011939,24.19618
3011940,354.40866
3011941,18.77861
3011942,3.830291
3011943,6.097741
3011944,0.070344165
3011945,9.043524
3011946,160.62108
3011947,0.070344165
3011948,330.19003
3011949,9.109541
3011950,283.25958
3011951,248.58525
3011952,185.60553
3011953,142.00272
3011954,85.82808
3011955,310.8135
3011956,35.38086
3011957,1.368605
3011958,17.770987
3011959,25.008757
3011960,0.23458222
3011961,212.85397
3011962,20.18338
3011963,14.094345
3011964,3.6851928
3011965,59.979523
3011966,7.8111873
3011967,327.39325
3011968,226.35419
3011969,8.060524
3011970,7.708221
3011971,343.4134
3011972,94.56066
3011973,8.358944
3011974,0.0
3011975,28.71439
3011976,6.3399143
3011977,0.04119791
3011978,6.250896
3011979,328.99625
3011980,0.04119791
3011981,334.55698
3011982,6.6133976
3011983,332.9231
3011984,310.24783
3011985,345.6909
3011986,93.50577
3011987,67.359184
3011988,321.51328
3011989,11.132322
3011990,0.33582053
3011991,17.729355
3011992,15.470927
3011993,0.07569805
3011994,281.45892
3011995,1.9935825
3011996,12.812528
3011997,4.788629
3011998,38.42032
3011999,1.354585
3012000,253.5223
3012001,285.1375
3012002,3.3175805
3012003,5.5114226
3012004,245.9845
3012005,55.46422
3012006,337.50977
3012007,38.343643
3012008,10.882786
3012009,9.226348
3012010,0.49326575
3012011,5.1699085
3012012,332.41083
3012013,0.04119791
3012014,339.25912
3012015,5.908366
3012016,338.53552
3012017,345.60117
3012018,275.8787
3012019,215.3494
3012020,69.55237
3012021,317.55707
3012022,14.548762
3012023,0.28236791
3012024,36.42978
3012025,29.271141
3012026,0.16686064
3012027,267.10126
3012028,3.5935798
3012029,4.748637
3012030,9.239982
3012031,66.44457
3012032,1.6340357
3012033,106.07737
3012034,230.9254
3012035,2.5166743
3012036,7.5337553
3012037,160.19347
3012038,136.76068
3012039,322.35318
3012040,0.42064822
3012041,5.8351536
3012042,4.6327224
3012043,0.2478678
3012044,2.0218608
3012045,286.94043
3012046,0.04119791
3012047,132.36244
3012048,6.8125286
3012049,350.89255
3012050,305.67166
3012051,141.99248
3012052,43.767544
3012053,41.57904
3012054,294.93646
3012055,9.615793
3012056,0.8513514
3012057,21.740753
3012058,19.113089
3012059,0.07569805
3012060,166.55905
3012061,0.5896557
3012062,0.0
3012063,4.285295
3012064,37.33925
3012065,2.1644304
3012066,96.93893
3012067,150.67249
3012068,0.9678006
3012069,5.1794853
3012070,147.23962
3012071,24.768295
3012072,370.3323
3012073,8.711138
3012074,1.6691861
3012075,1.8436075
3012076,0.060068298
3012077,2.0199926
3012078,319.8066
3012079,0.1512309
3012080,248.74008
3012081,8.715568
3012082,221.84325
3012083,341.12546
3012084,118.76692
3012085,46.83428
3012086,51.750458
3012087,166.77647
3012088,22.164173
3012089,0.32110244
3012090,10.82635
3012091,10.842164
3012092,0.30123836
3012093,115.512215
3012094,11.516966
3012095,2.0537703
3012096,3.550816
3012097,44.31441
3012098,4.265006
3012099,302.5842
3012100,140.10216
3012101,3.2794137
3012102,4.6904144
3012103,286.07373
3012104,28.464302
3012105,7.933103
3012106,0.0
3012107,6.7801867
3012108,2.2862132
3012109,0.1350388
3012110,5.9804144
3012111,323.32812
3012112,0.0053009354
3012113,267.80682
3012114,15.156162
3012115,216.89922
3012116,327.61856
3012117,247.94745
3012118,205.27843
3012119,141.37556
3012120,320.70258
3012121,33.050854
3012122,0.6229097
3012123,19.996365
3012124,31.504702
3012125,0.03980113
3012126,230.09222
3012127,12.933559
3012128,32.995712
3012129,8.649534
3012130,74.26053
3012131,11.2349415
3012132,323.91415
3012133,257.83466
3012134,15.247449
3012135,8.899197
3012136,323.79666
3012137,97.58894
3012138,3.4618146
3012139,0.0
3012140,19.926544
3012141,2.9644396
3012142,0.07796268
3012143,4.4250717
3012144,325.30505
3012145,0.027561113
3012146,272.97208
3012147,6.241309
3012148,314.36243
3012149,294.15598
3012150,133.98863
3012151,101.31602
3012152,60.639297
3012153,310.21912
3012154,18.668762
3012155,1.1198841
3012156,15.738316
3012157,19.749563
3012158,0.062061284
3012159,99.58125
3012160,0.050636515
3012161,18.443514
3012162,3.750081
3012163,122.834015
3012164,8.020686
3012165,164.67682
3012166,108.502075
3012167,4.199395
3012168,5.83565
3012169,146.15852
3012170,33.239414
3012171,126.261665
3012172,0.67930394
3012173,4.371487
3012174,3.796815
3012175,0.05541632
3012176,0.41155145
3012177,285.75208
3012178,0.05541632
3012179,201.90857
3012180,4.6940374
3012181,257.89963
3012182,203.89452
3012183,68.37337
3012184,30.994576
3012185,26.810406
3012186,172.85495
3012187,11.172495
3012188,0.54267645
3012189,8.540859
3012190,10.037948
3012191,0.29658633
3012192,66.24693
3012193,0.12889329
3012194,5.2407646
3012195,0.82989657
3012196,19.88514
3012197,0.14617187
3012198,208.97173
3012199,110.10382
3012200,2.0772324
3012201,1.1681553
3012202,115.39912
3012203,21.71235
3012204,312.11484
3012205,0.30774564
3012206,2.43157
3012207,5.8542895
3012208,0.4415844
3012209,1.7522211
3012210,287.00146
3012211,0.084495306
3012212,226.3127
3012213,14.161225
3012214,231.56201
3012215,219.41008
3012216,252.95906
3012217,202.74673
3012218,90.86579
3012219,167.95673
3012220,27.15839
3012221,2.7507677
3012222,16.573528
3012223,27.101316
3012224,0.37131032
3012225,198.35735
3012226,4.868628
3012227,30.25968
3012228,7.851324
3012229,91.39304
3012230,3.0460832
3012231,258.9654
3012232,209.13399
3012233,8.796854
3012234,8.05263
3012235,311.6227
3012236,68.51024
3012237,5.0600853
3012238,0.77626246
3012239,14.393224
3012240,6.3668504
3012241,0.05541632
3012242,4.079256
3012243,264.03674
3012244,0.05541632
3012245,353.31827
3012246,13.546
3012247,317.0529
3012248,330.5982
3012249,308.6029
3012250,214.18874
3012251,66.68782
3012252,183.94939
3012253,15.0030155
3012254,1.1847365
3012255,30.257616
3012256,18.093857
3012257,0.8506512
3012258,229.60657
3012259,0.0784917
3012260,5.8527355
3012261,5.14732
3012262,39.85791
3012263,0.80173427
3012264,191.79015
3012265,261.92957
3012266,4.2264113
3012267,3.9059086
3012268,202.2462
3012269,79.00058
3012270,336.24362
3012271,2.3988953
3012272,4.5766277
3012273,5.5272775
3012274,0.41158512
3012275,3.8526723
3012276,292.87717
3012277,0.05541632
3012278,349.67093
3012279,11.690977
3012280,293.5774
3012281,339.14743
3012282,234.66196
3012283,197.7774
3012284,65.545235
3012285,295.27316
3012286,15.68357
3012287,1.1910312
3012288,23.72746
3012289,16.562672
3012290,0.08991647
3012291,222.96848
3012292,0.0784917
3012293,7.9293814
3012294,4.6062036
3012295,51.875534
3012296,1.0522206
3012297,120.23557
3012298,206.43434
3012299,4.792556
3012300,4.39668
3012301,189.90974
3012302,62.53613
3012303,336.24362
3012304,1.6814154
3012305,6.2057915
3012306,9.894685
3012307,1.0097822
3012308,16.595016
3012309,122.76445
3012310,0.09328908
3012311,332.0842
3012312,26.475863
3012313,139.17346
3012314,330.67996
3012315,306.05148
3012316,329.78705
3012317,286.94104
3012318,296.07907
3012319,73.952324
3012320,2.925914
3012321,46.920135
3012322,48.917137
3012323,0.17819086
3012324,342.4905
3012325,30.848726
3012326,48.86011
3012327,22.726786
3012328,151.92871
3012329,23.026543
3012330,23.027666
3012331,339.0418
3012332,16.80038
3012333,19.941584
3012334,219.51524
3012335,211.0422
3012336,12.870279
3012337,0.5010321
3012338,71.74987
3012339,3.0707533
3012340,0.5514996
3012341,0.7076082
3012342,292.17984
3012343,0.05168735
3012344,173.19489
3012345,4.0088506
3012346,291.01218
3012347,267.51202
3012348,112.06778
3012349,137.40836
3012350,45.023132
3012351,192.1632
3012352,4.967559
3012353,0.21592534
3012354,12.167356
3012355,9.111681
3012356,0.23883078
3012357,133.83017
3012358,1.1139587
3012359,0.0
3012360,2.8719523
3012361,29.002188
3012362,0.69878584
3012363,65.777374
3012364,87.07961
3012365,1.6191936
3012366,4.029834
3012367,105.508606
3012368,22.469242
3012369,305.18408
3012370,0.064466044
3012371,3.3501453
3012372,7.4791126
3012373,0.18067744
3012374,2.1923487
3012375,241.02448
3012376,0.050939556
3012377,343.26242
3012378,7.975513
3012379,186.89366
3012380,282.74756
3012381,215.39828
3012382,271.5657
3012383,72.973816
3012384,174.95566
3012385,12.2386265
3012386,0.29210958
3012387,19.408089
3012388,22.101952
3012389,0.0854397
3012390,252.1772
3012391,0.9135574
3012392,8.510002
3012393,8.994452
3012394,16.68577
3012395,1.3632524
3012396,305.90366
3012397,239.30762
3012398,3.815464
3012399,6.2449117
3012400,130.26704
3012401,54.32847
3012402,337.76968
3012403,1.5557449
3012404,4.7133965
3012405,1.5022744
3012406,0.05168735
3012407,0.78786016
3012408,289.839
3012409,0.05168735
3012410,113.95594
3012411,3.5723803
3012412,330.65897
3012413,141.30186
3012414,88.22434
3012415,140.01614
3012416,16.65118
3012417,146.17336
3012418,1.0832889
3012419,0.23883078
3012420,7.385057
3012421,4.2636614
3012422,0.13658908
3012423,89.004105
3012424,0.07476272
3012425,0.0
3012426,0.39514256
3012427,18.114824
3012428,0.2987112
3012429,66.30819
3012430,71.91069
3012431,0.29320985
3012432,0.880509
3012433,54.527786
3012434,9.846423
3012435,296.9246
3012436,0.014064581
3012437,1.6453038
3012438,6.883253
3012439,0.04119791
3012440,1.9928203
3012441,229.07686
3012442,0.04119791
3012443,203.86583
3012444,7.8705993
3012445,150.02942
3012446,313.32446
3012447,169.42004
3012448,120.51127
3012449,46.76496
3012450,216.04483
3012451,3.3018918
3012452,0.43186682
3012453,24.400364
3012454,13.438263
3012455,0.20543593
3012456,179.21727
3012457,0.06427328
3012458,0.0
3012459,12.598487
3012460,21.836082
3012461,1.0374776
3012462,236.66364
3012463,192.96161
3012464,1.6787677
3012465,3.6212316
3012466,198.59093
3012467,25.095762
3012468,335.9068
3012469,0.0
3012470,0.5001863
3012471,2.635561
3012472,0.25835726
3012473,2.0567598
3012474,312.86844
3012475,0.05168735
3012476,307.1937
3012477,7.6337643
3012478,302.1074
3012479,228.42653
3012480,207.52585
3012481,111.69781
3012482,61.22407
3012483,221.50682
3012484,6.375027
3012485,4.271683
3012486,25.079771
3012487,38.801205
3012488,0.08618748
3012489,188.55556
3012490,1.7050728
3012491,7.5975494
3012492,2.7413208
3012493,25.380219
3012494,1.8387252
3012495,170.34402
3012496,237.93959
3012497,2.7230573
3012498,5.2603617
3012499,132.56194
3012500,27.223011
3012501,252.78299
3012502,3.5432181
3012503,2.1578705
3012504,3.0373943
3012505,0.049631473
3012506,0.32363755
3012507,198.65651
3012508,0.049631473
3012509,114.439476
3012510,2.5563002
3012511,339.16223
3012512,156.32912
3012513,82.52201
3012514,137.99901
3012515,35.55598
3012516,215.43008
3012517,5.397414
3012518,0.53689164
3012519,7.1443872
3012520,6.0980015
3012521,0.1345332
3012522,101.1451
3012523,0.07270685
3012524,0.0
3012525,0.17404333
3012526,21.67255
3012527,0.6241075
3012528,176.1337
3012529,85.46256
3012530,0.7375673
3012531,0.9787483
3012532,50.60119
3012533,16.891493
3012534,336.72626
3012535,0.041112904
3012536,1.2376841
3012537,4.03196
3012538,0.06805161
3012539,0.77513814
3012540,188.97449
3012541,0.06805161
3012542,348.56622
3012543,7.8137426
3012544,253.72423
3012545,348.51297
3012546,195.05669
3012547,144.47174
3012548,71.068306
3012549,318.62616
3012550,8.849244
3012551,0.30922168
3012552,21.35044
3012553,12.913603
3012554,0.19371438
3012555,209.2458
3012556,0.09112695
3012557,24.055906
3012558,3.0821736
3012559,52.526623
3012560,0.9105014
3012561,213.14806
3012562,197.19171
3012563,2.66753
3012564,3.0252457
3012565,126.67596
3012566,43.578648
3012567,334.09845
3012568,1.0347663
3012569,1.1785431
3012570,4.112191
3012571,0.11319561
3012572,6.8423257
3012573,313.42416
3012574,0.11319561
3012575,308.99353
3012576,6.0707736
3012577,293.99072
3012578,228.26997
3012579,154.9661
3012580,116.945496
3012581,105.95873
3012582,304.39716
3012583,47.152092
3012584,1.3607006
3012585,21.24215
3012586,27.005033
3012587,0.55518633
3012588,211.63274
3012589,20.858322
3012590,20.645535
3012591,1.2101903
3012592,87.88999
3012593,8.39804
3012594,191.72333
3012595,239.24915
3012596,10.917052
3012597,12.519339
3012598,226.16577
3012599,65.13678
3012600,6.223117
3012601,0.0
3012602,10.041645
3012603,5.062246
3012604,0.04119791
3012605,8.530704
3012606,330.4501
3012607,0.04119791
3012608,351.1668
3012609,10.547883
3012610,152.91887
3012611,262.06696
3012612,129.63533
3012613,79.41801
3012614,91.060646
3012615,150.98409
3012616,26.803453
3012617,0.9233909
3012618,38.060936
3012619,15.861031
3012620,0.07569805
3012621,262.64706
3012622,19.41743
3012623,15.089867
3012624,7.7359095
3012625,75.702255
3012626,10.751183
3012627,132.50957
3012628,290.5468
3012629,6.492269
3012630,9.51491
3012631,108.23534
3012632,73.06134
3012633,5.8303666
3012634,17.03775
3012635,13.6595545
3012636,8.4046335
3012637,0.27558336
3012638,2.4530518
3012639,301.35715
3012640,0.09672773
3012641,281.061
3012642,5.178832
3012643,294.99707
3012644,332.66025
3012645,180.99995
3012646,256.74243
3012647,63.816635
3012648,231.94466
3012649,28.118105
3012650,1.8604158
3012651,19.674583
3012652,16.359476
3012653,0.13122785
3012654,308.0681
3012655,4.998486
3012656,13.644613
3012657,3.8513255
3012658,32.624653
3012659,3.2375774
3012660,165.43962
3012661,272.59506
3012662,6.3478684
3012663,8.438605
3012664,206.58684
3012665,50.603096
3012666,325.68646
3012667,10.56065
3012668,13.543312
3012669,3.5995853
3012670,0.57790786
3012671,5.0107393
3012672,302.38922
3012673,0.078095645
3012674,326.23138
3012675,6.2454305
3012676,278.69556
3012677,262.95465
3012678,159.34999
3012679,120.51504
3012680,71.5865
3012681,225.99046
3012682,21.864841
3012683,1.5292089
3012684,11.671055
3012685,10.455619
3012686,0.16299742
3012687,185.11269
3012688,18.017641
3012689,18.166473
3012690,1.9924777
3012691,62.30993
3012692,6.7719717
3012693,301.43893
3012694,203.97348
3012695,5.076594
3012696,7.2990813
3012697,316.3426
3012698,52.902634
3012699,11.252393
3012700,0.0
3012701,20.869862
3012702,2.908197
3012703,0.14240813
3012704,2.3128707
3012705,238.59044
3012706,0.09200658
3012707,339.72385
3012708,7.674514
3012709,309.1431
3012710,303.8952
3012711,256.8757
3012712,181.17207
3012713,60.24899
3012714,164.02844
3012715,9.720471
3012716,2.2083595
3012717,28.626247
3012718,20.808407
3012719,0.27915004
3012720,322.8733
3012721,0.11508195
3012722,0.041591544
3012723,7.7476454
3012724,21.861454
3012725,1.6399709
3012726,133.16557
3012727,280.4928
3012728,2.6285233
3012729,9.897024
3012730,167.51091
3012731,60.01299
3012732,333.95474
3012733,0.0
3012734,3.826604
3012735,6.497976
3012736,0.09200658
3012737,9.254149
3012738,234.94992
3012739,0.09200658
3012740,349.63843
3012741,8.368122
3012742,311.49194
3012743,328.44476
3012744,189.11748
3012745,112.66045
3012746,106.60959
3012747,177.18167
3012748,26.809834
3012749,1.1164805
3012750,23.180882
3012751,30.598541
3012752,0.12650672
3012753,205.30565
3012754,15.084698
3012755,16.107994
3012756,8.323993
3012757,53.30053
3012758,9.768118
3012759,191.59213
3012760,238.3744
3012761,12.507532
3012762,9.003348
3012763,182.88292
3012764,55.165825
3012765,3.7232423
3012766,0.10619506
3012767,5.5416794
3012768,3.6523368
3012769,0.09005438
3012770,4.7526608
3012771,257.28458
3012772,0.09005438
3012773,337.6129
3012774,7.6049566
3012775,221.54913
3012776,259.6952
3012777,151.58736
3012778,119.58384
3012779,107.265305
3012780,275.09952
3012781,30.44082
3012782,0.8324444
3012783,23.068644
3012784,24.999783
3012785,0.124554485
3012786,174.14307
3012787,12.962176
3012788,30.71301
3012789,3.1307716
3012790,51.175568
3012791,8.494228
3012792,208.43716
3012793,196.64412
3012794,8.252864
3012795,7.7814484
3012796,195.33337
3012797,48.9291
3012798,114.72497
3012799,0.017355723
3012800,13.189125
3012801,6.2967577
3012802,0.1521498
3012803,3.1099901
3012804,150.8392
3012805,0.10174824
3012806,177.05695
3012807,14.576341
3012808,290.03964
3012809,168.67862
3012810,275.50632
3012811,182.26846
3012812,61.9579
3012813,295.13742
3012814,9.174371
3012815,0.2659863
3012816,15.825775
3012817,17.156715
3012818,0.18664998
3012819,248.13922
3012820,0.1248236
3012821,10.230117
3012822,1.5477006
3012823,57.99477
3012824,3.5876324
3012825,211.81645
3012826,267.0574
3012827,2.9004712
3012828,2.2862396
3012829,220.97888
3012830,143.44885
3012831,125.633835
3012832,2.098557
3012833,1.1916713
3012834,12.51924
3012835,0.040533543
3012836,14.52327
3012837,179.92958
3012838,0.040533543
3012839,316.6946
3012840,22.12787
3012841,129.82259
3012842,328.61862
3012843,342.8554
3012844,308.06168
3012845,327.85986
3012846,280.76672
3012847,81.12355
3012848,4.092314
3012849,106.606735
3012850,106.6861
3012851,0.20477155
3012852,329.2471
3012853,33.586426
3012854,23.190763
3012855,40.74972
3012856,209.02635
3012857,22.974579
3012858,11.084176
3012859,326.9221
3012860,34.570156
3012861,31.782162
3012862,203.88179
3012863,285.76324
3012864,14.886171
3012865,215.8268
3012866,75.800385
3012867,14.740604
3012868,0.045654215
3012869,13.287594
3012870,129.52066
3012871,0.045654215
3012872,99.51815
3012873,21.51606
3012874,225.45818
3012875,212.86395
3012876,333.81915
3012877,282.86768
3012878,243.15689
3012879,242.0563
3012880,111.52336
3012881,1.5821695
3012882,53.880447
3012883,69.536
3012884,0.7004049
3012885,317.3902
3012886,15.470953
3012887,28.494781
3012888,10.206568
3012889,144.51997
3012890,17.149632
3012891,32.0475
3012892,326.7474
3012893,20.183681
3012894,25.924551
3012895,235.27962
3012896,205.80551
3012897,11.696171
3012898,195.9418
3012899,70.86995
3012900,10.475926
3012901,0.042870052
3012902,19.500286
3012903,127.46798
3012904,0.0932716
3012905,288.6897
3012906,11.888546
3012907,166.262
3012908,332.59927
3012909,317.63123
3012910,113.7114
3012911,195.0523
3012912,264.64685
3012913,45.867386
3012914,3.0929053
3012915,37.656414
3012916,24.017944
3012917,0.28404006
3012918,347.74228
3012919,21.259893
3012920,20.275726
3012921,9.561692
3012922,95.612885
3012923,9.202022
3012924,284.45795
3012925,265.2245
3012926,18.387367
3012927,42.778603
3012928,313.1605
3012929,121.7926
3012930,6.2926693
3012931,191.1935
3012932,36.28624
3012933,14.754662
3012934,0.042870052
3012935,21.321592
3012936,150.72255
3012937,0.042870052
3012938,322.5389
3012939,16.725334
3012940,158.6273
3012941,330.50732
3012942,329.3852
3012943,297.105
3012944,203.45497
3012945,235.50175
3012946,43.72384
3012947,1.8669332
3012948,56.79458
3012949,58.812485
3012950,0.9345929
3012951,278.27527
3012952,37.349102
3012953,21.99297
3012954,28.58568
3012955,153.3016
3012956,11.719623
3012957,10.230719
3012958,330.05463
3012959,19.05546
3012960,25.465914
3012961,275.21655
3012962,186.43982
3012963,3.8506465
3012964,196.50111
3012965,58.10064
3012966,10.748463
3012967,0.042870052
3012968,21.180092
3012969,120.60653
3012970,0.042870052
3012971,329.56976
3012972,14.336827
3012973,165.03076
3012974,241.23619
3012975,341.19907
3012976,87.62428
3012977,146.9584
3012978,154.90413
3012979,36.105427
3012980,0.199101
3012981,26.519562
3012982,38.4473
3012983,0.20710805
3012984,339.70358
3012985,15.59306
3012986,9.884136
3012987,7.742803
3012988,90.394165
3012989,5.3369713
3012990,213.34097
3012991,344.2569
3012992,15.092401
3012993,21.420755
3012994,223.31781
3012995,80.22868
3012996,10.92257
3012997,246.20378
3012998,17.94811
3012999,11.215553
3013000,0.045654215
3013001,12.4397135
3013002,149.09993
3013003,0.045654215
3013004,272.81183
3013005,23.468683
3013006,130.43626
3013007,330.19785
3013008,338.5907
3013009,343.21744
3013010,273.72168
3013011,306.14508
3013012,70.606125
3013013,1.6522853
3013014,49.296326
3013015,42.17225
3013016,0.3066883
3013017,330.29996
3013018,11.320978
3013019,24.333559
3013020,12.553254
3013021,172.82733
3013022,16.303537
3013023,219.43224
3013024,344.63586
3013025,16.244984
3013026,26.988047
3013027,169.4621
3013028,194.61353
3013029,13.274059
3013030,242.08533
3013031,68.47258
3013032,5.6698704
3013033,0.4925971
3013034,7.27627
3013035,306.7368
3013036,0.09328908
3013037,326.718
3013038,21.060606
3013039,304.0178
3013040,216.26839
3013041,194.31998
3013042,74.832634
3013043,70.251
3013044,189.87364
3013045,37.586205
3013046,1.0847174
3013047,25.489346
3013048,20.755243
3013049,0.12778926
3013050,177.35756
3013051,11.526928
3013052,7.522401
3013053,9.306963
3013054,39.646507
3013055,6.615925
3013056,223.57576
3013057,212.84189
3013058,2.8686888
3013059,5.8427734
3013060,199.8249
3013061,52.308933
3013062,8.120801
3013063,0.42078006
3013064,7.7890296
3013065,9.83849
3013066,0.07336214
3013067,13.26996
3013068,111.006714
3013069,0.07336214
3013070,344.6337
3013071,27.12903
3013072,89.23827
3013073,358.80673
3013074,335.1286
3013075,90.34432
3013076,119.47591
3013077,171.07399
3013078,63.59404
3013079,1.4572005
3013080,47.160496
3013081,31.756775
3013082,0.19902492
3013083,322.423
3013084,14.683537
3013085,7.353789
3013086,3.5545175
3013087,95.060074
3013088,8.218281
3013089,331.16553
3013090,351.12985
3013091,10.883727
3013092,22.168987
3013093,327.69705
3013094,72.25617
3013095,9.78388
3013096,238.33548
3013097,15.999023
3013098,6.902406
3013099,0.08189459
3013100,4.253982
3013101,287.85736
3013102,0.08189459
3013103,293.0688
3013104,8.185362
3013105,34.803215
3013106,314.60043
3013107,210.72656
3013108,286.15317
3013109,191.99768
3013110,200.58434
3013111,41.926777
3013112,1.7337289
3013113,31.43268
3013114,33.593826
3013115,0.41911122
3013116,264.71368
3013117,3.2465377
3013118,38.506557
3013119,5.129936
3013120,98.16229
3013121,9.339743
3013122,226.404
3013123,261.77765
3013124,18.501913
3013125,8.65849
3013126,100.8082
3013127,107.71471
3013128,18.939844
3013129,3.606214
3013130,43.249546
3013131,9.369364
3013132,0.048219316
3013133,9.496204
3013134,321.0599
3013135,0.048219316
3013136,317.9229
3013137,11.265033
3013138,224.72258
3013139,322.31555
3013140,308.61908
3013141,193.52104
3013142,242.7142
3013143,324.93326
3013144,42.641747
3013145,2.9134424
3013146,42.14936
3013147,43.570393
3013148,0.21245733
3013149,322.62854
3013150,7.618779
3013151,39.62923
3013152,9.732274
3013153,173.43831
3013154,8.376507
3013155,329.61105
3013156,278.6678
3013157,13.60735
3013158,21.84258
3013159,320.3277
3013160,116.94896
3013161,152.65594
3013162,4.5644674
3013163,7.204596
3013164,7.207155
3013165,0.052488912
3013166,1.969586
3013167,133.91798
3013168,0.052488912
3013169,337.67523
3013170,7.478917
3013171,147.63324
3013172,314.17297
3013173,190.12373
3013174,81.35462
3013175,86.02034
3013176,191.83533
3013177,14.633487
3013178,1.4728259
3013179,27.70955
3013180,26.351107
3013181,0.08698903
3013182,163.33386
3013183,5.564897
3013184,11.7827215
3013185,6.1044574
3013186,48.8757
3013187,3.7484982
3013188,223.48668
3013189,195.80263
3013190,4.374855
3013191,5.13329
3013192,145.22641
3013193,57.02969
3013194,6.3745756
3013195,0.0
3013196,3.4039366
3013197,5.521857
3013198,0.043253787
3013199,2.7029274
3013200,227.47911
3013201,0.043253787
3013202,204.86717
3013203,4.019824
3013204,314.4668
3013205,249.25208
3013206,197.02284
3013207,68.73064
3013208,28.776745
3013209,216.80983
3013210,9.84406
3013211,0.88974124
3013212,16.046295
3013213,8.895034
3013214,0.07775393
3013215,197.91934
3013216,0.06632917
3013217,0.0
3013218,4.146166
3013219,21.807333
3013220,0.7922607
3013221,54.453503
3013222,166.5735
3013223,0.14940491
3013224,2.030926
3013225,57.51718
3013226,76.57727
3013227,302.07184
3013228,0.0
3013229,2.5815413
3013230,5.963257
3013231,0.070344165
3013232,6.785492
3013233,275.52783
3013234,0.070344165
3013235,343.69385
3013236,11.614787
3013237,182.45107
3013238,258.60287
3013239,286.06613
3013240,139.61583
3013241,125.59768
3013242,178.28633
3013243,30.89704
3013244,0.8365626
3013245,21.589497
3013246,48.018307
3013247,0.10484433
3013248,274.21722
3013249,19.407293
3013250,14.229503
3013251,9.899666
3013252,56.963398
3013253,5.7887754
3013254,337.1782
3013255,290.62106
3013256,8.121187
3013257,12.703078
3013258,334.39734
3013259,77.15324
3013260,13.0681095
3013261,0.0
3013262,31.170748
3013263,4.3620477
3013264,0.11282995
3013265,7.0854135
3013266,161.85727
3013267,0.16323155
3013268,253.47981
3013269,17.04743
3013270,54.27952
3013271,313.44226
3013272,174.9969
3013273,250.68471
3013274,190.6181
3013275,267.82782
3013276,37.15832
3013277,2.7565184
3013278,25.880354
3013279,29.381748
3013280,0.6964021
3013281,216.6675
3013282,11.393112
3013283,37.47642
3013284,9.111724
3013285,110.66397
3013286,11.735881
3013287,320.62717
3013288,246.99265
3013289,6.7354774
3013290,12.464244
3013291,139.58194
3013292,114.656624
3013293,15.176329
3013294,0.09453179
3013295,38.49743
3013296,3.4242604
3013297,0.67638093
3013298,11.995575
3013299,203.19856
3013300,0.06161833
3013301,294.06714
3013302,16.694195
3013303,117.142586
3013304,332.87048
3013305,237.73509
3013306,270.09402
3013307,131.64008
3013308,216.41057
3013309,30.286161
3013310,3.2785792
3013311,36.107903
3013312,48.5921
3013313,0.096118465
3013314,305.00854
3013315,24.639017
3013316,28.987597
3013317,24.650675
3013318,113.318954
3013319,15.549277
3013320,336.95456
3013321,302.1963
3013322,15.046669
3013323,18.373653
3013324,241.75758
3013325,120.43028
3013326,7.750491
3013327,2.1866517
3013328,30.355408
3013329,12.782724
3013330,0.46910906
3013331,7.486198
3013332,180.50713
3013333,0.06161833
3013334,340.40277
3013335,13.220674
3013336,150.95631
3013337,278.37573
3013338,314.5144
3013339,186.5387
3013340,89.06471
3013341,188.41206
3013342,10.525178
3013343,1.1203575
3013344,46.294235
3013345,36.680885
3013346,0.096118465
3013347,337.3718
3013348,10.351754
3013349,7.4180202
3013350,10.001374
3013351,42.5087
3013352,3.0499277
3013353,316.4508
3013354,340.30392
3013355,6.5496244
3013356,6.4844484
3013357,323.80017
3013358,81.721405
3013359,335.43265
3013360,102.537445
3013361,14.190351
3013362,4.3343525
3013363,0.32002053
3013364,4.1569657
3013365,230.82062
3013366,0.35016367
3013367,343.16858
3013368,11.32808
3013369,272.77563
3013370,331.26923
3013371,140.97954
3013372,140.93893
3013373,139.57732
3013374,296.047
3013375,20.14877
3013376,1.8266929
3013377,20.988434
3013378,25.506683
3013379,1.0034353
3013380,175.89403
3013381,14.546718
3013382,24.316442
3013383,7.5480485
3013384,112.17466
3013385,5.9910655
3013386,263.43558
3013387,170.48088
3013388,3.3453667
3013389,13.843922
3013390,284.80865
3013391,62.54217
3013392,217.21725
3013393,0.0
3013394,23.994051
3013395,1.0835325
3013396,0.072439685
3013397,1.8449181
3013398,279.40872
3013399,0.072439685
3013400,76.85402
3013401,3.646429
3013402,297.47858
3013403,285.58926
3013404,212.94516
3013405,27.158472
3013406,28.324793
3013407,289.3061
3013408,4.252181
3013409,0.3670624
3013410,7.122207
3013411,7.3747263
3013412,0.10693982
3013413,134.50504
3013414,3.90046
3013415,0.0
3013416,0.91152656
3013417,11.318572
3013418,0.2490606
3013419,165.3906
3013420,143.93803
3013421,0.8546919
3013422,3.281935
3013423,124.87903
3013424,24.914032
3013425,207.51297
3013426,6.363341
3013427,1.6770741
3013428,6.4756846
3013429,0.17245042
3013430,5.3246193
3013431,311.01532
3013432,0.081287816
3013433,299.88635
3013434,12.267729
3013435,318.38593
3013436,321.8028
3013437,329.68063
3013438,181.49158
3013439,73.37514
3013440,306.0934
3013441,34.221947
3013442,0.73748225
3013443,21.304953
3013444,19.166574
3013445,0.16618958
3013446,339.6347
3013447,7.802781
3013448,1.1910604
3013449,8.35372
3013450,28.397509
3013451,1.9439236
3013452,224.35197
3013453,309.84546
3013454,2.6643867
3013455,13.994896
3013456,249.2165
3013457,93.63501
3013458,156.01733
3013459,26.341572
3013460,8.704088
3013461,5.3731174
3013462,0.11621465
3013463,0.597613
3013464,311.66763
3013465,0.11621465
3013466,157.44157
3013467,10.239353
3013468,324.29114
3013469,336.525
3013470,175.59409
3013471,62.738075
3013472,33.56233
3013473,313.3643
3013474,8.406093
3013475,0.35738474
3013476,10.29041
3013477,16.39225
3013478,0.24187745
3013479,150.233
3013480,6.5739965
3013481,0.0
3013482,9.609549
3013483,29.380632
3013484,1.1091368
3013485,138.58156
3013486,150.30292
3013487,1.2092749
3013488,5.9278784
3013489,132.36194
3013490,28.396605
3013491,309.61325
3013492,21.954607
3013493,2.8764977
3013494,4.283644
3013495,0.11621465
3013496,4.2242565
3013497,224.2577
3013498,0.11621465
3013499,100.02339
3013500,6.335431
3013501,270.67236
3013502,278.13812
3013503,136.56386
3013504,34.05495
3013505,28.163923
3013506,284.82907
3013507,12.772848
3013508,0.20111644
3013509,11.606418
3013510,7.3737855
3013511,0.15071481
3013512,131.212
3013513,1.3312615
3013514,0.0
3013515,1.8858744
3013516,32.813442
3013517,1.1949601
3013518,130.65092
3013519,163.57378
3013520,0.39785478
3013521,4.7090907
3013522,74.74003
3013523,19.778368
3013524,158.60359
3013525,135.15887
3013526,0.7847399
3013527,3.452678
3013528,0.11448781
3013529,1.4944023
3013530,276.81683
3013531,0.11448781
3013532,145.44987
3013533,8.209567
3013534,326.50858
3013535,352.05457
3013536,209.20932
3013537,31.589869
3013538,36.55585
3013539,306.4306
3013540,5.7318573
3013541,0.54829574
3013542,7.815652
3013543,18.642199
3013544,0.27071887
3013545,171.02998
3013546,1.335825
3013547,0.0
3013548,2.227757
3013549,16.141396
3013550,1.5802294
3013551,188.5496
3013552,230.51143
3013553,1.0801861
3013554,4.284034
3013555,65.62248
3013556,85.875175
3013557,327.10754
3013558,10.718128
3013559,3.4478326
3013560,3.3546824
3013561,0.6388649
3013562,3.1490197
3013563,226.33371
3013564,0.13413358
3013565,120.85837
3013566,3.2849753
3013567,311.14542
3013568,339.81412
3013569,223.41902
3013570,97.254944
3013571,58.798298
3013572,300.27655
3013573,6.9954653
3013574,1.3626657
3013575,12.016969
3013576,17.759129
3013577,0.32127714
3013578,192.55617
3013579,6.5578556
3013580,0.0
3013581,2.553696
3013582,25.924276
3013583,1.4174978
3013584,124.88571
3013585,172.52628
3013586,0.77734536
3013587,4.322476
3013588,109.086716
3013589,42.717384
3013590,199.40865
3013591,33.096848
3013592,3.8297846
3013593,3.6348631
3013594,0.20232609
3013595,0.6947934
3013596,256.4671
3013597,0.049682792
3013598,113.808556
3013599,4.598285
3013600,305.3111
3013601,241.18178
3013602,133.88708
3013603,119.02262
3013604,25.221972
3013605,230.30554
3013606,4.2530746
3013607,0.10990668
3013608,10.365583
3013609,10.794019
3013610,0.23682618
3013611,130.28682
3013612,0.07275815
3013613,0.0
3013614,1.0621606
3013615,20.385174
3013616,1.2193748
3013617,49.51801
3013618,115.848175
3013619,0.7814845
3013620,2.6864452
3013621,59.6489
3013622,29.911673
3013623,265.1744
3013624,0.0
3013625,0.85225904
3013626,7.0673213
3013627,0.6090686
3013628,3.1169686
3013629,320.86578
3013630,0.051813897
3013631,276.95212
3013632,6.3348513
3013633,331.88174
3013634,219.46947
3013635,319.75674
3013636,137.09256
3013637,78.62014
3013638,303.79404
3013639,13.436159
3013640,1.4516573
3013641,18.73776
3013642,25.501871
3013643,0.23895743
3013644,251.52895
3013645,0.49406108
3013646,0.0
3013647,13.166636
3013648,27.239609
3013649,3.5478587
3013650,218.3058
3013651,236.66623
3013652,1.4513459
3013653,7.565064
3013654,303.31244
3013655,48.593346
3013656,149.52545
3013657,32.75496
3013658,10.947789
3013659,3.3219526
3013660,0.45950994
3013661,4.553851
3013662,274.25696
3013663,0.052019294
3013664,252.7988
3013665,7.465449
3013666,196.51707
3013667,304.43164
3013668,154.919
3013669,145.46709
3013670,42.382996
3013671,284.39435
3013672,11.343414
3013673,0.9044328
3013674,9.92742
3013675,15.167919
3013676,0.16344652
3013677,137.79704
3013678,9.145308
3013679,2.0806348
3013680,13.16797
3013681,42.61922
3013682,1.6024308
3013683,77.776215
3013684,134.65459
3013685,3.0284424
3013686,6.0434246
3013687,141.61534
3013688,47.485977
3013689,148.03221
3013690,37.751743
3013691,10.720125
3013692,5.487025
3013693,0.36340338
3013694,3.6702838
3013695,307.0796
3013696,0.10328083
3013697,126.46404
3013698,6.2529078
3013699,260.61646
3013700,318.87418
3013701,247.72162
3013702,40.70081
3013703,34.767525
3013704,289.89832
3013705,20.539183
3013706,1.4464755
3013707,8.226695
3013708,13.137516
3013709,0.21470809
3013710,154.13847
3013711,6.925662
3013712,0.0
3013713,3.446391
3013714,28.880363
3013715,2.3327703
3013716,124.18114
3013717,167.71246
3013718,1.1230549
3013719,4.43941
3013720,103.95031
3013721,23.376799
3013722,313.6731
3013723,3.2995932
3013724,3.8195908
3013725,5.9806147
3013726,0.07882905
3013727,8.641882
3013728,305.3888
3013729,0.07882905
3013730,337.5413
3013731,9.190242
3013732,269.67828
3013733,240.31265
3013734,192.03127
3013735,157.67612
3013736,97.907814
3013737,300.65353
3013738,29.631851
3013739,1.3899388
3013740,17.10805
3013741,30.19297
3013742,0.23506007
3013743,208.69148
3013744,19.412798
3013745,17.226109
3013746,5.5011096
3013747,60.615166
3013748,7.9586797
3013749,326.7554
3013750,239.68768
3013751,7.5653486
3013752,7.792793
3013753,347.80634
3013754,103.58412
3013755,206.88585
3013756,0.0
3013757,28.130468
3013758,6.5408287
3013759,0.049682792
3013760,4.1122794
3013761,312.01645
3013762,0.049682792
3013763,300.21313
3013764,7.3024554
3013765,322.37524
3013766,301.38318
3013767,322.03494
3013768,66.743805
3013769,65.37133
3013770,323.9037
3013771,11.7468815
3013772,0.3107169
3013773,20.995531
3013774,14.535054
3013775,0.08418292
3013776,272.3785
3013777,2.055975
3013778,2.9146132
3013779,2.6442826
3013780,44.998714
3013781,1.4079056
3013782,245.60638
3013783,271.54285
3013784,3.6660893
3013785,5.6234574
3013786,233.5724
3013787,57.009132
3013788,149.86
3013789,82.499825
3013790,10.858602
3013791,8.9694
3013792,0.46885476
3013793,0.0
3013794,320.27136
3013795,0.049682792
3013796,312.5453
3013797,5.312249
3013798,330.75696
3013799,322.3885
3013800,248.50125
3013801,185.63567
3013802,75.732025
3013803,313.85593
3013804,15.615236
3013805,0.29085281
3013806,23.95888
3013807,28.6959
3013808,0.18809304
3013809,244.53857
3013810,3.6104476
3013811,0.4609735
3013812,8.208659
3013813,75.61506
3013814,1.7608567
3013815,96.71654
3013816,212.5334
3013817,2.590582
3013818,4.257944
3013819,140.99196
3013820,129.3349
3013821,146.93814
3013822,0.0
3013823,4.9351544
3013824,4.372866
3013825,0.25635272
3013826,1.8836881
3013827,267.71518
3013828,0.049682792
3013829,106.12206
3013830,6.4815307
3013831,337.10602
3013832,329.5286
3013833,127.15014
3013834,45.638817
3013835,43.453064
3013836,275.68018
3013837,8.4380455
3013838,0.8598362
3013839,14.761817
3013840,15.715189
3013841,0.08418292
3013842,145.29468
3013843,0.49192998
3013844,0.0
3013845,3.7025108
3013846,35.301373
3013847,2.2622836
3013848,106.28608
3013849,141.04611
3013850,0.97628546
3013851,5.544309
3013852,118.983315
3013853,24.558449
3013854,326.45724
3013855,5.2682896
3013856,2.192263
3013857,1.9327991
3013858,0.068553165
3013859,4.0034027
3013860,310.6528
3013861,0.15971577
3013862,252.46101
3013863,8.459008
3013864,305.28027
3013865,345.8163
3013866,116.68973
3013867,44.861675
3013868,58.107838
3013869,312.86343
3013870,23.288118
3013871,0.32958734
3013872,7.122466
3013873,12.28965
3013874,0.30972326
3013875,118.40665
3013876,11.784006
3013877,0.49271125
3013878,1.5111489
3013879,40.53229
3013880,4.2661867
3013881,303.015
3013882,145.9726
3013883,3.3646357
3013884,5.4093466
3013885,293.18732
3013886,30.387192
3013887,234.4746
3013888,0.0
3013889,6.878157
3013890,2.394312
3013891,0.22462332
3013892,3.8254647
3013893,314.38782
3013894,0.1742216
3013895,246.12585
3013896,14.878491
3013897,308.91718
3013898,316.21127
3013899,261.17932
3013900,237.43999
3013901,165.81554
3013902,312.14188
3013903,34.335335
3013904,0.76597655
3013905,11.657768
3013906,31.562218
3013907,0.20872176
3013908,232.12842
3013909,11.838143
3013910,35.913067
3013911,8.162964
3013912,72.59828
3013913,10.865339
3013914,334.20316
3013915,271.16473
3013916,14.547362
3013917,9.829437
3013918,330.69992
3013919,106.070724
3013920,249.51952
3013921,0.8795398
3013922,21.731253
3013923,2.9910357
3013924,0.13917807
3013925,2.8142798
3013926,305.24945
3013927,0.06225096
3013928,295.37442
3013929,6.49267
3013930,336.76105
3013931,264.39072
3013932,151.08513
3013933,106.86199
3013934,74.50325
3013935,299.13162
3013936,20.703295
3013937,1.1710877
3013938,12.129508
3013939,16.825518
3013940,0.096751094
3013941,99.677185
3013942,0.08532633
3013943,32.032112
3013944,3.3275297
3013945,145.34659
3013946,8.324725
3013947,178.94241
3013948,111.96396
3013949,4.280215
3013950,6.0509143
3013951,161.1543
3013952,37.312862
3013953,337.25534
3013954,1.8349422
3013955,4.8276863
3013956,3.634923
3013957,0.06696071
3013958,0.30986628
3013959,270.4603
3013960,0.06696071
3013961,196.66068
3013962,5.2993007
3013963,258.83435
3013964,197.36772
3013965,65.77818
3013966,30.314737
3013967,28.32717
3013968,287.94418
3013969,10.207247
3013970,0.5669683
3013971,8.346262
3013972,7.915261
3013973,0.30813077
3013974,53.626144
3013975,0.14043769
3013976,7.0063767
3013977,0.1795374
3013978,24.519278
3013979,0.17046383
3013980,215.59674
3013981,118.32894
3013982,2.0116582
3013983,1.2541476
3013984,118.75812
3013985,20.666496
3013986,352.00034
3013987,0.0
3013988,2.4334593
3013989,5.819175
3013990,0.483112
3013991,3.3896267
3013992,292.30063
3013993,0.15254834
3013994,240.54172
3013995,14.433964
3013996,213.96445
3013997,199.41472
3013998,263.87552
3013999,214.7025
3014000,106.19998
3014001,308.15518
3014002,26.590029
3014003,2.201078
3014004,18.431545
3014005,26.856571
3014006,0.4128379
3014007,189.61293
3014008,5.411646
3014009,38.30512
3014010,7.1412
3014011,129.61041
3014012,3.0633488
3014013,264.58676
3014014,212.09354
3014015,9.630924
3014016,8.182054
3014017,322.26572
3014018,80.32392
3014019,182.5529
3014020,0.0
3014021,15.955603
3014022,5.5302496
3014023,0.06696071
3014024,2.7203684
3014025,200.43729
3014026,0.06696071
3014027,342.42697
3014028,12.940824
3014029,282.17038
3014030,307.31433
3014031,286.19907
3014032,186.95128
3014033,55.866116
3014034,303.16708
3014035,15.247783
3014036,1.2760351
3014037,24.50915
3014038,13.671381
3014039,0.86219555
3014040,216.96808
3014041,0.09003611
3014042,4.2983904
3014043,4.239369
3014044,48.313904
3014045,0.87627476
3014046,181.95038
3014047,240.56306
3014048,4.0982523
3014049,4.479272
3014050,183.14221
3014051,70.48087
3014052,150.9079
3014053,0.4135006
3014054,4.183312
3014055,5.9517627
3014056,0.45716617
3014057,3.8627784
3014058,255.33209
3014059,0.06696071
3014060,329.59412
3014061,10.280012
3014062,269.7427
3014063,330.9855
3014064,209.13086
3014065,163.556
3014066,55.754562
3014067,288.5706
3014068,14.334487
3014069,1.1461861
3014070,20.122286
3014071,18.69853
3014072,0.101460874
3014073,202.07773
3014074,0.09003611
3014075,3.050151
3014076,4.237452
3014077,58.54625
3014078,1.1121001
3014079,104.64517
3014080,186.97693
3014081,4.225252
3014082,4.4278474
3014083,161.70532
3014084,59.79014
3014085,148.36159
3014086,0.09483258
3014087,5.485783
3014088,10.023374
3014089,1.0182672
3014090,14.167494
3014091,308.1921
3014092,0.10177399
3014093,316.23935
3014094,27.892288
3014095,316.84894
3014096,318.69794
3014097,312.13422
3014098,340.86514
3014099,289.72046
3014100,298.79294
3014101,75.11254
3014102,2.577081
3014103,43.649426
3014104,47.51202
3014105,0.13627413
3014106,348.35718
3014107,34.782024
3014108,58.42345
3014109,17.976646
3014110,190.01015
3014111,22.799585
3014112,56.718758
3014113,350.27023
3014114,16.308178
3014115,22.899916
3014116,241.50485
3014117,218.02223
3014118,136.91861
3014119,0.0
3014120,76.000595
3014121,2.977436
3014122,0.56304395
3014123,0.5286891
3014124,270.61096
3014125,0.06323175
3014126,142.52873
3014127,4.14282
3014128,275.87573
3014129,279.4442
3014130,102.967186
3014131,111.603546
3014132,38.953087
3014133,186.55295
3014134,5.8527226
3014135,0.22746977
3014136,11.746099
3014137,6.454524
3014138,0.25037524
3014139,124.779175
3014140,1.079105
3014141,0.0
3014142,2.3251598
3014143,30.947329
3014144,0.72528
3014145,58.046204
3014146,82.251015
3014147,1.64815
3014148,3.6798987
3014149,97.290215
3014150,20.370623
3014151,234.1669
3014152,0.0
3014153,3.199751
3014154,7.427778
3014155,0.21206772
3014156,2.2846718
3014157,240.35089
3014158,0.05942442
3014159,331.90305
3014160,8.403023
3014161,310.44086
3014162,332.17026
3014163,183.2695
3014164,228.03192
3014165,64.83134
3014166,310.86554
3014167,10.71205
3014168,0.30059448
3014169,20.862143
3014170,21.985977
3014171,0.09392457
3014172,235.77948
3014173,0.89212644
3014174,4.7134347
3014175,7.3464036
3014176,17.458452
3014177,1.5602616
3014178,291.78073
3014179,211.9051
3014180,3.8340225
3014181,5.9012747
3014182,107.29898
3014183,65.676735
3014184,150.83466
3014185,0.0
3014186,4.4988503
3014187,1.840485
3014188,0.06323175
3014189,0.63335294
3014190,257.5806
3014191,0.06323175
3014192,105.67078
3014193,3.5453067
3014194,321.41187
3014195,178.7342
3014196,85.753174
3014197,121.365166
3014198,15.628138
3014199,282.95996
3014200,1.0529946
3014201,0.25037524
3014202,7.73838
3014203,4.042748
3014204,0.14813352
3014205,69.568825
3014206,0.08630714
3014207,0.0
3014208,0.3682307
3014209,21.272152
3014210,0.31025565
3014211,61.834694
3014212,71.02602
3014213,0.33834282
3014214,0.89019036
3014215,45.213943
3014216,9.839804
3014217,164.04701
3014218,0.0
3014219,1.8921274
3014220,6.6328154
3014221,0.049682792
3014222,1.6197375
3014223,201.15
3014224,0.049682792
3014225,177.98022
3014226,6.810658
3014227,307.88354
3014228,341.08792
3014229,154.47702
3014230,126.31064
3014231,44.15399
3014232,285.12805
3014233,3.4233081
3014234,0.44035172
3014235,22.972002
3014236,15.083396
3014237,0.2139208
3014238,172.77652
3014239,0.07275815
3014240,0.0
3014241,10.592109
3014242,29.344486
3014243,0.899235
3014244,214.22595
3014245,174.8653
3014246,1.6536889
3014247,3.2399595
3014248,174.7798
3014249,24.717777
3014250,140.77141
3014251,0.0
3014252,0.61624086
3014253,2.6459646
3014254,0.28976578
3014255,2.6008296
3014256,299.60446
3014257,0.06323175
3014258,288.3548
3014259,7.683861
3014260,282.01453
3014261,218.12946
3014262,193.98338
3014263,92.73782
3014264,59.293617
3014265,303.13925
3014266,6.3892965
3014267,3.9821434
3014268,25.609507
3014269,33.222008
3014270,0.0977319
3014271,167.5286
3014272,1.7032502
3014273,1.8676227
3014274,2.141025
3014275,29.61352
3014276,1.8852961
3014277,165.26466
3014278,229.52112
3014279,2.8943596
3014280,5.1773796
3014281,143.1458
3014282,25.138462
3014283,193.02888
3014284,1.9799529
3014285,2.2232943
3014286,2.8932586
3014287,0.06117587
3014288,0.040038705
3014289,178.02429
3014290,0.06117587
3014291,93.48491
3014292,3.1991167
3014293,328.70905
3014294,193.13194
3014295,87.4122
3014296,119.30237
3014297,36.342293
3014298,291.5625
3014299,5.991899
3014300,0.42151654
3014301,6.9794493
3014302,4.6742244
3014303,0.14607763
3014304,79.96123
3014305,0.08425127
3014306,0.0
3014307,0.14713146
3014308,19.18799
3014309,0.5542898
3014310,165.30368
3014311,69.45663
3014312,0.7330828
3014313,0.5725695
3014314,45.16296
3014315,16.3121
3014316,289.47415
3014317,0.0
3014318,1.2492286
3014319,4.2746644
3014320,0.079596
3014321,0.57458615
3014322,160.80562
3014323,0.079596
3014324,336.89163
3014325,8.188791
3014326,184.77037
3014327,315.51575
3014328,172.97263
3014329,115.16705
3014330,71.78467
3014331,312.704
3014332,8.584872
3014333,0.32076612
3014334,30.46299
3014335,8.106601
3014336,0.23582706
3014337,191.53053
3014338,0.1026714
3014339,21.660719
3014340,2.222691
3014341,34.77688
3014342,0.96093655
3014343,195.80048
3014344,174.10013
3014345,2.7719646
3014346,2.9252214
3014347,110.28685
3014348,44.63119
3014349,150.75082
3014350,0.0
3014351,1.5167414
3014352,3.2896852
3014353,0.103765994
3014354,8.113621
3014355,313.1899
3014356,0.103765994
3014357,310.1506
3014358,5.9244537
3014359,301.55014
3014360,170.93257
3014361,152.90619
3014362,121.0573
3014363,110.79131
3014364,298.09558
3014365,51.275475
3014366,1.4224986
3014367,21.923931
3014368,24.418013
3014369,0.54575676
3014370,197.49861
3014371,20.3006
3014372,26.773693
3014373,1.0873437
3014374,105.52002
3014375,8.280136
3014376,207.84085
3014377,250.8333
3014378,12.506369
3014379,13.832125
3014380,245.47745
3014381,70.24471
3014382,231.43257
3014383,0.0
3014384,9.633078
3014385,5.218623
3014386,0.049682792
3014387,8.399982
3014388,295.74738
3014389,0.049682792
3014390,347.48212
3014391,10.371137
3014392,309.045
3014393,272.5348
3014394,139.30899
3014395,79.67147
3014396,118.31816
3014397,310.04736
3014398,30.32988
3014399,0.8360984
3014400,37.48816
3014401,30.997776
3014402,0.08418292
3014403,273.2657
3014404,18.990482
3014405,15.332077
3014406,6.744449
3014407,72.222176
3014408,10.884242
3014409,153.75935
3014410,292.98187
3014411,6.4746294
3014412,10.698841
3014413,124.328186
3014414,72.4988
3014415,239.75835
3014416,16.472284
3014417,13.910492
3014418,7.825846
3014419,0.22554797
3014420,3.7993195
3014421,304.5179
3014422,0.07290459
3014423,286.87506
3014424,5.3490615
3014425,295.2665
3014426,309.02722
3014427,164.62837
3014428,223.7698
3014429,55.655098
3014430,300.55914
3014431,26.796894
3014432,1.7637928
3014433,19.060194
3014434,19.42859
3014435,0.10740474
3014436,284.71387
3014437,4.227945
3014438,9.21387
3014439,5.787015
3014440,40.045364
3014441,3.1320128
3014442,135.2898
3014443,265.90097
3014444,5.8195214
3014445,8.5014
3014446,191.34628
3014447,48.50303
3014448,153.68327
3014449,11.249246
3014450,11.547269
3014451,3.839523
3014452,0.6199811
3014453,5.0401096
3014454,305.74185
3014455,0.08658053
3014456,336.26508
3014457,6.393028
3014458,270.60422
3014459,251.42906
3014460,162.24461
3014461,122.08246
3014462,77.19398
3014463,306.71335
3014464,22.887852
3014465,1.7283077
3014466,13.724897
3014467,10.825863
3014468,0.17148232
3014469,178.82658
3014470,17.29906
3014471,26.995667
3014472,1.3196651
3014473,63.55861
3014474,6.482766
3014475,319.06134
3014476,207.45601
3014477,5.0670176
3014478,7.4559245
3014479,332.77988
3014480,49.32978
3014481,213.65637
3014482,0.0
3014483,20.864105
3014484,2.8204522
3014485,0.14511055
3014486,1.9600224
3014487,242.42528
3014488,0.06818345
3014489,316.35843
3014490,8.525261
3014491,289.37595
3014492,333.23795
3014493,236.39969
3014494,159.00157
3014495,50.671085
3014496,291.13455
3014497,9.425232
3014498,2.276176
3014499,27.24622
3014500,21.57562
3014501,0.25532696
3014502,301.67456
3014503,0.091258824
3014504,0.0
3014505,7.0709386
3014506,30.247953
3014507,1.6784319
3014508,127.199326
3014509,258.98587
3014510,2.5983744
3014511,8.781477
3014512,149.9962
3014513,52.64668
3014514,145.5333
3014515,0.0
3014516,4.1541114
3014517,6.615209
3014518,0.06818345
3014519,9.152126
3014520,240.63304
3014521,0.06818345
3014522,350.48972
3014523,9.605673
3014524,299.30283
3014525,319.91333
3014526,185.15782
3014527,115.44669
3014528,110.09649
3014529,304.05646
3014530,27.216648
3014531,1.1188697
3014532,22.126558
3014533,32.735397
3014534,0.10268359
3014535,205.57375
3014536,15.448741
3014537,21.070621
3014538,7.0710225
3014539,69.28575
3014540,10.509575
3014541,184.06258
3014542,240.78363
3014543,12.996334
3014544,7.612015
3014545,190.05846
3014546,64.20478
3014547,215.69366
3014548,0.0
3014549,6.247817
3014550,3.3266387
3014551,0.0806247
3014552,5.288185
3014553,246.79991
3014554,0.0806247
3014555,353.6722
3014556,8.381775
3014557,238.29567
3014558,250.6569
3014559,153.8863
3014560,119.58417
3014561,105.77671
3014562,276.2288
3014563,28.758276
3014564,0.7781807
3014565,18.477215
3014566,24.899576
3014567,0.11512484
3014568,178.30415
3014569,13.195979
3014570,34.773552
3014571,8.4315405
3014572,67.44406
3014573,7.932299
3014574,223.33533
3014575,187.22284
3014576,9.107868
3014577,7.6523786
3014578,215.70021
3014579,50.649063
3014580,288.41187
3014581,0.0
3014582,12.132525
3014583,6.317498
3014584,0.15485221
3014585,4.393568
3014586,145.52899
3014587,0.0779251
3014588,153.578
3014589,13.588515
3014590,254.55624
3014591,180.96664
3014592,252.05719
3014593,156.54207
3014594,61.91054
3014595,271.37842
3014596,9.204167
3014597,0.24216314
3014598,15.220657
3014599,18.416681
3014600,0.16282687
3014601,236.36127
3014602,0.10100049
3014603,6.194057
3014604,0.8520829
3014605,54.097248
3014606,2.902398
3014607,189.38326
3014608,259.50653
3014609,3.0166554
3014610,2.1801596
3014611,218.54947
3014612,113.64294
3014613,65.11554
3014614,1.0914786
3014615,0.96397275
3014616,12.7456
3014617,0.049682792
3014618,15.501512
3014619,295.07498
3014620,0.049682792
3014621,325.40735
3014622,23.595106
3014623,306.74387
3014624,309.6372
3014625,341.5321
3014626,289.82077
3014627,343.52386
3014628,301.30634
3014629,86.03547
3014630,3.9207962
3014631,102.76441
3014632,108.65853
3014633,0.24957378
3014634,321.18326
3014635,34.837738
3014636,25.943512
3014637,46.964245
3014638,243.83293
3014639,22.801943
3014640,46.29372
3014641,337.24203
3014642,33.50369
3014643,33.32783
3014644,230.76402
3014645,297.00882
3014646,112.13435
3014647,225.83792
3014648,78.75895
3014649,14.814317
3014650,0.05480345
3014651,13.500877
3014652,292.4234
3014653,0.05480345
3014654,140.86128
3014655,22.90821
3014656,226.56767
3014657,207.36739
3014658,318.2638
3014659,277.83896
3014660,261.8429
3014661,304.7941
3014662,108.40658
3014663,1.3324912
3014664,62.86243
3014665,71.18189
3014666,0.70955414
3014667,334.33466
3014668,20.776028
3014669,35.3085
3014670,8.311511
3014671,190.76634
3014672,17.330286
3014673,33.129124
3014674,338.79056
3014675,19.90042
3014676,25.44938
3014677,213.06133
3014678,237.6685
3014679,103.012764
3014680,164.07054
3014681,73.34021
3014682,10.830952
3014683,0.052019294
3014684,19.95005
3014685,294.18692
3014686,0.12894636
3014687,348.83414
3014688,12.574297
3014689,305.74832
3014690,318.79852
3014691,254.53049
3014692,111.76951
3014693,214.41707
3014694,301.00534
3014695,40.993324
3014696,2.963696
3014697,43.47175
3014698,23.605331
3014699,0.31305343
3014700,356.1454
3014701,38.799202
3014702,31.438583
3014703,9.738047
3014704,95.346
3014705,9.584678
3014706,275.13705
3014707,271.78793
3014708,21.258724
3014709,39.424072
3014710,316.37134
3014711,126.75559
3014712,197.84396
3014713,204.5318
3014714,36.50019
3014715,14.390418
3014716,0.052019294
3014717,21.274284
3014718,297.1703
3014719,0.052019294
3014720,303.1462
3014721,18.030296
3014722,310.40207
3014723,310.87784
3014724,330.00146
3014725,310.08966
3014726,219.82896
3014727,304.44803
3014728,49.26609
3014729,1.5869436
3014730,72.90789
3014731,62.65332
3014732,0.94374216
3014733,236.54968
3014734,21.738142
3014735,34.64056
3014736,38.087776
3014737,171.143
3014738,11.44613
3014739,2.955328
3014740,336.379
3014741,19.491234
3014742,25.763382
3014743,301.0796
3014744,201.84471
3014745,188.47432
3014746,261.5801
3014747,58.04526
3014748,10.696815
3014749,0.052019294
3014750,21.31645
3014751,296.85458
3014752,0.052019294
3014753,336.86102
3014754,14.4817705
3014755,309.23117
3014756,256.69226
3014757,337.53137
3014758,90.14588
3014759,158.7298
3014760,320.4381
3014761,37.485573
3014762,0.20825025
3014763,27.27029
3014764,30.284025
3014765,0.2162573
3014766,348.24878
3014767,12.915663
3014768,11.628675
3014769,9.890158
3014770,101.23618
3014771,5.2984624
3014772,217.23158
3014773,356.44644
3014774,15.212604
3014775,19.528461
3014776,244.39897
3014777,80.55125
3014778,223.25241
3014779,266.86707
3014780,18.729868
3014781,10.132503
3014782,0.05480345
3014783,12.45408
3014784,292.0937
3014785,0.05480345
3014786,282.09174
3014787,22.106905
3014788,312.01666
3014789,306.4063
3014790,324.6954
3014791,345.50452
3014792,310.68048
3014793,300.55542
3014794,69.59124
3014795,1.7171702
3014796,44.49918
3014797,51.391422
3014798,0.32858515
3014799,343.0059
3014800,14.281406
3014801,27.160318
3014802,13.077024
3014803,189.7059
3014804,16.601116
3014805,233.7278
3014806,343.34464
3014807,15.83232
3014808,27.08666
3014809,186.71297
3014810,212.13007
3014811,111.267235
3014812,246.08607
3014813,73.446815
3014814,5.517233
3014815,0.5209457
3014816,3.9736195
3014817,318.3846
3014818,0.10177399
3014819,315.7152
3014820,20.600203
3014821,315.85114
3014822,232.60283
3014823,197.44867
3014824,75.62044
3014825,73.04911
3014826,314.15308
3014827,32.303165
3014828,1.0933142
3014829,22.561016
3014830,19.608397
3014831,0.13627413
3014832,181.04128
3014833,10.531218
3014834,11.608712
3014835,8.625759
3014836,43.5836
3014837,6.85825
3014838,225.65683
3014839,213.56409
3014840,2.8324375
3014841,6.1544647
3014842,208.23128
3014843,50.795113
3014844,246.85654
3014845,0.32366017
3014846,7.8915257
3014847,10.248093
3014848,0.082511395
3014849,12.8567295
3014850,300.09973
3014851,0.082511395
3014852,347.48608
3014853,26.695047
3014854,315.36642
3014855,314.39886
3014856,337.60556
3014857,91.69463
3014858,133.14478
3014859,319.5228
3014860,66.595276
3014861,1.4649765
3014862,51.977104
3014863,34.0718
3014864,0.19393867
3014865,320.6812
3014866,13.634948
3014867,11.783818
3014868,2.9924107
3014869,110.58381
3014870,8.035184
3014871,333.96436
3014872,348.0753
3014873,10.742939
3014874,20.577118
3014875,331.9172
3014876,78.653015
3014877,231.60553
3014878,244.41391
3014879,16.12827
3014880,6.743
3014881,0.094103396
3014882,6.1347795
3014883,288.2175
3014884,0.094103396
3014885,303.0083
3014886,8.078428
3014887,302.17783
3014888,299.771
3014889,225.1693
3014890,315.44504
3014891,224.49956
3014892,311.72418
3014893,38.684746
3014894,2.0169754
3014895,28.666183
3014896,35.88988
3014897,0.44406757
3014898,292.03366
3014899,3.2207377
3014900,51.67881
3014901,4.6294627
3014902,127.62419
3014903,9.255935
3014904,240.58809
3014905,284.02237
3014906,19.308332
3014907,9.033157
3014908,103.00989
3014909,121.07309
3014910,140.31142
3014911,2.0205529
3014912,45.4585
3014913,10.578077
3014914,0.05736855
3014915,7.850899
3014916,296.05884
3014917,0.05736855
3014918,292.82693
3014919,10.957743
3014920,310.8105
3014921,304.12576
3014922,311.39914
3014923,218.8656
3014924,261.66476
3014925,318.5852
3014926,46.45226
3014927,3.0415978
3014928,49.645683
3014929,43.0189
3014930,0.24451202
3014931,332.34943
3014932,7.7070007
3014933,60.010223
3014934,8.14963
3014935,179.92615
3014936,8.632527
3014937,347.33127
3014938,294.7144
3014939,13.862519
3014940,24.240217
3014941,337.17792
3014942,129.60065
3014943,321.66635
3014944,3.2828429
3014945,9.679768
3014946,7.3333035
3014947,0.060973782
3014948,4.637729
3014949,124.578735
3014950,0.060973782
3014951,345.18152
3014952,7.3351364
3014953,178.60504
3014954,322.06735
3014955,201.7008
3014956,82.47083
3014957,97.048706
3014958,196.08162
3014959,14.873556
3014960,1.4929132
3014961,24.809801
3014962,29.961073
3014963,0.0954739
3014964,171.27122
3014965,5.104883
3014966,12.658812
3014967,5.8492255
3014968,71.12716
3014969,3.6522002
3014970,232.84
3014971,203.28102
3014972,4.6435137
3014973,5.1633263
3014974,165.1956
3014975,68.21636
3014976,239.41432
3014977,0.0
3014978,3.0080965
3014979,5.9041586
3014980,0.05173866
3014981,1.1126834
3014982,242.07442
3014983,0.05173866
3014984,176.71988
3014985,4.33178
3014986,310.1446
3014987,252.13507
3014988,172.49759
3014989,47.30225
3014990,27.10179
3014991,263.96075
3014992,9.995617
3014993,0.88833463
3014994,14.45298
3014995,7.6556196
3014996,0.08623882
3014997,171.0755
3014998,0.07481405
3014999,0.0
3015000,3.5460885
3015001,17.828579
3015002,0.7940393
3015003,48.29378
3015004,153.93802
3015005,0.18845803
3015006,1.8386043
3015007,49.001263
3015008,79.40692
3015009,279.12198
3015010,0.0
3015011,2.0935228
3015012,6.238852
3015013,0.07882905
3015014,6.4068527
3015015,310.45444
3015016,0.07882905
3015017,336.563
3015018,12.023614
3015019,319.0886
3015020,246.28171
3015021,286.24973
3015022,161.35165
3015023,127.26455
3015024,314.11862
3015025,29.054304
3015026,0.87406397
3015027,24.155205
3015028,48.241577
3015029,0.1133292
3015030,267.87094
3015031,19.734804
3015032,25.411613
3015033,18.186327
3015034,66.57135
3015035,6.0007277
3015036,343.54172
3015037,296.61078
3015038,8.6994915
3015039,13.78763
3015040,339.30862
3015041,84.767685
3015042,157.66559
3015043,0.0
3015044,32.29767
3015045,4.6332145
3015046,0.12131482
3015047,6.8210077
3015048,309.2057
3015049,0.19824195
3015050,247.49841
3015051,15.8501425
3015052,236.96176
3015053,291.18674
3015054,170.56229
3015055,270.24722
3015056,200.1465
3015057,304.7534
3015058,36.347763
3015059,2.675915
3015060,27.543537
3015061,31.277779
3015062,0.71614933
3015063,216.36194
3015064,12.421655
3015065,41.711918
3015066,10.078752
3015067,141.53503
3015068,11.8288555
3015069,343.4316
3015070,231.82912
3015071,6.3182864
3015072,12.834525
3015073,179.50172
3015074,122.97196
3015075,133.25984
3015076,0.0
3015077,42.621964
3015078,3.4634635
3015079,0.6848658
3015080,11.744747
3015081,308.94443
3015082,0.0701032
3015083,285.7474
3015084,16.966381
3015085,320.13684
3015086,322.55457
3015087,249.81725
3015088,280.45377
3015089,153.55186
3015090,291.86237
3015091,35.878048
3015092,3.6218483
3015093,33.990852
3015094,45.071697
3015095,0.10460335
3015096,299.2122
3015097,25.566032
3015098,35.635868
3015099,21.170816
3015100,125.9431
3015101,16.496174
3015102,339.05014
3015103,291.9544
3015104,14.8074465
3015105,16.775232
3015106,170.39957
3015107,144.28175
3015108,253.93513
3015109,1.6998502
3015110,34.081852
3015111,10.983631
3015112,0.5604537
3015113,8.221554
3015114,311.93613
3015115,0.0701032
3015116,321.79532
3015117,11.747804
3015118,326.6756
3015119,285.38245
3015120,306.8515
3015121,151.4156
3015122,90.88733
3015123,311.0421
3015124,9.826745
3015125,1.0945772
3015126,42.394352
3015127,35.406944
3015128,0.10460335
3015129,315.33856
3015130,8.07174
3015131,5.2307754
3015132,12.549721
3015133,46.368565
3015134,3.0738926
3015135,309.12747
3015136,322.75745
3015137,6.5195966
3015138,6.9695835
3015139,302.17987
3015140,85.17684
3015141,156.94864
3015142,107.86312
3015143,14.390243
3015144,4.5274363
3015145,0.32002053
3015146,2.652463
3015147,191.4996
3015148,0.35016367
3015149,276.4325
3015150,11.989293
3015151,242.10991
3015152,306.1227
3015153,123.6167
3015154,114.79208
3015155,113.252754
3015156,318.10645
3015157,18.933992
3015158,1.8037022
3015159,23.103897
3015160,25.327631
3015161,1.0653389
3015162,147.78583
3015163,13.354708
3015164,16.864609
3015165,7.4823885
3015166,93.40332
3015167,5.8487473
3015168,236.23059
3015169,141.50415
3015170,3.542182
3015171,13.465632
3015172,250.47841
3015173,60.088715
3015174,10.471743
3015175,0.0
3015176,25.819738
3015177,1.1688253
3015178,0.072439685
3015179,1.9190719
3015180,273.5772
3015181,0.072439685
3015182,75.83612
3015183,4.0519314
3015184,302.38843
3015185,225.69392
3015186,196.81754
3015187,35.223015
3015188,30.207083
3015189,302.34103
3015190,4.8870263
3015191,0.33347386
3015192,9.989326
3015193,6.714705
3015194,0.10693982
3015195,130.17892
3015196,3.6596572
3015197,0.0
3015198,1.6063293
3015199,11.17379
3015200,0.24120964
3015201,229.10333
3015202,139.35054
3015203,0.8468409
3015204,3.4381216
3015205,120.72107
3015206,24.500538
3015207,195.82768
3015208,5.3732142
3015209,1.7259393
3015210,6.6608253
3015211,0.17245042
3015212,3.9017925
3015213,329.73306
3015214,0.081287816
3015215,285.13068
3015216,12.779533
3015217,321.7787
3015218,323.7333
3015219,339.63736
3015220,171.8709
3015221,67.580025
3015222,310.37604
3015223,30.318434
3015224,0.73748225
3015225,23.948591
3015226,19.479761
3015227,0.16618958
3015228,328.3443
3015229,7.969804
3015230,1.7090882
3015231,8.639399
3015232,34.37261
3015233,1.8145605
3015234,361.53757
3015235,291.64432
3015236,2.7813323
3015237,13.67984
3015238,235.03053
3015239,93.507126
3015240,148.662
3015241,29.199423
3015242,8.4583235
3015243,5.5082874
3015244,0.11621465
3015245,0.6965741
3015246,329.71518
3015247,0.11621465
3015248,145.31033
3015249,10.732156
3015250,331.14343
3015251,322.29425
3015252,167.18314
3015253,49.07796
3015254,36.61093
3015255,303.18274
3015256,7.148522
3015257,0.35738474
3015258,12.464587
3015259,18.644253
3015260,0.24187745
3015261,151.39989
3015262,6.383148
3015263,0.0
3015264,10.825679
3015265,30.885647
3015266,1.1111727
3015267,207.10246
3015268,153.30011
3015269,1.2293819
3015270,6.3897967
3015271,139.19489
3015272,31.028984
3015273,315.93015
3015274,7.3046966
3015275,2.8698864
3015276,4.5984664
3015277,0.11621465
3015278,3.1835394
3015279,212.47598
3015280,0.11621465
3015281,91.71867
3015282,7.3455625
3015283,246.08038
3015284,214.76978
3015285,128.98004
3015286,35.70633
3015287,29.158512
3015288,311.94708
3015289,13.892533
3015290,0.20111644
3015291,14.198839
3015292,9.200631
3015293,0.15071481
3015294,123.286026
3015295,1.2038113
3015296,0.0
3015297,2.796167
3015298,34.305557
3015299,1.1851981
3015300,197.32118
3015301,154.07936
3015302,0.35641524
3015303,4.701375
3015304,90.126465
3015305,19.785067
3015306,155.61728
3015307,15.4574995
3015308,0.9613205
3015309,3.8803623
3015310,0.11448781
3015311,2.9587927
3015312,288.42087
3015313,0.11448781
3015314,132.57959
3015315,8.297508
3015316,337.05682
3015317,319.3398
3015318,201.28511
3015319,28.579294
3015320,40.951298
3015321,313.7697
3015322,5.9534926
3015323,0.5564785
3015324,8.752895
3015325,17.828032
3015326,0.27071887
3015327,175.61143
3015328,1.3222866
3015329,0.0
3015330,2.8698385
3015331,17.310223
3015332,1.5759536
3015333,281.67822
3015334,208.18387
3015335,1.065629
3015336,4.3145037
3015337,71.964264
3015338,85.02577
3015339,324.59885
3015340,1.2072483
3015341,3.6383932
3015342,3.6297884
3015343,0.6388649
3015344,3.1969755
3015345,223.72061
3015346,0.13413358
3015347,145.31308
3015348,4.33462
3015349,326.6848
3015350,299.4326
3015351,205.45685
3015352,81.11717
3015353,60.723648
3015354,302.87225
3015355,5.694782
3015356,1.38268
3015357,9.408431
3015358,18.264336
3015359,0.24556085
3015360,182.94958
3015361,6.1562414
3015362,0.0
3015363,3.2118137
3015364,22.607094
3015365,1.3153571
3015366,160.00038
3015367,154.64317
3015368,0.8484629
3015369,5.8122306
3015370,108.71797
3015371,46.640408
3015372,240.3963
3015373,5.722525
3015374,4.180688
3015375,4.068099
3015376,0.25635272
3015377,1.6265912
3015378,190.59029
3015379,0.049682792
3015380,115.978424
3015381,4.860827
3015382,298.46887
3015383,189.56609
3015384,122.50649
3015385,107.799355
3015386,27.730375
3015387,231.18713
3015388,4.269985
3015389,0.23682618
3015390,14.631907
3015391,11.132859
3015392,0.29085281
3015393,116.66053
3015394,0.07275815
3015395,0.0
3015396,2.309733
3015397,26.661999
3015398,1.2990094
3015399,65.63689
3015400,117.90381
3015401,0.9043358
3015402,2.7954943
3015403,61.35343
3015404,29.736155
3015405,293.7776
3015406,0.0
3015407,1.0968461
3015408,7.279462
3015409,0.6090686
3015410,3.0586796
3015411,343.11118
3015412,0.051813897
3015413,248.36937
3015414,7.0163593
3015415,339.9333
3015416,211.65668
3015417,327.05762
3015418,142.2917
3015419,84.323715
3015420,315.49838
3015421,14.411412
3015422,1.4516573
3015423,19.623632
3015424,21.375458
3015425,0.23895743
3015426,234.1443
3015427,0.49406108
3015428,0.0
3015429,9.7565565
3015430,34.53983
3015431,3.561551
3015432,256.85336
3015433,213.04134
3015434,1.443495
3015435,7.960454
3015436,282.7532
3015437,52.339222
3015438,147.57228
3015439,27.339586
3015440,11.0076685
3015441,3.33869
3015442,0.45950994
3015443,4.6390433
3015444,288.5441
3015445,0.052019294
3015446,165.89516
3015447,8.75731
3015448,243.57124
3015449,273.12708
3015450,158.71375
3015451,124.66684
3015452,44.620537
3015453,308.7202
3015454,11.102153
3015455,0.859599
3015456,24.296162
3015457,17.07531
3015458,0.16344652
3015459,134.83377
3015460,7.6397295
3015461,3.6576838
3015462,4.695054
3015463,50.006866
3015464,1.6308175
3015465,201.34227
3015466,127.25354
3015467,3.2249532
3015468,6.220675
3015469,132.88567
3015470,47.35404
3015471,145.33897
3015472,47.743893
3015473,10.722664
3015474,5.1037436
3015475,0.36340338
3015476,3.988936
3015477,323.0322
3015478,0.10328083
3015479,130.66135
3015480,5.911557
3015481,270.93912
3015482,289.47833
3015483,233.31482
3015484,47.29173
3015485,39.944435
3015486,304.53445
3015487,22.162607
3015488,1.6710994
3015489,13.6001835
3015490,10.633086
3015491,0.21470809
3015492,136.26048
3015493,7.387156
3015494,0.0
3015495,3.6343808
3015496,45.147823
3015497,2.2146497
3015498,168.86269
3015499,150.29388
3015500,1.1552565
3015501,4.866738
3015502,160.6541
3015503,23.201616
3015504,325.5752
3015505,2.5524166
3015506,4.361105
3015507,6.4020395
3015508,0.07882905
3015509,6.104449
3015510,332.65027
3015511,0.07882905
3015512,241.87674
3015513,10.09077
3015514,291.71906
3015515,206.65303
3015516,178.6929
3015517,124.993645
3015518,87.89843
3015519,309.68164
3015520,26.829594
3015521,1.5032706
3015522,17.766668
3015523,36.46281
3015524,0.23506007
3015525,196.94614
3015526,21.639505
3015527,13.798585
3015528,5.821337
3015529,71.3732
3015530,7.7387233
3015531,306.4281
3015532,203.79515
3015533,7.6784706
3015534,7.2262893
3015535,324.25018
3015536,89.01303
3015537,11.265525
3015538,0.0
3015539,26.940042
3015540,6.914871
3015541,0.049682792
3015542,6.0276866
3015543,339.21045
3015544,0.049682792
3015545,296.01096
3015546,7.3084197
3015547,336.74762
3015548,272.35416
3015549,337.1113
3015550,76.349556
3015551,66.97479
3015552,332.75537
3015553,12.270061
3015554,3.8531234
3015555,23.985155
3015556,12.995247
3015557,0.08418292
3015558,246.54858
3015559,1.9000659
3015560,5.0134287
3015561,4.845142
3015562,42.948036
3015563,1.5873274
3015564,311.69867
3015565,247.01875
3015566,3.8737175
3015567,5.800632
3015568,229.94716
3015569,56.85252
3015570,147.98737
3015571,51.79587
3015572,11.545603
3015573,10.015277
3015574,0.47703776
3015575,3.8313649
3015576,341.88318
3015577,0.049682792
3015578,292.9729
3015579,5.6550393
3015580,339.76956
3015581,300.02637
3015582,236.99129
3015583,162.70782
3015584,74.054405
3015585,317.562
3015586,13.813683
3015587,0.29085281
3015588,30.846733
3015589,28.239079
3015590,0.17534551
3015591,229.63205
3015592,3.9554012
3015593,3.0008755
3015594,8.676159
3015595,79.51593
3015596,1.6482981
3015597,109.29034
3015598,200.7808
3015599,2.26103
3015600,4.5458703
3015601,131.92891
3015602,133.34593
3015603,139.30591
3015604,0.29501033
3015605,5.3929944
3015606,4.603534
3015607,0.25635272
3015608,2.062859
3015609,289.37415
3015610,0.049682792
3015611,103.386604
3015612,6.6836815
3015613,340.2101
3015614,270.71112
3015615,122.62519
3015616,42.493412
3015617,50.885185
3015618,297.30814
3015619,8.835035
3015620,0.94214565
3015621,15.104024
3015622,18.395664
3015623,0.08418292
3015624,144.31334
3015625,0.41646734
3015626,0.0
3015627,3.8771534
3015628,40.491684
3015629,2.4041388
3015630,108.43137
3015631,120.76806
3015632,1.0197997
3015633,5.8254633
3015634,130.86902
3015635,25.510893
3015636,308.8867
3015637,7.0311036
3015638,3.5648756
3015639,2.0672193
3015640,0.2882554
3015641,1.2037046
3015642,327.6434
3015643,0.37941802
3015644,226.97919
3015645,10.569818
3015646,306.1798
3015647,331.79443
3015648,111.32011
3015649,47.138607
3015650,64.94271
3015651,331.191
3015652,26.327412
3015653,0.5623123
3015654,11.8621
3015655,21.98842
3015656,0.5623123
3015657,113.943886
3015658,11.6147995
3015659,2.4833193
3015660,5.586367
3015661,47.740875
3015662,4.824985
3015663,263.10843
3015664,138.99434
3015665,3.6238656
3015666,6.0184937
3015667,253.97685
3015668,31.205587
3015669,13.672877
3015670,0.0
3015671,8.8735285
3015672,2.554977
3015673,0.22462332
3015674,3.9346023
3015675,333.9215
3015676,0.1742216
3015677,288.67578
3015678,17.761284
3015679,316.2566
3015680,324.5665
3015681,225.6867
3015682,182.24275
3015683,158.05624
3015684,321.13016
3015685,35.95175
3015686,0.7577938
3015687,19.085157
3015688,35.1518
3015689,0.20872176
3015690,206.55106
3015691,11.057211
3015692,32.035
3015693,9.317841
3015694,84.609
3015695,11.972552
3015696,318.4846
3015697,229.53894
3015698,14.194478
3015699,8.2183485
3015700,330.09677
3015701,100.79527
3015702,14.8368
3015703,0.0
3015704,22.85894
3015705,3.2555196
3015706,0.13917807
3015707,4.0406
3015708,335.9491
3015709,0.06225096
3015710,267.8857
3015711,6.78104
3015712,329.34277
3015713,278.338
3015714,149.48831
3015715,106.42614
3015716,75.78142
3015717,323.72095
3015718,20.876295
3015719,1.2744625
3015720,16.346985
3015721,15.5545025
3015722,0.096751094
3015723,86.75348
3015724,0.08532633
3015725,20.014887
3015726,4.349619
3015727,111.69529
3015728,8.763886
3015729,156.70874
3015730,93.03026
3015731,4.433337
3015732,6.258662
3015733,157.73994
3015734,36.99106
3015735,133.17406
3015736,0.6775897
3015737,4.759681
3015738,3.5890076
3015739,0.06696071
3015740,3.0134115
3015741,300.38736
3015742,0.06696071
3015743,171.27705
3015744,5.047767
3015745,253.07353
3015746,193.167
3015747,59.248604
3015748,27.926474
3015749,34.012623
3015750,319.09158
3015751,7.0094285
3015752,0.49907044
3015753,9.738173
3015754,7.504897
3015755,0.30813077
3015756,58.35257
3015757,0.14043769
3015758,6.681615
3015759,0.94725865
3015760,21.694014
3015761,0.1563943
3015762,193.71375
3015763,93.57896
3015764,2.0499315
3015765,1.3049438
3015766,107.19515
3015767,18.428257
3015768,312.95093
3015769,0.43878126
3015770,2.63228
3015771,5.7541833
3015772,0.54610765
3015773,3.418504
3015774,318.34506
3015775,0.15254834
3015776,201.06274
3015777,14.612262
3015778,187.86372
3015779,182.1171
3015780,219.11058
3015781,187.28276
3015782,107.48743
3015783,304.69427
3015784,25.845602
3015785,2.2841535
3015786,18.049776
3015787,27.431702
3015788,0.4128379
3015789,176.2009
3015790,5.5653267
3015791,31.53433
3015792,8.204033
3015793,99.55451
3015794,3.3207412
3015795,225.92747
3015796,182.7817
3015797,9.28262
3015798,8.309174
3015799,277.6694
3015800,67.77241
3015801,8.2335
3015802,0.7105257
3015803,16.654097
3015804,6.053021
3015805,0.06696071
3015806,2.6273024
3015807,215.2036
3015808,0.06696071
3015809,325.94266
3015810,13.128016
3015811,269.19946
3015812,213.12383
3015813,268.09967
3015814,176.57965
3015815,63.023846
3015816,307.63812
3015817,15.570195
3015818,1.2534444
3015819,26.091
3015820,17.177837
3015821,0.86219555
3015822,193.97127
3015823,0.09003611
3015824,5.225963
3015825,4.7835183
3015826,47.863888
3015827,0.7548823
3015828,271.38208
3015829,199.20622
3015830,4.167691
3015831,4.5481567
3015832,168.80498
3015833,70.71502
3015834,150.64055
3015835,2.073044
3015836,3.9056413
3015837,5.656468
3015838,0.29349476
3015839,2.735021
3015840,284.78934
3015841,0.06696071
3015842,335.80826
3015843,11.067465
3015844,278.53833
3015845,288.04767
3015846,199.64244
3015847,159.29898
3015848,57.990845
3015849,297.1377
3015850,15.152261
3015851,1.1394799
3015852,25.246807
3015853,17.837135
3015854,0.101460874
3015855,195.86832
3015856,0.09003611
3015857,5.551122
3015858,5.128843
3015859,75.1672
3015860,1.0959667
3015861,149.78069
3015862,172.60063
3015863,4.0617614
3015864,4.2890234
3015865,157.09949
3015866,52.118687
3015867,148.07614
3015868,1.446241
3015869,6.2665467
3015870,9.958382
3015871,1.0009918
3015872,14.049738
3015873,332.3264
3015874,0.10177399
3015875,315.6737
3015876,35.134407
3015877,334.6472
3015878,329.787
3015879,291.57166
3015880,326.3711
3015881,270.87903
3015882,320.50336
3015883,69.24019
3015884,2.7142842
3015885,46.34058
3015886,45.808178
3015887,0.15756324
3015888,345.27063
3015889,32.481754
3015890,42.654625
3015891,24.821407
3015892,166.67159
3015893,23.664946
3015894,56.890392
3015895,350.8452
3015896,16.686493
3015897,21.913412
3015898,186.7745
3015899,205.39833
3015900,18.6977
3015901,0.5064878
3015902,66.50941
3015903,3.5321283
3015904,0.56304395
3015905,0.6779944
3015906,243.20575
3015907,0.06323175
3015908,149.2361
3015909,4.5787487
3015910,262.90784
3015911,211.4667
3015912,95.317444
3015913,110.78285
3015914,43.20281
3015915,191.05331
3015916,5.1768584
3015917,0.22746977
3015918,13.271097
3015919,8.070276
3015920,0.17465901
3015921,129.07664
3015922,1.2245368
3015923,0.0
3015924,2.6993558
3015925,28.584974
3015926,0.72395796
3015927,129.93243
3015928,78.309715
3015929,1.7523017
3015930,3.6837587
3015931,99.863174
3015932,20.361374
3015933,249.69252
3015934,0.0
3015935,3.7069173
3015936,7.71409
3015937,0.21206772
3015938,2.2391543
3015939,250.17537
3015940,0.05942442
3015941,326.49734
3015942,9.064682
3015943,315.95605
3015944,242.31393
3015945,190.19623
3015946,222.71681
3015947,76.87981
3015948,325.09528
3015949,12.1767235
3015950,0.30059448
3015951,21.690166
3015952,20.189308
3015953,0.09392457
3015954,233.09682
3015955,0.9404625
3015956,6.156122
3015957,8.433839
3015958,19.054876
3015959,1.3882542
3015960,337.93726
3015961,204.47148
3015962,3.558008
3015963,6.4267426
3015964,128.23058
3015965,54.54741
3015966,149.34053
3015967,1.433937
3015968,4.659468
3015969,1.5904006
3015970,0.06323175
3015971,0.7927623
3015972,300.34592
3015973,0.06323175
3015974,106.9691
3015975,3.9608164
3015976,296.8778
3015977,125.30599
3015978,76.781166
3015979,154.47112
3015980,17.556313
3015981,292.09106
3015982,1.0276142
3015983,0.3044018
3015984,7.8424587
3015985,4.009374
3015986,0.14813352
3015987,71.25481
3015988,0.08630714
3015989,0.0
3015990,0.51366186
3015991,27.976633
3015992,0.30893365
3015993,100.43363
3015994,71.59928
3015995,0.3370208
3015996,0.9627188
3015997,49.186874
3015998,10.313894
3015999,157.71649
3016000,0.0
3016001,1.8432585
3016002,6.366895
3016003,0.049682792
3016004,1.9583976
3016005,238.25922
3016006,0.049682792
3016007,167.44873
3016008,7.3006163
3016009,312.05844
3016010,280.91592
3016011,147.6692
3016012,120.536415
3016013,52.67087
3016014,302.23404
3016015,3.5070682
3016016,0.48134443
3016017,23.984354
3016018,14.214652
3016019,0.2139208
3016020,155.43672
3016021,0.07275815
3016022,0.0
3016023,11.318354
3016024,30.807388
3016025,0.89120674
3016026,319.2404
3016027,182.4725
3016028,1.7557868
3016029,3.6775522
3016030,186.40553
3016031,21.782343
3016032,142.47041
3016033,0.0
3016034,0.6176845
3016035,2.6223006
3016036,0.28976578
3016037,1.3644031
3016038,313.77332
3016039,0.06323175
3016040,169.67581
3016041,8.107019
3016042,294.8238
3016043,205.07515
3016044,187.85019
3016045,90.93178
3016046,59.963623
3016047,316.24188
3016048,6.3420653
3016049,3.7402275
3016050,25.833519
3016051,35.14853
3016052,0.0977319
3016053,168.83377
3016054,1.8169614
3016055,4.970799
3016056,3.196056
3016057,34.567657
3016058,1.8777031
3016059,229.65465
3016060,242.11392
3016061,2.9301438
3016062,5.8782883
3016063,129.03444
3016064,25.909098
3016065,187.97041
3016066,3.2448456
3016067,2.3625617
3016068,2.8488948
3016069,0.06117587
3016070,0.21988413
3016071,176.77138
3016072,0.06117587
3016073,85.81704
3016074,3.074132
3016075,312.78992
3016076,133.13445
3016077,74.659546
3016078,114.4336
3016079,42.5117
3016080,298.8901
3016081,6.373736
3016082,0.548436
3016083,7.3246765
3016084,5.824336
3016085,0.14607763
3016086,84.14203
3016087,0.08425127
3016088,0.0
3016089,0.17541388
3016090,34.424236
3016091,0.6343298
3016092,262.13312
3016093,64.75424
3016094,0.7378981
3016095,0.9857889
3016096,53.795704
3016097,16.568747
3016098,298.7965
3016099,0.0
3016100,1.3766199
3016101,4.3184094
3016102,0.079596
3016103,0.78330487
3016104,180.54018
3016105,0.079596
3016106,334.43372
3016107,8.808067
3016108,160.14375
3016109,304.3122
3016110,162.01198
3016111,142.3308
3016112,76.238655
3016113,322.29147
3016114,8.110232
3016115,0.32076612
3016116,18.522385
3016117,10.356566
3016118,0.23582706
3016119,181.39464
3016120,0.1026714
3016121,23.191021
3016122,3.5018806
3016123,40.861046
3016124,0.9695022
3016125,320.14154
3016126,170.9258
3016127,2.6819415
3016128,3.1887765
3016129,121.93581
3016130,40.72647
3016131,148.79382
3016132,0.6212972
3016133,1.4990593
3016134,3.0911725
3016135,0.103765994
3016136,6.848522
3016137,309.41656
3016138,0.103765994
3016139,246.13017
3016140,5.657329
3016141,307.32748
3016142,143.00755
3016143,152.71797
3016144,110.51927
3016145,105.68525
3016146,293.61392
3016147,49.621593
3016148,1.2329887
3016149,25.017973
3016150,25.628279
3016151,0.60875255
3016152,192.79462
3016153,20.536032
3016154,19.936007
3016155,1.2905668
3016156,98.80104
3016157,7.77808
3016158,182.01595
3016159,216.99684
3016160,11.935631
3016161,13.178438
3016162,213.99103
3016163,65.29064
3016164,7.665543
3016165,0.0
3016166,9.701362
3016167,5.303821
3016168,0.049682792
3016169,5.924078
3016170,314.89966
3016171,0.049682792
3016172,338.3911
3016173,11.742685
3016174,310.8167
3016175,238.5282
3016176,119.70557
3016177,66.5508
3016178,97.03121
3016179,312.96603
3016180,27.406525
3016181,0.9088993
3016182,37.738327
3016183,33.94324
3016184,0.08418292
3016185,241.83012
3016186,18.137117
3016187,14.220634
3016188,7.8870435
3016189,70.47322
3016190,10.995841
3016191,134.83983
3016192,278.90295
3016193,6.1468396
3016194,9.968335
3016195,102.07552
3016196,71.38727
3016197,10.280547
3016198,14.969902
3016199,16.36348
3016200,8.482692
3016201,0.22554797
3016202,3.9139218
3016203,309.47763
3016204,0.07290459
3016205,264.7041
3016206,5.9652457
3016207,308.82837
3016208,303.6889
3016209,150.37381
3016210,220.01564
3016211,56.963028
3016212,311.02625
3016213,27.518887
3016214,1.9712117
3016215,19.49132
3016216,18.457102
3016217,0.10740474
3016218,275.23987
3016219,4.142525
3016220,12.211953
3016221,8.925186
3016222,46.782883
3016223,3.1071882
3016224,224.33221
3016225,238.91039
3016226,6.4268913
3016227,8.66501
3016228,194.69757
3016229,48.65838
3016230,143.44762
3016231,5.0884094
3016232,11.722402
3016233,3.791496
3016234,0.6199811
3016235,3.4271379
3016236,328.60565
3016237,0.08658053
3016238,317.46686
3016239,6.735005
3016240,294.5027
3016241,217.56938
3016242,144.14948
3016243,107.97171
3016244,67.41359
3016245,308.8917
3016246,22.125214
3016247,1.8210214
3016248,14.124977
3016249,8.781269
3016250,0.17148232
3016251,165.27684
3016252,16.818518
3016253,17.326962
3016254,2.3220103
3016255,55.888702
3016256,6.4203997
3016257,280.97412
3016258,183.1274
3016259,5.386308
3016260,7.6575813
3016261,304.15054
3016262,43.78292
3016263,8.2316475
3016264,0.0
3016265,22.142925
3016266,2.888216
3016267,0.14511055
3016268,2.1008143
3016269,250.47202
3016270,0.06818345
3016271,300.88202
3016272,7.4476953
3016273,302.25836
3016274,289.53348
3016275,216.86371
3016276,138.22113
3016277,56.66152
3016278,305.92416
3016279,8.58263
3016280,2.3757136
3016281,26.346216
3016282,18.514011
3016283,0.3093535
3016284,290.3953
3016285,0.091258824
3016286,0.0
3016287,8.111746
3016288,33.7058
3016289,1.6967443
3016290,149.47876
3016291,238.30682
3016292,2.7212944
3016293,9.493221
3016294,146.73367
3016295,48.11164
3016296,149.41037
3016297,0.0
3016298,3.8308663
3016299,6.809953
3016300,0.06818345
3016301,6.5599284
3016302,246.89557
3016303,0.06818345
3016304,342.13876
3016305,9.623578
3016306,266.28
3016307,217.37798
3016308,174.58951
3016309,96.33978
3016310,133.13536
3016311,297.89362
3016312,31.553654
3016313,1.0442156
3016314,20.600588
3016315,28.675528
3016316,0.10268359
3016317,197.50452
3016318,15.425344
3016319,14.335937
3016320,7.6161647
3016321,66.62308
3016322,10.6555395
3016323,166.4028
3016324,192.03636
3016325,12.272355
3016326,7.62561
3016327,150.03535
3016328,58.217026
3016329,2.5316966
3016330,0.13653137
3016331,6.0121236
3016332,3.5198848
3016333,0.0806247
3016334,4.896189
3016335,269.64783
3016336,0.0806247
3016337,347.22348
3016338,8.549216
3016339,251.43857
3016340,254.19681
3016341,141.75961
3016342,110.511024
3016343,102.60805
3016344,262.79495
3016345,25.829193
3016346,0.8298191
3016347,21.423792
3016348,22.039354
3016349,0.11512484
3016350,156.04677
3016351,12.709131
3016352,31.813173
3016353,4.1290793
3016354,59.588177
3016355,8.075183
3016356,194.43242
3016357,169.17273
3016358,8.448408
3016359,8.078881
3016360,191.33066
3016361,48.506542
3016362,127.52739
3016363,0.0
3016364,13.732494
3016365,6.1609616
3016366,0.15485221
3016367,4.6260753
3016368,144.03436
3016369,0.0779251
3016370,131.65297
3016371,13.905985
3016372,259.48132
3016373,136.95491
3016374,227.74171
3016375,157.3561
3016376,62.313324
3016377,276.9779
3016378,9.018387
3016379,0.24216314
3016380,15.103858
3016381,17.079657
3016382,0.16282687
3016383,234.78554
3016384,0.10100049
3016385,9.135779
3016386,1.4586031
3016387,63.947525
3016388,3.9740276
3016389,267.263
3016390,245.99539
3016391,2.9666843
3016392,2.3357341
3016393,209.77396
3016394,129.01407
3016395,119.9404
3016396,1.8529416
3016397,1.3094987
3016398,13.37076
3016399,0.049682792
3016400,15.163704
3016401,319.5326
3016402,0.049682792
3016403,336.87
3016404,23.301111
3016405,314.302
3016406,323.5993
3016407,344.96976
3016408,256.9911
3016409,325.13672
3016410,319.68063
3016411,80.07787
3016412,4.242831
3016413,96.69454
3016414,109.93732
3016415,0.24957378
3016416,329.5102
3016417,23.77043
3016418,23.528221
3016419,54.385933
3016420,224.29314
3016421,21.145832
3016422,46.613937
3016423,319.07315
3016424,33.433086
3016425,31.096611
3016426,217.57718
3016427,273.6952
3016428,39.165825
3016429,206.4586
3016430,68.9353
3016431,12.989992
3016432,0.05480345
3016433,12.753368
3016434,319.04468
3016435,0.05480345
3016436,116.74528
3016437,25.101868
3016438,230.71213
3016439,206.83551
3016440,320.53128
3016441,249.47237
3016442,233.43393
3016443,326.97012
3016444,107.27031
3016445,1.2519829
3016446,67.27043
3016447,67.001236
3016448,0.71099776
3016449,347.14456
3016450,27.18788
3016451,31.062311
3016452,13.893189
3016453,203.57407
3016454,16.59522
3016455,35.615463
3016456,315.47733
3016457,21.107817
3016458,26.433525
3016459,205.82935
3016460,217.84415
3016461,24.395384
3016462,138.47134
3016463,66.152626
3016464,10.983849
3016465,0.052019294
3016466,18.581486
3016467,322.2015
3016468,0.12894636
3016469,254.13203
3016470,13.290468
3016471,317.5548
3016472,301.94165
3016473,202.43965
3016474,105.042725
3016475,199.66484
3016476,318.0786
3016477,41.652386
3016478,2.9788504
3016479,32.455578
3016480,24.978985
3016481,0.31305343
3016482,346.92026
3016483,20.390907
3016484,19.118214
3016485,11.614674
3016486,107.09039
3016487,9.42414
3016488,277.6427
3016489,247.09828
3016490,19.284714
3016491,41.399704
3016492,300.28833
3016493,122.40256
3016494,7.276969
3016495,141.75075
3016496,36.026337
3016497,15.032934
3016498,0.052019294
3016499,19.181063
3016500,318.02484
3016501,0.052019294
3016502,314.50095
3016503,18.881817
3016504,316.4612
3016505,318.516
3016506,329.01477
3016507,271.12817
3016508,211.60728
3016509,321.2916
3016510,46.920822
3016511,1.7149403
3016512,62.68318
3016513,69.46206
3016514,0.94374216
3016515,252.61087
3016516,32.29531
3016517,25.53771
3016518,42.085567
3016519,156.9494
3016520,12.0728
3016521,3.1563687
3016522,262.075
3016523,18.814243
3016524,25.239971
3016525,302.93045
3016526,194.16315
3016527,9.733445
3016528,265.61282
3016529,57.230495
3016530,10.64763
3016531,0.052019294
3016532,19.663738
3016533,320.4417
3016534,0.052019294
3016535,268.1254
3016536,13.561409
3016537,319.52457
3016538,236.73848
3016539,341.36868
3016540,80.186615
3016541,159.86534
3016542,321.45834
3016543,37.229813
3016544,0.20825025
3016545,25.91725
3016546,24.898438
3016547,0.2162573
3016548,338.0746
3016549,27.161167
3016550,10.138753
3016551,4.8749337
3016552,110.01791
3016553,5.4679737
3016554,225.5411
3016555,334.45032
3016556,15.62585
3016557,19.200064
3016558,242.88333
3016559,77.55283
3016560,17.804165
3016561,271.7883
3016562,19.122261
3016563,13.328557
3016564,0.05480345
3016565,11.089075
3016566,317.2825
3016567,0.05480345
3016568,239.67418
3016569,22.407267
3016570,323.62762
3016571,323.49075
3016572,316.37936
3016573,324.61533
3016574,267.4479
3016575,309.19174
3016576,61.801594
3016577,1.7557296
3016578,53.18674
3016579,78.53012
3016580,0.36747488
3016581,345.94427
3016582,16.517857
3016583,27.640339
3016584,13.636443
3016585,178.9249
3016586,15.212409
3016587,214.1517
3016588,314.48495
3016589,15.663856
3016590,25.37237
3016591,203.89005
3016592,196.52501
3016593,30.06658
3016594,264.69202
3016595,67.28399
3016596,5.40967
3016597,0.50108176
3016598,4.89182
3016599,313.94534
3016600,0.10177399
3016601,301.86566
3016602,21.29313
3016603,324.10876
3016604,205.42545
3016605,174.97679
3016606,64.80342
3016607,76.7121
3016608,307.40958
3016609,25.561886
3016610,1.1032057
3016611,25.634535
3016612,18.262035
3016613,0.13627413
3016614,148.06361
3016615,10.916573
3016616,8.51013
3016617,9.571046
3016618,60.41493
3016619,6.551903
3016620,193.53912
3016621,176.06825
3016622,2.8435652
3016623,6.7468905
3016624,170.70024
3016625,55.079617
3016626,10.924542
3016627,0.34726733
3016628,9.009743
3016629,11.957322
3016630,0.2791266
3016631,13.265169
3016632,317.00327
3016633,0.2791266
3016634,266.96982
3016635,34.06322
3016636,324.2395
3016637,270.6539
3016638,335.8241
3016639,90.45935
3016640,174.9429
3016641,311.89456
3016642,86.05158
3016643,1.4589804
3016644,65.283226
3016645,35.403675
3016646,0.39691535
3016647,318.4856
3016648,19.008972
3016649,9.645105
3016650,4.1577783
3016651,143.59738
3016652,9.318048
3016653,348.9189
3016654,348.44742
3016655,12.265134
3016656,21.514036
3016657,320.68027
3016658,81.80464
3016659,17.076838
3016660,209.51196
3016661,23.123436
3016662,6.837001
3016663,0.094103396
3016664,4.746131
3016665,304.30554
3016666,0.094103396
3016667,293.03528
3016668,8.839771
3016669,226.96268
3016670,315.49393
3016671,193.55183
3016672,264.80267
3016673,199.80185
3016674,321.15686
3016675,41.4813
3016676,1.8098967
3016677,28.209412
3016678,28.938826
3016679,0.44406757
3016680,242.42134
3016681,2.958614
3016682,46.938652
3016683,5.8100967
3016684,114.30312
3016685,9.05077
3016686,198.46686
3016687,220.20831
3016688,19.402271
3016689,13.067105
3016690,115.48284
3016691,112.278404
3016692,17.501413
3016693,3.1692526
3016694,43.82065
3016695,10.240743
3016696,0.05736855
3016697,7.01558
3016698,321.96368
3016699,0.05736855
3016700,311.97034
3016701,12.216986
3016702,306.8922
3016703,208.30745
3016704,296.10492
3016705,180.61
3016706,232.04066
3016707,309.61612
3016708,42.93446
3016709,2.9985058
3016710,46.203556
3016711,37.39159
3016712,0.24451202
3016713,303.1794
3016714,7.7866554
3016715,50.702927
3016716,8.35863
3016717,170.5013
3016718,8.876066
3016719,319.02774
3016720,263.41003
3016721,14.4776535
3016722,24.73119
3016723,311.96588
3016724,107.152054
3016725,150.96375
3016726,4.2229652
3016727,7.458896
3016728,7.4565125
3016729,0.060973782
3016730,3.5355332
3016731,123.31721
3016732,0.060973782
3016733,320.33813
3016734,7.736321
3016735,129.27269
3016736,285.82254
3016737,194.09482
3016738,74.80267
3016739,108.81542
3016740,200.88515
3016741,14.944439
3016742,1.141995
3016743,27.141773
3016744,21.311895
3016745,0.0954739
3016746,172.63127
3016747,5.2813096
3016748,10.446587
3016749,6.1545486
3016750,75.56802
3016751,3.6826289
3016752,205.58687
3016753,174.1126
3016754,4.4011436
3016755,5.405402
3016756,135.59123
3016757,56.354897
3016758,17.574812
3016759,0.0
3016760,3.4368632
3016761,6.0496354
3016762,0.05173866
3016763,1.3209728
3016764,292.26376
3016765,0.05173866
3016766,152.36572
3016767,4.7421556
3016768,312.72116
3016769,192.85287
3016770,162.73576
3016771,56.257362
3016772,29.148394
3016773,290.73407
3016774,10.431688
3016775,0.88833463
3016776,16.075182
3016777,8.757158
3016778,0.08623882
3016779,166.9215
3016780,0.07481405
3016781,0.0
3016782,4.11478
3016783,22.165854
3016784,0.8716856
3016785,54.984776
3016786,133.40018
3016787,0.18713602
3016788,2.0430567
3016789,57.64324
3016790,73.34126
3016791,263.7419
3016792,0.0
3016793,2.501735
3016794,5.9596915
3016795,0.07882905
3016796,6.104436
3016797,334.60245
3016798,0.07882905
3016799,251.91058
3016800,13.239366
3016801,330.07672
3016802,227.194
3016803,256.86804
3016804,124.282425
3016805,113.35079
3016806,323.2753
3016807,28.788507
3016808,0.9179291
3016809,24.807404
3016810,41.55944
3016811,0.1133292
3016812,245.98936
3016813,19.945385
3016814,15.484844
3016815,17.327726
3016816,73.63883
3016817,6.1817884
3016818,326.1752
3016819,240.62874
3016820,7.880021
3016821,13.914416
3016822,319.33527
3016823,85.08585
3016824,12.090541
3016825,0.0
3016826,31.910917
3016827,4.2573633
3016828,0.12131482
3016829,5.3265243
3016830,330.69833
3016831,0.19824195
3016832,215.81349
3016833,16.29526
3016834,194.1524
3016835,306.1249
3016836,150.83762
3016837,211.14761
3016838,182.44513
3016839,305.31277
3016840,34.40401
3016841,2.80022
3016842,28.093002
3016843,31.006443
3016844,0.63433826
3016845,190.42928
3016846,12.5933075
3016847,33.612152
3016848,9.483825
3016849,149.18292
3016850,11.942903
3016851,329.38123
3016852,186.89139
3016853,6.185391
3016854,12.722913
3016855,162.48769
3016856,108.75572
3016857,16.270338
3016858,0.0
3016859,39.906704
3016860,3.5836706
3016861,0.6848658
3016862,10.620196
3016863,326.30423
3016864,0.0701032
3016865,253.08069
3016866,18.281599
3016867,192.30098
3016868,238.51971
3016869,228.53438
3016870,233.92867
3016871,126.675476
3016872,303.5457
3016873,35.61521
3016874,3.0547462
3016875,37.754623
3016876,44.043148
3016877,0.10460335
3016878,266.5794
3016879,26.043053
3016880,26.767181
3016881,23.327782
3016882,148.38077
3016883,16.04727
3016884,322.85596
3016885,252.43744
3016886,14.794691
3016887,16.745646
3016888,135.29207
3016889,130.65236
3016890,7.147916
3016891,2.0316556
3016892,30.86436
3016893,11.857366
3016894,0.56991535
3016895,8.256887
3016896,334.48007
3016897,0.0701032
3016898,301.8752
3016899,12.291773
3016900,329.87808
3016901,226.0861
3016902,296.743
3016903,132.68878
3016904,87.4979
3016905,323.05545
3016906,10.962572
3016907,1.0610536
3016908,40.94142
3016909,40.99053
3016910,0.10460335
3016911,317.30853
3016912,7.558663
3016913,4.6082797
3016914,5.7441235
3016915,38.96131
3016916,3.340256
3016917,329.0904
3016918,296.43323
3016919,6.662646
3016920,6.5303483
3016921,289.88187
3016922,87.971115
3016923,134.71645
3016924,108.26411
3016925,14.072809
3016926,4.668873
3016927,0.32002053
3016928,2.8803053
3016929,200.62407
3016930,0.35016367
3016931,293.42096
3016932,11.94629
3016933,255.29301
3016934,323.08322
3016935,175.48022
3016936,141.09029
3016937,123.944084
3016938,295.22375
3016939,17.728838
3016940,1.5711058
3016941,27.340277
3016942,27.607943
3016943,0.61110723
3016944,149.77116
3016945,14.471411
3016946,18.8118
3016947,9.830474
3016948,138.75114
3016949,5.9193406
3016950,316.5268
3016951,139.37312
3016952,3.601016
3016953,13.479458
3016954,298.8903
3016955,70.33071
3016956,3.653303
3016957,0.0
3016958,30.240486
3016959,1.1251832
3016960,0.072439685
3016961,1.7158687
3016962,256.0161
3016963,0.072439685
3016964,78.39246
3016965,4.059833
3016966,296.93005
3016967,226.43665
3016968,233.91658
3016969,43.556602
3016970,33.786057
3016971,308.5664
3016972,5.443367
3016973,0.33347386
3016974,9.2345
3016975,7.0595317
3016976,0.10693982
3016977,120.08431
3016978,4.1500716
3016979,0.0
3016980,1.6142584
3016981,15.761194
3016982,0.24120964
3016983,133.46661
3016984,138.52992
3016985,0.8808146
3016986,3.6113248
3016987,149.09576
3016988,26.260872
3016989,187.77898
3016990,10.688187
3016991,2.089596
3016992,7.1663523
3016993,0.17245042
3016994,5.6474166
3016995,336.1921
3016996,0.081287816
3016997,279.44656
3016998,15.39487
3016999,324.95093
3017000,258.8858
3017001,343.64056
3017002,168.83203
3017003,85.92427
3017004,318.53278
3017005,31.758297
3017006,0.73748225
3017007,27.003443
3017008,22.830189
3017009,0.16618958
3017010,319.28912
3017011,6.9599276
3017012,1.7978878
3017013,9.586505
3017014,60.14198
3017015,2.2151482
3017016,257.34076
3017017,292.18005
3017018,2.707969
3017019,14.700582
3017020,272.78168
3017021,93.28154
3017022,156.03473
3017023,24.52371
3017024,9.353449
3017025,5.827736
3017026,0.11621465
3017027,0.6321558
3017028,323.29633
3017029,0.11621465
3017030,155.07202
3017031,14.851952
3017032,316.77777
3017033,311.71017
3017034,211.63647
3017035,61.37005
3017036,39.86139
3017037,310.4435
3017038,8.637948
3017039,0.37724882
3017040,12.798081
3017041,19.0686
3017042,0.24187745
3017043,141.87306
3017044,6.5808516
3017045,0.0
3017046,13.3820305
3017047,44.166637
3017048,1.1370087
3017049,113.40007
3017050,145.25052
3017051,1.3038298
3017052,6.1232667
3017053,151.18982
3017054,34.175224
3017055,320.67242
3017056,4.954029
3017057,2.8594432
3017058,5.028221
3017059,0.11621465
3017060,4.5800295
3017061,200.60966
3017062,0.11621465
3017063,91.78755
3017064,7.203536
3017065,220.94533
3017066,213.20305
3017067,158.28752
3017068,42.94729
3017069,36.62116
3017070,307.9143
3017071,16.976759
3017072,0.20111644
3017073,13.889077
3017074,10.943289
3017075,0.15071481
3017076,137.72086
3017077,1.2055551
3017078,0.0
3017079,2.6283448
3017080,55.25232
3017081,1.3397088
3017082,124.86103
3017083,149.44731
3017084,0.35641524
3017085,4.8022065
3017086,98.61627
3017087,21.467525
3017088,168.26584
3017089,11.4676695
3017090,0.9907742
3017091,3.6599934
3017092,0.11448781
3017093,3.225025
3017094,272.8066
3017095,0.11448781
3017096,134.77504
3017097,10.106043
3017098,327.8675
3017099,320.62094
3017100,238.87668
3017101,37.684353
3017102,45.405926
3017103,307.9431
3017104,5.768079
3017105,0.5564785
3017106,8.261061
3017107,22.737226
3017108,0.27872592
3017109,165.9727
3017110,1.4782119
3017111,0.0
3017112,3.1105237
3017113,23.069881
3017114,1.6688856
3017115,175.96324
3017116,198.79205
3017117,1.1400757
3017118,4.6848
3017119,77.67784
3017120,83.16271
3017121,321.61908
3017122,5.0355806
3017123,4.193936
3017124,3.485086
3017125,0.6388649
3017126,3.2260413
3017127,231.40959
3017128,0.13413358
3017129,132.98465
3017130,3.5320003
3017131,313.31464
3017132,290.47025
3017133,262.52933
3017134,90.381645
3017135,62.09999
3017136,300.561
3017137,6.582337
3017138,1.4278862
3017139,12.025335
3017140,17.754866
3017141,0.24556085
3017142,188.85678
3017143,6.540325
3017144,0.0
3017145,3.2725313
3017146,28.754879
3017147,1.3083688
3017148,104.468254
3017149,140.30138
3017150,0.8484629
3017151,4.5712743
3017152,109.60331
3017153,43.279808
3017154,232.64168
3017155,7.279594
3017156,4.0658035
3017157,4.2461786
3017158,0.20232609
3017159,1.487227
3017160,172.80092
3017161,0.049682792
3017162,109.200554
3017163,6.0288424
3017164,266.96408
3017165,193.53632
3017166,142.25253
3017167,102.048416
3017168,38.384335
3017169,244.71829
3017170,4.1357727
3017171,0.26303843
3017172,12.19614
3017173,12.284689
3017174,0.29085281
3017175,130.56343
3017176,0.07275815
3017177,0.0
3017178,2.4173324
3017179,38.088352
3017180,1.4496249
3017181,41.10643
3017182,107.294464
3017183,0.9043358
3017184,2.668856
3017185,59.293293
3017186,32.332054
3017187,293.39426
3017188,0.0
3017189,1.0943921
3017190,9.570543
3017191,0.6720646
3017192,3.2441711
3017193,331.36188
3017194,0.051813897
3017195,255.04535
3017196,7.1735454
3017197,331.58704
3017198,216.8307
3017199,341.03632
3017200,143.24211
3017201,90.13697
3017202,311.52576
3017203,16.555664
3017204,1.4515684
3017205,19.702984
3017206,22.201653
3017207,0.23895743
3017208,213.90813
3017209,0.41859847
3017210,0.0
3017211,6.8558755
3017212,57.208313
3017213,3.5546384
3017214,179.22098
3017215,212.82814
3017216,1.4625375
3017217,8.325168
3017218,304.22302
3017219,57.62269
3017220,151.95723
3017221,27.936146
3017222,13.056634
3017223,3.439014
3017224,0.5225056
3017225,4.9430485
3017226,296.88464
3017227,0.052019294
3017228,179.35872
3017229,9.204177
3017230,267.1182
3017231,195.77428
3017232,186.72095
3017233,127.76598
3017234,47.651897
3017235,298.00516
3017236,11.844673
3017237,0.86949044
3017238,28.530262
3017239,17.09658
3017240,0.13692102
3017241,136.96178
3017242,8.348804
3017243,3.3507378
3017244,5.8380666
3017245,57.513557
3017246,1.619403
3017247,63.734432
3017248,130.63493
3017249,3.2459898
3017250,6.43364
3017251,165.27567
3017252,52.765297
3017253,142.77017
3017254,33.017517
3017255,12.082612
3017256,5.8994584
3017257,0.36340338
3017258,4.218975
3017259,318.0811
3017260,0.10328083
3017261,128.02592
3017262,6.6432295
3017263,261.48935
3017264,292.63907
3017265,266.0096
3017266,47.05903
3017267,41.20262
3017268,297.0822
3017269,35.60785
3017270,1.3782156
3017271,14.920036
3017272,16.209538
3017273,0.21470809
3017274,157.5228
3017275,8.284189
3017276,0.0
3017277,3.5610058
3017278,65.18786
3017279,2.3978922
3017280,122.929596
3017281,173.33656
3017282,1.1832125
3017283,4.826188
3017284,124.38567
3017285,23.138964
3017286,325.84534
3017287,8.062397
3017288,4.7538347
3017289,6.6502028
3017290,0.07882905
3017291,7.9105144
3017292,335.89304
3017293,0.07882905
3017294,263.04486
3017295,11.580665
3017296,315.53516
3017297,243.55147
3017298,242.20851
3017299,174.16437
3017300,118.9575
3017301,303.99643
3017302,30.204454
3017303,1.4669261
3017304,20.984663
3017305,38.256355
3017306,0.1133292
3017307,214.80159
3017308,20.975191
3017309,16.468765
3017310,5.5001683
3017311,108.06757
3017312,9.466776
3017313,348.99265
3017314,224.93507
3017315,7.987432
3017316,8.857022
3017317,355.62042
3017318,94.8234
3017319,9.408689
3017320,0.0
3017321,37.038067
3017322,7.2222514
3017323,0.049682792
3017324,5.8883424
3017325,320.2286
3017326,0.049682792
3017327,293.7775
3017328,9.053088
3017329,322.1108
3017330,279.22058
3017331,346.95758
3017332,88.97621
3017333,88.934265
3017334,324.10468
3017335,13.464854
3017336,0.34430543
3017337,24.333654
3017338,14.733679
3017339,0.08418292
3017340,262.22476
3017341,2.4666295
3017342,5.1759796
3017343,3.9584823
3017344,63.66345
3017345,1.8581909
3017346,216.23207
3017347,251.38702
3017348,4.1361785
3017349,6.4682574
3017350,301.76028
3017351,73.43427
3017352,233.21315
3017353,63.71484
3017354,13.582095
3017355,11.730506
3017356,0.4489906
3017357,5.860258
3017358,323.39877
3017359,0.049682792
3017360,298.52075
3017361,5.8504815
3017362,324.0657
3017363,301.9191
3017364,285.50397
3017365,159.90692
3017366,91.64619
3017367,312.52127
3017368,13.520707
3017369,0.40676335
3017370,39.288326
3017371,30.187122
3017372,0.17534551
3017373,235.53908
3017374,4.3610787
3017375,2.9090898
3017376,9.679261
3017377,102.02417
3017378,1.6081852
3017379,97.96955
3017380,199.8742
3017381,2.1991003
3017382,4.933764
3017383,158.55353
3017384,156.96707
3017385,139.75587
3017386,0.29501033
3017387,5.5088034
3017388,4.5480986
3017389,0.25635272
3017390,2.2784514
3017391,300.85602
3017392,0.049682792
3017393,134.44244
3017394,7.616319
3017395,323.14523
3017396,280.0801
3017397,152.65027
3017398,66.76043
3017399,64.29742
3017400,292.95508
3017401,8.762838
3017402,0.95942444
3017403,22.445812
3017404,16.692963
3017405,0.08418292
3017406,157.11592
3017407,0.27942806
3017408,0.0
3017409,4.165243
3017410,79.772995
3017411,2.5385334
3017412,117.57401
3017413,150.59483
3017414,1.0681348
3017415,5.5943985
3017416,149.95312
3017417,32.778492
3017418,321.90408
3017419,23.351572
3017420,1.545587
3017421,1.8876209
3017422,0.068553165
3017423,2.4626465
3017424,294.62814
3017425,0.15971577
3017426,245.66891
3017427,9.615319
3017428,247.37764
3017429,329.591
3017430,135.31636
3017431,52.84148
3017432,72.44812
3017433,307.54248
3017434,23.608498
3017435,0.32958734
3017436,12.587134
3017437,15.784646
3017438,0.30972326
3017439,108.987526
3017440,11.873455
3017441,2.4812152
3017442,3.3531585
3017443,60.63526
3017444,4.3694425
3017445,321.0108
3017446,136.8467
3017447,3.6900988
3017448,5.521532
3017449,335.06116
3017450,34.712906
3017451,4.5137863
3017452,0.0
3017453,12.299725
3017454,2.1527526
3017455,0.22462332
3017456,5.977546
3017457,324.49725
3017458,0.1742216
3017459,282.79752
3017460,21.495987
3017461,314.18402
3017462,310.6186
3017463,310.4414
3017464,269.53754
3017465,190.88605
3017466,309.32166
3017467,40.436398
3017468,0.74284387
3017469,19.998806
3017470,36.65353
3017471,0.20872176
3017472,228.63177
3017473,12.742159
3017474,34.678047
3017475,9.982668
3017476,114.38093
3017477,12.927941
3017478,352.32947
3017479,250.91356
3017480,14.988118
3017481,8.115893
3017482,349.94653
3017483,127.47304
3017484,0.0
3017485,0.0
3017486,37.78379
3017487,3.106955
3017488,0.13917807
3017489,4.124364
3017490,325.73132
3017491,0.06225096
3017492,305.76315
3017493,7.2429013
3017494,340.93506
3017495,262.5737
3017496,222.3189
3017497,131.86725
3017498,116.734314
3017499,318.18613
3017500,25.798597
3017501,1.4052165
3017502,23.049406
3017503,18.99141
3017504,0.096751094
3017505,111.20615
3017506,0.08532633
3017507,22.955965
3017508,4.644887
3017509,158.78918
3017510,10.26061
3017511,307.82306
3017512,113.0977
3017513,4.7877045
3017514,7.262813
3017515,287.41504
3017516,45.721935
3017517,226.4996
3017518,0.6708835
3017519,7.4340825
3017520,3.8608122
3017521,0.06696071
3017522,0.28339246
3017523,286.28595
3017524,0.06696071
3017525,186.24902
3017526,5.5230436
3017527,258.65775
3017528,205.07753
3017529,102.20668
3017530,35.876793
3017531,34.01186
3017532,317.764
3017533,8.845985
3017534,0.46503395
3017535,10.840661
3017536,10.014551
3017537,0.40417734
3017538,75.947685
3017539,0.14043769
3017540,8.797282
3017541,0.94725865
3017542,28.471458
3017543,0.1563943
3017544,321.15067
3017545,116.205284
3017546,2.1724977
3017547,1.5354054
3017548,206.40576
3017549,21.995121
3017550,318.5023
3017551,0.4698367
3017552,1.4995508
3017553,6.320078
3017554,0.5555693
3017555,3.4855614
3017556,319.41568
3017557,0.12602279
3017558,236.91199
3017559,16.078182
3017560,203.33421
3017561,175.32257
3017562,304.96457
3017563,264.06262
3017564,155.02701
3017565,320.0801
3017566,31.48049
3017567,2.2143688
3017568,19.041616
3017569,31.009644
3017570,0.4538306
3017571,173.5949
3017572,7.4293523
3017573,36.901554
3017574,9.296886
3017575,127.38175
3017576,3.3658905
3017577,326.0044
3017578,201.33911
3017579,9.461056
3017580,9.404615
3017581,338.97943
3017582,82.876686
3017583,6.8282895
3017584,0.7399629
3017585,25.950489
3017586,5.7668395
3017587,0.06696071
3017588,2.962037
3017589,195.32799
3017590,0.06696071
3017591,321.90353
3017592,16.314846
3017593,270.65384
3017594,242.66992
3017595,328.60217
3017596,180.50311
3017597,79.72302
3017598,307.33417
3017599,16.621687
3017600,1.2472973
3017601,28.168459
3017602,25.13442
3017603,0.88986146
3017604,208.10928
3017605,0.09003611
3017606,4.694952
3017607,5.379029
3017608,69.46574
3017609,0.772953
3017610,159.59314
3017611,222.39182
3017612,4.622916
3017613,4.9990063
3017614,235.67757
3017615,79.3484
3017616,229.52885
3017617,2.1355162
3017618,4.816197
3017619,6.033306
3017620,0.42312956
3017621,3.8832865
3017622,270.2092
3017623,0.06696071
3017624,319.28284
3017625,12.698756
3017626,269.1854
3017627,317.08096
3017628,285.44803
3017629,144.79912
3017630,91.81253
3017631,285.04883
3017632,16.16712
3017633,1.1730034
3017634,22.264368
3017635,20.821669
3017636,0.101460874
3017637,207.09494
3017638,0.09003611
3017639,5.9759846
3017640,5.127808
3017641,126.23113
3017642,1.1541895
3017643,95.965355
3017644,174.84279
3017645,4.2531667
3017646,4.4599805
3017647,206.36873
3017648,63.137794
3017649,146.75087
3017650,1.342374
3017651,6.464785
3017652,10.503341
3017653,0.96701443
3017654,15.547901
3017655,339.0985
3017656,0.10177399
3017657,315.61987
3017658,47.058125
3017659,334.18405
3017660,320.6754
3017661,341.179
3017662,374.0205
3017663,316.76758
3017664,328.0735
3017665,73.61719
3017666,2.7890975
3017667,52.0663
3017668,56.39922
3017669,0.13627413
3017670,362.89157
3017671,40.237
3017672,55.018013
3017673,28.689032
3017674,216.64317
3017675,29.67814
3017676,344.33524
3017677,331.09882
3017678,20.077671
3017679,22.827415
3017680,306.17868
3017681,232.97334
3017682,26.213411
3017683,0.55029076
3017684,117.98306
3017685,3.2183821
3017686,0.56304395
3017687,0.6779944
3017688,252.40634
3017689,0.06323175
3017690,132.12732
3017691,4.529253
3017692,269.93402
3017693,211.21712
3017694,137.55254
3017695,134.85754
3017696,46.634125
3017697,192.3776
3017698,5.371265
3017699,0.25037524
3017700,13.562859
3017701,7.986247
3017702,0.17465901
3017703,126.60149
3017704,1.1901549
3017705,0.0
3017706,2.6124282
3017707,38.533546
3017708,0.70900816
3017709,55.154663
3017710,77.28005
3017711,1.8570201
3017712,3.687466
3017713,110.43944
3017714,21.495008
3017715,212.49965
3017716,0.0
3017717,3.8364997
3017718,8.57664
3017719,0.21206772
3017720,2.337213
3017721,226.95988
3017722,0.05942442
3017723,319.117
3017724,10.6886
3017725,316.6726
3017726,247.63841
3017727,247.77759
3017728,234.20554
3017729,85.81472
3017730,325.9827
3017731,13.477249
3017732,0.30059448
3017733,27.302967
3017734,20.54036
3017735,0.09392457
3017736,233.28975
3017737,0.9064888
3017738,5.519712
3017739,9.162502
3017740,23.329618
3017741,1.1056285
3017742,310.06064
3017743,207.43462
3017744,3.550081
3017745,6.671178
3017746,138.17303
3017747,64.262596
3017748,234.47755
3017749,1.2596804
3017750,4.977347
3017751,1.640767
3017752,0.06323175
3017753,0.7927623
3017754,271.7688
3017755,0.06323175
3017756,95.11687
3017757,4.0346713
3017758,319.9136
3017759,117.18029
3017760,110.22582
3017761,130.66264
3017762,18.03209
3017763,313.39505
3017764,1.0343727
3017765,0.25037524
3017766,10.95865
3017767,4.058218
3017768,0.14813352
3017769,71.612755
3017770,0.08630714
3017771,0.0
3017772,0.57346237
3017773,82.627205
3017774,0.30893365
3017775,69.39971
3017776,71.657455
3017777,0.3370208
3017778,0.9441566
3017779,60.501873
3017780,10.383288
3017781,149.61433
3017782,0.0
3017783,1.8143778
3017784,6.613098
3017785,0.049682792
3017786,3.1871347
3017787,241.68828
3017788,0.049682792
3017789,168.69594
3017790,9.4366255
3017791,315.82956
3017792,275.0464
3017793,193.47116
3017794,105.17621
3017795,79.39875
3017796,307.11707
3017797,3.333947
3017798,0.48134443
3017799,27.566889
3017800,16.319294
3017801,0.23682618
3017802,169.88033
3017803,0.07275815
3017804,0.0
3017805,12.122175
3017806,40.47249
3017807,0.89120674
3017808,198.25984
3017809,169.0248
3017810,1.8496256
3017811,3.3569934
3017812,258.1064
3017813,26.59654
3017814,141.86876
3017815,0.0
3017816,0.6176845
3017817,2.9051926
3017818,0.38581222
3017819,1.6639991
3017820,314.8181
3017821,0.06323175
3017822,186.01343
3017823,9.085294
3017824,304.76727
3017825,178.67612
3017826,232.6374
3017827,113.578804
3017828,69.5623
3017829,312.84866
3017830,6.7599893
3017831,3.924694
3017832,31.473951
3017833,39.732132
3017834,0.0977319
3017835,196.57796
3017836,1.9162056
3017837,5.071839
3017838,3.0391128
3017839,38.718628
3017840,2.109994
3017841,155.52296
3017842,236.93141
3017843,3.1537755
3017844,6.128606
3017845,170.17296
3017846,29.218958
3017847,195.99371
3017848,3.5875497
3017849,2.4359348
3017850,2.925722
3017851,0.06117587
3017852,0.21988413
3017853,202.89671
3017854,0.06117587
3017855,97.12195
3017856,3.1208572
3017857,319.77237
3017858,139.425
3017859,96.077866
3017860,119.38967
3017861,63.937397
3017862,320.10507
3017863,7.018185
3017864,0.556619
3017865,8.957382
3017866,5.698355
3017867,0.14607763
3017868,88.44096
3017869,0.08425127
3017870,0.0
3017871,0.17541388
3017872,73.5036
3017873,0.6343298
3017874,144.2718
3017875,81.20656
3017876,0.7378981
3017877,0.9500839
3017878,75.117935
3017879,17.852148
3017880,300.26068
3017881,0.0
3017882,1.2305821
3017883,4.726553
3017884,0.079596
3017885,0.6418683
3017886,185.30623
3017887,0.079596
3017888,333.73306
3017889,10.147518
3017890,135.81308
3017891,301.26324
3017892,228.92451
3017893,116.573296
3017894,117.108635
3017895,316.6147
3017896,9.713575
3017897,0.32076612
3017898,26.248358
3017899,10.557428
3017900,0.24383408
3017901,195.85283
3017902,0.1026714
3017903,27.44472
3017904,3.4460266
3017905,85.86788
3017906,1.0257788
3017907,184.01503
3017908,178.38254
3017909,3.0874915
3017910,3.0624604
3017911,125.484184
3017912,47.852085
3017913,148.88763
3017914,0.52073926
3017915,1.4290086
3017916,3.5462182
3017917,0.103765994
3017918,7.8397727
3017919,301.8621
3017920,0.103765994
3017921,292.25546
3017922,6.6360188
3017923,277.43588
3017924,127.88602
3017925,185.718
3017926,135.61665
3017927,126.95695
3017928,311.65982
3017929,51.140358
3017930,1.282601
3017931,30.825106
3017932,28.212803
3017933,0.61019605
3017934,195.85376
3017935,21.678556
3017936,22.275127
3017937,1.2655202
3017938,131.05576
3017939,8.117939
3017940,301.74933
3017941,227.4913
3017942,13.146342
3017943,13.589937
3017944,300.84586
3017945,73.61407
3017946,1.7690867
3017947,0.0
3017948,15.100047
3017949,6.2077227
3017950,0.049682792
3017951,7.513775
3017952,295.57983
3017953,0.049682792
3017954,339.36502
3017955,11.8990965
3017956,307.96408
3017957,234.45801
3017958,181.42606
3017959,83.09361
3017960,118.02796
3017961,314.03058
3017962,27.560999
3017963,0.8650979
3017964,40.772243
3017965,65.46625
3017966,0.08418292
3017967,268.00046
3017968,21.192122
3017969,17.433426
3017970,8.93636
3017971,99.47689
3017972,11.607178
3017973,219.17755
3017974,300.73917
3017975,6.53362
3017976,10.579533
3017977,183.30878
3017978,93.3585
3017979,5.1512823
3017980,16.341885
3017981,21.066639
3017982,9.071165
3017983,0.22554797
3017984,3.8928206
3017985,306.8929
3017986,0.07290459
3017987,257.35873
3017988,4.4569516
3017989,304.977
3017990,294.3001
3017991,182.34135
3017992,213.04341
3017993,72.33708
3017994,313.56635
3017995,28.175072
3017996,1.9221995
3017997,23.72329
3017998,18.368803
3017999,0.10740474
3018000,289.8632
3018001,4.3593793
3018002,15.039596
3018003,6.6137595
3018004,83.01951
3018005,3.573564
3018006,133.50813
3018007,266.5678
3018008,6.6083922
3018009,9.908528
3018010,257.86285
3018011,56.48053
3018012,147.27359
3018013,7.0353785
3018014,13.585666
3018015,3.9546168
3018016,0.6199811
3018017,5.499808
3018018,333.82242
3018019,0.08658053
3018020,333.07108
3018021,7.9890237
3018022,297.78287
3018023,211.55872
3018024,211.84897
3018025,130.53523
3018026,90.32967
3018027,317.4686
3018028,25.781693
3018029,1.6865047
3018030,15.790843
3018031,11.963208
3018032,0.17148232
3018033,174.2425
3018034,18.925564
3018035,23.09561
3018036,2.3798933
3018037,145.68887
3018038,6.639516
3018039,340.7056
3018040,199.32043
3018041,5.6645236
3018042,8.266964
3018043,348.8171
3018044,54.047436
3018045,5.7842636
3018046,0.0
3018047,31.579065
3018048,2.99653
3018049,0.118585035
3018050,2.3630419
3018051,243.79431
3018052,0.06818345
3018053,317.49002
3018054,8.456788
3018055,296.96698
3018056,267.092
3018057,271.84344
3018058,149.44304
3018059,70.1653
3018060,304.48438
3018061,10.512515
3018062,2.1795697
3018063,26.197271
3018064,20.78295
3018065,0.3093535
3018066,290.97815
3018067,0.091258824
3018068,0.0
3018069,8.990846
3018070,50.616394
3018071,1.8059797
3018072,122.728165
3018073,256.02408
3018074,2.6444988
3018075,10.492435
3018076,228.96481
3018077,54.83103
3018078,147.34315
3018079,0.0
3018080,5.299749
3018081,7.5481234
3018082,0.06818345
3018083,6.511945
3018084,227.5907
3018085,0.06818345
3018086,342.9754
3018087,12.035491
3018088,279.34094
3018089,254.15645
3018090,212.10036
3018091,133.9111
3018092,162.95444
3018093,303.35776
3018094,46.311966
3018095,1.0541033
3018096,24.641382
3018097,40.435307
3018098,0.10268359
3018099,211.22809
3018100,16.204779
3018101,17.901115
3018102,6.816309
3018103,112.27597
3018104,11.871142
3018105,316.81656
3018106,225.05539
3018107,13.563742
3018108,8.14077
3018109,253.47069
3018110,71.9317
3018111,5.618489
3018112,0.13653137
3018113,8.808357
3018114,3.6849093
3018115,0.0806247
3018116,3.6725438
3018117,259.40103
3018118,0.0806247
3018119,358.30786
3018120,9.653056
3018121,244.47736
3018122,242.91653
3018123,184.22032
3018124,131.51848
3018125,123.434265
3018126,274.9589
3018127,30.1751
3018128,0.81707156
3018129,26.714123
3018130,29.745659
3018131,0.11512484
3018132,181.68147
3018133,13.053013
3018134,37.07339
3018135,7.9888225
3018136,68.25194
3018137,8.674812
3018138,299.2333
3018139,175.00586
3018140,8.564827
3018141,7.7033625
3018142,282.0848
3018143,49.261024
3018144,111.8299
3018145,0.0
3018146,17.870039
3018147,6.754471
3018148,0.12832668
3018149,3.2371078
3018150,132.71915
3018151,0.0779251
3018152,138.80522
3018153,18.88453
3018154,238.88448
3018155,131.3726
3018156,296.94363
3018157,162.92622
3018158,85.47047
3018159,268.26007
3018160,10.785083
3018161,0.16282687
3018162,16.22235
3018163,22.393135
3018164,0.11242524
3018165,236.68106
3018166,0.10100049
3018167,8.523493
3018168,1.4976599
3018169,94.13567
3018170,3.5565395
3018171,185.25594
3018172,267.04742
3018173,3.284102
3018174,1.8542488
3018175,274.29395
3018176,128.98022
3018177,109.08622
3018178,1.8541023
3018179,1.063207
3018180,13.87057
3018181,0.049682792
3018182,17.556993
3018183,322.71088
3018184,0.049682792
3018185,319.69196
3018186,26.347076
3018187,316.58176
3018188,318.71466
3018189,346.9773
3018190,360.4483
3018191,340.54108
3018192,326.5924
3018193,89.02101
3018194,4.2287045
3018195,101.19397
3018196,117.71188
3018197,0.23682618
3018198,301.20102
3018199,34.262608
3018200,28.176933
3018201,55.004436
3018202,272.40884
3018203,24.728493
3018204,330.0207
3018205,334.16028
3018206,39.119576
3018207,35.37921
3018208,305.03595
3018209,298.2333
3018210,46.173088
3018211,199.4891
3018212,124.504456
3018213,15.92874
3018214,0.05480345
3018215,14.96881
3018216,320.75433
3018217,0.05480345
3018218,119.014084
3018219,28.929392
3018220,220.20056
3018221,193.97668
3018222,355.70465
3018223,357.52545
3018224,303.43594
3018225,334.55432
3018226,118.68398
3018227,1.4002321
3018228,82.07979
3018229,77.96135
3018230,0.71099776
3018231,364.25253
3018232,21.885765
3018233,42.87784
3018234,15.694129
3018235,280.76904
3018236,20.50315
3018237,146.404
3018238,319.12143
3018239,22.833649
3018240,30.673588
3018241,299.3594
3018242,274.99374
3018243,38.62501
3018244,164.43668
3018245,103.438255
3018246,12.54613
3018247,0.052019294
3018248,21.283926
3018249,321.17477
3018250,0.10242085
3018251,265.31146
3018252,16.085701
3018253,320.09097
3018254,283.24118
3018255,268.4045
3018256,135.92482
3018257,259.38385
3018258,320.44867
3018259,46.211918
3018260,3.1604292
3018261,42.822
3018262,23.949211
3018263,0.40909988
3018264,356.17203
3018265,22.783197
3018266,25.278034
3018267,8.4945345
3018268,175.09225
3018269,10.1561165
3018270,308.93
3018271,253.9325
3018272,22.401823
3018273,47.306732
3018274,309.09738
3018275,142.96945
3018276,9.00376
3018277,141.85939
3018278,57.59249
3018279,16.479034
3018280,0.052019294
3018281,21.439323
3018282,321.55518
3018283,0.052019294
3018284,312.5338
3018285,23.212223
3018286,319.78308
3018287,316.14862
3018288,346.3069
3018289,334.72217
3018290,262.51294
3018291,316.54028
3018292,56.775715
3018293,1.7149403
3018294,65.77779
3018295,83.083275
3018296,1.0620551
3018297,279.06973
3018298,22.138939
3018299,30.860626
3018300,40.07833
3018301,217.97874
3018302,14.852938
3018303,326.81882
3018304,254.88084
3018305,22.46923
3018306,28.450794
3018307,363.9273
3018308,241.59306
3018309,9.996977
3018310,233.07565
3018311,84.8321
3018312,12.425724
3018313,0.052019294
3018314,22.786602
3018315,319.4773
3018316,0.052019294
3018317,262.32507
3018318,15.818995
3018319,321.28802
3018320,262.61627
3018321,361.05734
3018322,101.38096
3018323,179.78381
3018324,319.5891
3018325,51.12887
3018326,0.22099769
3018327,34.025986
3018328,32.2071
3018329,0.23916277
3018330,342.5221
3018331,31.584475
3018332,13.43708
3018333,14.014172
3018334,178.4138
3018335,6.0092473
3018336,276.70007
3018337,342.6382
3018338,17.341839
3018339,26.56968
3018340,300.17725
3018341,84.29807
3018342,10.811662
3018343,225.71866
3018344,31.273367
3018345,12.54142
3018346,0.05480345
3018347,12.569122
3018348,317.8668
3018349,0.05480345
3018350,271.25323
3018351,25.445814
3018352,318.2162
3018353,317.589
3018354,348.31738
3018355,375.04214
3018356,326.5381
3018357,323.12268
3018358,72.854454
3018359,1.7015301
3018360,57.75903
3018361,89.40502
3018362,0.4582199
3018363,349.7408
3018364,23.950592
3018365,34.836685
3018366,13.9031
3018367,270.02814
3018368,17.980156
3018369,280.98187
3018370,333.50006
3018371,18.417418
3018372,31.189674
3018373,306.93134
3018374,239.26541
3018375,29.5616
3018376,287.24188
3018377,109.86939
3018378,5.84543
3018379,0.5209457
3018380,5.7902236
3018381,301.2401
3018382,0.10177399
3018383,328.80988
3018384,27.436708
3018385,293.1445
3018386,230.7701
3018387,237.44852
3018388,81.96546
3018389,118.95693
3018390,310.47815
3018391,37.615005
3018392,1.1460547
3018393,27.752743
3018394,21.615425
3018395,0.13627413
3018396,180.01776
3018397,11.478395
3018398,9.402797
3018399,10.154102
3018400,74.4353
3018401,7.4306498
3018402,295.9793
3018403,192.78014
3018404,2.9890177
3018405,6.304558
3018406,293.18768
3018407,58.54448
3018408,8.810973
3018409,0.2828278
3018410,16.01633
3018411,12.605141
3018412,0.082511395
3018413,13.585071
3018414,318.81033
3018415,0.082511395
3018416,255.70709
3018417,36.93692
3018418,318.64148
3018419,263.3227
3018420,350.92938
3018421,91.14993
3018422,162.69756
3018423,322.36624
3018424,98.26224
3018425,1.2630022
3018426,76.53776
3018427,34.31107
3018428,0.16741318
3018429,326.6202
3018430,25.37512
3018431,9.272387
3018432,3.875815
3018433,151.49695
3018434,9.2992525
3018435,363.33792
3018436,343.5753
3018437,12.865625
3018438,23.02794
3018439,353.67834
3018440,83.0582
3018441,5.8805447
3018442,187.67734
3018443,28.556929
3018444,7.8837204
3018445,0.094103396
3018446,5.060382
3018447,309.18845
3018448,0.094103396
3018449,283.30872
3018450,9.829193
3018451,204.96857
3018452,306.75833
3018453,286.04245
3018454,352.57523
3018455,257.11353
3018456,301.712
3018457,43.911552
3018458,1.7817341
3018459,36.791428
3018460,39.078724
3018461,0.48506021
3018462,285.5369
3018463,3.1731532
3018464,48.946533
3018465,5.275778
3018466,178.72891
3018467,10.022806
3018468,286.60825
3018469,268.06735
3018470,22.836096
3018471,10.059085
3018472,253.69394
3018473,131.33144
3018474,16.127913
3018475,3.057939
3018476,62.09361
3018477,11.078293
3018478,0.05736855
3018479,7.1158333
3018480,309.3617
3018481,0.05736855
3018482,293.9634
3018483,13.105165
3018484,300.88345
3018485,300.78384
3018486,347.83337
3018487,269.01224
3018488,295.7788
3018489,318.33136
3018490,48.87782
3018491,3.0181143
3018492,64.04543
3018493,44.34623
3018494,0.24451202
3018495,329.49316
3018496,8.528644
3018497,63.38008
3018498,9.769864
3018499,255.69914
3018500,9.844756
3018501,346.46597
3018502,312.6955
3018503,16.137629
3018504,27.706812
3018505,343.3991
3018506,154.383
3018507,138.69249
3018508,4.6152506
3018509,12.0405855
3018510,8.16042
3018511,0.060973782
3018512,3.6020713
3018513,163.2968
3018514,0.060973782
3018515,330.2492
3018516,8.28781
3018517,137.28723
3018518,263.47882
3018519,258.48846
3018520,87.92312
3018521,153.74338
3018522,190.53209
3018523,15.523506
3018524,1.1337829
3018525,31.441925
3018526,24.690947
3018527,0.0954739
3018528,173.99532
3018529,5.5423193
3018530,13.225432
3018531,6.581748
3018532,123.38551
3018533,3.6670325
3018534,331.09848
3018535,191.13187
3018536,4.8724413
3018537,5.954474
3018538,246.19717
3018539,66.270325
3018540,6.5098515
3018541,0.0
3018542,6.007115
3018543,6.469425
3018544,0.05173866
3018545,1.3027607
3018546,264.73065
3018547,0.05173866
3018548,159.6007
3018549,4.7143006
3018550,279.20575
3018551,214.32793
3018552,215.20367
3018553,68.532104
3018554,32.372807
3018555,270.42798
3018556,12.4351845
3018557,0.88833463
3018558,18.669836
3018559,8.937088
3018560,0.08623882
3018561,162.42839
3018562,0.07481405
3018563,0.0
3018564,4.4119263
3018565,33.13917
3018566,0.8716856
3018567,44.578815
3018568,154.13498
3018569,0.19514307
3018570,2.3347762
3018571,59.64737
3018572,79.13255
3018573,255.99133
3018574,0.0
3018575,2.6161027
3018576,6.7116575
3018577,0.07882905
3018578,6.4446197
3018579,338.40842
3018580,0.07882905
3018581,261.0729
3018582,14.003794
3018583,326.75543
3018584,246.71019
3018585,317.24484
3018586,165.74683
3018587,147.73878
3018588,311.3071
3018589,35.038208
3018590,0.87406397
3018591,25.651403
3018592,59.782993
3018593,0.1133292
3018594,266.9069
3018595,21.92567
3018596,16.364721
3018597,7.6007667
3018598,129.95424
3018599,6.6460266
3018600,331.8455
3018601,274.45935
3018602,8.814968
3018603,14.903761
3018604,351.55145
3018605,100.17277
3018606,16.11418
3018607,0.0
3018608,49.358276
3018609,4.514906
3018610,0.12131482
3018611,5.27999
3018612,339.34378
3018613,0.19824195
3018614,217.07799
3018615,20.444813
3018616,332.59024
3018617,298.54828
3018618,208.51355
3018619,295.33047
3018620,215.11311
3018621,317.31458
3018622,37.526825
3018623,2.640988
3018624,33.2364
3018625,33.84371
3018626,0.63433826
3018627,213.67207
3018628,13.80869
3018629,40.895176
3018630,9.736549
3018631,208.73483
3018632,13.512878
3018633,352.5969
3018634,199.42766
3018635,6.946685
3018636,17.16114
3018637,223.10172
3018638,128.22038
3018639,19.045292
3018640,0.083089024
3018641,58.685566
3018642,3.5238366
3018643,0.6848658
3018644,12.357142
3018645,341.91483
3018646,0.0701032
3018647,241.04814
3018648,21.062376
3018649,330.97708
3018650,322.91403
3018651,310.1758
3018652,307.94193
3018653,178.24579
3018654,318.2272
3018655,46.45183
3018656,3.044972
3018657,40.054157
3018658,40.30012
3018659,0.10460335
3018660,285.74524
3018661,31.157148
3018662,34.58703
3018663,21.095085
3018664,194.62111
3018665,17.767584
3018666,340.92163
3018667,286.59268
3018668,16.907097
3018669,19.610273
3018670,264.76874
3018671,155.80008
3018672,3.9662058
3018673,2.01244
3018674,59.37755
3018675,13.709792
3018676,0.56991535
3018677,8.552618
3018678,332.54376
3018679,0.0701032
3018680,304.3281
3018681,15.728063
3018682,337.15137
3018683,196.48775
3018684,251.11073
3018685,135.68779
3018686,98.43091
3018687,322.1069
3018688,12.323568
3018689,1.0796589
3018690,45.82914
3018691,43.86211
3018692,0.10460335
3018693,298.37112
3018694,9.44085
3018695,4.716455
3018696,7.596734
3018697,60.518364
3018698,3.1684844
3018699,284.87875
3018700,298.42957
3018701,6.976156
3018702,6.9463997
3018703,317.83466
3018704,103.84868
3018705,149.96368
3018706,107.861176
3018707,15.803141
3018708,5.2185283
3018709,0.0
3018710,4.2600794
3018711,164.3464
3018712,0.0054074004
3018713,306.7609
3018714,10.6008415
3018715,282.862
3018716,340.74423
3018717,121.95054
3018718,131.35199
3018719,124.22099
3018720,281.47815
3018721,15.119202
3018722,1.3799342
3018723,20.466778
3018724,25.42161
3018725,0.31059936
3018726,159.52475
3018727,14.446897
3018728,16.215923
3018729,8.060904
3018730,116.230774
3018731,6.926013
3018732,222.85063
3018733,165.54803
3018734,4.169451
3018735,7.884609
3018736,249.05609
3018737,59.89446
3018738,8.804843
3018739,0.0
3018740,24.680534
3018741,1.8639853
3018742,0.026440296
3018743,2.9148622
3018744,303.34515
3018745,0.026440296
3018746,109.01034
3018747,6.2871428
3018748,306.50186
3018749,298.01334
3018750,268.79196
3018751,55.185898
3018752,62.565292
3018753,273.82254
3018754,9.089827
3018755,0.46556488
3018756,14.783524
3018757,10.851538
3018758,0.102462545
3018759,200.96713
3018760,5.375538
3018761,0.0
3018762,2.5861344
3018763,26.509666
3018764,0.3237713
3018765,190.61424
3018766,202.43616
3018767,0.92056304
3018768,5.283444
3018769,151.41435
3018770,32.042484
3018771,275.87668
3018772,17.617037
3018773,2.9967623
3018774,11.005806
3018775,0.13518511
3018776,6.21064
3018777,307.5828
3018778,0.0096672615
3018779,270.82538
3018780,19.453
3018781,305.31436
3018782,305.4238
3018783,357.77356
3018784,252.85396
3018785,118.36821
3018786,271.75943
3018787,37.6836
3018788,0.89421386
3018789,36.81335
3018790,26.157341
3018791,0.104731396
3018792,335.23145
3018793,10.262507
3018794,2.5857382
3018795,11.667056
3018796,69.5526
3018797,2.4335167
3018798,283.1232
3018799,327.41928
3018800,3.616152
3018801,19.196701
3018802,302.3074
3018803,101.03464
3018804,159.06711
3018805,36.043888
3018806,16.639095
3018807,7.6996503
3018808,0.15235518
3018809,0.98216164
3018810,301.81384
3018811,0.15235518
3018812,184.13083
3018813,16.577883
3018814,294.52966
3018815,319.4635
3018816,200.47261
3018817,69.32722
3018818,65.88898
3018819,268.11755
3018820,11.213211
3018821,0.5081558
3018822,19.374256
3018823,25.387882
3018824,0.29924965
3018825,184.12201
3018826,10.348183
3018827,0.0
3018828,11.368114
3018829,68.07352
3018830,1.5362773
3018831,150.32303
3018832,206.03882
3018833,1.9232942
3018834,9.173843
3018835,136.80467
3018836,39.446022
3018837,323.63492
3018838,11.468604
3018839,5.898063
3018840,6.8288746
3018841,0.15039052
3018842,5.856938
3018843,247.47902
3018844,0.15039052
3018845,127.46046
3018846,10.6145735
3018847,275.674
3018848,289.96936
3018849,184.04433
3018850,52.663868
3018851,50.567352
3018852,269.751
3018853,17.962927
3018854,0.19595994
3018855,22.342691
3018856,11.455433
3018857,0.18489067
3018858,189.65092
3018859,1.5332742
3018860,0.0
3018861,3.9888394
3018862,62.269238
3018863,1.6925644
3018864,186.43588
3018865,240.32928
3018866,0.4853577
3018867,6.722184
3018868,113.40782
3018869,29.393026
3018870,217.59456
3018871,13.75977
3018872,5.310005
3018873,5.2610645
3018874,0.0
3018875,3.5735924
3018876,309.0698
3018877,0.0
3018878,182.66116
3018879,13.165341
3018880,312.67288
3018881,322.7958
3018882,255.4146
3018883,41.205284
3018884,70.54665
3018885,284.326
3018886,7.014156
3018887,0.68424463
3018888,13.731171
3018889,32.439575
3018890,0.2676601
3018891,281.4432
3018892,1.7989187
3018893,0.0
3018894,4.1113896
3018895,32.319294
3018896,2.2100794
3018897,282.07532
3018898,303.8333
3018899,1.3946137
3018900,6.825147
3018901,155.83403
3018902,106.99104
3018903,340.38303
3018904,11.144598
3018905,7.2037864
3018906,4.9832277
3018907,0.6117476
3018908,4.770339
3018909,231.97241
3018910,0.0
3018911,156.31497
3018912,4.894693
3018913,289.64407
3018914,305.13806
3018915,251.615
3018916,102.862495
3018917,84.2443
3018918,267.32837
3018919,8.621488
3018920,1.29485
3018921,17.061003
3018922,19.756237
3018923,0.11895664
3018924,228.18541
3018925,8.727914
3018926,0.0
3018927,4.6197762
3018928,35.36423
3018929,1.8087063
3018930,119.77561
3018931,210.1111
3018932,0.93137985
3018933,6.373085
3018934,104.3325
3018935,42.98264
3018936,239.33821
3018937,13.416572
3018938,5.7199554
3018939,6.2592134
3018940,0.3573678
3018941,2.3123655
3018942,181.93501
3018943,0.004647089
3018944,178.84097
3018945,8.309656
3018946,272.31503
3018947,270.34442
3018948,168.23116
3018949,129.2947
3018950,76.842926
3018951,248.057
3018952,6.0381145
3018953,0.39186794
3018954,17.13194
3018955,17.563951
3018956,0.39186794
3018957,184.51286
3018958,0.027722497
3018959,0.0
3018960,3.369513
3018961,61.989258
3018962,1.9536104
3018963,52.440315
3018964,156.80183
3018965,1.2369596
3018966,4.3257146
3018967,65.32905
3018968,43.52801
3018969,297.26645
3018970,0.0
3018971,1.5576637
3018972,12.652944
3018973,0.90743446
3018974,3.942159
3018975,290.64688
3018976,0.026440296
3018977,306.69943
3018978,9.657797
3018979,293.09958
3018980,183.15219
3018981,328.71057
3018982,220.05112
3018983,193.22574
3018984,270.2713
3018985,23.762728
3018986,2.1752388
3018987,30.213858
3018988,36.025578
3018989,0.41366115
3018990,298.07547
3018991,0.39331275
3018992,0.0
3018993,13.4116125
3018994,83.61702
3018995,5.4099097
3018996,266.3875
3018997,315.813
3018998,2.2251642
3018999,12.902628
3019000,318.53824
3019001,72.69927
3019002,134.03398
3019003,49.834343
3019004,19.168415
3019005,5.0600324
3019006,0.7202549
3019007,6.3527975
3019008,300.57565
3019009,0.028311107
3019010,186.90907
3019011,10.804436
3019012,319.3316
3019013,290.84717
3019014,236.77159
3019015,198.29419
3019016,102.731995
3019017,273.12476
3019018,17.86559
3019019,1.243193
3019020,45.41829
3019021,25.433558
3019022,0.15382804
3019023,231.96727
3019024,13.318185
3019025,4.4721627
3019026,7.2203836
3019027,89.616684
3019028,2.483779
3019029,102.08763
3019030,197.61078
3019031,5.015553
3019032,10.230053
3019033,203.96387
3019034,52.92911
3019035,163.19987
3019036,78.220146
3019037,21.827858
3019038,8.019954
3019039,0.51381844
3019040,5.6264935
3019041,293.97
3019042,0.15892953
3019043,240.77692
3019044,8.506895
3019045,280.27048
3019046,325.60632
3019047,315.2826
3019048,72.00303
3019049,59.953636
3019050,269.35916
3019051,33.961918
3019052,1.7386491
3019053,20.029497
3019054,26.99526
3019055,0.29158843
3019056,269.4217
3019057,13.108582
3019058,0.0
3019059,5.1714196
3019060,77.17431
3019061,2.9231644
3019062,209.2073
3019063,277.9128
3019064,1.5324047
3019065,7.0047092
3019066,251.81812
3019067,31.763403
3019068,338.8566
3019069,9.13363
3019070,7.160073
3019071,9.791624
3019072,0.026440296
3019073,10.527209
3019074,312.13666
3019075,0.026440296
3019076,238.64049
3019077,14.689236
3019078,324.9208
3019079,214.96655
3019080,255.4205
3019081,176.43622
3019082,143.54112
3019083,270.73892
3019084,46.50745
3019085,2.0922534
3019086,27.645998
3019087,49.15185
3019088,0.102462545
3019089,287.4023
3019090,28.5582
3019091,22.800009
3019092,6.992458
3019093,171.59946
3019094,12.155152
3019095,333.9378
3019096,310.56656
3019097,11.08861
3019098,11.076494
3019099,335.20596
3019100,127.20347
3019101,13.072789
3019102,0.0
3019103,43.578217
3019104,11.893123
3019105,0.036970694
3019106,8.618306
3019107,294.8738
3019108,0.0065179
3019109,329.52826
3019110,12.888478
3019111,299.47516
3019112,268.44278
3019113,333.48502
3019114,127.18622
3019115,165.0763
3019116,284.0111
3019117,18.944279
3019118,0.48496407
3019119,26.695175
3019120,23.317038
3019121,0.04101808
3019122,334.9698
3019123,3.311335
3019124,7.815337
3019125,8.117376
3019126,102.86214
3019127,2.491508
3019128,306.85324
3019129,342.25958
3019130,6.210467
3019131,9.763317
3019132,310.59167
3019133,92.16986
3019134,164.56355
3019135,61.983704
3019136,24.04169
3019137,16.979921
3019138,0.59293956
3019139,7.640673
3019140,300.11908
3019141,0.0065179
3019142,332.61646
3019143,8.925367
3019144,301.62222
3019145,332.37228
3019146,322.7129
3019147,274.3914
3019148,151.34137
3019149,269.3205
3019150,21.586641
3019151,0.547422
3019152,52.624386
3019153,44.611248
3019154,0.24246937
3019155,335.62332
3019156,6.2510386
3019157,4.9457593
3019158,13.62588
3019159,142.03
3019160,2.5548463
3019161,122.638794
3019162,312.6037
3019163,3.281525
3019164,7.915
3019165,210.5589
3019166,172.83037
3019167,150.65953
3019168,0.49041644
3019169,10.605595
3019170,6.3041205
3019171,0.33650535
3019172,3.0919518
3019173,286.83243
3019174,0.0
3019175,147.7714
3019176,12.391436
3019177,333.93292
3019178,324.4868
3019179,141.95157
3019180,50.912727
3019181,110.09724
3019182,272.53336
3019183,11.280927
3019184,1.2459857
3019185,33.384174
3019186,22.836077
3019187,0.03220173
3019188,196.26918
3019189,0.35958073
3019190,0.0
3019191,5.633667
3019192,99.267456
3019193,3.6820621
3019194,101.68346
3019195,172.5744
3019196,1.3813744
3019197,7.282898
3019198,127.01543
3019199,34.431328
3019200,334.27948
3019201,35.1889
3019202,3.4401367
3019203,2.4591575
3019204,0.005831782
3019205,1.6242535
3019206,248.03293
3019207,0.13214292
3019208,272.35678
3019209,12.988723
3019210,225.28366
3019211,329.79068
3019212,129.85329
3019213,47.925884
3019214,81.89123
3019215,279.75284
3019216,26.189053
3019217,0.3755495
3019218,16.66355
3019219,24.956215
3019220,0.32364577
3019221,124.37061
3019222,16.321072
3019223,3.2258487
3019224,2.757561
3019225,92.172676
3019226,5.896901
3019227,281.27396
3019228,164.93997
3019229,4.753764
3019230,6.9761457
3019231,275.7526
3019232,38.075665
3019233,11.547653
3019234,0.0
3019235,8.434488
3019236,2.968289
3019237,0.22982572
3019238,7.500811
3019239,305.25964
3019240,0.15819252
3019241,296.6244
3019242,22.021889
3019243,293.1334
3019244,289.94937
3019245,313.61545
3019246,256.5291
3019247,205.2686
3019248,284.4362
3019249,55.206516
3019250,0.74021894
3019251,27.609423
3019252,39.498837
3019253,0.19269265
3019254,277.96362
3019255,14.883306
3019256,46.51881
3019257,14.490778
3019258,154.51622
3019259,15.581096
3019260,328.39395
3019261,324.23862
3019262,23.16537
3019263,10.697914
3019264,318.6543
3019265,140.13968
3019266,6.5814924
3019267,0.0
3019268,28.57897
3019269,4.608643
3019270,0.134405
3019271,4.9473205
3019272,305.55096
3019273,0.032318935
3019274,316.79935
3019275,10.884593
3019276,333.46188
3019277,277.4399
3019278,194.99435
3019279,132.1915
3019280,170.01028
3019281,283.28516
3019282,37.22688
3019283,1.9290913
3019284,23.977041
3019285,25.016296
3019286,0.06681906
3019287,131.85146
3019288,0.055394325
3019289,29.513933
3019290,6.9755387
3019291,201.79578
3019292,14.700429
3019293,214.24892
3019294,150.2893
3019295,7.22759
3019296,10.667756
3019297,233.25412
3019298,48.73341
3019299,238.68523
3019300,1.1564144
3019301,8.220819
3019302,6.0696206
3019303,0.1514779
3019304,0.5938619
3019305,276.585
3019306,0.1514779
3019307,265.48163
3019308,8.286744
3019309,323.41586
3019310,274.6984
3019311,103.44569
3019312,39.19616
3019313,48.006496
3019314,292.21323
3019315,17.089182
3019316,0.6443176
3019317,15.1385765
3019318,10.848654
3019319,0.5514211
3019320,116.37158
3019321,0.24618658
3019322,10.265812
3019323,1.3824843
3019324,40.238693
3019325,0.2621432
3019326,261.26407
3019327,160.85086
3019328,3.1894248
3019329,1.727757
3019330,163.0392
3019331,30.882769
3019332,339.6498
3019333,0.71821326
3019334,3.8510776
3019335,10.71906
3019336,0.7259649
3019337,3.0910265
3019338,302.92975
3019339,0.16077374
3019340,192.70654
3019341,26.378328
3019342,194.17282
3019343,143.74431
3019344,322.26102
3019345,274.92664
3019346,231.36899
3019347,292.6791
3019348,43.403976
3019349,3.2261078
3019350,26.75139
3019351,43.601078
3019352,0.598281
3019353,273.61322
3019354,13.31345
3019355,52.822166
3019356,13.279251
3019357,209.47556
3019358,5.1544147
3019359,308.99194
3019360,302.58997
3019361,13.942555
3019362,12.455311
3019363,333.62607
3019364,95.4315
3019365,20.989437
3019366,1.261423
3019367,23.573637
3019368,8.62891
3019369,0.061468605
3019370,4.5937934
3019371,179.26814
3019372,0.061468605
3019373,345.57367
3019374,20.849586
3019375,200.4081
3019376,235.13194
3019377,318.46747
3019378,259.68533
3019379,145.76645
3019380,277.5519
3019381,22.006908
3019382,1.8476744
3019383,41.844883
3019384,30.022203
3019385,1.2464939
3019386,292.84567
3019387,0.08454399
3019388,6.8639154
3019389,7.9465194
3019390,131.78023
3019391,0.9793849
3019392,207.51268
3019393,309.1748
3019394,6.830598
3019395,7.5373397
3019396,264.19083
3019397,86.93082
3019398,156.28445
3019399,3.4119213
3019400,8.857663
3019401,9.591078
3019402,0.5783312
3019403,4.7884684
3019404,245.525
3019405,0.061468605
3019406,339.05722
3019407,18.206234
3019408,246.19307
3019409,299.00388
3019410,278.17242
3019411,231.68965
3019412,211.05534
3019413,252.43324
3019414,23.867214
3019415,1.7424263
3019416,30.820402
3019417,28.163801
3019418,0.09596875
3019419,274.82538
3019420,0.08454399
3019421,9.738268
3019422,8.179008
3019423,229.2585
3019424,1.5016966
3019425,121.11468
3019426,264.33884
3019427,6.490205
3019428,6.4129467
3019429,225.08992
3019430,71.28732
3019431,153.91621
3019432,2.0176735
3019433,11.536195
3019434,14.563589
3019435,1.2584647
3019436,22.111511
3019437,318.52426
3019438,0.004647089
3019439,296.91196
3019440,53.434574
3019441,310.77396
3019442,303.35257
3019443,341.62076
3019444,331.07986
3019445,340.33463
3019446,280.37253
3019447,93.23743
3019448,4.0129867
3019449,69.7008
3019450,60.37814
3019451,0.09413399
3019452,357.97754
3019453,49.666824
3019454,65.01607
3019455,27.615097
3019456,269.87823
3019457,38.175907
3019458,59.509624
3019459,359.94437
3019460,27.841736
3019461,34.08104
3019462,95.11
3019463,276.20734
3019464,38.694153
3019465,0.9565869
3019466,88.17308
3019467,4.216903
3019468,0.73581886
3019469,0.6547036
3019470,178.8148
3019471,0.0005918795
3019472,171.37924
3019473,5.843861
3019474,317.0904
3019475,280.11212
3019476,124.17669
3019477,143.47075
3019478,78.515724
3019479,190.5697
3019480,7.755933
3019481,0.23297264
3019482,17.117735
3019483,11.8705225
3019484,0.106725335
3019485,131.00978
3019486,1.5445855
3019487,0.0
3019488,3.6600196
3019489,68.078476
3019490,0.9031657
3019491,61.333508
3019492,98.36674
3019493,1.988412
3019494,5.4719377
3019495,121.82137
3019496,27.283281
3019497,292.60342
3019498,0.0
3019499,5.40072
3019500,11.839982
3019501,0.27106637
3019502,2.9712033
3019503,250.68527
3019504,0.0024626872
3019505,331.07678
3019506,13.799711
3019507,296.28036
3019508,190.03365
3019509,276.83542
3019510,279.35437
3019511,157.38916
3019512,283.7906
3019513,15.784034
3019514,0.30556646
3019515,32.530464
3019516,26.911802
3019517,0.03696286
3019518,300.40692
3019519,1.1030673
3019520,8.20506
3019521,11.415898
3019522,32.872215
3019523,1.416266
3019524,316.894
3019525,296.0913
3019526,5.1832795
3019527,10.182278
3019528,144.4853
3019529,81.60186
3019530,147.52042
3019531,1.7362665
3019532,7.6921215
3019533,2.109049
3019534,0.0005918795
3019535,0.88023436
3019536,289.32153
3019537,0.0005918795
3019538,128.75975
3019539,5.3954268
3019540,342.9311
3019541,184.1491
3019542,102.51001
3019543,176.03703
3019544,29.717838
3019545,272.19504
3019546,1.1519787
3019547,0.30448893
3019548,11.800391
3019549,5.8823953
3019550,0.106725335
3019551,108.367386
3019552,0.023667276
3019553,0.0
3019554,0.64005816
3019555,71.38428
3019556,0.30902082
3019557,69.694
3019558,95.63688
3019559,0.46519387
3019560,1.1074767
3019561,59.88736
3019562,13.406277
3019563,227.03001
3019564,0.0
3019565,2.7883568
3019566,9.722864
3019567,0.018135456
3019568,2.8942764
3019569,197.84839
3019570,0.018135456
3019571,261.52835
3019572,13.293124
3019573,296.45578
3019574,318.61862
3019575,191.33179
3019576,132.75465
3019577,162.7016
3019578,286.03445
3019579,5.1249666
3019580,0.6050468
3019581,41.935146
3019582,23.994448
3019583,0.3199231
3019584,271.2934
3019585,0.041210864
3019586,0.0
3019587,16.52847
3019588,62.429115
3019589,1.2511525
3019590,266.9459
3019591,272.13464
3019592,2.862521
3019593,5.3202
3019594,257.278
3019595,35.128345
3019596,157.02592
3019597,0.0
3019598,2.1799521
3019599,3.8400843
3019600,0.41901654
3019601,3.3263803
3019602,290.8406
3019603,0.0024626872
3019604,188.98969
3019605,10.842709
3019606,326.67136
3019607,198.94974
3019608,235.01904
3019609,121.98156
3019610,87.879364
3019611,287.17294
3019612,10.591534
3019613,5.0864525
3019614,39.119385
3019615,48.45732
3019616,0.03696286
3019617,224.98709
3019618,2.5684192
3019619,6.9258785
3019620,4.315327
3019621,58.110134
3019622,2.5601172
3019623,168.66211
3019624,300.57996
3019625,4.429813
3019626,8.226563
3019627,146.00673
3019628,32.300694
3019629,188.1792
3019630,5.1058917
3019631,5.6877327
3019632,4.365844
3019633,0.018135456
3019634,0.30863923
3019635,145.03218
3019636,0.018135456
3019637,116.51047
3019638,3.3981512
3019639,337.21036
3019640,199.52464
3019641,103.493355
3019642,187.25809
3019643,117.72727
3019644,287.14185
3019645,10.69665
3019646,0.7231749
3019647,13.872078
3019648,11.246567
3019649,0.15472166
3019650,117.868835
3019651,0.041210864
3019652,0.0
3019653,0.22301202
3019654,140.1975
3019655,0.80631095
3019656,194.88635
3019657,106.72367
3019658,0.96440965
3019659,1.3552846
3019660,61.328228
3019661,22.760279
3019662,316.48618
3019663,0.0
3019664,1.7336004
3019665,6.06826
3019666,0.029964518
3019667,2.3452811
3019668,228.96759
3019669,0.029964518
3019670,342.23874
3019671,13.837692
3019672,227.51009
3019673,300.95868
3019674,227.61449
3019675,171.82507
3019676,223.85712
3019677,281.19733
3019678,11.969827
3019679,0.3338616
3019680,44.135544
3019681,15.593595
3019682,0.23943983
3019683,250.80287
3019684,0.0530399
3019685,34.85019
3019686,4.857387
3019687,144.32224
3019688,1.1947124
3019689,217.00471
3019690,270.40775
3019691,4.226609
3019692,4.8522453
3019693,124.54305
3019694,47.57904
3019695,153.69812
3019696,0.8420622
3019697,5.389086
3019698,4.74519
3019699,0.0005918795
3019700,10.386795
3019701,309.74747
3019702,0.0005918795
3019703,290.09012
3019704,8.442867
3019705,178.42313
3019706,140.63254
3019707,159.70529
3019708,131.4433
3019709,115.35272
3019710,288.4554
3019711,53.75366
3019712,1.5325458
3019713,29.827837
3019714,31.089056
3019715,0.5956937
3019716,264.7809
3019717,24.647108
3019718,22.349152
3019719,1.6365458
3019720,133.51753
3019721,12.704365
3019722,221.72562
3019723,294.86926
3019724,15.892199
3019725,16.645485
3019726,245.10237
3019727,62.617687
3019728,4.735822
3019729,0.0
3019730,14.018433
3019731,8.670725
3019732,0.018135456
3019733,10.322098
3019734,289.04547
3019735,0.018135456
3019736,356.23102
3019737,15.290392
3019738,289.48816
3019739,222.0485
3019740,170.56506
3019741,109.220505
3019742,133.07115
3019743,291.52188
3019744,36.600533
3019745,1.2573742
3019746,47.748447
3019747,89.67975
3019748,0.052635606
3019749,325.762
3019750,33.81485
3019751,22.727407
3019752,13.141914
3019753,151.62357
3019754,16.527676
3019755,173.00015
3019756,337.5653
3019757,9.077806
3019758,16.237982
3019759,142.93637
3019760,101.94086
3019761,10.579039
3019762,18.534931
3019763,21.197153
3019764,11.939253
3019765,0.34289157
3019766,4.7990165
3019767,289.95197
3019768,0.07428789
3019769,178.28212
3019770,6.12166
3019771,294.3121
3019772,268.4225
3019773,211.11296
3019774,295.01672
3019775,118.20347
3019776,282.5007
3019777,39.365955
3019778,2.8500836
3019779,35.436554
3019780,25.583647
3019781,0.10878804
3019782,323.32965
3019783,6.47606
3019784,17.924377
3019785,11.093649
3019786,87.87501
3019787,4.963915
3019788,178.10852
3019789,328.27512
3019790,8.51418
3019791,12.810789
3019792,283.7065
3019793,54.2348
3019794,153.71733
3019795,8.717345
3019796,19.565983
3019797,5.5224004
3019798,0.7943499
3019799,6.885362
3019800,318.03775
3019801,0.004647089
3019802,346.94214
3019803,10.596156
3019804,308.24323
3019805,173.13943
3019806,207.01031
3019807,150.3549
3019808,125.43152
3019809,287.67126
3019810,34.56041
3019811,2.2279844
3019812,21.367073
3019813,14.691549
3019814,0.14123331
3019815,261.42352
3019816,25.71099
3019817,28.140501
3019818,3.3358707
3019819,170.78957
3019820,9.731425
3019821,328.30478
3019822,290.55817
3019823,8.597747
3019824,11.664054
3019825,324.39957
3019826,63.155373
3019827,22.745998
3019828,0.0
3019829,32.22123
3019830,4.648672
3019831,0.12022145
3019832,4.407094
3019833,179.8586
3019834,0.018135456
3019835,323.864
3019836,11.429826
3019837,320.26846
3019838,299.59644
3019839,302.8012
3019840,212.54037
3019841,119.33489
3019842,282.16895
3019843,14.215649
3019844,3.131645
3019845,35.73243
3019846,28.476545
3019847,0.38251573
3019848,329.51303
3019849,0.041210864
3019850,0.0
3019851,11.622411
3019852,72.19637
3019853,2.4488478
3019854,155.03728
3019855,322.19904
3019856,4.034416
3019857,13.826412
3019858,183.36566
3019859,70.50454
3019860,162.59769
3019861,0.0
3019862,7.687008
3019863,10.626038
3019864,0.018135456
3019865,9.9466095
3019866,203.67116
3019867,0.018135456
3019868,361.3416
3019869,14.171733
3019870,304.62903
3019871,257.38202
3019872,252.70502
3019873,148.9148
3019874,199.5941
3019875,291.87988
3019876,60.998108
3019877,1.6352051
3019878,37.592945
3019879,50.883682
3019880,0.052635606
3019881,291.15137
3019882,26.385002
3019883,22.297247
3019884,10.23064
3019885,181.08054
3019886,17.315632
3019887,236.13905
3019888,312.27448
3019889,17.11073
3019890,10.90066
3019891,215.27892
3019892,78.72798
3019893,12.083115
3019894,0.2695141
3019895,10.3933935
3019896,5.77954
3019897,0.072417095
3019898,5.6404557
3019899,250.17053
3019900,0.072417095
3019901,352.93918
3019902,11.9914665
3019903,260.76083
3019904,234.67195
3019905,188.4095
3019906,139.18863
3019907,118.02725
3019908,257.7861
3019909,38.593616
3019910,0.9753297
3019911,37.68441
3019912,37.454487
3019913,0.10691723
3019914,255.74004
3019915,21.951788
3019916,44.848133
3019917,4.565593
3019918,114.50614
3019919,11.929092
3019920,248.14067
3019921,250.39368
3019922,11.459586
3019923,11.122046
3019924,242.59328
3019925,57.69686
3019926,231.97581
3019927,0.0
3019928,19.577988
3019929,9.849333
3019930,0.060220663
3019931,5.1165743
3019932,106.80718
3019933,0.04915139
3019934,155.80656
3019935,20.525383
3019936,226.7764
3019937,161.30722
3019938,296.0681
3019939,220.73837
3019940,148.22119
3019941,234.3128
3019942,13.90236
3019943,0.15528484
3019944,21.66963
3019945,29.637463
3019946,0.094720796
3019947,269.98642
3019948,0.07222675
3019949,10.369566
3019950,2.1101775
3019951,148.97775
3019952,3.9754372
3019953,212.62038
3019954,320.5332
3019955,4.7868004
3019956,2.5417323
3019957,266.17703
3019958,143.5345
3019959,130.95879
3019960,2.4344049
3019961,2.9275453
3019962,20.472504
3019963,0.0065179
3019964,26.196352
3019965,304.02933
3019966,0.0065179
3019967,337.99118
3019968,32.597992
3019969,294.0789
3019970,302.9466
3019971,365.91275
3019972,328.07736
3019973,353.66663
3019974,283.2523
3019975,109.678085
3019976,6.296216
3019977,147.70416
3019978,154.3807
3019979,0.3905483
3019980,321.70862
3019981,45.989727
3019982,40.029247
3019983,77.05557
3019984,310.1901
3019985,35.88785
3019986,66.05562
3019987,346.58682
3019988,53.13538
3019989,46.643192
3019990,101.18832
3019991,333.2855
3019992,44.98228
3019993,209.4378
3019994,118.70099
3019995,21.647038
3019996,0.0065179
3019997,21.347794
3019998,307.4793
3019999,0.0065179
3020000,132.19196
3020001,33.111965
3020002,232.74208
3020003,211.466
3020004,342.2407
3020005,333.43152
3020006,331.68762
3020007,283.11038
3020008,162.86615
3020009,2.1589375
3020010,98.8716
3020011,103.18776
3020012,1.0228596
3020013,364.6602
3020014,48.87372
3020015,53.68369
3020016,14.764787
3020017,287.17682
3020018,27.969877
3020019,92.51476
3020020,268.75595
3020021,35.8976
3020022,41.17679
3020023,112.457
3020024,309.65146
3020025,42.30961
3020026,239.56747
3020027,113.332855
3020028,21.092314
3020029,0.028311107
3020030,32.559887
3020031,304.5067
3020032,0.11932784
3020033,257.5771
3020034,21.234915
3020035,296.90848
3020036,186.79962
3020037,215.76138
3020038,205.0132
3020039,323.14935
3020040,279.41757
3020041,59.54375
3020042,4.6552377
3020043,77.55217
3020044,37.166954
3020045,0.5692152
3020046,369.41
3020047,58.475937
3020048,36.362263
3020049,18.229233
3020050,245.02618
3020051,15.29042
3020052,274.47806
3020053,239.63501
3020054,36.823864
3020055,63.503906
3020056,266.27618
3020057,161.89627
3020058,16.15145
3020059,236.7769
3020060,75.93642
3020061,24.439678
3020062,0.028311107
3020063,31.149244
3020064,302.77188
3020065,0.028311107
3020066,293.81042
3020067,32.535786
3020068,293.9758
3020069,297.6647
3020070,336.46704
3020071,327.34854
3020072,316.75735
3020073,287.31293
3020074,64.602745
3020075,2.6104956
3020076,96.64267
3020077,103.27218
3020078,1.5470283
3020079,259.52484
3020080,43.507145
3020081,40.4974
3020082,32.63686
3020083,269.53455
3020084,21.92681
3020085,19.220758
3020086,228.01189
3020087,36.363216
3020088,42.412136
3020089,258.03308
3020090,292.21143
3020091,33.452053
3020092,256.8542
3020093,78.94288
3020094,18.935322
3020095,0.028311107
3020096,35.920105
3020097,300.1513
3020098,0.028311107
3020099,243.90836
3020100,24.19268
3020101,294.3353
3020102,199.27284
3020103,349.79535
3020104,145.63812
3020105,271.03027
3020106,281.89136
3020107,69.32104
3020108,0.30741757
3020109,43.888878
3020110,59.29773
3020111,0.34974888
3020112,352.87
3020113,54.407772
3020114,17.30636
3020115,8.951697
3020116,228.7316
3020117,10.565796
3020118,216.99802
3020119,354.2048
3020120,26.012848
3020121,39.749165
3020122,109.770096
3020123,122.83919
3020124,16.558826
3020125,233.92502
3020126,34.38268
3020127,14.858851
3020128,0.0065179
3020129,17.580645
3020130,307.8978
3020131,0.0065179
3020132,215.94188
3020133,30.726013
3020134,298.14917
3020135,301.64328
3020136,349.30737
3020137,347.88995
3020138,340.36136
3020139,286.0371
3020140,73.85891
3020141,2.4763782
3020142,63.141567
3020143,116.37209
3020144,0.5998041
3020145,363.25256
3020146,23.472265
3020147,38.617695
3020148,18.098274
3020149,313.2172
3020150,23.935053
3020151,202.64554
3020152,356.9421
3020153,25.869177
3020154,40.053577
3020155,208.03499
3020156,268.85306
3020157,49.656937
3020158,311.2345
3020159,82.952576
3020160,8.393176
3020161,0.64668244
3020162,8.458748
3020163,304.05197
3020164,0.004647089
3020165,338.30927
3020166,33.852295
3020167,318.7438
3020168,207.17274
3020169,239.38399
3020170,81.82496
3020171,136.72514
3020172,282.2377
3020173,48.084877
3020174,1.5426167
3020175,32.64676
3020176,25.077398
3020177,0.03914727
3020178,232.89172
3020179,16.014711
3020180,11.382118
3020181,14.545975
3020182,115.68943
3020183,10.564219
3020184,264.46295
3020185,272.50702
3020186,4.490355
3020187,8.791608
3020188,238.56543
3020189,66.593414
3020190,11.928047
3020191,0.6087351
3020192,9.364646
3020193,15.363156
3020194,0.060799543
3020195,21.029484
3020196,296.81946
3020197,0.060799543
3020198,233.21123
3020199,46.462585
3020200,288.17044
3020201,213.2007
3020202,342.091
3020203,132.68509
3020204,184.65697
3020205,289.5692
3020206,125.829094
3020207,1.8100617
3020208,82.55122
3020209,41.22866
3020210,0.15586372
3020211,331.2857
3020212,35.095985
3020213,12.343179
3020214,5.846193
3020215,200.63954
3020216,13.690741
3020217,310.9175
3020218,342.43414
3020219,20.601614
3020220,38.85601
3020221,321.29388
3020222,101.968155
3020223,12.985856
3020224,223.65997
3020225,28.338856
3020226,10.822603
3020227,0.0510222
3020228,7.5404434
3020229,302.3724
3020230,0.0510222
3020231,299.1134
3020232,14.50712
3020233,285.13968
3020234,289.3413
3020235,294.35672
3020236,335.55054
3020237,317.45996
3020238,281.385
3020239,69.23751
3020240,2.539487
3020241,56.23804
3020242,54.12748
3020243,0.49649405
3020244,322.64606
3020245,4.295457
3020246,52.9634
3020247,8.39556
3020248,251.06024
3020249,14.221856
3020250,162.86102
3020251,341.24506
3020252,28.31311
3020253,17.682865
3020254,123.4485
3020255,144.72462
3020256,35.238953
3020257,4.7689724
3020258,57.281918
3020259,15.6742
3020260,0.020006265
3020261,13.04783
3020262,290.96494
3020263,0.020006265
3020264,277.93048
3020265,15.652874
3020266,282.07935
3020267,281.53763
3020268,339.81628
3020269,267.23633
3020270,323.45892
3020271,275.25708
3020272,58.677475
3020273,4.2068896
3020274,66.33668
3020275,51.56129
3020276,0.39904338
3020277,348.9492
3020278,13.072926
3020279,68.581345
3020280,13.879225
3020281,279.27502
3020282,14.661018
3020283,330.32953
3020284,349.53754
3020285,20.589388
3020286,36.60086
3020287,317.74362
3020288,140.14996
3020289,159.40512
3020290,7.5979624
3020291,13.862354
3020292,13.371054
3020293,0.03992867
3020294,4.8033137
3020295,213.00052
3020296,0.03992867
3020297,328.38083
3020298,11.728726
3020299,148.79828
3020300,218.89795
3020301,263.9595
3020302,107.58066
3020303,231.5393
3020304,182.92593
3020305,25.184954
3020306,1.6687675
3020307,44.477047
3020308,32.7937
3020309,0.11595091
3020310,259.5152
3020311,8.407722
3020312,18.897476
3020313,10.108482
3020314,227.60333
3020315,5.396084
3020316,293.76724
3020317,281.07315
3020318,6.871079
3020319,8.693097
3020320,214.93881
3020321,81.786156
3020322,9.34905
3020323,0.040930063
3020324,4.9357886
3020325,9.452987
3020326,0.072417095
3020327,1.8527206
3020328,177.20343
3020329,0.072417095
3020330,239.22115
3020331,7.106899
3020332,208.80865
3020333,290.435
3020334,253.8102
3020335,73.94833
3020336,61.117672
3020337,259.23364
3020338,15.081234
3020339,1.2001355
3020340,34.95359
3020341,12.356797
3020342,0.117986515
3020343,261.64783
3020344,0.09549247
3020345,0.0
3020346,6.1500773
3020347,46.818565
3020348,1.1330045
3020349,58.58176
3020350,215.79051
3020351,0.0971529
3020352,2.7028239
3020353,71.51774
3020354,87.04359
3020355,293.96817
3020356,0.0
3020357,3.7587547
3020358,9.635164
3020359,0.026440296
3020360,9.114718
3020361,320.3602
3020362,0.026440296
3020363,263.71808
3020364,16.124882
3020365,305.2255
3020366,211.61269
3020367,337.01205
3020368,194.19421
3020369,211.94449
3020370,290.93716
3020371,45.174652
3020372,1.198704
3020373,35.20521
3020374,76.62711
3020375,0.06094045
3020376,319.51498
3020377,30.341284
3020378,23.309486
3020379,18.371181
3020380,196.44836
3020381,9.943025
3020382,334.15997
3020383,336.30118
3020384,11.9404335
3020385,19.838678
3020386,331.23074
3020387,129.28262
3020388,44.969414
3020389,0.0
3020390,45.50981
3020391,5.96926
3020392,0.004647089
3020393,7.592331
3020394,317.45715
3020395,0.18612967
3020396,186.90204
3020397,21.195066
3020398,303.26782
3020399,306.99844
3020400,178.08972
3020401,257.76572
3020402,262.74
3020403,285.77515
3020404,40.748287
3020405,3.9559548
3020406,34.76198
3020407,42.34656
3020408,0.7880509
3020409,246.03639
3020410,17.116762
3020411,50.71271
3020412,11.060293
3020413,265.80875
3020414,15.837582
3020415,323.28653
3020416,246.29417
3020417,9.580725
3020418,19.781961
3020419,109.28576
3020420,137.68727
3020421,41.800674
3020422,0.041358605
3020423,43.636604
3020424,5.801345
3020425,0.98822826
3020426,16.538097
3020427,320.13187
3020428,0.004647089
3020429,281.6901
3020430,21.969654
3020431,302.83243
3020432,304.40704
3020433,326.34116
3020434,312.71262
3020435,200.00558
3020436,289.562
3020437,49.710083
3020438,4.8803716
3020439,52.802982
3020440,52.45076
3020441,0.03914727
3020442,319.51666
3020443,37.78974
3020444,42.615845
3020445,30.11906
3020446,192.6443
3020447,23.778534
3020448,337.56183
3020449,340.73138
3020450,25.897787
3020451,25.893959
3020452,146.73996
3020453,166.61496
3020454,12.636709
3020455,2.6949472
3020456,46.359665
3020457,18.742863
3020458,0.74144155
3020459,11.580538
3020460,314.1638
3020461,0.0065179
3020462,271.5667
3020463,21.147984
3020464,320.951
3020465,250.63281
3020466,227.25812
3020467,216.8894
3020468,149.17209
3020469,278.9628
3020470,15.805551
3020471,1.6335645
3020472,59.298298
3020473,51.777325
3020474,0.04101808
3020475,340.36868
3020476,12.793083
3020477,6.3411775
3020478,11.35707
3020479,104.36095
3020480,4.462925
3020481,333.30423
3020482,343.8694
3020483,10.350507
3020484,10.232698
3020485,329.23846
3020486,139.43225
3020487,164.37065
3020488,129.55595
3020489,24.68414
3020490,4.3108463
3020491,0.0
3020492,10.051934
3020493,114.91467
3020494,0.0
3020495,202.4612
3020496,5.6809297
3020497,250.01036
3020498,314.7721
3020499,58.81256
3020500,60.37661
3020501,46.724457
3020502,261.83908
3020503,10.940907
3020504,1.1739094
3020505,9.71487
3020506,12.601271
3020507,0.056242768
3020508,80.782135
3020509,8.60333
3020510,11.863312
3020511,5.873289
3020512,37.942814
3020513,5.103121
3020514,119.61899
3020515,97.592445
3020516,4.211952
3020517,6.2059846
3020518,132.93478
3020519,48.989544
3020520,8.161434
3020521,0.0
3020522,14.932309
3020523,1.7727499
3020524,0.04736838
3020525,3.068748
3020526,240.0439
3020527,0.04736838
3020528,130.59656
3020529,4.8973427
3020530,293.19363
3020531,298.89825
3020532,288.92618
3020533,70.18185
3020534,42.440235
3020535,256.79672
3020536,8.222339
3020537,0.42678225
3020538,13.824005
3020539,10.4389515
3020540,0.063679874
3020541,210.70535
3020542,6.0373244
3020543,0.0
3020544,2.619875
3020545,15.336931
3020546,0.35879213
3020547,197.96074
3020548,209.22713
3020549,0.6656878
3020550,5.022593
3020551,173.39401
3020552,32.109398
3020553,277.78867
3020554,8.039209
3020555,2.4689755
3020556,10.263125
3020557,0.118907645
3020558,6.6909657
3020559,298.61597
3020560,0.0
3020561,277.32257
3020562,13.93198
3020563,293.22888
3020564,304.3927
3020565,340.05594
3020566,272.62527
3020567,106.227806
3020568,268.37833
3020569,33.036133
3020570,0.8567968
3020571,34.11756
3020572,25.241634
3020573,0.08669816
3020574,352.16226
3020575,9.385061
3020576,2.3831656
3020577,10.779694
3020578,32.838337
3020579,2.5892072
3020580,264.91827
3020581,335.71713
3020582,4.2513323
3020583,18.518642
3020584,327.15555
3020585,85.30142
3020586,159.87532
3020587,38.076897
3020588,13.639734
3020589,7.7922535
3020590,0.007960867
3020591,0.9448018
3020592,287.08267
3020593,0.007960867
3020594,198.07544
3020595,11.85532
3020596,281.15094
3020597,320.10104
3020598,210.61433
3020599,64.31571
3020600,31.933771
3020601,252.81967
3020602,10.202313
3020603,0.21775733
3020604,15.856545
3020605,25.002735
3020606,0.0088509815
3020607,181.06139
3020608,9.848312
3020609,0.0
3020610,9.218428
3020611,34.952915
3020612,1.3051757
3020613,128.54985
3020614,215.57968
3020615,1.4692848
3020616,8.575731
3020617,144.83319
3020618,37.75316
3020619,318.09555
3020620,6.496723
3020621,3.6076095
3020622,6.0502863
3020623,0.007960867
3020624,4.8272653
3020625,182.07593
3020626,0.007960867
3020627,139.62027
3020628,10.488605
3020629,238.80064
3020630,283.21463
3020631,174.46231
3020632,58.196583
3020633,31.738659
3020634,256.75266
3020635,15.844012
3020636,0.0
3020637,17.184486
3020638,10.515631
3020639,0.0
3020640,127.94098
3020641,1.4871308
3020642,0.0
3020643,3.9193585
3020644,23.52305
3020645,1.478294
3020646,122.7286
3020647,205.81383
3020648,0.2508914
3020649,6.708023
3020650,107.172646
3020651,27.857069
3020652,192.14436
3020653,13.253453
3020654,1.2719631
3020655,4.70144
3020656,0.012761132
3020657,3.5562084
3020658,272.13623
3020659,0.012761132
3020660,155.15169
3020661,12.16467
3020662,289.85803
3020663,318.20612
3020664,210.92308
3020665,46.458496
3020666,34.892284
3020667,282.50107
3020668,6.1425967
3020669,0.32635435
3020670,10.507089
3020671,24.969757
3020672,0.23193263
3020673,190.169
3020674,1.1464899
3020675,0.0
3020676,3.8763664
3020677,14.344627
3020678,2.156381
3020679,192.15512
3020680,194.75792
3020681,1.0551116
3020682,6.3929253
3020683,78.069405
3020684,72.647644
3020685,323.51114
3020686,2.76324
3020687,4.8346267
3020688,5.207396
3020689,0.629167
3020690,5.242843
3020691,215.48134
3020692,0.0
3020693,132.79326
3020694,4.425922
3020695,286.41608
3020696,280.85788
3020697,229.28676
3020698,85.39735
3020699,52.430428
3020700,255.009
3020701,8.855838
3020702,1.431135
3020703,13.515499
3020704,18.060482
3020705,0.05112944
3020706,225.24905
3020707,9.65149
3020708,0.0
3020709,4.4440155
3020710,20.654621
3020711,1.8574965
3020712,96.985054
3020713,225.39822
3020714,0.74054414
3020715,6.259733
3020716,96.28169
3020717,38.56298
3020718,226.73206
3020719,9.484147
3020720,5.3559704
3020721,5.581065
3020722,0.37829587
3020723,3.6491108
3020724,189.64223
3020725,0.025575176
3020726,242.52527
3020727,5.934946
3020728,292.40594
3020729,300.16235
3020730,227.22798
3020731,134.4576
3020732,38.48986
3020733,243.6036
3020734,6.3283887
3020735,0.3530853
3020736,14.8992815
3020737,18.244354
3020738,0.3530853
3020739,238.64703
3020740,0.01936718
3020741,0.026829239
3020742,3.600743
3020743,31.37205
3020744,2.0483825
3020745,63.763317
3020746,207.81538
3020747,1.235878
3020748,4.601928
3020749,69.601685
3020750,49.43049
3020751,306.96457
3020752,0.0
3020753,1.5500579
3020754,11.175555
3020755,0.92836255
3020756,3.4384534
3020757,269.90698
3020758,0.04736838
3020759,328.0406
3020760,7.654757
3020761,267.92728
3020762,184.49876
3020763,329.72946
3020764,275.44788
3020765,135.00577
3020766,256.47867
3020767,21.364601
3020768,2.0783412
3020769,31.725187
3020770,32.54212
3020771,0.21787588
3020772,302.55682
3020773,0.39388108
3020774,0.0
3020775,18.046324
3020776,41.326717
3020777,5.1978817
3020778,294.7686
3020779,327.28806
3020780,2.2873712
3020781,11.808072
3020782,326.16592
3020783,68.6734
3020784,130.72954
3020785,64.04108
3020786,18.618237
3020787,5.0304575
3020788,0.79547244
3020789,6.7801013
3020790,283.95746
3020791,0.049239192
3020792,283.92828
3020793,9.977769
3020794,309.13403
3020795,268.73782
3020796,265.49655
3020797,248.46596
3020798,73.501656
3020799,258.8514
3020800,19.174604
3020801,1.3481381
3020802,23.201254
3020803,24.670998
3020804,0.1671324
3020805,264.45575
3020806,14.322226
3020807,4.1349664
3020808,11.463853
3020809,41.95527
3020810,2.5734403
3020811,123.93527
3020812,230.3035
3020813,5.4814177
3020814,10.715257
3020815,252.14844
3020816,64.73574
3020817,158.51518
3020818,92.882034
3020819,19.163921
3020820,8.570702
3020821,0.33946192
3020822,3.7032676
3020823,283.75742
3020824,0.0
3020825,191.6152
3020826,7.3719487
3020827,237.8565
3020828,325.86584
3020829,291.0205
3020830,72.84758
3020831,40.028034
3020832,257.60803
3020833,21.640142
3020834,1.7524271
3020835,14.294651
3020836,27.58665
3020837,0.07175656
3020838,200.05415
3020839,9.781676
3020840,0.0
3020841,4.7316384
3020842,33.715565
3020843,3.0091667
3020844,122.01088
3020845,198.51485
3020846,1.4832082
3020847,6.5251226
3020848,72.50792
3020849,32.388287
3020850,332.0343
3020851,8.890755
3020852,6.983018
3020853,9.621592
3020854,0.04736838
3020855,9.362059
3020856,299.51108
3020857,0.04736838
3020858,202.21675
3020859,11.568397
3020860,319.80978
3020861,194.60352
3020862,255.54736
3020863,231.09761
3020864,118.88582
3020865,241.65714
3020866,47.87316
3020867,2.1087506
3020868,24.649677
3020869,39.54986
3020870,0.063679874
3020871,304.12842
3020872,33.314087
3020873,22.719608
3020874,5.309522
3020875,75.299446
3020876,12.570395
3020877,328.64798
3020878,320.05887
3020879,11.058639
3020880,10.955948
3020881,337.05872
3020882,117.86803
3020883,10.4226675
3020884,0.0
3020885,46.49436
3020886,11.788052
3020887,0.05789878
3020888,9.034576
3020889,272.01553
3020890,0.02744599
3020891,352.73007
3020892,11.062068
3020893,275.05743
3020894,310.24655
3020895,358.9289
3020896,152.63153
3020897,108.90017
3020898,267.28152
3020899,19.665735
3020900,0.5379724
3020901,30.1398
3020902,26.835815
3020903,0.05432244
3020904,342.64075
3020905,4.2281523
3020906,8.368991
3020907,8.316717
3020908,49.735317
3020909,2.5490727
3020910,313.63477
3020911,350.2363
3020912,6.0967774
3020913,9.132437
3020914,314.53488
3020915,107.38512
3020916,165.12575
3020917,113.00654
3020918,21.167534
3020919,16.882484
3020920,0.7289841
3020921,7.4794483
3020922,288.35257
3020923,0.02744599
3020924,340.0859
3020925,7.5888233
3020926,292.6722
3020927,328.9492
3020928,320.00168
3020929,319.2438
3020930,93.24814
3020931,262.24594
3020932,23.794897
3020933,0.60043037
3020934,46.67709
3020935,49.965084
3020936,0.2954778
3020937,323.52975
3020938,7.2861896
3020939,4.856185
3020940,14.539335
3020941,67.77739
3020942,2.6014788
3020943,179.09808
3020944,338.28775
3020945,3.9467669
3020946,8.056901
3020947,235.41042
3020948,189.69597
3020949,147.30354
3020950,0.86877424
3020951,9.594907
3020952,6.324273
3020953,0.34850976
3020954,3.8432746
3020955,266.93073
3020956,0.018629646
3020957,154.77667
3020958,9.156902
3020959,353.2142
3020960,327.62445
3020961,152.95287
3020962,47.36377
3020963,51.913708
3020964,256.65927
3020965,10.382975
3020966,1.2449384
3020967,26.292347
3020968,22.791328
3020969,0.0
3020970,214.41281
3020971,0.27970913
3020972,0.0
3020973,5.4072204
3020974,61.278866
3020975,3.9408083
3020976,128.96832
3020977,191.60289
3020978,1.5539817
3020979,7.8154945
3020980,156.32806
3020981,31.983019
3020982,332.0798
3020983,22.647585
3020984,2.031869
3020985,2.6132007
3020986,0.0
3020987,3.2518594
3020988,275.33377
3020989,0.1668531
3020990,303.28586
3020991,10.239531
3020992,224.90846
3020993,301.7366
3020994,129.546
3020995,49.089737
3020996,64.31734
3020997,265.93365
3020998,22.543463
3020999,0.3073939
3021000,13.268805
3021001,20.027287
3021002,0.25549018
3021003,138.17155
3021004,16.219643
3021005,3.2211864
3021006,3.4383802
3021007,40.168385
3021008,5.9120913
3021009,281.73254
3021010,198.80316
3021011,4.7104516
3021012,6.92316
3021013,294.63687
3021014,35.294907
3021015,7.750217
3021016,0.0
3021017,8.588864
3021018,2.486646
3021019,0.089746505
3021020,7.2480626
3021021,285.02505
3021022,0.01811325
3021023,282.82816
3021024,16.083612
3021025,268.62338
3021026,267.60562
3021027,280.54633
3021028,242.31096
3021029,131.78954
3021030,278.43747
3021031,44.03161
3021032,0.6485031
3021033,23.53096
3021034,36.492344
3021035,0.0
3021036,270.26962
3021037,15.565517
3021038,34.31212
3021039,12.503343
3021040,54.313705
3021041,15.5863285
3021042,317.75403
3021043,318.36896
3021044,21.94085
3021045,10.751195
3021046,325.4773
3021047,120.88518
3021048,1.2741727
3021049,0.0
3021050,23.832445
3021051,4.4455624
3021052,0.15533309
3021053,5.918503
3021054,287.27673
3021055,0.05324703
3021056,318.66797
3021057,9.823256
3021058,323.2612
3021059,250.40965
3021060,152.96373
3021061,123.749535
3021062,113.52595
3021063,276.06113
3021064,34.18331
3021065,1.8948532
3021066,18.84992
3021067,20.450455
3021068,0.02803645
3021069,113.07453
3021070,0.047039017
3021071,21.765686
3021072,7.3994613
3021073,159.12039
3021074,12.430326
3021075,174.33942
3021076,141.3337
3021077,7.405166
3021078,10.4748955
3021079,161.91675
3021080,39.316494
3021081,238.41951
3021082,1.1843455
3021083,8.011558
3021084,5.580199
3021085,0.014282216
3021086,0.5333914
3021087,237.79315
3021088,0.014282216
3021089,292.2806
3021090,6.5358915
3021091,303.27557
3021092,301.39362
3021093,130.914
3021094,50.86747
3021095,42.080055
3021096,259.4882
3021097,13.222387
3021098,0.5030094
3021099,14.053733
3021100,10.8634205
3021101,0.25846854
3021102,111.81017
3021103,0.0797075
3021104,8.59486
3021105,0.75232434
3021106,23.787758
3021107,0.13904025
3021108,278.79507
3021109,175.81041
3021110,2.4350002
3021111,1.8960458
3021112,196.85898
3021113,32.878647
3021114,341.55954
3021115,0.67085606
3021116,3.5954142
3021117,11.764715
3021118,0.776513
3021119,4.6654778
3021120,300.1441
3021121,0.18170182
3021122,202.8852
3021123,21.488598
3021124,163.86731
3021125,181.42532
3021126,333.5953
3021127,309.25327
3021128,155.723
3021129,275.05438
3021130,45.654644
3021131,3.6208913
3021132,24.133999
3021133,40.42289
3021134,0.58911836
3021135,316.2297
3021136,11.597365
3021137,53.45035
3021138,12.913941
3021139,128.20604
3021140,5.069866
3021141,315.9057
3021142,340.72723
3021143,14.678608
3021144,13.528077
3021145,335.4748
3021146,112.42294
3021147,8.563126
3021148,1.3137406
3021149,23.441565
3021150,9.578597
3021151,0.08239666
3021152,6.338834
3021153,147.56894
3021154,0.08239666
3021155,361.13733
3021156,15.256222
3021157,223.01595
3021158,223.79344
3021159,345.727
3021160,288.84528
3021161,86.7083
3021162,271.87836
3021163,24.142887
3021164,1.2841341
3021165,40.753227
3021166,27.89646
3021167,1.2242565
3021168,316.0576
3021169,0.07618865
3021170,6.6393394
3021171,8.770472
3021172,56.20487
3021173,1.056114
3021174,258.65103
3021175,333.0777
3021176,6.3233385
3021177,7.31765
3021178,291.16946
3021179,113.737816
3021180,156.84761
3021181,2.785051
3021182,7.4251547
3021183,8.6714735
3021184,0.58046556
3021185,4.8131156
3021186,224.86182
3021187,0.08239666
3021188,365.14902
3021189,15.472087
3021190,228.3153
3021191,289.1519
3021192,308.2371
3021193,285.2364
3021194,103.7453
3021195,235.3047
3021196,29.643406
3021197,1.7176671
3021198,31.144085
3021199,31.726437
3021200,0.057186116
3021201,319.84863
3021202,0.07618865
3021203,9.468846
3021204,7.778761
3021205,67.5529
3021206,1.6132963
3021207,137.61676
3021208,319.5571
3021209,6.1973968
3021210,6.8475347
3021211,268.0366
3021212,87.3776
3021213,154.0935
3021214,1.9594152
3021215,10.9547825
3021216,13.114947
3021217,1.3655075
3021218,22.32713
3021219,310.52032
3021220,0.025575176
3021221,286.17545
3021222,32.33518
3021223,295.33612
3021224,292.3713
3021225,337.59976
3021226,348.11588
3021227,332.4293
3021228,269.12836
3021229,85.93085
3021230,3.8829217
3021231,61.242603
3021232,69.29906
3021233,0.041886706
3021234,359.95673
3021235,57.75823
3021236,56.726585
3021237,34.016075
3021238,225.70369
3021239,36.322025
3021240,57.931213
3021241,360.29135
3021242,25.240042
3021243,36.895935
3021244,76.53913
3021245,265.99927
3021246,23.839554
3021247,0.75899285
3021248,105.95252
3021249,4.135956
3021250,0.75674695
3021251,0.66617006
3021252,196.99321
3021253,0.021519968
3021254,238.8814
3021255,6.1666665
3021256,329.44214
3021257,300.59668
3021258,126.0589
3021259,165.50912
3021260,43.392982
3021261,174.1917
3021262,8.950883
3021263,0.19419
3021264,15.544399
3021265,11.079526
3021266,0.06794268
3021267,163.27043
3021268,1.6648797
3021269,0.0
3021270,3.647548
3021271,37.311726
3021272,0.9381865
3021273,59.628254
3021274,119.34837
3021275,1.9430888
3021276,5.211812
3021277,118.271965
3021278,27.50824
3021279,278.34674
3021280,0.0
3021281,5.3554635
3021282,10.8854265
3021283,0.28612643
3021284,2.9695594
3021285,212.83795
3021286,0.023390777
3021287,352.16592
3021288,10.935682
3021289,285.7229
3021290,204.75578
3021291,299.04807
3021292,302.2175
3021293,68.38816
3021294,275.69467
3021295,18.002289
3021296,0.42017758
3021297,32.92056
3021298,26.85293
3021299,0.050267212
3021300,330.53036
3021301,1.2295809
3021302,7.6396646
3021303,11.524038
3021304,22.367605
3021305,1.4072675
3021306,322.96182
3021307,325.0311
3021308,5.1369696
3021309,9.862153
3021310,139.3628
3021311,89.99344
3021312,160.17259
3021313,2.1425269
3021314,7.416161
3021315,2.1600761
3021316,0.021519968
3021317,1.0427554
3021318,248.39294
3021319,0.021519968
3021320,187.084
3021321,5.391627
3021322,349.5232
3021323,224.77959
3021324,115.89232
3021325,168.64203
3021326,23.66222
3021327,260.33105
3021328,1.6430229
3021329,0.2657063
3021330,11.127392
3021331,5.6960087
3021332,0.06794268
3021333,119.437294
3021334,0.015311941
3021335,0.0
3021336,0.3761662
3021337,33.267494
3021338,0.34404165
3021339,80.25593
3021340,107.46141
3021341,0.5002147
3021342,1.1875496
3021343,66.10558
3021344,14.016059
3021345,251.03157
3021346,0.0
3021347,1.7599684
3021348,10.289902
3021349,0.039063554
3021350,3.304729
3021351,197.1952
3021352,0.039063554
3021353,306.2427
3021354,11.1920185
3021355,287.805
3021356,327.2294
3021357,198.77696
3021358,157.20976
3021359,56.62761
3021360,280.63074
3021361,6.674157
3021362,0.56626415
3021363,35.45575
3021364,26.742641
3021365,0.28114048
3021366,305.72275
3021367,0.03285554
3021368,0.0
3021369,15.891735
3021370,34.10785
3021371,1.2710766
3021372,299.24237
3021373,302.54663
3021374,2.8804781
3021375,4.9457603
3021376,278.95258
3021377,34.86882
3021378,157.58907
3021379,0.0
3021380,0.7806799
3021381,3.99221
3021382,0.33803016
3021383,1.6937186
3021384,281.31613
3021385,0.023390777
3021386,293.58218
3021387,10.560793
3021388,303.3656
3021389,163.14485
3021390,230.49348
3021391,145.70996
3021392,68.305534
3021393,273.65552
3021394,11.876579
3021395,4.7550864
3021396,35.39092
3021397,42.64571
3021398,0.050267212
3021399,211.32889
3021400,2.4603434
3021401,5.7675114
3021402,4.5166855
3021403,29.81629
3021404,2.6158876
3021405,162.5476
3021406,299.95068
3021407,4.2996097
3021408,9.003743
3021409,140.71486
3021410,34.451683
3021411,179.59804
3021412,5.814481
3021413,3.5258179
3021414,4.6814995
3021415,0.039063554
3021416,0.32956728
3021417,145.39209
3021418,0.039063554
3021419,147.57146
3021420,2.763372
3021421,333.58017
3021422,223.13214
3021423,112.69325
3021424,167.0812
3021425,45.22485
3021426,272.04605
3021427,14.139144
3021428,0.7473882
3021429,12.099868
3021430,16.067572
3021431,0.11593902
3021432,115.52708
3021433,0.03285554
3021434,0.0
3021435,0.21006763
3021436,57.607292
3021437,0.87149924
3021438,222.86761
3021439,118.36416
3021440,0.95735043
3021441,1.3045864
3021442,63.14623
3021443,25.11501
3021444,322.76706
3021445,0.0
3021446,1.6685828
3021447,6.386274
3021448,0.054410703
3021449,0.77593756
3021450,238.8474
3021451,0.054410703
3021452,325.5187
3021453,11.094809
3021454,255.59254
3021455,271.0314
3021456,244.57503
3021457,151.98438
3021458,82.213806
3021459,273.7774
3021460,10.359575
3021461,0.21230349
3021462,30.444908
3021463,15.231784
3021464,0.117881715
3021465,281.32056
3021466,0.0
3021467,29.608246
3021468,4.7086396
3021469,70.82482
3021470,1.1211665
3021471,222.15254
3021472,268.22934
3021473,4.331414
3021474,4.6565084
3021475,140.34023
3021476,41.886612
3021477,153.95631
3021478,0.61986685
3021479,1.6734712
3021480,4.9943037
3021481,0.015651453
3021482,10.635952
3021483,283.05005
3021484,0.015651453
3021485,247.95747
3021486,7.282507
3021487,250.05754
3021488,158.55151
3021489,131.45244
3021490,104.39228
3021491,96.57838
3021492,265.58426
3021493,50.940414
3021494,1.0717118
3021495,27.986383
3021496,29.308702
3021497,0.55104256
3021498,225.7134
3021499,26.341038
3021500,21.338997
3021501,1.7039195
3021502,73.10711
3021503,11.748818
3021504,179.4654
3021505,266.4599
3021506,16.047728
3021507,15.572709
3021508,210.65025
3021509,62.535545
3021510,3.0085516
3021511,0.0
3021512,11.741539
3021513,9.489489
3021514,0.039063554
3021515,10.471191
3021516,243.23337
3021517,0.039063554
3021518,351.87015
3021519,14.689465
3021520,280.85107
3021521,236.8729
3021522,149.76631
3021523,115.06979
3021524,111.59377
3021525,277.8856
3021526,33.03143
3021527,1.1827408
3021528,44.828094
3021529,88.2758
3021530,0.01385297
3021531,325.06607
3021532,34.015747
3021533,18.691706
3021534,12.015756
3021535,106.91559
3021536,16.167688
3021537,161.97586
3021538,356.79974
3021539,9.742902
3021540,14.9329
3021541,158.3188
3021542,88.62748
3021543,8.142429
3021544,19.429497
3021545,21.699125
3021546,11.018369
3021547,0.19508047
3021548,4.8402114
3021549,285.22195
3021550,0.08934745
3021551,266.27277
3021552,6.1248813
3021553,286.5645
3021554,248.51845
3021555,195.52386
3021556,290.58035
3021557,64.927414
3021558,277.24042
3021559,47.42141
3021560,3.2481742
3021561,25.688204
3021562,20.978815
3021563,0.1162239
3021564,336.10074
3021565,6.7298
3021566,15.778881
3021567,10.093555
3021568,43.746433
3021569,5.0722375
3021570,155.26898
3021571,320.2865
3021572,9.748125
3021573,11.740619
3021574,263.21155
3021575,54.390934
3021576,153.92389
3021577,14.894551
3021578,18.11652
3021579,5.654319
3021580,0.92998177
3021581,7.0111036
3021582,307.56894
3021583,0.025575176
3021584,351.7234
3021585,8.900133
3021586,313.7552
3021587,178.29243
3021588,227.81145
3021589,202.8946
3021590,122.10194
3021591,274.37903
3021592,34.97355
3021593,2.2954729
3021594,23.834368
3021595,14.775495
3021596,0.10245067
3021597,282.05255
3021598,23.078882
3021599,23.982553
3021600,3.271784
3021601,83.10441
3021602,9.913884
3021603,328.902
3021604,310.40567
3021605,8.58499
3021606,11.752062
3021607,331.75015
3021608,61.64514
3021609,12.810495
3021610,0.0
3021611,34.460114
3021612,4.066599
3021613,0.1411496
3021614,2.885318
3021615,175.58865
3021616,0.039063554
3021617,344.01855
3021618,9.301771
3021619,295.5958
3021620,280.6434
3021621,292.20987
3021622,236.8903
3021623,59.262142
3021624,273.45367
3021625,12.821159
3021626,3.1715853
3021627,41.017773
3021628,30.277777
3021629,0.35265675
3021630,336.90594
3021631,0.03285554
3021632,0.0
3021633,11.48012
3021634,39.67551
3021635,2.5310159
3021636,145.37076
3021637,325.2855
3021638,4.0729003
3021639,13.731101
3021640,170.2753
3021641,59.31958
3021642,162.80423
3021643,0.0
3021644,9.073257
3021645,11.250415
3021646,0.039063554
3021647,12.017428
3021648,215.97137
3021649,0.039063554
3021650,359.63916
3021651,12.800559
3021652,280.65146
3021653,233.46657
3021654,274.09027
3021655,187.3035
3021656,130.39536
3021657,274.40353
3021658,65.2993
3021659,1.5595713
3021660,35.935997
3021661,46.125324
3021662,0.01385297
3021663,311.0377
3021664,33.822136
3021665,23.104074
3021666,10.097273
3021667,84.020996
3021668,18.479065
3021669,269.10645
3021670,320.08145
3021671,18.785156
3021672,11.509462
3021673,250.1277
3021674,82.940834
3021675,7.943715
3021676,0.36402985
3021677,9.78321
3021678,5.6679997
3021679,0.087476656
3021680,7.7713866
3021681,235.54376
3021682,0.087476656
3021683,360.9047
3021684,10.519584
3021685,264.62982
3021686,218.58575
3021687,176.01761
3021688,143.45726
3021689,110.597015
3021690,241.54408
3021691,40.99716
3021692,0.94947237
3021693,32.082256
3021694,29.668522
3021695,0.06226607
3021696,264.91385
3021697,19.957724
3021698,38.94278
3021699,3.7404428
3021700,61.05676
3021701,13.122646
3021702,231.04463
3021703,265.3316
3021704,11.998098
3021705,11.799328
3021706,226.63315
3021707,55.51848
3021708,118.041916
3021709,0.0
3021710,20.87927
3021711,9.521349
3021712,0.08114873
3021713,6.4031234
3021714,101.95789
3021715,0.070079446
3021716,210.81277
3021717,20.185251
3021718,215.55963
3021719,165.47751
3021720,315.4116
3021721,273.51517
3021722,74.05283
3021723,229.365
3021724,16.06549
3021725,0.116502196
3021726,22.70183
3021727,28.427671
3021728,0.055938162
3021729,305.37466
3021730,0.06387141
3021731,10.8190365
3021732,1.9392949
3021733,85.421486
3021734,3.3770232
3021735,241.1068
3021736,322.81454
3021737,4.8700743
3021738,2.913217
3021739,283.63416
3021740,141.27882
3021741,174.36998
3021742,2.4106393
3021743,1.5062087
3021744,22.476702
3021745,0.02744599
3021746,25.438438
3021747,297.53937
3021748,0.02744599
3021749,300.90344
3021750,26.856506
3021751,289.90173
3021752,291.64258
3021753,335.1385
3021754,350.071
3021755,348.7466
3021756,272.61566
3021757,100.50637
3021758,6.3455973
3021759,144.65395
3021760,144.09839
3021761,0.45248038
3021762,361.8069
3021763,50.262287
3021764,31.220716
3021765,67.473236
3021766,278.37378
3021767,37.699955
3021768,61.230007
3021769,357.51666
3021770,57.59207
3021771,58.710526
3021772,80.20687
3021773,334.45288
3021774,24.486534
3021775,189.46132
3021776,120.00215
3021777,24.075493
3021778,0.02744599
3021779,24.624773
3021780,297.88318
3021781,0.02744599
3021782,134.803
3021783,27.477058
3021784,237.87686
3021785,216.42441
3021786,344.72076
3021787,338.73135
3021788,326.17847
3021789,272.66733
3021790,134.9833
3021791,2.3700316
3021792,73.6537
3021793,103.171196
3021794,1.099474
3021795,342.32214
3021796,56.667183
3021797,46.940628
3021798,10.3329115
3021799,230.4441
3021800,28.973478
3021801,61.993393
3021802,243.88953
3021803,34.427113
3021804,46.583187
3021805,98.25707
3021806,313.89038
3021807,40.231194
3021808,162.1112
3021809,120.239685
3021810,19.102266
3021811,0.049239192
3021812,33.772457
3021813,299.86478
3021814,0.14025594
3021815,218.63742
3021816,16.659382
3021817,292.24405
3021818,171.45354
3021819,213.97502
3021820,253.86354
3021821,324.36182
3021822,268.02783
3021823,65.531555
3021824,4.9420996
3021825,51.35681
3021826,40.758595
3021827,0.6468883
3021828,359.01627
3021829,60.993134
3021830,35.35383
3021831,18.13335
3021832,132.29369
3021833,15.18485
3021834,186.16573
3021835,234.53146
3021836,37.722187
3021837,71.732605
3021838,180.57391
3021839,155.87897
3021840,13.043001
3021841,232.86816
3021842,76.44924
3021843,24.646551
3021844,0.049239192
3021845,33.26954
3021846,295.89175
3021847,0.049239192
3021848,285.70242
3021849,20.622593
3021850,293.07086
3021851,292.0244
3021852,319.7063
3021853,328.264
3021854,321.4143
3021855,276.7886
3021856,61.02494
3021857,2.7338731
3021858,92.574005
3021859,107.755035
3021860,1.857896
3021861,298.51453
3021862,61.68995
3021863,35.732693
3021864,40.574783
3021865,225.41103
3021866,20.391306
3021867,14.675638
3021868,226.9971
3021869,38.271606
3021870,46.6862
3021871,273.72562
3021872,281.9817
3021873,25.213371
3021874,236.42308
3021875,87.9394
3021876,19.679369
3021877,0.049239192
3021878,36.073986
3021879,299.03708
3021880,0.049239192
3021881,224.42307
3021882,21.106726
3021883,291.52075
3021884,149.49057
3021885,340.20032
3021886,225.22217
3021887,265.0394
3021888,277.1726
3021889,63.566895
3021890,0.360426
3021891,50.805794
3021892,87.22459
3021893,0.40275732
3021894,349.9036
3021895,51.996147
3021896,20.70655
3021897,35.359146
3021898,127.63254
3021899,11.0659685
3021900,174.18312
3021901,331.8723
3021902,28.128065
3021903,42.830334
3021904,102.8326
3021905,133.8618
3021906,20.046091
3021907,269.35434
3021908,36.907764
3021909,15.883438
3021910,0.02744599
3021911,19.633419
3021912,296.35522
3021913,0.02744599
3021914,224.3249
3021915,28.351797
3021916,288.75763
3021917,295.37772
3021918,351.99567
3021919,349.06506
3021920,338.41238
3021921,276.22842
3021922,79.61193
3021923,2.6257021
3021924,78.43775
3021925,69.94281
3021926,0.7043437
3021927,348.49646
3021928,26.60304
3021929,32.94846
3021930,19.304216
3021931,262.90268
3021932,27.707773
3021933,172.90698
3021934,356.95746
3021935,27.446478
3021936,45.47406
3021937,177.58656
3021938,262.06348
3021939,16.70308
3021940,342.75842
3021941,80.42021
3021942,8.595735
3021943,0.5862419
3021944,8.745321
3021945,266.18304
3021946,0.025575176
3021947,356.02344
3021948,25.598364
3021949,316.47122
3021950,238.4489
3021951,250.44553
3021952,98.28314
3021953,91.61771
3021954,267.92966
3021955,45.55078
3021956,1.5321636
3021957,33.231503
3021958,27.3625
3021959,0.0003646163
3021960,255.2417
3021961,17.961834
3021962,11.268961
3021963,16.062716
3021964,66.48346
3021965,10.232559
3021966,274.80856
3021967,304.17725
3021968,4.4410167
3021969,9.4020405
3021970,248.30151
3021971,59.941055
3021972,5.5284667
3021973,0.6087351
3021974,11.535879
3021975,13.981394
3021976,0.08172761
3021977,19.638405
3021978,288.3393
3021979,0.08172761
3021980,262.65964
3021981,43.174335
3021982,282.64685
3021983,192.76714
3021984,350.4174
3021985,152.43806
3021986,155.86133
3021987,278.49908
3021988,91.98318
3021989,1.8300298
3021990,67.02286
3021991,48.693817
3021992,0.16916808
3021993,336.842
3021994,34.56549
3021995,12.216833
3021996,5.704629
3021997,128.11719
3021998,13.416366
3021999,309.10797
3022000,344.7086
3022001,17.74877
3022002,35.32413
3022003,326.2322
3022004,88.311554
3022005,10.529399
3022006,179.94003
3022007,22.067638
3022008,9.995125
3022009,0.07195026
3022010,9.951104
3022011,301.15018
3022012,0.07195026
3022013,277.8333
3022014,11.964534
3022015,274.2863
3022016,286.28647
3022017,310.23428
3022018,332.50458
3022019,297.2002
3022020,270.97495
3022021,50.43273
3022022,2.6764908
3022023,42.491905
3022024,53.29522
3022025,0.51505876
3022026,324.54904
3022027,4.7758265
3022028,48.271477
3022029,6.241905
3022030,186.57027
3022031,15.251946
3022032,181.4159
3022033,340.18204
3022034,27.300007
3022035,16.487679
3022036,96.6265
3022037,135.31483
3022038,34.30115
3022039,4.920864
3022040,55.62738
3022041,15.936029
3022042,0.040934365
3022043,13.500403
3022044,281.1474
3022045,0.040934365
3022046,259.73953
3022047,15.748089
3022048,264.03027
3022049,264.65756
3022050,329.00058
3022051,288.75354
3022052,318.6614
3022053,270.50458
3022054,65.52091
3022055,4.5584702
3022056,66.19652
3022057,65.2153
3022058,0.45205182
3022059,342.01874
3022060,12.588149
3022061,52.178986
3022062,13.115015
3022063,270.86444
3022064,13.969744
3022065,324.47604
3022066,352.4934
3022067,18.51587
3022068,34.103767
3022069,319.86993
3022070,144.02184
3022071,157.54825
3022072,7.77141
3022073,13.585565
3022074,12.157863
3022075,0.060856733
3022076,4.982599
3022077,208.29051
3022078,0.060856733
3022079,337.32623
3022080,11.414078
3022081,165.95859
3022082,201.33188
3022083,283.1569
3022084,129.42114
3022085,126.23032
3022086,184.06586
3022087,26.91356
3022088,1.7927402
3022089,36.946575
3022090,31.536976
3022091,0.07716824
3022092,286.8791
3022093,8.881552
3022094,16.195324
3022095,9.488663
3022096,78.408676
3022097,5.794748
3022098,310.78757
3022099,324.51764
3022100,6.9541397
3022101,8.258892
3022102,255.13206
3022103,80.83042
3022104,17.746662
3022105,0.18308975
3022106,4.830821
3022107,9.831052
3022108,0.093345165
3022109,1.7642374
3022110,210.39775
3022111,0.093345165
3022112,339.87283
3022113,6.7732873
3022114,246.87863
3022115,306.1036
3022116,312.32748
3022117,97.75333
3022118,39.435715
3022119,252.60849
3022120,17.407759
3022121,1.1762711
3022122,30.52655
3022123,12.551873
3022124,0.07920386
3022125,314.57922
3022126,0.08713713
3022127,0.09459928
3022128,6.171485
3022129,32.45796
3022130,1.0856909
3022131,70.69681
3022132,265.0523
3022133,0.13217372
3022134,2.793309
3022135,73.496635
3022136,117.98409
3022137,256.87396
3022138,0.031836696
3022139,3.2149422
3022140,9.725275
3022141,0.04736838
3022142,9.650718
3022143,309.59903
3022144,0.04736838
3022145,234.85677
3022146,14.906453
3022147,294.36975
3022148,189.82848
3022149,323.1201
3022150,254.65637
3022151,197.95476
3022152,269.77875
3022153,46.667664
3022154,1.1027428
3022155,42.06173
3022156,69.13497
3022157,0.022157814
3022158,314.822
3022159,35.984684
3022160,23.664211
3022161,19.2913
3022162,94.263405
3022163,9.448471
3022164,336.95883
3022165,340.3475
3022166,11.706666
3022167,20.910635
3022168,328.2924
3022169,122.14109
3022170,33.124283
3022171,0.0
3022172,48.52955
3022173,6.1286507
3022174,0.025575176
3022175,8.350101
3022176,310.59943
3022177,0.22129323
3022178,184.30547
3022179,17.005266
3022180,293.994
3022181,252.44632
3022182,174.88103
3022183,265.03497
3022184,203.87563
3022185,277.35693
3022186,40.89724
3022187,4.198798
3022188,35.992756
3022189,40.785324
3022190,0.7552944
3022191,266.37695
3022192,17.608648
3022193,39.944725
3022194,11.68631
3022195,158.94579
3022196,14.720625
3022197,321.1117
3022198,246.13661
3022199,10.445513
3022200,17.463278
3022201,51.906887
3022202,139.43161
3022203,36.674004
3022204,0.118194826
3022205,41.850475
3022206,5.2578115
3022207,1.0091571
3022208,15.396034
3022209,310.34232
3022210,0.025575176
3022211,269.27905
3022212,19.56815
3022213,294.79492
3022214,289.94275
3022215,315.78223
3022216,313.64877
3022217,171.26411
3022218,271.42712
3022219,47.60044
3022220,4.181574
3022221,43.811684
3022222,48.406506
3022223,0.0003646163
3022224,328.53494
3022225,36.38837
3022226,40.374588
3022227,28.813364
3022228,121.54426
3022229,23.235031
3022230,334.51074
3022231,329.5626
3022232,25.877275
3022233,25.133984
3022234,153.3855
3022235,161.7253
3022236,8.25524
3022237,2.7442095
3022238,43.686172
3022239,18.105965
3022240,0.85917115
3022241,11.70453
3022242,306.54913
3022243,0.02744599
3022244,341.0872
3022245,18.29133
3022246,303.09653
3022247,203.63066
3022248,258.7352
3022249,261.28177
3022250,133.09969
3022251,272.27792
3022252,14.217827
3022253,1.7804973
3022254,50.544266
3022255,61.554256
3022256,0.05432244
3022257,354.23737
3022258,13.248442
3022259,6.343814
3022260,11.28902
3022261,53.82173
3022262,4.524803
3022263,323.76993
3022264,342.49637
3022265,10.430596
3022266,11.01839
3022267,332.23727
3022268,135.40654
3022269,162.87294
3022270,163.61293
3022271,22.864132
3022272,4.6065598
3022273,0.12135075
3022274,4.380014
3022275,177.57611
3022276,0.15149389
3022277,325.833
3022278,9.133701
3022279,263.05316
3022280,332.31018
3022281,151.46214
3022282,136.16989
3022283,129.74928
3022284,259.26672
3022285,16.494465
3022286,1.2998902
3022287,20.095314
3022288,22.247034
3022289,0.2833462
3022290,161.30183
3022291,14.133557
3022292,15.272075
3022293,8.725693
3022294,68.90347
3022295,6.35993
3022296,255.30885
3022297,169.37589
3022298,3.3534603
3022299,13.251443
3022300,273.17142
3022301,60.010563
3022302,10.366138
3022303,0.0
3022304,26.553822
3022305,1.2434253
3022306,0.057247046
3022307,2.0504541
3022308,304.3563
3022309,0.057247046
3022310,101.92301
3022311,3.4918869
3022312,300.16278
3022313,299.224
3022314,251.95769
3022315,92.65859
3022316,32.810337
3022317,259.58698
3022318,3.9164793
3022319,0.28589547
3022320,9.571618
3022321,7.4380116
3022322,0.059361417
3022323,165.74895
3022324,4.03629
3022325,0.0
3022326,1.6075202
3022327,8.787645
3022328,0.21496508
3022329,193.22955
3022330,186.47014
3022331,0.538385
3022332,3.3272924
3022333,124.77521
3022334,25.265009
3022335,236.5392
3022336,13.730496
3022337,1.7770702
3022338,7.2433953
3022339,0.1572578
3022340,5.402827
3022341,287.37973
3022342,0.06609516
3022343,207.50906
3022344,11.807374
3022345,282.84927
3022346,335.4472
3022347,334.0679
3022348,275.46796
3022349,67.48964
3022350,273.1222
3022351,22.60635
3022352,0.68846023
3022353,19.947088
3022354,21.704
3022355,0.11861117
3022356,350.27078
3022357,5.7323017
3022358,1.7088991
3022359,8.725578
3022360,19.40892
3022361,1.8873155
3022362,298.22794
3022363,325.8304
3022364,2.5589597
3022365,14.117579
3022366,264.97955
3022367,72.55109
3022368,127.86575
3022369,35.463837
3022370,9.682289
3022371,5.7284102
3022372,0.13333005
3022373,0.8984481
3022374,288.27097
3022375,0.13333005
3022376,206.66924
3022377,9.473556
3022378,289.60223
3022379,338.8737
3022380,209.8685
3022381,74.89304
3022382,31.64177
3022383,266.30124
3022384,5.7953825
3022385,0.3619784
3022386,12.022155
3022387,17.854973
3022388,0.226607
3022389,175.35455
3022390,6.0858703
3022391,0.0
3022392,10.78244
3022393,16.924332
3022394,1.1884813
3022395,149.86603
3022396,191.85323
3022397,1.2819353
3022398,6.54672
3022399,145.20712
3022400,28.791695
3022401,316.88934
3022402,6.298869
3022403,2.8605633
3022404,4.5342965
3022405,0.13333005
3022406,5.012996
3022407,196.38652
3022408,0.13333005
3022409,125.785164
3022410,6.4963017
3022411,209.87508
3022412,273.71988
3022413,158.82924
3022414,84.093216
3022415,29.915344
3022416,265.80692
3022417,12.587829
3022418,0.1354444
3022419,13.349317
3022420,9.78046
3022421,0.1354444
3022422,148.395
3022423,1.2139659
3022424,0.0
3022425,3.1469314
3022426,16.791607
3022427,1.5106413
3022428,157.16112
3022429,207.51231
3022430,0.36247876
3022431,4.7551155
3022432,80.06129
3022433,19.64232
3022434,186.0843
3022435,12.107408
3022436,0.97418153
3022437,3.0390513
3022438,0.13160321
3022439,1.9633955
3022440,275.4224
3022441,0.13160321
3022442,177.1654
3022443,8.293038
3022444,294.3281
3022445,323.3844
3022446,251.30212
3022447,44.88645
3022448,31.424778
3022449,271.52277
3022450,3.4058902
3022451,0.43643406
3022452,7.6655273
3022453,25.469906
3022454,0.1337176
3022455,204.80344
3022456,0.96944624
3022457,0.0
3022458,3.05191
3022459,9.516647
3022460,1.5410024
3022461,206.51852
3022462,263.7803
3022463,0.8248113
3022464,4.5812125
3022465,59.59332
3022466,88.21329
3022467,329.31204
3022468,10.021247
3022469,3.6707785
3022470,4.6350217
3022471,0.67927545
3022472,2.8769464
3022473,225.7968
3022474,0.118940935
3022475,158.06924
3022476,3.5953465
3022477,297.79056
3022478,320.4351
3022479,258.59647
3022480,132.04631
3022481,62.650208
3022482,268.13184
3022483,5.362661
3022484,1.1590726
3022485,8.421558
3022486,15.528408
3022487,0.21221793
3022488,241.3235
3022489,6.7172318
3022490,0.0
3022491,3.1070738
3022492,17.183084
3022493,1.5285063
3022494,137.16823
3022495,200.0208
3022496,0.6469381
3022497,5.2064986
3022498,106.32649
3022499,40.202084
3022500,226.05118
3022501,13.812739
3022502,3.8307948
3022503,3.9567542
3022504,0.26158053
3022505,1.7188704
3022506,210.52141
3022507,0.054910537
3022508,160.75133
3022509,4.72401
3022510,212.69522
3022511,267.0284
3022512,162.63396
3022513,174.44872
3022514,18.663128
3022515,235.82764
3022516,4.8173404
3022517,0.26369485
3022518,10.312297
3022519,13.32024
3022520,0.26369485
3022521,162.22154
3022522,0.045600165
3022523,0.0
3022524,2.423683
3022525,13.056882
3022526,1.3978924
3022527,53.56682
3022528,160.44006
3022529,0.8596211
3022530,3.3328707
3022531,61.351162
3022532,39.523643
3022533,269.11307
3022534,0.0
3022535,1.127794
3022536,7.8812428
3022537,0.66234267
3022538,2.952415
3022539,283.57135
3022540,0.05704165
3022541,324.57855
3022542,5.377492
3022543,291.1481
3022544,210.20578
3022545,341.73096
3022546,262.3808
3022547,85.410164
3022548,268.32718
3022549,12.060444
3022550,1.2846447
3022551,22.766502
3022552,25.551796
3022553,0.10955763
3022554,281.58368
3022555,0.25201175
3022556,0.0
3022557,5.0102587
3022558,21.97606
3022559,3.696611
3022560,266.42673
3022561,271.31302
3022562,1.4638834
3022563,9.025644
3022564,333.30984
3022565,53.233257
3022566,118.61221
3022567,32.370857
3022568,11.373158
3022569,3.3535552
3022570,0.5371951
3022571,3.185798
3022572,313.97592
3022573,0.057247046
3022574,195.60008
3022575,7.2358155
3022576,283.552
3022577,204.51466
3022578,199.89775
3022579,228.72456
3022580,47.25223
3022581,294.6179
3022582,11.950323
3022583,0.68105567
3022584,14.655053
3022585,18.729359
3022586,0.059361417
3022587,184.26839
3022588,9.041543
3022589,2.584816
3022590,4.2483177
3022591,33.946983
3022592,1.692912
3022593,78.28463
3022594,169.02808
3022595,2.6939666
3022596,6.605251
3022597,151.59985
3022598,47.648506
3022599,148.89107
3022600,46.350018
3022601,12.178052
3022602,6.032501
3022603,0.36735067
3022604,2.863154
3022605,296.8284
3022606,0.14081663
3022607,171.57086
3022608,5.505944
3022609,222.66849
3022610,327.03104
3022611,280.46896
3022612,108.94562
3022613,39.452663
3022614,276.4116
3022615,12.786815
3022616,1.4725759
3022617,10.883501
3022618,15.446009
3022619,0.2340936
3022620,181.17888
3022621,7.624135
3022622,0.0
3022623,3.666547
3022624,23.096416
3022625,2.4366543
3022626,154.30774
3022627,179.78027
3022628,1.0851407
3022629,5.1687593
3022630,90.55441
3022631,25.802692
3022632,340.06866
3022633,3.5640218
3022634,4.3685985
3022635,6.8240247
3022636,0.06363641
3022637,6.6241317
3022638,296.74164
3022639,0.06363641
3022640,243.99974
3022641,8.0799
3022642,265.4023
3022643,227.74028
3022644,198.41173
3022645,163.25575
3022646,79.19953
3022647,270.68246
3022648,31.954144
3022649,1.6221974
3022650,17.36599
3022651,25.580744
3022652,0.06575078
3022653,217.69412
3022654,18.441666
3022655,13.375682
3022656,3.6929965
3022657,45.76989
3022658,8.991242
3022659,328.08502
3022660,249.93022
3022661,7.6068063
3022662,7.8448505
3022663,342.2308
3022664,99.02784
3022665,15.653717
3022666,0.0
3022667,30.273489
3022668,5.7692924
3022669,0.054910537
3022670,4.103314
3022671,286.77097
3022672,0.054910537
3022673,335.5557
3022674,6.2620263
3022675,290.27405
3022676,288.20255
3022677,335.8416
3022678,170.88383
3022679,65.56309
3022680,285.35004
3022681,9.666483
3022682,0.31714746
3022683,16.759125
3022684,16.439728
3022685,0.057024915
3022686,317.2912
3022687,1.3498462
3022688,7.0429964
3022689,4.899632
3022690,28.486637
3022691,1.6780161
3022692,288.008
3022693,317.00793
3022694,3.3110018
3022695,5.2500396
3022696,254.15033
3022697,61.897526
3022698,139.73526
3022699,91.4796
3022700,13.113395
3022701,9.289027
3022702,0.45421857
3022703,4.578541
3022704,293.73288
3022705,0.054910537
3022706,331.46735
3022707,5.335099
3022708,298.39874
3022709,286.71585
3022710,304.7575
3022711,285.76474
3022712,66.712906
3022713,284.12787
3022714,15.048117
3022715,0.37960538
3022716,34.450462
3022717,27.967024
3022718,0.14818752
3022719,306.01407
3022720,4.203644
3022721,3.3479886
3022722,8.9198
3022723,46.78767
3022724,1.6473029
3022725,97.971535
3022726,274.26715
3022727,2.583681
3022728,4.848594
3022729,152.38937
3022730,141.53358
3022731,126.39833
3022732,0.30006
3022733,5.270463
3022734,4.336566
3022735,0.35762712
3022736,3.3255384
3022737,282.793
3022738,0.054910537
3022739,134.92952
3022740,6.6924553
3022741,330.95654
3022742,318.26132
3022743,151.60341
3022744,70.989
3022745,39.052593
3022746,278.7703
3022747,5.9681563
3022748,0.92237526
3022749,21.447742
3022750,18.415249
3022751,0.057024915
3022752,172.09872
3022753,0.2522701
3022754,0.0
3022755,3.738687
3022756,16.172367
3022757,2.5615354
3022758,99.32418
3022759,158.48317
3022760,1.0441803
3022761,5.364722
3022762,132.66539
3022763,25.109774
3022764,327.16437
3022765,5.1366
3022766,1.9239794
3022767,2.1286986
3022768,0.073780924
3022769,1.0546724
3022770,205.43102
3022771,0.20351884
3022772,279.39273
3022773,7.060558
3022774,271.03763
3022775,320.71292
3022776,119.733635
3022777,44.185925
3022778,50.64996
3022779,275.81158
3022780,19.15399
3022781,0.30242938
3022782,10.637509
3022783,13.2408285
3022784,0.37861183
3022785,112.479965
3022786,12.28033
3022787,1.472878
3022788,3.2784946
3022789,30.148369
3022790,4.177438
3022791,315.15894
3022792,157.30975
3022793,3.2878637
3022794,5.073308
3022795,283.56778
3022796,29.041077
3022797,9.144579
3022798,0.0
3022799,6.2012205
3022800,1.8205522
3022801,0.038059212
3022802,5.362585
3022803,282.15695
3022804,0.038059212
3022805,266.5366
3022806,15.256933
3022807,272.7761
3022808,272.34885
3022809,261.2994
3022810,220.77763
3022811,132.36966
3022812,279.16736
3022813,31.514992
3022814,0.49293372
3022815,17.580978
3022816,32.37048
3022817,0.040173613
3022818,232.02028
3022819,12.655722
3022820,30.130276
3022821,8.4832325
3022822,50.9046
3022823,11.091098
3022824,319.11127
3022825,280.56216
3022826,15.604008
3022827,7.715587
3022828,296.8602
3022829,102.80229
3022830,15.396696
3022831,0.0
3022832,22.528822
3022833,2.8936274
3022834,0.11072099
3022835,2.9007752
3022836,312.775
3022837,0.060319383
3022838,306.64584
3022839,6.582869
3022840,318.31818
3022841,268.69083
3022842,156.57376
3022843,115.06496
3022844,58.655525
3022845,304.37787
3022846,20.38275
3022847,1.2727283
3022848,16.377968
3022849,18.612911
3022850,0.062433746
3022851,91.04486
3022852,0.051008984
3022853,15.91069
3022854,3.9955258
3022855,115.98546
3022856,9.005084
3022857,158.11058
3022858,109.16283
3022859,4.5869975
3022860,6.211671
3022861,157.62608
3022862,33.276936
3022863,229.30429
3022864,0.65139717
3022865,5.0847526
3022866,3.4369729
3022867,0.082593635
3022868,0.4334483
3022869,283.98114
3022870,0.069128916
3022871,216.70059
3022872,4.1616263
3022873,293.65097
3022874,228.88393
3022875,78.84749
3022876,31.95643
3022877,26.049805
3022878,273.50497
3022879,9.8552065
3022880,0.49041513
3022881,8.955148
3022882,6.837343
3022883,0.27791327
3022884,61.925346
3022885,0.05981857
3022886,6.8288093
3022887,0.65649366
3022888,12.3213215
3022889,0.14098167
3022890,219.07516
3022891,110.96049
3022892,1.509594
3022893,1.509964
3022894,117.253914
3022895,22.366983
3022896,331.10934
3022897,0.5107568
3022898,2.1962836
3022899,5.841001
3022900,0.5468001
3022901,3.2280104
3022902,287.04907
3022903,0.06685199
3022904,219.8958
3022905,14.311438
3022906,150.74083
3022907,149.69026
3022908,280.89764
3022909,226.42206
3022910,90.93577
3022911,271.76562
3022912,29.658962
3022913,2.4580662
3022914,15.435835
3022915,27.240288
3022916,0.4682742
3022917,201.64497
3022918,6.138529
3022919,32.733387
3022920,8.539469
3022921,99.03953
3022922,3.5473523
3022923,289.24506
3022924,248.28424
3022925,9.461097
3022926,8.355791
3022927,323.541
3022928,74.08212
3022929,2.9001052
3022930,0.7076958
3022931,17.152258
3022932,5.800339
3022933,0.069128916
3022934,2.6625748
3022935,154.8532
3022936,0.069128916
3022937,302.7289
3022938,11.374222
3022939,233.28677
3022940,281.9108
3022941,320.30267
3022942,274.81067
3022943,53.50462
3022944,274.5171
3022945,17.885813
3022946,0.9928438
3022947,23.92167
3022948,17.6322
3022949,0.9493409
3022950,249.1554
3022951,0.05981857
3022952,4.7800303
3022953,4.8683157
3022954,23.988201
3022955,0.7910831
3022956,195.3875
3022957,269.15042
3022958,4.279863
3022959,4.3335705
3022960,184.52666
3022961,75.794014
3022962,130.26138
3022963,1.7830132
3022964,4.9410434
3022965,5.5859346
3022966,0.29566303
3022967,3.6403432
3022968,279.0734
3022969,0.069128916
3022970,290.84442
3022971,10.35668
3022972,270.4498
3022973,300.4729
3022974,249.98169
3022975,300.83066
3022976,42.701256
3022977,270.30823
3022978,15.912106
3022979,1.1622398
3022980,26.118246
3022981,18.708227
3022982,0.071243316
3022983,237.37746
3022984,0.05981857
3022985,5.384094
3022986,4.9893694
3022987,31.400312
3022988,1.0953656
3022989,124.157295
3022990,211.70874
3022991,4.262529
3022992,4.506744
3022993,176.49026
3022994,63.066063
3022995,130.47896
3022996,1.7179644
3022997,6.014841
3022998,9.842029
3022999,0.9518223
3023000,16.257484
3023001,293.7486
3023002,0.08658135
3023003,271.02066
3023004,24.97582
3023005,279.7114
3023006,275.0536
3023007,327.88046
3023008,332.9897
3023009,311.57013
3023010,276.3493
3023011,73.62125
3023012,2.864232
3023013,46.333923
3023014,53.05148
3023015,0.15535429
3023016,331.39386
3023017,38.773273
3023018,44.521885
3023019,21.993942
3023020,143.54756
3023021,24.83834
3023022,60.0
3023023,344.04456
3023024,17.901882
3023025,23.141397
3023026,152.23727
3023027,204.86221
3023028,14.500322
3023029,0.44935519
3023030,77.12028
3023031,2.5861871
3023032,0.69018584
3023033,0.5988007
3023034,225.86842
3023035,0.06539996
3023036,169.84996
3023037,4.607069
3023038,329.1787
3023039,264.67535
3023040,114.96212
3023041,219.09872
3023042,35.85134
3023043,162.25774
3023044,5.50673
3023045,0.22015768
3023046,9.965333
3023047,6.5332904
3023048,0.067514345
3023049,130.463
3023050,1.3209516
3023051,0.0
3023052,2.3384233
3023053,25.590694
3023054,0.8185694
3023055,53.456566
3023056,95.49391
3023057,1.5435575
3023058,3.6522286
3023059,98.84652
3023060,22.377333
3023061,228.63876
3023062,0.032125026
3023063,3.7973816
3023064,7.686327
3023065,0.2713222
3023066,1.6414745
3023067,169.28621
3023068,0.064652175
3023069,343.10342
3023070,8.028979
3023071,280.07925
3023072,252.97603
3023073,230.94524
3023074,328.72513
3023075,55.615276
3023076,286.87314
3023077,11.762193
3023078,0.36948305
3023079,18.796234
3023080,19.507278
3023081,0.066766545
3023082,275.26605
3023083,0.58946383
3023084,5.8717675
3023085,7.584056
3023086,13.429386
3023087,1.061159
3023088,321.46326
3023089,258.13358
3023090,3.6224403
3023091,6.1736507
3023092,123.22285
3023093,59.726017
3023094,139.06915
3023095,1.9510918
3023096,5.431467
3023097,1.4658476
3023098,0.06539996
3023099,2.8490999
3023100,280.1342
3023101,0.06539996
3023102,136.54695
3023103,3.7414684
3023104,343.67044
3023105,162.86328
3023106,86.1223
3023107,205.79288
3023108,16.533672
3023109,274.74466
3023110,1.0001127
3023111,0.2741843
3023112,7.360192
3023113,3.9428394
3023114,0.11791599
3023115,85.90605
3023116,0.056089606
3023117,0.0
3023118,0.35880607
3023119,10.166079
3023120,0.29352108
3023121,68.924515
3023122,85.160484
3023123,0.41765463
3023124,0.941664
3023125,57.19151
3023126,10.1489725
3023127,181.29855
3023128,0.0
3023129,1.3670733
3023130,6.6846046
3023131,0.054910537
3023132,2.3566253
3023133,210.1486
3023134,0.054910537
3023135,234.60332
3023136,7.082078
3023137,286.54874
3023138,325.5193
3023139,183.71242
3023140,181.45955
3023141,38.434856
3023142,275.60275
3023143,3.468101
3023144,0.41319385
3023145,25.62661
3023146,18.035347
3023147,0.26369485
3023148,222.28822
3023149,0.045600165
3023150,0.0
3023151,11.217337
3023152,30.890354
3023153,0.91908365
3023154,242.76154
3023155,224.75233
3023156,1.894993
3023157,2.6175232
3023158,186.27054
3023159,29.011
3023160,126.89395
3023161,0.0
3023162,0.5132874
3023163,2.6675372
3023164,0.29193404
3023165,1.5061741
3023166,287.20703
3023167,0.06539996
3023168,190.3236
3023169,7.983472
3023170,273.33157
3023171,206.9703
3023172,225.90074
3023173,154.83186
3023174,56.952732
3023175,277.54092
3023176,7.330941
3023177,3.3710139
3023178,25.16035
3023179,35.55922
3023180,0.067514345
3023181,199.14882
3023182,1.7259688
3023183,3.857638
3023184,3.0133548
3023185,17.839806
3023186,1.8979566
3023187,173.21786
3023188,280.07312
3023189,2.888615
3023190,6.4750543
3023191,132.64069
3023192,27.947222
3023193,164.28378
3023194,4.140498
3023195,2.4656599
3023196,2.9064434
3023197,0.0633441
3023198,3.034549
3023199,163.54785
3023200,0.0633441
3023201,113.96133
3023202,2.0570602
3023203,337.66342
3023204,176.6842
3023205,93.38087
3023206,201.25824
3023207,32.80215
3023208,282.42343
3023209,5.72015
3023210,0.59084094
3023211,9.679583
3023212,4.919281
3023213,0.11586009
3023214,93.16318
3023215,0.05403373
3023216,0.0
3023217,0.14519635
3023218,13.827095
3023219,0.64204997
3023220,187.59366
3023221,86.73724
3023222,0.6796804
3023223,0.996904
3023224,46.221863
3023225,18.862211
3023226,312.39572
3023227,0.0
3023228,1.2646337
3023229,4.2481213
3023230,0.081764236
3023231,0.8631384
3023232,221.67741
3023233,0.081764236
3023234,336.2258
3023235,8.170993
3023236,226.68288
3023237,278.38687
3023238,201.25891
3023239,182.37984
3023240,52.937958
3023241,272.8168
3023242,8.079096
3023243,0.29054862
3023244,34.318424
3023245,11.319436
3023246,0.23652199
3023247,219.88411
3023248,0.0724539
3023249,18.695042
3023250,3.4696157
3023251,32.53814
3023252,0.9765154
3023253,217.69421
3023254,218.39413
3023255,3.2240913
3023256,3.3549101
3023257,116.6081
3023258,41.96592
3023259,127.50306
3023260,0.9387705
3023261,1.6110075
3023262,3.668022
3023263,0.12690833
3023264,8.723164
3023265,254.65065
3023266,0.12690833
3023267,318.44736
3023268,5.4602695
3023269,261.8692
3023270,139.80542
3023271,150.17175
3023272,115.08776
3023273,96.49277
3023274,265.42148
3023275,40.954227
3023276,0.98663294
3023277,23.737484
3023278,30.182137
3023279,0.47273192
3023280,209.74933
3023281,20.507627
3023282,17.490551
3023283,2.7420802
3023284,75.692726
3023285,8.5403185
3023286,204.07259
3023287,261.5337
3023288,12.809687
3023289,13.048831
3023290,227.8174
3023291,61.605953
3023292,1.3303154
3023293,0.0
3023294,8.737306
3023295,5.544907
3023296,0.054910537
3023297,7.0363
3023298,248.6456
3023299,0.054910537
3023300,354.571
3023301,10.620843
3023302,282.48578
3023303,278.32803
3023304,149.55052
3023305,83.23264
3023306,87.68266
3023307,276.9563
3023308,24.795227
3023309,0.92422396
3023310,39.538414
3023311,32.54093
3023312,0.057024915
3023313,285.10974
3023314,20.37432
3023315,12.90766
3023316,7.8938394
3023317,58.946487
3023318,10.863758
3023319,159.56627
3023320,317.6965
3023321,6.587052
3023322,8.657371
3023323,111.750336
3023324,73.81445
3023325,1.126051
3023326,9.572086
3023327,15.732975
3023328,8.245056
3023329,0.20160297
3023330,3.972014
3023331,280.64163
3023332,0.11044033
3023333,167.6872
3023334,4.42382
3023335,284.7553
3023336,292.25687
3023337,190.5288
3023338,288.06076
3023339,58.90407
3023340,286.2008
3023341,31.488146
3023342,1.7433637
3023343,20.579445
3023344,18.92841
3023345,0.11255473
3023346,323.01007
3023347,4.694387
3023348,12.16631
3023349,8.218975
3023350,26.54837
3023351,3.9157636
3023352,159.29341
3023353,301.14508
3023354,6.3241396
3023355,7.9148464
3023356,192.21991
3023357,48.314205
3023358,129.30414
3023359,20.946423
3023360,13.3309145
3023361,3.7264924
3023362,0.72976255
3023363,5.762768
3023364,297.65356
3023365,0.07138789
3023366,339.1779
3023367,5.8843412
3023368,249.98668
3023369,180.65443
3023370,180.28809
3023371,132.3847
3023372,76.946754
3023373,268.68018
3023374,22.231771
3023375,0.9399002
3023376,14.299738
3023377,9.907512
3023378,0.07350226
3023379,160.74263
3023380,16.472467
3023381,16.770056
3023382,2.2388096
3023383,36.781128
3023384,7.0888114
3023385,318.06464
3023386,223.83223
3023387,5.3927407
3023388,7.3298697
3023389,325.0437
3023390,49.50001
3023391,18.215612
3023392,0.0
3023393,23.309855
3023394,2.9806025
3023395,0.1561208
3023396,3.6810865
3023397,214.45915
3023398,0.10571921
3023399,345.2165
3023400,6.8647304
3023401,267.59692
3023402,303.32785
3023403,281.684
3023404,242.15239
3023405,57.30269
3023406,265.99753
3023407,9.4735155
3023408,2.5781803
3023409,28.070934
3023410,21.444895
3023411,0.19899622
3023412,326.7306
3023413,0.09640883
3023414,0.0
3023415,8.66119
3023416,19.045351
3023417,1.9905031
3023418,134.07912
3023419,296.42725
3023420,2.8547504
3023421,9.86937
3023422,164.23096
3023423,56.096596
3023424,125.55157
3023425,0.0
3023426,6.552687
3023427,7.5481725
3023428,0.10571921
3023429,7.7860284
3023430,254.42592
3023431,0.10571921
3023432,351.8444
3023433,8.765932
3023434,186.47508
3023435,238.84988
3023436,204.3613
3023437,127.72095
3023438,96.07162
3023439,272.52597
3023440,39.789707
3023441,1.1461426
3023442,25.153101
3023443,40.280746
3023444,0.107833594
3023445,218.13666
3023446,15.245199
3023447,12.826236
3023448,6.2166667
3023449,42.95494
3023450,11.387543
3023451,192.88033
3023452,268.2103
3023453,12.041595
3023454,8.912272
3023455,185.74846
3023456,59.87532
3023457,0.0
3023458,0.17044543
3023459,5.9395633
3023460,3.7374973
3023461,0.10376696
3023462,4.1474395
3023463,245.62807
3023464,0.10376696
3023465,353.56732
3023466,6.784926
3023467,239.8368
3023468,240.6919
3023469,159.52615
3023470,124.6942
3023471,100.20491
3023472,253.58002
3023473,28.52916
3023474,0.896684
3023475,20.207836
3023476,27.743755
3023477,0.10588138
3023478,176.62843
3023479,11.8087015
3023480,31.092367
3023481,5.4363337
3023482,43.504826
3023483,9.455223
3023484,216.28867
3023485,211.5229
3023486,7.790711
3023487,7.8421135
3023488,191.46599
3023489,51.95435
3023490,112.49871
3023491,0.0
3023492,13.716244
3023493,6.1286483
3023494,0.11546083
3023495,3.9049768
3023496,148.55347
3023497,0.11546083
3023498,155.6541
3023499,13.422102
3023500,269.90695
3023501,184.71516
3023502,298.19144
3023503,292.85983
3023504,58.126
3023505,274.44495
3023506,10.259862
3023507,0.16797686
3023508,14.569104
3023509,18.128338
3023510,0.11757529
3023511,271.0368
3023512,0.10615052
3023513,6.6691957
3023514,1.569525
3023515,40.334934
3023516,2.6604307
3023517,220.9309
3023518,283.00742
3023519,3.1562507
3023520,2.5637372
3023521,236.23846
3023522,131.81044
3023523,88.26665
3023524,2.1496444
3023525,0.8102956
3023526,15.36059
3023527,0.054246176
3023528,14.442249
3023529,296.831
3023530,0.054246176
3023531,287.108
3023532,20.683044
3023533,295.1276
3023534,286.64886
3023535,322.0324
3023536,316.07016
3023537,336.9869
3023538,288.20956
3023539,78.96127
3023540,4.106978
3023541,93.44939
3023542,96.137634
3023543,0.18155992
3023544,300.52673
3023545,24.550293
3023546,22.891132
3023547,45.747852
3023548,213.99332
3023549,23.27591
3023550,55.092487
3023551,352.06693
3023552,34.081146
3023553,34.447792
3023554,105.70557
3023555,299.6578
3023556,12.518491
3023557,123.36023
3023558,84.80793
3023559,15.180339
3023560,0.059366856
3023561,13.379326
3023562,300.32825
3023563,0.059366856
3023564,125.077934
3023565,21.407656
3023566,220.3607
3023567,202.1203
3023568,334.15182
3023569,316.4021
3023570,274.001
3023571,296.20032
3023572,96.37958
3023573,1.207521
3023574,55.74487
3023575,72.894806
3023576,0.6831754
3023577,323.32938
3023578,13.559989
3023579,27.993948
3023580,16.400934
3023581,135.30853
3023582,17.080225
3023583,42.829826
3023584,294.75836
3023585,21.109844
3023586,28.035786
3023587,97.6436
3023588,224.1602
3023589,13.7314
3023590,157.95938
3023591,86.71252
3023592,10.488811
3023593,0.056582678
3023594,18.899412
3023595,297.38263
3023596,0.10698426
3023597,269.3468
3023598,11.460712
3023599,295.28644
3023600,200.47377
3023601,223.80923
3023602,133.98221
3023603,222.19621
3023604,276.32352
3023605,45.577717
3023606,3.0979176
3023607,35.960064
3023608,26.578323
3023609,0.414866
3023610,339.42664
3023611,26.724989
3023612,18.492735
3023613,14.4342575
3023614,79.280174
3023615,9.935113
3023616,208.03696
3023617,260.9019
3023618,19.426702
3023619,41.15664
3023620,178.51508
3023621,127.2291
3023622,9.819796
3023623,184.20563
3023624,41.379383
3023625,14.110439
3023626,0.056582678
3023627,19.562878
3023628,296.5314
3023629,0.056582678
3023630,288.12918
3023631,16.354301
3023632,295.51428
3023633,283.54153
3023634,318.7982
3023635,334.0704
3023636,225.56067
3023637,280.73322
3023638,45.7669
3023639,1.9461969
3023640,58.586887
3023641,59.314053
3023642,1.2338078
3023643,297.29483
3023644,17.810701
3023645,24.507334
3023646,30.031176
3023647,119.5485
3023648,13.136351
3023649,9.165411
3023650,274.0642
3023651,19.249208
3023652,25.670986
3023653,198.06583
3023654,205.73361
3023655,10.410303
3023656,93.60385
3023657,64.11425
3023658,12.312747
3023659,0.056582678
3023660,21.001423
3023661,295.62717
3023662,0.056582678
3023663,294.3615
3023664,14.395937
3023665,298.5651
3023666,226.15271
3023667,311.74344
3023668,107.76059
3023669,146.51866
3023670,282.81046
3023671,34.03818
3023672,0.18042791
3023673,27.702286
3023674,29.411684
3023675,0.265367
3023676,341.82648
3023677,21.345098
3023678,10.451091
3023679,23.467215
3023680,80.72698
3023681,6.2128367
3023682,127.43064
3023683,342.6045
3023684,17.06033
3023685,25.796
3023686,187.76492
3023687,85.36682
3023688,32.14097
3023689,195.16983
3023690,21.04028
3023691,11.059441
3023692,0.059366856
3023693,11.872283
3023694,300.87732
3023695,0.059366856
3023696,291.84134
3023697,23.544544
3023698,293.60806
3023699,289.18335
3023700,335.6805
3023701,348.0132
3023702,303.309
3023703,283.56717
3023704,67.49575
3023705,1.5196826
3023706,46.01199
3023707,45.464893
3023708,0.45168668
3023709,333.0661
3023710,11.925579
3023711,24.647715
3023712,11.876755
3023713,156.08305
3023714,19.192001
3023715,210.892
3023716,339.85022
3023717,15.659751
3023718,28.430878
3023719,134.89235
3023720,197.50967
3023721,14.656534
3023722,277.023
3023723,75.95296
3023724,5.961227
3023725,0.4858893
3023726,7.0616426
3023727,254.20575
3023728,0.08658135
3023729,329.23495
3023730,22.1233
3023731,308.16382
3023732,236.65443
3023733,211.72667
3023734,78.58645
3023735,68.18014
3023736,267.18033
3023737,34.509857
3023738,1.1398125
3023739,26.309708
3023740,18.429516
3023741,0.088695735
3023742,187.4745
3023743,12.297938
3023744,7.4072027
3023745,10.75783
3023746,34.402493
3023747,7.3517838
3023748,235.2681
3023749,226.28677
3023750,3.0318658
3023751,6.071561
3023752,194.73018
3023753,57.91468
3023754,17.987505
3023755,0.38772526
3023756,9.097886
3023757,10.334054
3023758,0.08707483
3023759,13.651188
3023760,294.7836
3023761,0.08707483
3023762,243.39339
3023763,28.054153
3023764,281.19357
3023765,246.50063
3023766,346.23938
3023767,102.12634
3023768,117.702156
3023769,284.09158
3023770,63.41567
3023771,1.4055495
3023772,47.7265
3023773,28.308887
3023774,0.1395908
3023775,326.24634
3023776,21.45067
3023777,8.599762
3023778,4.1155205
3023779,94.61487
3023780,9.249685
3023781,312.53296
3023782,355.5739
3023783,11.48431
3023784,22.252485
3023785,335.9679
3023786,78.31311
3023787,0.0
3023788,140.86174
3023789,15.254849
3023790,6.640911
3023791,0.09560731
3023792,4.7991385
3023793,290.39838
3023794,0.09560731
3023795,237.83566
3023796,8.716998
3023797,271.07825
3023798,276.2386
3023799,220.2018
3023800,323.8129
3023801,196.8579
3023802,274.9266
3023803,40.21206
3023804,1.9694217
3023805,30.425995
3023806,37.392666
3023807,0.52324164
3023808,283.74185
3023809,3.1516263
3023810,40.44397
3023811,4.352443
3023812,91.90986
3023813,9.507203
3023814,215.76645
3023815,294.94754
3023816,18.658115
3023817,10.533878
3023818,84.29507
3023819,111.461235
3023820,0.0
3023821,3.230378
3023822,44.819614
3023823,10.38832
3023824,0.06193194
3023825,8.920838
3023826,302.23376
3023827,0.06193194
3023828,290.69113
3023829,10.53158
3023830,289.95538
3023831,295.60214
3023832,318.98508
3023833,218.53506
3023834,266.65082
3023835,294.49973
3023836,44.606857
3023837,2.9984963
3023838,51.603786
3023839,45.11334
3023840,0.27071625
3023841,321.31592
3023842,7.982075
3023843,41.44637
3023844,9.304503
3023845,178.4259
3023846,8.710602
3023847,332.16058
3023848,318.00754
3023849,13.178727
3023850,21.442364
3023851,323.334
3023852,132.26646
3023853,143.42607
3023854,5.346552
3023855,9.542114
3023856,8.088048
3023857,0.06620148
3023858,3.506813
3023859,185.83908
3023860,0.06620148
3023861,347.1664
3023862,8.298286
3023863,140.83006
3023864,278.09598
3023865,208.66768
3023866,91.54448
3023867,86.041794
3023868,211.01175
3023869,16.329752
3023870,1.0165542
3023871,29.702852
3023872,25.077318
3023873,0.06831588
3023874,163.949
3023875,5.6247244
3023876,10.569836
3023877,6.476762
3023878,22.650072
3023879,4.068749
3023880,245.45651
3023881,210.33054
3023882,3.7988431
3023883,5.1435466
3023884,157.86104
3023885,58.531876
3023886,5.3566756
3023887,0.0
3023888,3.506138
3023889,5.6064806
3023890,0.056966413
3023891,0.7474929
3023892,248.62903
3023893,0.056966413
3023894,241.61597
3023895,4.304121
3023896,279.08615
3023897,265.8333
3023898,225.72206
3023899,76.63018
3023900,29.103237
3023901,246.91127
3023902,11.663967
3023903,0.9343227
3023904,17.639357
3023905,9.002632
3023906,0.0590808
3023907,214.66194
3023908,0.047656048
3023909,0.0
3023910,4.3811593
3023911,18.754583
3023912,0.7400298
3023913,49.87118
3023914,197.62233
3023915,0.053052124
3023916,2.3350687
3023917,60.052242
3023918,84.38093
3023919,290.79062
3023920,0.0
3023921,2.337177
3023922,6.2872577
3023923,0.06363641
3023924,6.570485
3023925,295.0637
3023926,0.06363641
3023927,250.2443
3023928,12.217943
3023929,270.59314
3023930,227.33815
3023931,311.89532
3023932,166.78401
3023933,118.7649
3023934,278.74945
3023935,33.43549
3023936,0.797469
3023937,26.336218
3023938,47.509094
3023939,0.06575078
3023940,253.6517
3023941,21.710964
3023942,14.6399145
3023943,14.661215
3023944,45.601513
3023945,5.940617
3023946,340.518
3023947,323.69965
3023948,7.9750423
3023949,13.59916
3023950,325.47195
3023951,78.38855
3023952,13.742461
3023953,0.0
3023954,37.277363
3023955,4.4583015
3023956,0.10612218
3023957,3.9851031
3023958,294.16473
3023959,0.19728479
3023960,230.93733
3023961,15.085095
3023962,272.12238
3023963,256.41208
3023964,181.1218
3023965,276.86935
3023966,182.49426
3023967,270.37897
3023968,32.22324
3023969,2.9946504
3023970,30.420502
3023971,27.95494
3023972,0.6573085
3023973,221.9659
3023974,11.835181
3023975,33.6219
3023976,8.634326
3023977,101.17529
3023978,11.441424
3023979,347.07608
3023980,247.26822
3023981,7.326954
3023982,13.890514
3023983,140.04947
3023984,121.78874
3023985,15.476401
3023986,0.0813043
3023987,41.398556
3023988,3.2629902
3023989,0.7635915
3023990,10.693504
3023991,297.23886
3023992,0.054910537
3023993,245.10696
3023994,15.817485
3023995,276.67126
3023996,277.8872
3023997,277.4424
3023998,293.45932
3023999,148.2142
3024000,269.17462
3024001,36.732357
3024002,3.0068467
3024003,33.40323
3024004,50.280895
3024005,0.057024915
3024006,310.07773
3024007,24.56348
3024008,28.179676
3024009,20.695965
3024010,96.871216
3024011,17.067846
3024012,341.49698
3024013,309.67712
3024014,16.59147
3024015,17.848898
3024016,166.33981
3024017,138.14738
3024018,14.365374
3024019,1.9485235
3024020,36.687473
3024021,11.198889
3024022,0.5547228
3024023,8.584644
3024024,289.70367
3024025,0.054910537
3024026,305.27353
3024027,12.496806
3024028,290.76102
3024029,149.03546
3024030,302.7225
3024031,277.17783
3024032,87.987785
3024033,280.12985
3024034,9.293329
3024035,1.144267
3024036,49.474346
3024037,37.955303
3024038,0.057024915
3024039,347.90753
3024040,10.011502
3024041,4.4440246
3024042,9.353035
3024043,30.466835
3024044,3.2493055
3024045,327.9506
3024046,341.48743
3024047,6.3636594
3024048,6.6322465
3024049,327.0261
3024050,96.12671
3024051,135.71257
3024052,137.86479
3024053,15.3706875
3024054,4.3263397
3024055,0.0784713
3024056,4.420176
3024057,223.16101
3024058,0.0784713
3024059,329.98334
3024060,10.046692
3024061,249.01553
3024062,317.07376
3024063,127.58072
3024064,131.27313
3024065,118.52635
3024066,299.4638
3024067,18.82989
3024068,1.4805198
3024069,21.26888
3024070,25.627436
3024071,0.11297144
3024072,172.0508
3024073,13.7297735
3024074,17.07815
3024075,9.491807
3024076,78.886154
3024077,6.1189146
3024078,254.77592
3024079,155.92366
3024080,3.4298544
3024081,15.129078
3024082,249.6514
3024083,61.592625
3024084,5.948928
3024085,0.0
3024086,27.832516
3024087,1.1609435
3024088,0.014367563
3024089,1.694227
3024090,281.1596
3024091,0.014367563
3024092,96.69141
3024093,3.6748369
3024094,275.21085
3024095,265.35648
3024096,233.11894
3024097,46.868458
3024098,30.857819
3024099,319.26376
3024100,4.4858894
3024101,0.27540174
3024102,8.689906
3024103,7.370036
3024104,0.048867743
3024105,151.96288
3024106,3.4889097
3024107,0.0
3024108,1.5877552
3024109,10.281687
3024110,0.22433528
3024111,182.0762
3024112,169.99428
3024113,0.5021281
3024114,3.2020822
3024115,135.63304
3024116,24.70072
3024117,287.80197
3024118,14.1014
3024119,2.385168
3024120,7.7984247
3024121,0.11437832
3024122,5.3849406
3024123,330.6402
3024124,0.023215704
3024125,155.6006
3024126,11.779779
3024127,328.16702
3024128,324.39877
3024129,312.34558
3024130,223.93565
3024131,72.51586
3024132,316.0055
3024133,23.434679
3024134,0.5362392
3024135,24.868214
3024136,16.868649
3024137,0.108117476
3024138,346.10568
3024139,5.813508
3024140,1.7655497
3024141,9.066252
3024142,25.386412
3024143,1.8364007
3024144,249.77403
3024145,316.74298
3024146,2.5865538
3024147,13.175203
3024148,262.8979
3024149,86.16214
3024150,325.92316
3024151,28.514326
3024152,9.395355
3024153,6.120446
3024154,0.09045057
3024155,0.8017802
3024156,315.49753
3024157,0.09045057
3024158,172.2975
3024159,9.41445
3024160,315.22443
3024161,315.70197
3024162,194.86343
3024163,53.60057
3024164,35.4725
3024165,295.07703
3024166,6.0105634
3024167,0.35148472
3024168,12.511222
3024169,19.407927
3024170,0.1753523
3024171,164.11365
3024172,6.4593945
3024173,0.0
3024174,11.376664
3024175,23.957438
3024176,1.2053696
3024177,152.00241
3024178,170.35086
3024179,1.3637037
3024180,6.3631425
3024181,147.32396
3024182,32.45324
3024183,352.85452
3024184,17.28628
3024185,3.4259
3024186,4.524258
3024187,0.09045057
3024188,3.6839151
3024189,142.40578
3024190,0.09045057
3024191,109.07039
3024192,6.226805
3024193,220.71094
3024194,244.55884
3024195,146.39565
3024196,40.294117
3024197,29.904598
3024198,300.50974
3024199,13.055675
3024200,0.12495074
3024201,14.532747
3024202,7.2912016
3024203,0.12495074
3024204,140.77574
3024205,1.1978163
3024206,0.0
3024207,2.1392362
3024208,26.064236
3024209,1.5350827
3024210,158.60016
3024211,179.01411
3024212,0.35198507
3024213,4.8176374
3024214,92.63091
3024215,20.888727
3024216,230.57951
3024217,11.6050625
3024218,0.9967186
3024219,3.1388195
3024220,0.08872372
3024221,2.9149842
3024222,298.29492
3024223,0.08872372
3024224,160.41183
3024225,8.631283
3024226,327.4017
3024227,329.92517
3024228,234.11609
3024229,27.7096
3024230,37.635807
3024231,307.11337
3024232,3.6508598
3024233,0.4259403
3024234,8.0930605
3024235,17.364765
3024236,0.1232239
3024237,186.64008
3024238,1.0873346
3024239,0.0
3024240,2.7549345
3024241,10.434281
3024242,1.5305088
3024243,218.0995
3024244,240.42345
3024245,0.72902495
3024246,4.5968065
3024247,73.225334
3024248,85.34841
3024249,354.15262
3024250,1.4627689
3024251,3.8909168
3024252,3.7352602
3024253,0.6251335
3024254,2.701005
3024255,193.65662
3024256,0.07606149
3024257,147.98763
3024258,3.8383949
3024259,332.97717
3024260,304.84155
3024261,232.22797
3024262,97.963974
3024263,61.541973
3024264,309.37564
3024265,4.976185
3024266,1.2424823
3024267,12.695687
3024268,19.803831
3024269,0.16096324
3024270,211.88005
3024271,6.461187
3024272,0.0
3024273,3.163316
3024274,16.441679
3024275,1.4913176
3024276,130.42673
3024277,188.06642
3024278,0.6364444
3024279,4.7339983
3024280,112.43868
3024281,41.4221
3024282,271.48712
3024283,6.1657076
3024284,4.5579224
3024285,3.702153
3024286,0.21870095
3024287,1.5233688
3024288,227.01636
3024289,0.012031061
3024290,142.6833
3024291,4.6033044
3024292,131.01855
3024293,240.10046
3024294,156.90784
3024295,126.63537
3024296,26.062912
3024297,225.6317
3024298,4.589185
3024299,0.25320113
3024300,11.095351
3024301,11.884403
3024302,0.25320113
3024303,151.18648
3024304,0.03510646
3024305,0.0
3024306,2.4270852
3024307,19.975672
3024308,1.4481063
3024309,48.7165
3024310,127.233864
3024311,0.8590189
3024312,2.9171946
3024313,59.50102
3024314,35.52717
3024315,282.66772
3024316,0.0
3024317,1.174882
3024318,6.975848
3024319,0.47510543
3024320,2.8553019
3024321,325.4707
3024322,0.014162173
3024323,286.63025
3024324,5.6145086
3024325,329.72394
3024326,233.6262
3024327,339.88687
3024328,173.35277
3024329,95.99081
3024330,306.01175
3024331,13.111714
3024332,1.1912899
3024333,24.395535
3024334,24.539595
3024335,0.048662353
3024336,271.9515
3024337,0.1669755
3024338,0.0
3024339,10.091997
3024340,24.271858
3024341,3.6306272
3024342,248.16188
3024343,249.8742
3024344,1.4271773
3024345,7.984464
3024346,310.61163
3024347,50.331944
3024348,322.51663
3024349,27.975645
3024350,11.036873
3024351,3.3573802
3024352,0.58823353
3024353,4.4540358
3024354,327.77005
3024355,0.014367563
3024356,198.87846
3024357,7.2926292
3024358,268.96832
3024359,313.74377
3024360,182.49446
3024361,151.28102
3024362,47.76261
3024363,319.56073
3024364,12.809705
3024365,0.7493703
3024366,13.6536
3024367,19.147196
3024368,0.048867743
3024369,155.6787
3024370,7.7871685
3024371,5.0251484
3024372,5.8969903
3024373,38.174168
3024374,1.6824183
3024375,91.9137
3024376,144.22691
3024377,2.744294
3024378,6.5425277
3024379,149.70647
3024380,47.05764
3024381,322.26215
3024382,57.54223
3024383,12.997901
3024384,4.7814302
3024385,0.24753898
3024386,3.3595128
3024387,331.93204
3024388,0.09793717
3024389,149.59444
3024390,5.8892307
3024391,196.72485
3024392,320.00455
3024393,264.81915
3024394,49.745544
3024395,38.26997
3024396,307.81686
3024397,11.032494
3024398,1.372872
3024399,12.214435
3024400,14.703825
3024401,0.18283889
3024402,167.74356
3024403,7.0365915
3024404,0.0
3024405,3.3948064
3024406,26.296518
3024407,2.6452515
3024408,140.74016
3024409,170.55861
3024410,1.0679408
3024411,4.566064
3024412,93.754265
3024413,24.982607
3024414,348.49316
3024415,17.120195
3024416,4.1986322
3024417,5.2917347
3024418,0.02075695
3024419,5.333893
3024420,333.9692
3024421,0.02075695
3024422,244.51642
3024423,10.992204
3024424,233.06448
3024425,231.6127
3024426,177.97987
3024427,143.1266
3024428,80.4285
3024429,298.8644
3024430,26.461637
3024431,1.4335269
3024432,15.995036
3024433,27.889912
3024434,0.0552571
3024435,191.98718
3024436,17.78325
3024437,13.070361
3024438,4.070478
3024439,52.095642
3024440,8.413321
3024441,316.16016
3024442,231.4409
3024443,7.588054
3024444,7.795623
3024445,330.4717
3024446,92.32927
3024447,7.246422
3024448,0.0
3024449,31.567055
3024450,5.6565757
3024451,0.012031061
3024452,3.8768234
3024453,327.51523
3024454,0.012031061
3024455,312.7712
3024456,5.672955
3024457,329.16385
3024458,289.63547
3024459,338.36533
3024460,87.92221
3024461,67.19327
3024462,322.07516
3024463,10.389156
3024464,0.31940126
3024465,19.038895
3024466,15.338983
3024467,0.04653123
3024468,280.8185
3024469,1.2435577
3024470,7.6980076
3024471,5.1849504
3024472,36.964867
3024473,1.8541962
3024474,261.154
3024475,283.80325
3024476,3.3565006
3024477,5.1782503
3024478,247.22855
3024479,57.204838
3024480,330.90192
3024481,81.56057
3024482,13.390783
3024483,8.961381
3024484,0.41133907
3024485,4.242567
3024486,325.89087
3024487,0.012031061
3024488,327.3329
3024489,5.38177
3024490,330.61987
3024491,310.94077
3024492,272.0367
3024493,221.23875
3024494,74.64433
3024495,318.918
3024496,15.510065
3024497,0.40270013
3024498,34.22671
3024499,28.92515
3024500,0.13769382
3024501,267.533
3024502,3.5657039
3024503,4.6397057
3024504,9.552467
3024505,58.117153
3024506,1.6537828
3024507,114.7581
3024508,236.30632
3024509,2.6011662
3024510,4.680111
3024511,158.44731
3024512,146.33504
3024513,325.32156
3024514,0.0
3024515,4.9789968
3024516,4.383188
3024517,0.1646744
3024518,3.608147
3024519,318.21732
3024520,0.012031061
3024521,114.76919
3024522,5.5507493
3024523,319.7469
3024524,306.1187
3024525,142.05064
3024526,44.77648
3024527,41.957127
3024528,306.5353
3024529,6.4367404
3024530,0.98400575
3024531,24.746038
3024532,19.477657
3024533,0.04653123
3024534,164.58113
3024535,0.24177635
3024536,0.0
3024537,3.685385
3024538,27.457697
3024539,2.5419893
3024540,91.79898
3024541,152.51877
3024542,0.90629536
3024543,5.6900167
3024544,146.83073
3024545,26.418423
3024546,348.1383
3024547,29.90379
3024548,1.7589655
3024549,1.9510074
3024550,0.030901486
3024551,2.5940242
3024552,181.49623
3024553,0.16063938
3024554,242.93839
3024555,7.6523814
3024556,285.10776
3024557,323.67648
3024558,108.76116
3024559,46.831062
3024560,53.23696
3024561,330.64038
3024562,20.856262
3024563,0.32552418
3024564,9.108724
3024565,11.467608
3024566,0.3681181
3024567,108.29546
3024568,12.697724
3024569,1.3874391
3024570,7.4757833
3024571,34.25728
3024572,3.9726868
3024573,288.9808
3024574,147.32253
3024575,3.331931
3024576,5.029598
3024577,286.28525
3024578,28.837156
3024579,2.9353075
3024580,0.0
3024581,7.7233872
3024582,1.8150849
3024583,0.0
3024584,3.9509485
3024585,320.95975
3024586,0.0
3024587,278.62582
3024588,14.250588
3024589,299.98587
3024590,308.11163
3024591,239.27509
3024592,203.41064
3024593,134.62854
3024594,314.51187
3024595,28.399717
3024596,0.48244014
3024597,15.608814
3024598,32.162544
3024599,0.02967991
3024600,211.46217
3024601,13.102745
3024602,30.419884
3024603,8.389112
3024604,58.167007
3024605,10.787178
3024606,318.49112
3024607,249.75517
3024608,14.861986
3024609,7.479818
3024610,309.07156
3024611,101.233
3024612,15.0413
3024613,0.0
3024614,20.490494
3024615,3.0932865
3024616,0.017439928
3024617,3.0961313
3024618,321.71216
3024619,0.017439928
3024620,281.0041
3024621,6.425486
3024622,311.72284
3024623,268.37103
3024624,142.52997
3024625,110.10576
3024626,71.93266
3024627,296.21927
3024628,21.790981
3024629,1.4182422
3024630,18.074362
3024631,14.901748
3024632,0.051940054
3024633,85.16902
3024634,0.040515307
3024635,18.024454
3024636,4.102244
3024637,109.686676
3024638,9.315698
3024639,148.65869
3024640,112.281715
3024641,4.6250343
3024642,6.239168
3024643,152.6147
3024644,34.84971
3024645,231.24222
3024646,0.6391945
3024647,5.9133167
3024648,3.5641763
3024649,0.026249468
3024650,0.47173935
3024651,291.96823
3024652,0.026249468
3024653,195.2625
3024654,3.9210033
3024655,255.31248
3024656,193.69044
3024657,66.01585
3024658,30.168554
3024659,27.399855
3024660,312.1638
3024661,9.9541025
3024662,0.51350963
3024663,10.793391
3024664,6.9118
3024665,0.26741955
3024666,59.829678
3024667,0.049324896
3024668,4.9055524
3024669,0.6560693
3024670,11.5824375
3024671,0.13048798
3024672,195.55971
3024673,93.4233
3024674,1.4260708
3024675,1.5938369
3024676,115.0271
3024677,22.455479
3024678,325.71985
3024679,0.38988486
3024680,2.3667731
3024681,6.0063634
3024682,0.5978385
3024683,3.051008
3024684,326.3146
3024685,0.023972549
3024686,234.72731
3024687,13.912973
3024688,156.33392
3024689,175.67003
3024690,243.78423
3024691,204.47511
3024692,93.32263
3024693,315.2371
3024694,29.924906
3024695,2.5277507
3024696,16.200771
3024697,26.457752
3024698,0.14963531
3024699,168.4138
3024700,5.218183
3024701,31.625147
3024702,9.6006565
3024703,90.84058
3024704,3.5474896
3024705,262.29428
3024706,226.98141
3024707,9.393333
3024708,7.8774204
3024709,305.32013
3024710,64.95555
3024711,3.8607216
3024712,0.54922163
3024713,13.943061
3024714,5.531104
3024715,0.026249468
3024716,3.1819963
3024717,188.30556
3024718,0.026249468
3024719,318.58112
3024720,12.041256
3024721,250.95238
3024722,311.15344
3024723,295.87952
3024724,204.28317
3024725,66.475266
3024726,316.25208
3024727,16.893932
3024728,1.0468358
3024729,25.63747
3024730,16.791153
3024731,0.9593373
3024732,233.08653
3024733,0.049324896
3024734,5.9340415
3024735,4.6983013
3024736,31.310913
3024737,0.7371591
3024738,188.36258
3024739,255.8931
3024740,4.0907445
3024741,4.3736677
3024742,188.90094
3024743,85.55383
3024744,337.03763
3024745,1.6811862
3024746,4.875726
3024747,5.2894316
3024748,0.17585126
3024749,3.3446362
3024750,308.08234
3024751,0.026249468
3024752,335.65298
3024753,10.893447
3024754,314.41876
3024755,311.96347
3024756,238.38109
3024757,191.10568
3024758,59.738018
3024759,318.69904
3024760,15.746429
3024761,1.2346982
3024762,23.886227
3024763,20.765947
3024764,0.06074964
3024765,224.0882
3024766,0.049324896
3024767,8.757978
3024768,4.903645
3024769,57.03342
3024770,1.1282833
3024771,124.71079
3024772,207.68132
3024773,4.1449046
3024774,4.4741364
3024775,183.978
3024776,60.182537
3024777,335.83994
3024778,1.3689681
3024779,6.0114245
3024780,10.264728
3024781,0.98338974
3024782,15.300968
3024783,336.26245
3024784,0.04370191
3024785,314.01416
3024786,28.021454
3024787,321.1304
3024788,326.84756
3024789,304.97293
3024790,341.27417
3024791,287.43436
3024792,316.96298
3024793,69.43026
3024794,2.6910665
3024795,47.420734
3024796,53.22743
3024797,0.078202024
3024798,342.42734
3024799,32.433613
3024800,45.405273
3024801,23.367144
3024802,146.17816
3024803,24.851418
3024804,59.731342
3024805,344.17297
3024806,17.508135
3024807,21.704502
3024808,128.45958
3024809,207.7845
3024810,5.7508097
3024811,0.5178295
3024812,72.06387
3024813,2.8986006
3024814,0.43001112
3024815,0.5559212
3024816,263.06094
3024817,0.022520512
3024818,158.3397
3024819,4.7411146
3024820,330.90308
3024821,242.13184
3024822,101.98629
3024823,124.01981
3024824,44.991516
3024825,212.24832
3024826,5.515764
3024827,0.20966399
3024828,12.746064
3024829,7.049462
3024830,0.057020668
3024831,127.27372
3024832,1.2520859
3024833,0.0
3024834,2.3419383
3024835,22.074005
3024836,0.8080757
3024837,65.74719
3024838,83.39098
3024839,1.414999
3024840,3.7190125
3024841,102.03135
3024842,21.808357
3024843,301.95786
3024844,0.021631312
3024845,3.3094866
3024846,7.1373324
3024847,0.22844261
3024848,1.4929875
3024849,128.67757
3024850,0.02177272
3024851,346.57303
3024852,8.498717
3024853,319.24557
3024854,240.46509
3024855,218.83357
3024856,269.14694
3024857,73.007744
3024858,324.4567
3024859,11.371874
3024860,0.35898933
3024861,18.043291
3024862,17.845709
3024863,0.056272868
3024864,252.51083
3024865,0.49572194
3024866,4.754668
3024867,12.24841
3024868,15.550622
3024869,1.1403143
3024870,312.65857
3024871,223.08115
3024872,3.4815855
3024873,6.544904
3024874,136.1943
3024875,56.762016
3024876,333.95508
3024877,1.5824618
3024878,4.941295
3024879,1.4845905
3024880,0.022520512
3024881,0.86871696
3024882,301.4573
3024883,0.022520512
3024884,115.63435
3024885,4.21657
3024886,323.16428
3024887,144.15845
3024888,79.479744
3024889,137.67348
3024890,16.482985
3024891,306.69324
3024892,1.0093298
3024893,0.26369056
3024894,7.114155
3024895,3.82816
3024896,0.10742229
3024897,80.814064
3024898,0.045595925
3024899,0.0
3024900,0.36817634
3024901,17.688982
3024902,0.28302735
3024903,73.09054
3024904,72.93575
3024905,0.4071609
3024906,0.9131264
3024907,54.644127
3024908,9.544753
3024909,317.26688
3024910,0.0
3024911,1.2010356
3024912,6.1546993
3024913,0.012031061
3024914,1.9313276
3024915,227.30139
3024916,0.012031061
3024917,211.40395
3024918,7.971396
3024919,321.9304
3024920,300.56015
3024921,176.74313
3024922,146.95367
3024923,47.065212
3024924,315.49234
3024925,3.4483998
3024926,0.2730652
3024927,31.299942
3024928,12.909435
3024929,0.25320113
3024930,202.04317
3024931,0.03510646
3024932,0.0
3024933,11.20725
3024934,28.025826
3024935,0.86836016
3024936,239.87286
3024937,193.94664
3024938,1.903893
3024939,2.4278655
3024940,193.74393
3024941,30.704298
3024942,329.5667
3024943,0.0
3024944,0.5027937
3024945,2.65745
3024946,0.24905454
3024947,1.4396907
3024948,318.92868
3024949,0.022520512
3024950,202.36542
3024951,7.9941955
3024952,284.45538
3024953,211.19247
3024954,215.00294
3024955,121.044
3024956,59.148014
3024957,314.81653
3024958,7.153819
3024959,3.603792
3024960,26.63714
3024961,34.78594
3024962,0.057020668
3024963,200.00046
3024964,1.0792315
3024965,5.7913404
3024966,3.217691
3024967,15.994294
3024968,1.8504789
3024969,162.50352
3024970,256.21204
3024971,3.0142987
3024972,5.651228
3024973,139.51366
3024974,26.501823
3024975,255.48746
3024976,3.7741473
3024977,2.1845548
3024978,2.8209925
3024979,0.020464642
3024980,0.25352108
3024981,175.87279
3024982,0.020464642
3024983,125.14446
3024984,2.0684536
3024985,331.95264
3024986,166.4146
3024987,86.57729
3024988,130.63197
3024989,37.983955
3024990,306.23398
3024991,5.728234
3024992,0.58034724
3024993,8.093727
3024994,4.528636
3024995,0.105366424
3024996,81.884796
3024997,0.043540042
3024998,0.0
3024999,0.13470265
3025000,27.206726
3025001,0.6084236
3025002,194.51129
3025003,76.952126
3025004,0.67063034
3025005,2.5120609
3025006,46.45412
3025007,15.973091
3025008,336.70752
3025009,0.0
3025010,1.4270386
3025011,4.0467143
3025012,0.038884796
3025013,0.86312306
3025014,208.76144
3025015,0.038884796
3025016,341.221
3025017,8.660838
3025018,194.60759
3025019,309.46228
3025020,199.85718
3025021,157.36824
3025022,72.82974
3025023,308.5889
3025024,8.785542
3025025,0.2800549
3025026,31.805845
3025027,9.934024
3025028,0.07338497
3025029,194.94598
3025030,0.061960224
3025031,28.932013
3025032,3.4036534
3025033,41.773014
3025034,0.98941743
3025035,214.10019
3025036,194.22528
3025037,3.1682127
3025038,2.8600962
3025039,128.36179
3025040,44.08098
3025041,333.97507
3025042,0.7946451
3025043,1.6546847
3025044,3.9363086
3025045,0.08402884
3025046,8.137603
3025047,295.32568
3025048,0.08402884
3025049,297.71393
3025050,5.4269214
3025051,243.65999
3025052,173.806
3025053,148.52632
3025054,107.31721
3025055,107.06549
3025056,297.439
3025057,42.9536
3025058,0.9999891
3025059,24.180555
3025060,29.07764
3025061,0.46223822
3025062,182.89941
3025063,20.506014
3025064,18.135057
3025065,1.2813793
3025066,77.92712
3025067,8.780854
3025068,191.06523
3025069,250.09843
3025070,12.712145
3025071,12.310573
3025072,211.8484
3025073,65.10806
3025074,9.096972
3025075,0.0
3025076,9.119019
3025077,5.2368245
3025078,0.012031061
3025079,5.631006
3025080,288.946
3025081,0.012031061
3025082,346.61862
3025083,9.911475
3025084,314.84427
3025085,222.89578
3025086,138.84224
3025087,80.161194
3025088,92.81218
3025089,314.5925
3025090,25.859148
3025091,0.90026546
3025092,42.567535
3025093,31.857943
3025094,0.04653123
3025095,261.7761
3025096,19.629627
3025097,14.357949
3025098,8.700094
3025099,50.88653
3025100,10.430508
3025101,141.30246
3025102,312.574
3025103,6.418577
3025104,9.394088
3025105,119.23311
3025106,72.906715
3025107,0.9831448
3025108,8.457708
3025109,12.7788515
3025110,8.076254
3025111,0.1587235
3025112,3.9419153
3025113,314.453
3025114,0.06756085
3025115,156.81078
3025116,4.402715
3025117,314.38235
3025118,306.2744
3025119,178.25705
3025120,239.345
3025121,62.662193
3025122,315.3259
3025123,28.5655
3025124,1.6234572
3025125,23.91952
3025126,16.939276
3025127,0.10206102
3025128,305.93646
3025129,4.6385927
3025130,15.766823
3025131,6.6073895
3025132,37.841507
3025133,3.8707917
3025134,162.93909
3025135,279.5969
3025136,6.7084074
3025137,8.650102
3025138,207.66646
3025139,48.446888
3025140,323.51044
3025141,3.3014567
3025142,12.018102
3025143,3.6561897
3025144,0.7158995
3025145,5.5744762
3025146,336.76498
3025147,0.02850844
3025148,322.61118
3025149,5.9911833
3025150,226.52205
3025151,183.07472
3025152,161.67235
3025153,122.63318
3025154,70.68631
3025155,310.67905
3025156,21.499464
3025157,0.8550352
3025158,16.848238
3025159,10.260061
3025160,0.06300858
3025161,157.29454
3025162,15.82081
3025163,17.864267
3025164,1.8968875
3025165,47.036716
3025166,7.2734447
3025167,291.56293
3025168,217.16751
3025169,4.9951334
3025170,7.1095023
3025171,316.19907
3025172,52.71116
3025173,7.7129345
3025174,0.0
3025175,22.561005
3025176,2.627294
3025177,0.06283975
3025178,3.7434008
3025179,231.01445
3025180,0.06283975
3025181,328.4301
3025182,7.895963
3025183,307.55707
3025184,287.11935
3025185,252.31937
3025186,186.44952
3025187,63.136356
3025188,307.04715
3025189,10.124144
3025190,2.2842252
3025191,28.975441
3025192,26.11375
3025193,0.18850252
3025194,327.00223
3025195,0.08591512
3025196,0.0
3025197,8.978305
3025198,29.085955
3025199,1.8308082
3025200,140.99153
3025201,278.8511
3025202,2.8593771
3025203,10.934171
3025204,161.24086
3025205,54.962208
3025206,329.31076
3025207,0.0
3025208,3.9320667
3025209,7.102728
3025210,0.06283975
3025211,6.761042
3025212,241.35942
3025213,0.06283975
3025214,349.48154
3025215,9.946892
3025216,166.36226
3025217,263.60617
3025218,186.06392
3025219,114.18206
3025220,102.925735
3025221,305.39255
3025222,31.473778
3025223,1.1642153
3025224,22.369814
3025225,47.215816
3025226,0.09733988
3025227,208.24236
3025228,15.956855
3025229,13.055993
3025230,6.269137
3025231,50.602154
3025232,10.499874
3025233,173.493
3025234,228.4471
3025235,11.6077385
3025236,7.071717
3025237,165.76717
3025238,55.553356
3025239,5.190996
3025240,0.19354005
3025241,7.111329
3025242,3.5898015
3025243,0.06088752
3025244,5.5329785
3025245,285.99048
3025246,0.06088752
3025247,343.7803
3025248,6.300419
3025249,242.3893
3025250,277.52438
3025251,144.81572
3025252,113.07744
3025253,106.15555
3025254,291.59946
3025255,26.703444
3025256,0.84730315
3025257,22.03469
3025258,22.46158
3025259,0.09538767
3025260,171.99026
3025261,12.239178
3025262,31.351215
3025263,2.210811
3025264,41.70699
3025265,7.9299355
3025266,205.0589
3025267,197.15022
3025268,8.502252
3025269,7.319011
3025270,185.74353
3025271,49.354706
3025272,138.0502
3025273,0.0
3025274,12.61382
3025275,6.236181
3025276,0.072581366
3025277,5.3449125
3025278,152.76471
3025279,0.072581366
3025280,153.74884
3025281,14.65869
3025282,293.9579
3025283,139.40392
3025284,272.4385
3025285,202.81018
3025286,60.141956
3025287,298.2375
3025288,9.770277
3025289,0.15748316
3025290,17.438549
3025291,21.135492
3025292,0.10708159
3025293,240.00777
3025294,0.09565683
3025295,16.474503
3025296,1.5681914
3025297,52.644962
3025298,3.5097578
3025299,214.72589
3025300,276.12018
3025301,2.7822492
3025302,2.0664008
3025303,224.58012
3025304,132.11107
3025305,178.53906
3025306,2.01639
3025307,0.64291
3025308,13.50006
3025309,0.011366692
3025310,13.346187
3025311,327.0964
3025312,0.011366692
3025313,306.65918
3025314,20.57315
3025315,324.4148
3025316,330.08853
3025317,352.11023
3025318,303.3638
3025319,326.87045
3025320,325.2039
3025321,76.08479
3025322,3.7850955
3025323,104.19946
3025324,100.149536
3025325,0.10901603
3025326,318.79437
3025327,35.324448
3025328,22.797026
3025329,47.207485
3025330,202.76682
3025331,22.390862
3025332,54.82383
3025333,348.3078
3025334,34.03904
3025335,32.933174
3025336,137.92291
3025337,282.16962
3025338,0.0
3025339,148.96858
3025340,79.14202
3025341,14.009933
3025342,0.016487373
3025343,12.915061
3025344,328.99637
3025345,0.016487373
3025346,118.575195
3025347,21.826044
3025348,205.09482
3025349,200.51926
3025350,326.86548
3025351,274.11624
3025352,237.4332
3025353,326.3522
3025354,95.22805
3025355,1.2103039
3025356,54.65684
3025357,73.20682
3025358,0.70665586
3025359,316.61008
3025360,28.11665
3025361,27.455256
3025362,12.690315
3025363,130.66304
3025364,17.247686
3025365,39.90962
3025366,328.9606
3025367,21.031113
3025368,24.405634
3025369,128.01442
3025370,206.4995
3025371,6.8813252
3025372,161.6029
3025373,73.23682
3025374,9.849089
3025375,0.013703194
3025376,19.46713
3025377,326.65024
3025378,0.064104795
3025379,244.11824
3025380,11.098078
3025381,326.23087
3025382,230.81798
3025383,177.10031
3025384,116.04514
3025385,207.82845
3025386,313.29395
3025387,42.436752
3025388,3.2080028
3025389,43.01906
3025390,24.614895
3025391,0.27473736
3025392,344.80002
3025393,35.926903
3025394,18.455828
3025395,12.374955
3025396,82.606834
3025397,9.606454
3025398,223.22478
3025399,237.29388
3025400,18.739946
3025401,42.27565
3025402,192.15538
3025403,119.396736
3025404,5.0667615
3025405,179.9294
3025406,39.59343
3025407,14.485054
3025408,0.013703194
3025409,20.613508
3025410,328.29855
3025411,0.013703194
3025412,320.97046
3025413,17.099684
3025414,331.48502
3025415,331.4664
3025416,287.10968
3025417,296.66837
3025418,206.12354
3025419,327.16052
3025420,45.29655
3025421,1.7599179
3025422,63.024628
3025423,61.954414
3025424,1.2920092
3025425,323.10693
3025426,27.593801
3025427,22.282738
3025428,15.264878
3025429,129.29153
3025430,12.510971
3025431,8.896753
3025432,268.59265
3025433,18.525204
3025434,25.822002
3025435,161.46391
3025436,199.01578
3025437,10.69319
3025438,86.87688
3025439,59.990414
3025440,11.546088
3025441,0.013703194
3025442,22.093645
3025443,331.2395
3025444,0.013703194
3025445,256.8692
3025446,14.178211
3025447,331.34375
3025448,185.89252
3025449,324.77832
3025450,94.0294
3025451,152.36482
3025452,319.01584
3025453,35.37438
3025454,0.13936594
3025455,27.539602
3025456,51.69805
3025457,0.25487328
3025458,340.613
3025459,21.128563
3025460,9.687837
3025461,7.1225686
3025462,80.21826
3025463,5.85069
3025464,107.421715
3025465,347.58276
3025466,15.48464
3025467,25.786095
3025468,163.96799
3025469,77.82732
3025470,32.6142
3025471,169.16666
3025472,21.032188
3025473,10.710079
3025474,0.016487373
3025475,12.079316
3025476,325.66675
3025477,0.016487373
3025478,234.0839
3025479,25.197063
3025480,325.7911
3025481,332.56113
3025482,339.80515
3025483,337.7761
3025484,288.4118
3025485,316.7892
3025486,67.63977
3025487,1.2307857
3025488,48.382595
3025489,47.619564
3025490,0.4199039
3025491,336.97922
3025492,17.569237
3025493,22.694061
3025494,11.827615
3025495,149.09784
3025496,17.169666
3025497,186.81448
3025498,339.78973
3025499,14.710294
3025500,24.6804
3025501,148.06352
3025502,188.98904
3025503,6.021312
3025504,264.00128
3025505,70.133064
3025506,6.348924
3025507,0.46287376
3025508,6.5781655
3025509,290.86688
3025510,0.04370191
3025511,333.20438
3025512,22.77877
3025513,293.5829
3025514,260.23587
3025515,206.22684
3025516,72.22537
3025517,70.0967
3025518,309.33014
3025519,30.854685
3025520,1.2072667
3025521,28.090513
3025522,19.232048
3025523,0.078202024
3025524,155.25996
3025525,12.4109335
3025526,6.809025
3025527,10.264185
3025528,40.954426
3025529,7.4911532
3025530,213.30548
3025531,224.52176
3025532,2.9438465
3025533,5.855616
3025534,196.06815
3025535,51.771275
3025536,9.553374
3025537,0.37867504
3025538,9.359531
3025539,11.260413
3025540,0.0441954
3025541,12.443811
3025542,326.37488
3025543,0.0441954
3025544,254.0226
3025545,28.14564
3025546,315.30127
3025547,231.04732
3025548,320.00668
3025549,92.647194
3025550,124.963036
3025551,323.03735
3025552,63.140614
3025553,1.2882923
3025554,58.034096
3025555,28.860132
3025556,0.1290971
3025557,309.7075
3025558,27.826822
3025559,7.721946
3025560,3.8494174
3025561,98.610725
3025562,8.830394
3025563,307.82596
3025564,335.1014
3025565,10.795177
3025566,19.85146
3025567,320.03397
3025568,75.98959
3025569,3.6948404
3025570,178.61076
3025571,17.424417
3025572,6.620826
3025573,0.052727852
3025574,6.0270467
3025575,326.15417
3025576,0.052727852
3025577,254.67432
3025578,8.854742
3025579,303.55182
3025580,319.3648
3025581,211.70152
3025582,288.64334
3025583,196.82578
3025584,306.32944
3025585,41.42965
3025586,1.9480048
3025587,32.75934
3025588,40.341026
3025589,0.48653585
3025590,253.52837
3025591,3.2149265
3025592,39.01433
3025593,4.152361
3025594,78.51958
3025595,9.0159025
3025596,216.91904
3025597,246.90616
3025598,17.720343
3025599,9.982766
3025600,90.09859
3025601,107.22236
3025602,0.0
3025603,2.7289827
3025604,44.518288
3025605,9.450223
3025606,0.019052466
3025607,9.465753
3025608,307.18396
3025609,0.019052466
3025610,295.69998
3025611,10.612573
3025612,294.5552
3025613,301.2591
3025614,297.15784
3025615,189.92386
3025616,245.90044
3025617,302.70444
3025618,39.484497
3025619,3.2557817
3025620,51.995167
3025621,44.141884
3025622,0.26022252
3025623,314.61658
3025624,7.1560783
3025625,41.69387
3025626,9.779049
3025627,165.60878
3025628,9.287857
3025629,322.89273
3025630,291.628
3025631,12.831409
3025632,23.362686
3025633,304.17648
3025634,111.545784
3025635,149.07861
3025636,4.774066
3025637,9.481349
3025638,7.223154
3025639,0.023322038
3025640,2.1381335
3025641,196.99074
3025642,0.023322038
3025643,330.78647
3025644,7.651316
3025645,135.31067
3025646,260.06116
3025647,195.95331
3025648,84.953636
3025649,90.55905
3025650,197.31691
3025651,14.255903
3025652,1.0477962
3025653,23.453993
3025654,23.313826
3025655,0.0578222
3025656,144.07246
3025657,5.773191
3025658,10.471698
3025659,6.19657
3025660,46.884712
3025661,3.7375548
3025662,222.63338
3025663,200.4053
3025664,3.6147654
3025665,5.2809
3025666,144.90959
3025667,54.599472
3025668,8.231602
3025669,0.0
3025670,4.6623
3025671,5.5465055
3025672,0.014086933
3025673,2.8551862
3025674,207.20976
3025675,0.014086933
3025676,206.58652
3025677,4.3355474
3025678,272.7613
3025679,233.61618
3025680,195.87163
3025681,61.609585
3025682,29.03524
3025683,284.2261
3025684,10.580769
3025685,0.923829
3025686,19.580618
3025687,9.239028
3025688,0.048587117
3025689,180.86627
3025690,0.037162352
3025691,0.0
3025692,4.876626
3025693,19.493587
3025694,0.74087125
3025695,50.507206
3025696,168.91867
3025697,0.042558428
3025698,2.1979547
3025699,60.623615
3025700,85.07034
3025701,284.35056
3025702,0.0
3025703,2.5697615
3025704,6.4664097
3025705,0.02075695
3025706,6.402243
3025707,331.98175
3025708,0.02075695
3025709,239.5404
3025710,12.082568
3025711,320.02548
3025712,229.03413
3025713,268.26962
3025714,138.61804
3025715,123.37976
3025716,314.12213
3025717,30.021898
3025718,0.7869753
3025719,17.288881
3025720,31.320583
3025721,0.0552571
3025722,222.78046
3025723,19.736364
3025724,13.302004
3025725,13.491114
3025726,54.093533
3025727,5.5901284
3025728,334.9117
3025729,297.7267
3025730,7.947633
3025731,12.8000345
3025732,332.8053
3025733,78.4189
3025734,7.259375
3025735,0.00039336368
3025736,33.672955
3025737,4.4411063
3025738,0.06324273
3025739,4.5165997
3025740,334.95038
3025741,0.15440533
3025742,227.1222
3025743,14.900285
3025744,329.80652
3025745,312.74307
3025746,170.03516
3025747,244.13954
3025748,178.45538
3025749,310.9084
3025750,32.620323
3025751,2.6567485
3025752,30.236458
3025753,35.35788
3025754,0.57626617
3025755,198.6889
3025756,11.534033
3025757,35.74888
3025758,10.730991
3025759,102.91078
3025760,12.690551
3025761,339.5809
3025762,225.1573
3025763,7.1414857
3025764,12.599989
3025765,120.64988
3025766,103.371544
3025767,8.614837
3025768,0.04459833
3025769,40.846508
3025770,3.1988058
3025771,0.7546857
3025772,7.9098525
3025773,228.78136
3025774,0.012031061
3025775,196.1291
3025776,17.054735
3025777,239.34476
3025778,241.42264
3025779,242.69232
3025780,260.71332
3025781,139.22382
3025782,244.89665
3025783,35.31295
3025784,2.7377176
3025785,31.07621
3025786,39.937157
3025787,0.04653123
3025788,276.67166
3025789,25.367105
3025790,29.306244
3025791,16.43638
3025792,89.094315
3025793,16.65762
3025794,331.24045
3025795,259.76245
3025796,15.426338
3025797,17.34353
3025798,186.83917
3025799,121.3642
3025800,7.464607
3025801,1.5452073
3025802,28.67616
3025803,12.010765
3025804,0.51184326
3025805,9.378507
3025806,330.59293
3025807,0.012031061
3025808,319.8817
3025809,13.05446
3025810,333.1852
3025811,151.26862
3025812,307.40063
3025813,189.5252
3025814,90.75257
3025815,315.61853
3025816,9.30094
3025817,1.1287646
3025818,49.157433
3025819,43.34134
3025820,0.04653123
3025821,332.63867
3025822,8.669947
3025823,3.7742193
3025824,8.780111
3025825,35.933273
3025826,3.3332207
3025827,306.6077
3025828,334.7535
3025829,5.8733735
3025830,6.2855835
3025831,315.33765
3025832,93.192764
3025833,328.66025
3025834,142.24905
3025835,15.7888155
3025836,4.326263
3025837,0.03806771
3025838,2.4035552
3025839,191.30722
3025840,0.03806771
3025841,348.60788
3025842,10.409055
3025843,266.22668
3025844,327.74762
3025845,117.89749
3025846,133.08127
3025847,130.19707
3025848,286.58612
3025849,18.365261
3025850,1.4464347
3025851,29.246256
3025852,26.01504
3025853,0.072567895
3025854,147.93404
3025855,14.513622
3025856,21.294407
3025857,6.8505054
3025858,97.14972
3025859,5.8131204
3025860,255.65195
3025861,158.27698
3025862,3.478774
3025863,14.914691
3025864,274.235
3025865,58.016327
3025866,227.36815
3025867,0.0
3025868,27.366247
3025869,4.0578847
3025870,0.018441634
3025871,2.8444319
3025872,284.26877
3025873,0.018441634
3025874,116.06345
3025875,5.30508
3025876,317.288
3025877,290.42554
3025878,243.45018
3025879,58.36792
3025880,37.58996
3025881,299.60608
3025882,7.5593
3025883,0.36358166
3025884,17.458076
3025885,16.758167
3025886,0.14768164
3025887,179.31772
3025888,7.675187
3025889,0.0
3025890,2.9193876
3025891,16.746174
3025892,3.871896
3025893,224.99393
3025894,208.8901
3025895,3.5543275
3025896,5.3578734
3025897,152.48636
3025898,32.545906
3025899,258.4887
3025900,2.8655303
3025901,3.688663
3025902,6.8585973
3025903,0.16130264
3025904,5.3185935
3025905,297.908
3025906,0.027289767
3025907,163.15268
3025908,12.22786
3025909,296.02902
3025910,227.74962
3025911,315.40805
3025912,194.70227
3025913,73.11571
3025914,300.63586
3025915,25.01123
3025916,0.46895915
3025917,24.822151
3025918,18.925993
3025919,0.18305527
3025920,317.87274
3025921,7.1985517
3025922,0.8547362
3025923,9.480462
3025924,26.214937
3025925,2.0026388
3025926,220.94382
3025927,296.1218
3025928,3.0737317
3025929,12.12066
3025930,264.43542
3025931,93.9986
3025932,130.46707
3025933,34.842888
3025934,9.647932
3025935,5.195554
3025936,0.062216643
3025937,0.7467064
3025938,310.12222
3025939,0.062216643
3025940,154.32701
3025941,9.997672
3025942,301.0203
3025943,333.4919
3025944,173.64032
3025945,58.956272
3025946,35.847195
3025947,291.0869
3025948,5.828322
3025949,0.35438687
3025950,12.032521
3025951,17.052616
3025952,0.19145663
3025953,152.80547
3025954,7.2902117
3025955,0.0
3025956,3.6539538
3025957,22.286871
3025958,1.1787786
3025959,120.35323
3025960,162.4664
3025961,1.4264377
3025962,5.517454
3025963,128.18088
3025964,30.937576
3025965,302.3103
3025966,5.8386993
3025967,2.5595825
3025968,4.7896314
3025969,0.062216643
3025970,3.13975
3025971,138.59984
3025972,0.062216643
3025973,91.26831
3025974,6.8480344
3025975,181.87566
3025976,269.73276
3025977,132.68562
3025978,36.127907
3025979,28.731169
3025980,291.67505
3025981,13.384362
3025982,0.19145663
3025983,10.167243
3025984,7.266107
3025985,0.09671679
3025986,120.709694
3025987,1.2287987
3025988,0.0
3025989,1.7927877
3025990,29.762259
3025991,1.6300759
3025992,113.42384
3025993,171.31528
3025994,0.3747513
3025995,4.7189326
3025996,70.099464
3025997,21.423508
3025998,161.72023
3025999,0.40892017
3026000,1.1060406
3026001,3.3841836
3026002,0.060489792
3026003,2.9323559
3026004,269.85767
3026005,0.060489792
3026006,144.3599
3026007,9.020201
3026008,306.358
3026009,326.2926
3026010,208.3309
3026011,26.020273
3026012,34.378452
3026013,297.3672
3026014,3.0775378
3026015,0.34599814
3026016,10.293537
3026017,18.18127
3026018,0.1897298
3026019,160.26672
3026020,1.2923073
3026021,0.14818375
3026022,2.664973
3026023,11.900121
3026024,1.6562543
3026025,173.40758
3026026,220.50972
3026027,0.780353
3026028,4.853699
3026029,63.952087
3026030,84.52594
3026031,318.6219
3026032,8.59829
3026033,4.268391
3026034,3.7634995
3026035,0.69237614
3026036,2.6436977
3026037,187.42763
3026038,0.080135554
3026039,140.45792
3026040,4.432348
3026041,312.5116
3026042,315.65063
3026043,210.0903
3026044,90.14672
3026045,54.616795
3026046,303.6448
3026047,5.467275
3026048,1.3365425
3026049,10.624325
3026050,19.522476
3026051,0.23590109
3026052,186.72438
3026053,6.8310847
3026054,0.5415946
3026055,2.6478462
3026056,19.890308
3026057,1.6000104
3026058,121.55551
3026059,177.66518
3026060,0.785049
3026061,4.6260576
3026062,101.6935
3026063,42.729847
3026064,180.47122
3026065,6.5298076
3026066,4.168342
3026067,7.1488614
3026068,0.27377528
3026069,1.6148307
3026070,190.77982
3026071,0.016105138
3026072,144.53284
3026073,7.270468
3026074,117.80829
3026075,240.31293
3026076,163.46028
3026077,146.3703
3026078,49.493977
3026079,236.59691
3026080,8.892281
3026081,0.30827537
3026082,24.693008
3026083,22.441757
3026084,0.3117447
3026085,160.44624
3026086,0.03918055
3026087,0.0
3026088,2.1709516
3026089,53.399445
3026090,2.6004467
3026091,57.555195
3026092,158.75537
3026093,0.97341627
3026094,6.562447
3026095,69.79444
3026096,37.570484
3026097,322.73413
3026098,0.0
3026099,3.486111
3026100,6.854211
3026101,0.52151364
3026102,1.6711498
3026103,314.94156
3026104,0.018236252
3026105,274.73502
3026106,7.251299
3026107,308.9591
3026108,174.29874
3026109,308.15323
3026110,143.9564
3026111,82.487526
3026112,303.88104
3026113,12.29668
3026114,1.1056199
3026115,25.618797
3026116,23.862701
3026117,0.05273642
3026118,257.9482
3026119,0.054776315
3026120,0.0
3026121,6.58555
3026122,30.078257
3026123,3.8033333
3026124,213.89827
3026125,241.14827
3026126,1.5574646
3026127,7.6605773
3026128,313.87476
3026129,50.13023
3026130,131.66217
3026131,20.946617
3026132,11.503863
3026133,3.432226
3026134,0.67436343
3026135,4.708864
3026136,313.01196
3026137,0.018441634
3026138,187.27635
3026139,7.8542886
3026140,255.60735
3026141,324.77518
3026142,168.96872
3026143,137.01994
3026144,43.035305
3026145,315.24857
3026146,11.185896
3026147,0.7890577
3026148,16.597809
3026149,20.73782
3026150,0.052941803
3026151,149.13701
3026152,8.332316
3026153,1.3205693
3026154,4.583664
3026155,43.969833
3026156,1.9033228
3026157,75.7996
3026158,135.937
3026159,2.8189995
3026160,5.809037
3026161,143.42938
3026162,46.623043
3026163,152.71953
3026164,33.114796
3026165,11.1849375
3026166,5.488379
3026167,0.26982242
3026168,3.361133
3026169,319.01865
3026170,0.06970321
3026171,135.54987
3026172,5.811618
3026173,197.69188
3026174,320.6849
3026175,256.94937
3026176,44.47414
3026177,36.794735
3026178,305.3787
3026179,9.887873
3026180,1.4554518
3026181,10.666091
3026182,15.964547
3026183,0.22546868
3026184,155.86769
3026185,6.9066324
3026186,0.1573972
3026187,3.1963816
3026188,24.084978
3026189,2.7081337
3026190,128.30627
3026191,170.27197
3026192,1.0694885
3026193,4.6320405
3026194,100.65849
3026195,21.79639
3026196,317.05124
3026197,15.103671
3026198,4.349851
3026199,5.9103127
3026200,0.024831016
3026201,3.7709167
3026202,311.5121
3026203,0.024831016
3026204,255.20035
3026205,8.964451
3026206,231.84285
3026207,188.93828
3026208,184.62566
3026209,146.54102
3026210,92.7041
3026211,296.69434
3026212,24.88232
3026213,1.3440481
3026214,19.750523
3026215,34.39792
3026216,0.059331167
3026217,182.85785
3026218,18.188028
3026219,17.719835
3026220,2.8359227
3026221,59.809307
3026222,9.254558
3026223,319.65964
3026224,221.46623
3026225,7.9539227
3026226,7.8211164
3026227,331.14386
3026228,102.49401
3026229,217.46582
3026230,0.0
3026231,32.08353
3026232,5.992696
3026233,0.110845044
3026234,5.358149
3026235,314.33417
3026236,0.016105138
3026237,307.6953
3026238,5.9946833
3026239,317.0077
3026240,303.9902
3026241,332.58057
3026242,74.96081
3026243,64.478676
3026244,322.27716
3026245,10.101806
3026246,0.36124513
3026247,19.758202
3026248,13.570207
3026249,0.050605316
3026250,271.81787
3026251,1.6125904
3026252,4.0277596
3026253,4.531703
3026254,39.878403
3026255,1.7418073
3026256,260.04404
3026257,272.88568
3026258,3.6885867
3026259,5.5420303
3026260,245.60052
3026261,58.64764
3026262,134.08842
3026263,110.63319
3026264,13.215391
3026265,9.378345
3026266,0.4659305
3026267,4.0337534
3026268,316.18008
3026269,0.016105138
3026270,324.6596
3026271,5.5856175
3026272,312.32446
3026273,287.89145
3026274,255.71188
3026275,205.1425
3026276,71.551216
3026277,318.04382
3026278,14.901071
3026279,0.49828407
3026280,32.123558
3026281,26.831163
3026282,0.18610613
3026283,252.55447
3026284,3.8017266
3026285,1.1247258
3026286,7.2669325
3026287,70.40294
3026288,1.8748589
3026289,108.032234
3026290,233.04726
3026291,2.5082521
3026292,4.7749004
3026293,138.35918
3026294,138.22702
3026295,136.81993
3026296,0.0
3026297,4.6014957
3026298,4.2124667
3026299,0.21308671
3026300,2.3454404
3026301,297.0034
3026302,0.016105138
3026303,119.96827
3026304,5.8078294
3026305,303.50302
3026306,316.5463
3026307,132.6001
3026308,44.931995
3026309,45.653973
3026310,303.10437
3026311,6.2575307
3026312,1.0477793
3026313,24.107708
3026314,19.512634
3026315,0.050605316
3026316,159.23863
3026317,0.29018873
3026318,0.0
3026319,3.8597655
3026320,32.889687
3026321,2.575487
3026322,94.29505
3026323,159.15439
3026324,0.98474216
3026325,6.3493724
3026326,123.53865
3026327,25.74919
3026328,332.39804
3026329,27.381783
3026330,1.7335777
3026331,2.0762503
3026332,0.034975547
3026333,0.0
3026334,160.22433
3026335,0.23195721
3026336,245.27094
3026337,6.775108
3026338,286.74887
3026339,203.22145
3026340,119.12415
3026341,40.999287
3026342,55.540375
3026343,308.20944
3026344,23.974777
3026345,0.38059843
3026346,9.805128
3026347,16.9426
3026348,0.46418527
3026349,103.9927
3026350,12.681738
3026351,1.8613298
3026352,2.6989222
3026353,34.769554
3026354,4.13751
3026355,295.24765
3026356,143.28961
3026357,3.5421782
3026358,5.5957394
3026359,291.5724
3026360,28.682049
3026361,216.71007
3026362,0.0
3026363,7.545446
3026364,2.027865
3026365,0.14064397
3026366,4.155616
3026367,298.813
3026368,0.14064397
3026369,225.19063
3026370,13.767742
3026371,272.89514
3026372,286.99554
3026373,255.59834
3026374,224.84421
3026375,169.44936
3026376,295.8631
3026377,29.898083
3026378,0.67890453
3026379,18.95274
3026380,29.885517
3026381,0.17514412
3026382,233.30275
3026383,11.594608
3026384,38.61449
3026385,9.113772
3026386,69.62137
3026387,10.99451
3026388,327.32065
3026389,256.28226
3026390,14.736671
3026391,8.574274
3026392,338.8292
3026393,109.894516
3026394,228.48637
3026395,0.0
3026396,21.631493
3026397,3.0962331
3026398,0.12341319
3026399,5.0106606
3026400,313.29614
3026401,0.02867331
3026402,292.46857
3026403,7.0388155
3026404,322.7906
3026405,307.46988
3026406,151.95758
3026407,106.24467
3026408,84.92804
3026409,291.88693
3026410,20.872921
3026411,1.4201685
3026412,18.603731
3026413,19.869064
3026414,0.06317348
3026415,90.56246
3026416,0.05174872
3026417,35.014275
3026418,4.2306113
3026419,127.01398
3026420,9.310756
3026421,167.30234
3026422,121.0965
3026423,5.358978
3026424,6.331484
3026425,165.0242
3026426,40.997616
3026427,344.44608
3026428,0.0
3026429,7.0012436
3026430,3.5002441
3026431,0.033383083
3026432,0.55703795
3026433,270.65387
3026434,0.033383083
3026435,188.88344
3026436,4.0699697
3026437,254.56282
3026438,198.45035
3026439,64.99187
3026440,29.184114
3026441,29.620045
3026442,301.88403
3026443,7.9122314
3026444,0.48245662
3026445,7.927997
3026446,6.7657647
3026447,0.32555333
3026448,57.592003
3026449,0.15119834
3026450,8.655571
3026451,0.33467302
3026452,15.795644
3026453,0.20848535
3026454,190.69498
3026455,104.35575
3026456,1.5825152
3026457,1.686658
3026458,119.79192
3026459,22.509306
3026460,345.91678
3026461,0.0
3026462,2.4512458
3026463,6.035125
3026464,0.6979655
3026465,2.795845
3026466,309.74866
3026467,0.1367835
3026468,204.61708
3026469,12.764664
3026470,145.992
3026471,169.20583
3026472,261.465
3026473,215.31812
3026474,109.6658
3026475,306.35757
3026476,31.067999
3026477,2.6171017
3026478,17.689884
3026479,24.309841
3026480,0.21156178
3026481,173.84595
3026482,5.4894648
3026483,40.453445
3026484,8.924382
3026485,93.84832
3026486,3.5779226
3026487,266.36743
3026488,218.13373
3026489,9.663527
3026490,8.418914
3026491,305.77234
3026492,77.14516
3026493,185.99203
3026494,0.0
3026495,17.87504
3026496,5.1846194
3026497,0.033383083
3026498,3.2799714
3026499,183.33699
3026500,0.033383083
3026501,301.49854
3026502,12.917681
3026503,233.60497
3026504,292.08582
3026505,280.999
3026506,178.35806
3026507,57.56147
3026508,307.94717
3026509,15.965899
3026510,0.9848056
3026511,28.036318
3026512,15.905264
3026513,1.0685265
3026514,221.53537
3026515,0.056458477
3026516,4.8250785
3026517,4.372
3026518,35.837406
3026519,0.7909779
3026520,179.11949
3026521,241.70326
3026522,4.4839787
3026523,4.7119107
3026524,186.07887
3026525,69.19977
3026526,138.41643
3026527,0.79648155
3026528,4.11442
3026529,5.2236357
3026530,0.21363832
3026531,2.9486082
3026532,300.52823
3026533,0.033383083
3026534,308.25784
3026535,11.325285
3026536,297.91138
3026537,319.57953
3026538,224.35124
3026539,158.88866
3026540,55.80663
3026541,312.5247
3026542,14.639727
3026543,1.3938558
3026544,21.993555
3026545,22.091948
3026546,0.06788321
3026547,211.6488
3026548,0.056458477
3026549,4.203261
3026550,5.041281
3026551,57.318245
3026552,1.2246854
3026553,110.336365
3026554,184.87125
3026555,3.505214
3026556,4.647418
3026557,157.89368
3026558,60.40827
3026559,136.98035
3026560,0.47086686
3026561,6.1067967
3026562,8.678482
3026563,1.0846103
3026564,14.48677
3026565,315.70764
3026566,0.04777592
3026567,309.2802
3026568,31.318985
3026569,305.30667
3026570,307.9967
3026571,311.96603
3026572,353.48654
3026573,310.24088
3026574,305.71936
3026575,70.790924
3026576,2.8602684
3026577,52.936035
3026578,45.895687
3026579,0.08227609
3026580,340.49625
3026581,33.685955
3026582,58.829456
3026583,28.623775
3026584,175.02751
3026585,25.129198
3026586,55.291965
3026587,341.3979
3026588,18.203192
3026589,22.307928
3026590,130.9221
3026591,217.43118
3026592,148.88533
3026593,0.0074435007
3026594,73.08194
3026595,2.8593495
3026596,0.47996244
3026597,0.54306054
3026598,235.49895
3026599,0.02965412
3026600,139.55872
3026601,5.3085666
3026602,314.18234
3026603,260.9972
3026604,109.97107
3026605,105.46606
3026606,41.3619
3026607,202.6618
3026608,5.6431637
3026609,0.31516245
3026610,9.68129
3026611,6.08547
3026612,0.06415425
3026613,121.14755
3026614,1.3840128
3026615,0.0
3026616,1.7435333
3026617,25.529766
3026618,0.87490857
3026619,57.95649
3026620,75.96758
3026621,1.5827384
3026622,3.75974
3026623,95.9343
3026624,21.709444
3026625,224.36037
3026626,0.0
3026627,3.594067
3026628,8.295392
3026629,0.14662929
3026630,1.3960279
3026631,184.40402
3026632,0.025846776
3026633,333.28467
3026634,8.144804
3026635,299.02267
3026636,281.03912
3026637,195.60594
3026638,229.30997
3026639,71.58426
3026640,312.159
3026641,10.254899
3026642,0.4550565
3026643,20.308723
3026644,20.51681
3026645,0.06034695
3026646,235.33206
3026647,0.65092635
3026648,5.0851398
3026649,7.0890527
3026650,16.20398
3026651,1.1876758
3026652,295.82434
3026653,202.03491
3026654,3.731677
3026655,5.395791
3026656,108.43051
3026657,57.31552
3026658,139.58235
3026659,0.29803416
3026660,6.2777357
3026661,1.6130407
3026662,0.02965412
3026663,0.91708934
3026664,275.3998
3026665,0.02965412
3026666,107.10648
3026667,4.004983
3026668,310.75662
3026669,180.68665
3026670,84.85971
3026671,126.886314
3026672,18.214722
3026673,281.6295
3026674,1.1036698
3026675,0.32182434
3026676,9.209872
3026677,3.7269256
3026678,0.1854196
3026679,79.23945
3026680,0.052729513
3026681,0.0
3026682,0.0
3026683,19.606329
3026684,0.34067827
3026685,63.262665
3026686,67.84992
3026687,0.3692483
3026688,0.9749229
3026689,44.71292
3026690,9.360742
3026691,151.6163
3026692,0.0
3026693,1.397065
3026694,5.664282
3026695,0.016105138
3026696,2.0097072
3026697,143.29778
3026698,0.016105138
3026699,168.85222
3026700,6.545205
3026701,293.30948
3026702,305.71292
3026703,159.39024
3026704,110.94285
3026705,50.840134
3026706,305.42172
3026707,3.496816
3026708,0.36124513
3026709,29.822502
3026710,13.340316
3026711,0.30827537
3026712,178.65474
3026713,0.03918055
3026714,0.0
3026715,10.703793
3026716,39.476704
3026717,0.9656571
3026718,221.76027
3026719,183.19443
3026720,2.1455464
3026721,2.877912
3026722,196.9565
3026723,25.050829
3026724,122.20046
3026725,0.0
3026726,0.55642456
3026727,2.8344417
3026728,0.30670547
3026729,1.0195032
3026730,306.6169
3026731,0.02965412
3026732,182.82999
3026733,8.531066
3026734,246.66263
3026735,249.10672
3026736,191.04166
3026737,97.149704
3026738,61.606575
3026739,307.97968
3026740,6.7935424
3026741,3.4790564
3026742,30.038202
3026743,32.68283
3026744,0.15841128
3026745,180.28294
3026746,1.2116202
3026747,3.1046062
3026748,3.0153394
3026749,18.214079
3026750,2.0787761
3026751,155.20619
3026752,230.76848
3026753,2.8891304
3026754,5.8544164
3026755,144.87639
3026756,23.890644
3026757,177.7899
3026758,2.6581643
3026759,2.5171971
3026760,2.9795127
3026761,0.027598243
3026762,0.37477767
3026763,148.23799
3026764,0.027598243
3026765,90.57711
3026766,2.1493144
3026767,317.7687
3026768,180.78621
3026769,77.75902
3026770,130.32065
3026771,43.05909
3026772,295.57645
3026773,6.0430202
3026774,0.63799816
3026775,7.7652483
3026776,4.2144513
3026777,0.18288086
3026778,75.2834
3026779,0.050673638
3026780,0.0
3026781,0.0
3026782,32.637165
3026783,0.6834393
3026784,146.77705
3026785,67.02602
3026786,0.77095443
3026787,1.1082728
3026788,40.831875
3026789,16.098621
3026790,301.69504
3026791,0.0
3026792,1.5952501
3026793,6.8541026
3026794,0.046018407
3026795,2.5777457
3026796,200.461
3026797,0.046018407
3026798,333.3822
3026799,17.814447
3026800,203.84628
3026801,211.97098
3026802,240.74655
3026803,146.00037
3026804,118.19736
3026805,304.24707
3026806,13.062369
3026807,0.33818868
3026808,65.90683
3026809,21.13686
3026810,0.08051853
3026811,260.47598
3026812,0.069093764
3026813,35.944855
3026814,10.12163
3026815,81.94791
3026816,5.2833905
3026817,288.21088
3026818,291.25674
3026819,5.708404
3026820,21.380928
3026821,137.24283
3026822,53.691387
3026823,318.21002
3026824,0.0
3026825,1.47635
3026826,3.1023176
3026827,0.07018836
3026828,8.385662
3026829,276.27048
3026830,0.07018836
3026831,275.1592
3026832,5.3956122
3026833,168.46104
3026834,189.44475
3026835,143.58322
3026836,110.90497
3026837,109.16763
3026838,295.06387
3026839,42.414135
3026840,1.1138963
3026841,22.106033
3026842,24.287184
3026843,0.104688525
3026844,206.30026
3026845,21.446083
3026846,24.254162
3026847,0.914055
3026848,90.4468
3026849,8.479216
3026850,207.30847
3026851,242.23682
3026852,13.569452
3026853,14.059519
3026854,230.74811
3026855,68.735275
3026856,247.3018
3026857,0.0
3026858,9.969151
3026859,5.691865
3026860,0.016105138
3026861,6.2551923
3026862,274.86414
3026863,0.016105138
3026864,349.15463
3026865,9.596607
3026866,293.58792
3026867,234.97818
3026868,132.75473
3026869,77.75761
3026870,118.25796
3026871,307.479
3026872,27.365898
3026873,0.8941668
3026874,45.28683
3026875,30.818777
3026876,0.050605316
3026877,255.10724
3026878,19.964222
3026879,20.727415
3026880,8.726853
3026881,59.54274
3026882,11.244688
3026883,146.64006
3026884,300.7215
3026885,6.1434
3026886,9.155446
3026887,128.00175
3026888,65.85095
3026889,238.71901
3026890,8.763153
3026891,15.84773
3026892,7.962073
3026893,0.20104016
3026894,3.8216069
3026895,285.66583
3026896,0.039326962
3026897,226.26912
3026898,4.7382274
3026899,292.4388
3026900,276.94525
3026901,156.39279
3026902,194.01724
3026903,58.864777
3026904,306.0033
3026905,26.464386
3026906,1.9020762
3026907,22.352396
3026908,15.351069
3026909,0.16856699
3026910,288.6019
3026911,4.640845
3026912,11.532529
3026913,7.017722
3026914,41.341057
3026915,3.9493115
3026916,147.64452
3026917,264.42667
3026918,5.993642
3026919,8.649091
3026920,187.64186
3026921,49.828094
3026922,128.71147
3026923,10.199633
3026924,12.316485
3026925,3.7841785
3026926,0.77444315
3026927,3.621365
3026928,313.5575
3026929,0.032582503
3026930,327.28885
3026931,6.3944464
3026932,233.81683
3026933,183.61096
3026934,163.5464
3026935,120.69341
3026936,72.58132
3026937,305.27927
3026938,21.313147
3026939,0.9800335
3026940,13.561784
3026941,10.272025
3026942,0.16182251
3026943,153.58076
3026944,17.333576
3026945,22.075962
3026946,1.6682342
3026947,69.038155
3026948,7.4436307
3026949,301.71518
3026950,201.82004
3026951,5.4539537
3026952,7.4951277
3026953,311.2084
3026954,52.493343
3026955,239.24875
3026956,0.0
3026957,23.222984
3026958,2.7327201
3026959,0.034605827
3026960,3.805794
3026961,159.70476
3026962,0.034605827
3026963,316.3735
3026964,10.922307
3026965,254.47885
3026966,310.38904
3026967,232.06914
3026968,150.69762
3026969,49.315422
3026970,299.5852
3026971,9.186735
3026972,2.6725466
3026973,27.811895
3026974,21.109922
3026975,0.19037132
3026976,313.8623
3026977,0.057681207
3026978,0.24356513
3026979,7.7585335
3026980,30.868958
3026981,1.7930453
3026982,125.70615
3026983,273.9271
3026984,2.7437494
3026985,9.456899
3026986,149.54117
3026987,52.605633
3026988,124.33473
3026989,0.0
3026990,4.2710032
3026991,7.2309766
3026992,0.034605827
3026993,5.8933206
3026994,222.76526
3026995,0.034605827
3026996,343.69
3026997,11.097837
3026998,115.69703
3026999,258.5862
3027000,181.0723
3027001,112.180565
3027002,121.640434
3027003,306.30627
3027004,28.838037
3027005,1.0962855
3027006,22.285135
3027007,33.359997
3027008,0.06910595
3027009,200.69936
3027010,14.97259
3027011,20.18823
3027012,6.10706
3027013,53.078754
3027014,11.384042
3027015,161.32867
3027016,228.60333
3027017,12.604298
3027018,7.384984
3027019,179.54059
3027020,60.191
3027021,239.1311
3027022,0.0
3027023,6.1514063
3027024,3.7748437
3027025,0.04704708
3027026,5.1439633
3027027,287.3969
3027028,0.04704708
3027029,338.27725
3027030,6.7510133
3027031,198.9566
3027032,268.9409
3027033,146.23964
3027034,112.82675
3027035,110.34588
3027036,291.00052
3027037,25.290382
3027038,0.92373484
3027039,20.5109
3027040,23.62711
3027041,0.0815472
3027042,177.59097
3027043,11.361978
3027044,36.485226
3027045,2.2990766
3027046,53.955746
3027047,8.383529
3027048,219.29056
3027049,219.80786
3027050,8.750486
3027051,7.6672897
3027052,205.64685
3027053,49.991768
3027054,309.09567
3027055,0.0
3027056,13.366708
3027057,6.557423
3027058,0.13908736
3027059,5.571301
3027060,142.86325
3027061,0.044347476
3027062,148.2659
3027063,14.068425
3027064,281.3494
3027065,211.2655
3027066,269.81244
3027067,173.87277
3027068,57.079643
3027069,299.8744
3027070,10.434618
3027071,0.19963013
3027072,12.731771
3027073,21.962065
3027074,0.17358749
3027075,237.4094
3027076,0.06742284
3027077,7.2593822
3027078,1.0706869
3027079,56.58438
3027080,4.5652466
3027081,196.10109
3027082,266.95605
3027083,2.8681238
3027084,2.1314735
3027085,219.81746
3027086,119.998436
3027087,182.94977
3027088,0.9376974
3027089,0.610908
3027090,13.866717
3027091,0.016105138
3027092,14.460198
3027093,295.64
3027094,0.016105138
3027095,279.97507
3027096,23.071695
3027097,298.64062
3027098,303.71704
3027099,339.19775
3027100,327.4789
3027101,339.22073
3027102,317.61115
3027103,82.25001
3027104,4.025596
3027105,102.31241
3027106,114.64205
3027107,0.14486231
3027108,327.91406
3027109,31.700056
3027110,25.723358
3027111,43.18347
3027112,231.3307
3027113,21.548563
3027114,51.00173
3027115,339.14563
3027116,31.1785
3027117,33.14904
3027118,125.6861
3027119,294.6388
3027120,112.366
3027121,175.80515
3027122,79.52118
3027123,13.8103075
3027124,0.021225812
3027125,13.043306
3027126,300.43008
3027127,0.021225812
3027128,119.959625
3027129,24.229574
3027130,227.63623
3027131,215.23494
3027132,304.0894
3027133,296.22034
3027134,248.60092
3027135,320.45474
3027136,92.44826
3027137,1.253983
3027138,64.38069
3027139,76.32433
3027140,0.7918418
3027141,313.98398
3027142,18.826021
3027143,36.741253
3027144,23.000021
3027145,186.29903
3027146,16.638485
3027147,44.9496
3027148,332.58255
3027149,18.972136
3027150,27.559763
3027151,127.45874
3027152,227.13127
3027153,97.20129
3027154,158.5928
3027155,81.996414
3027156,11.45553
3027157,0.018441634
3027158,17.952652
3027159,316.7099
3027160,0.1392241
3027161,272.9942
3027162,11.85531
3027163,302.21594
3027164,283.93552
3027165,150.67725
3027166,111.61635
3027167,219.28842
3027168,315.231
3027169,35.899796
3027170,3.2959871
3027171,46.333557
3027172,25.382402
3027173,0.3640645
3027174,342.6206
3027175,31.746933
3027176,25.990618
3027177,9.411333
3027178,97.75672
3027179,9.932533
3027180,121.925224
3027181,260.87015
3027182,18.789915
3027183,39.876175
3027184,206.55653
3027185,125.959496
3027186,202.50476
3027187,112.151764
3027188,43.22976
3027189,13.575035
3027190,0.018441634
3027191,19.42366
3027192,313.13547
3027193,0.018441634
3027194,303.63437
3027195,17.960203
3027196,306.63855
3027197,308.44724
3027198,330.23703
3027199,302.21014
3027200,230.14043
3027201,321.16373
3027202,44.863728
3027203,1.5905988
3027204,69.43947
3027205,63.39853
3027206,1.2386429
3027207,321.34198
3027208,17.15865
3027209,27.771053
3027210,26.203396
3027211,146.44006
3027212,13.507729
3027213,5.0746593
3027214,244.52419
3027215,19.012379
3027216,27.202562
3027217,142.77925
3027218,211.1293
3027219,169.51988
3027220,80.573135
3027221,60.436714
3027222,10.590691
3027223,0.018441634
3027224,20.85113
3027225,315.71945
3027226,0.018441634
3027227,267.8676
3027228,13.514472
3027229,303.1289
3027230,182.74545
3027231,327.85187
3027232,88.24619
3027233,166.26643
3027234,319.00345
3027235,34.720566
3027236,0.19510458
3027237,28.313496
3027238,45.32934
3027239,0.31408122
3027240,340.84473
3027241,28.72908
3027242,13.972956
3027243,11.892597
3027244,103.61595
3027245,5.7949495
3027246,124.60725
3027247,346.64752
3027248,15.346053
3027249,20.332184
3027250,157.47084
3027251,76.62758
3027252,246.71738
3027253,174.81879
3027254,22.129482
3027255,10.543449
3027256,0.021225812
3027257,11.8524475
3027258,309.76584
3027259,0.021225812
3027260,231.35138
3027261,21.99252
3027262,303.07138
3027263,306.52542
3027264,333.9687
3027265,347.1297
3027266,303.20502
3027267,316.87247
3027268,66.1469
3027269,1.387993
3027270,45.817005
3027271,48.55077
3027272,0.5034047
3027273,344.55228
3027274,18.747736
3027275,33.017025
3027276,10.807211
3027277,177.29552
3027278,16.376715
3027279,163.37685
3027280,332.39072
3027281,14.604587
3027282,26.671673
3027283,141.0452
3027284,215.72038
3027285,112.63785
3027286,267.54697
3027287,71.37192
3027288,5.9647975
3027289,0.517948
3027290,6.717738
3027291,283.31894
3027292,0.04777592
3027293,318.11417
3027294,21.8849
3027295,250.03842
3027296,210.60031
3027297,191.12137
3027298,71.84019
3027299,72.51625
3027300,306.2478
3027301,26.44186
3027302,1.418052
3027303,30.436104
3027304,18.993874
3027305,0.08227609
3027306,157.9101
3027307,10.299342
3027308,10.581637
3027309,9.41173
3027310,48.737087
3027311,7.767615
3027312,217.98022
3027313,220.52676
3027314,3.033247
3027315,6.1030564
3027316,202.76976
3027317,51.351753
3027318,227.83856
3027319,0.0
3027320,9.374523
3027321,11.389771
3027322,0.048933793
3027323,12.56207
3027324,315.8049
3027325,0.048933793
3027326,271.48303
3027327,29.937868
3027328,302.8594
3027329,196.65598
3027330,329.63766
3027331,94.10315
3027332,137.64592
3027333,314.95102
3027334,60.13524
3027335,1.4142151
3027336,62.935684
3027337,32.03899
3027338,0.17769094
3027339,310.34717
3027340,10.640511
3027341,13.150214
3027342,3.5361388
3027343,107.45535
3027344,9.0587845
3027345,327.6719
3027346,337.16888
3027347,11.224903
3027348,20.106667
3027349,318.2741
3027350,80.40821
3027351,232.81053
3027352,196.4334
3027353,18.908384
3027354,6.6440063
3027355,0.06052581
3027356,6.3364553
3027357,307.9352
3027358,0.06052581
3027359,231.04549
3027360,10.291209
3027361,297.36557
3027362,297.9734
3027363,216.31033
3027364,315.29706
3027365,218.03471
3027366,308.3466
3027367,46.799286
3027368,2.0602906
3027369,31.919392
3027370,35.529488
3027371,0.545334
3027372,268.01932
3027373,3.0466228
3027374,53.080917
3027375,3.909911
3027376,94.85253
3027377,9.686515
3027378,234.41006
3027379,270.8633
3027380,17.637678
3027381,9.057115
3027382,116.78342
3027383,123.63554
3027384,120.13671
3027385,1.915333
3027386,48.332993
3027387,10.388187
3027388,0.023790898
3027389,6.244974
3027390,314.19186
3027391,0.023790898
3027392,297.32007
3027393,10.710473
3027394,294.8762
3027395,299.66064
3027396,318.22284
3027397,215.25772
3027398,274.34518
3027399,309.27054
3027400,40.485497
3027401,3.1405358
3027402,49.703667
3027403,44.102028
3027404,0.3154783
3027405,317.96286
3027406,7.2322593
3027407,59.624153
3027408,8.568054
3027409,198.32236
3027410,9.882583
3027411,338.56638
3027412,299.84436
3027413,13.338486
3027414,25.112406
3027415,318.56998
3027416,138.56686
3027417,317.5319
3027418,4.0149655
3027419,11.712438
3027420,7.3225107
3027421,0.042497393
3027422,3.6139321
3027423,152.74197
3027424,0.042497393
3027425,344.89108
3027426,7.949951
3027427,158.56422
3027428,268.10938
3027429,199.26169
3027430,87.82274
3027431,100.20231
3027432,192.40422
3027433,14.285246
3027434,1.203866
3027435,27.509277
3027436,24.075397
3027437,0.07699753
3027438,154.96895
3027439,6.3151727
3027440,11.500405
3027441,5.854244
3027442,67.267586
3027443,4.0614777
3027444,231.23256
3027445,200.77577
3027446,3.878649
3027447,5.4430075
3027448,165.39893
3027449,69.890205
3027450,217.68303
3027451,0.0
3027452,5.05037
3027453,5.9073925
3027454,0.018597113
3027455,0.63566
3027456,167.76685
3027457,0.018597113
3027458,170.91805
3027459,4.585428
3027460,233.22572
3027461,225.61133
3027462,176.1699
3027463,48.01925
3027464,27.578697
3027465,264.6959
3027466,12.372486
3027467,1.0506662
3027468,15.471353
3027469,7.1466994
3027470,0.12893368
3027471,157.72964
3027472,0.04167253
3027473,0.0
3027474,3.8528101
3027475,29.644949
3027476,0.822302
3027477,44.378212
3027478,141.5956
3027479,0.04706862
3027480,2.3190625
3027481,50.21649
3027482,76.171364
3027483,229.27965
3027484,0.0
3027485,2.5799909
3027486,7.154308
3027487,0.024831016
3027488,3.8475497
3027489,314.34122
3027490,0.024831016
3027491,268.06403
3027492,11.843117
3027493,305.46817
3027494,208.84435
3027495,269.30304
3027496,149.60016
3027497,126.73062
3027498,306.76337
3027499,29.602715
3027500,0.91373897
3027501,21.03006
3027502,45.650948
3027503,0.059331167
3027504,223.60228
3027505,19.310055
3027506,18.908997
3027507,9.994906
3027508,66.784706
3027509,6.022185
3027510,340.49445
3027511,291.48178
3027512,8.2001705
3027513,13.520982
3027514,348.6104
3027515,88.119865
3027516,161.72726
3027517,0.0
3027518,34.59586
3027519,4.380083
3027520,0.067316785
3027521,3.0030153
3027522,312.332
3027523,0.20233478
3027524,168.92494
3027525,14.702006
3027526,309.95465
3027527,272.35138
3027528,166.33388
3027529,251.34009
3027530,198.42702
3027531,303.31583
3027532,34.999043
3027533,2.849275
3027534,35.914646
3027535,25.946325
3027536,0.5089859
3027537,202.29176
3027538,12.85917
3027539,42.767117
3027540,8.000775
3027541,128.81479
3027542,13.070888
3027543,350.31503
3027544,204.68446
3027545,6.90665
3027546,12.651388
3027547,157.5679
3027548,116.13257
3027549,115.88411
3027550,0.0
3027551,42.67283
3027552,3.2784696
3027553,0.87026304
3027554,10.311825
3027555,325.30157
3027556,0.016105138
3027557,185.32597
3027558,18.341267
3027559,324.22083
3027560,317.67148
3027561,250.29668
3027562,276.8744
3027563,151.72429
3027564,323.55518
3027565,35.787994
3027566,2.6414256
3027567,36.42034
3027568,46.955433
3027569,0.050605316
3027570,304.36282
3027571,25.318956
3027572,35.16312
3027573,17.505157
3027574,127.02979
3027575,17.122257
3027576,339.4579
3027577,293.64514
3027578,17.190475
3027579,17.346855
3027580,213.90358
3027581,144.54501
3027582,231.69482
3027583,1.1703118
3027584,35.896866
3027585,12.353469
3027586,0.600506
3027587,8.982269
3027588,310.37006
3027589,0.016105138
3027590,316.8618
3027591,13.42905
3027592,309.23093
3027593,191.5135
3027594,307.63925
3027595,135.5349
3027596,97.90914
3027597,304.2655
3027598,8.34292
3027599,1.1885536
3027600,45.861214
3027601,40.91108
3027602,0.050605316
3027603,321.06735
3027604,8.176628
3027605,3.2587385
3027606,10.454589
3027607,44.86543
3027608,3.8143618
3027609,298.61926
3027610,329.90408
3027611,6.422431
3027612,6.765786
3027613,302.3523
3027614,100.48995
3027615,125.37364
3027616,110.011284
3027617,16.26173
3027618,4.436034
3027619,0.10750583
3027620,4.5523934
3027621,174.91446
3027622,0.10750583
3027623,319.865
3027624,11.222497
3027625,252.77686
3027626,310.77005
3027627,115.703354
3027628,112.01478
3027629,124.85859
3027630,312.74475
3027631,17.883347
3027632,1.5166417
3027633,27.399336
3027634,29.23502
3027635,0.142006
3027636,147.89563
3027637,12.45591
3027638,15.356388
3027639,6.780269
3027640,96.244026
3027641,6.1228623
3027642,233.65675
3027643,153.20299
3027644,3.6481364
3027645,13.506585
3027646,264.09988
3027647,56.783432
3027648,7.175511
3027649,0.0
3027650,23.819084
3027651,1.3376608
3027652,0.08787972
3027653,1.8764918
3027654,257.72922
3027655,0.08787972
3027656,83.2848
3027657,3.8489234
3027658,216.02007
3027659,257.34045
3027660,215.66719
3027661,31.592062
3027662,31.274563
3027663,316.13144
3027664,4.952905
3027665,0.39943126
3027666,11.887227
3027667,8.43009
3027668,0.21711972
3027669,145.80965
3027670,3.7189357
3027671,0.0
3027672,1.8971382
3027673,14.094116
3027674,0.30716705
3027675,221.17136
3027676,162.0202
3027677,0.5497079
3027678,3.1665053
3027679,130.04082
3027680,30.064087
3027681,211.08955
3027682,7.835372
3027683,1.9728857
3027684,7.2633634
3027685,0.2179932
3027686,5.431797
3027687,334.69904
3027688,0.09672786
3027689,236.86249
3027690,14.173563
3027691,328.86603
3027692,214.43617
3027693,323.87888
3027694,192.32243
3027695,75.40072
3027696,322.6087
3027697,26.05842
3027698,0.6284578
3027699,26.115839
3027700,16.792421
3027701,0.25249338
3027702,346.7618
3027703,6.627053
3027704,2.1033695
3027705,8.483888
3027706,34.09716
3027707,2.1321394
3027708,358.70703
3027709,306.67407
3027710,3.0799217
3027711,12.957743
3027712,271.93387
3027713,98.446815
3027714,144.88948
3027715,37.9975
3027716,8.931833
3027717,5.6175704
3027718,0.13165471
3027719,0.9374432
3027720,332.31906
3027721,0.13165471
3027722,158.91737
3027723,13.556522
3027724,320.42685
3027725,318.99753
3027726,187.13332
3027727,67.98327
3027728,38.67937
3027729,311.9805
3027730,6.6821146
3027731,0.42334214
3027732,13.813156
3027733,17.42234
3027734,0.2608948
3027735,141.6425
3027736,6.254433
3027737,0.0
3027738,2.8971143
3027739,31.55448
3027740,1.1719185
3027741,189.3432
3027742,175.0703
3027743,1.385258
3027744,6.496496
3027745,143.54294
3027746,33.672253
3027747,313.64502
3027748,3.197933
3027749,2.7152607
3027750,4.9078374
3027751,0.13165471
3027752,3.299131
3027753,123.09445
3027754,0.13165471
3027755,93.7404
3027756,8.162521
3027757,199.11458
3027758,237.55023
3027759,133.20409
3027760,35.870373
3027761,28.07652
3027762,316.5508
3027763,14.101171
3027764,0.27364236
3027765,11.137127
3027766,7.1961684
3027767,0.16615486
3027768,124.22833
3027769,1.376637
3027770,0.0
3027771,2.5487149
3027772,32.453457
3027773,1.6136569
3027774,199.40497
3027775,167.30066
3027776,0.4228555
3027777,4.8285646
3027778,97.552605
3027779,20.49785
3027780,173.17606
3027781,14.711173
3027782,1.1357837
3027783,3.4679408
3027784,0.12992787
3027785,2.3559093
3027786,277.71033
3027787,0.12992787
3027788,144.09537
3027789,10.44373
3027790,327.47345
3027791,325.5513
3027792,216.53616
3027793,29.837265
3027794,38.953003
3027795,315.72763
3027796,3.609107
3027797,0.4189056
3027798,12.642972
3027799,22.087404
3027800,0.25916794
3027801,175.55223
3027802,1.4445604
3027803,0.0
3027804,3.0085382
3027805,14.446593
3027806,1.8817657
3027807,225.04729
3027808,243.67415
3027809,0.59175605
3027810,5.536972
3027811,83.02464
3027812,95.07817
3027813,325.23166
3027814,13.608059
3027815,4.1475334
3027816,3.9654114
3027817,0.7578621
3027818,3.935178
3027819,196.48074
3027820,0.14957362
3027821,144.18881
3027822,4.036081
3027823,338.69855
3027824,294.5701
3027825,219.81952
3027826,95.02839
3027827,60.258102
3027828,322.77097
3027829,5.702773
3027830,1.2794558
3027831,12.839997
3027832,19.123154
3027833,0.30533928
3027834,199.82307
3027835,6.6240215
3027836,0.0
3027837,4.7192383
3027838,23.640297
3027839,1.802314
3027840,158.51955
3027841,178.88065
3027842,0.7396229
3027843,4.747979
3027844,110.88725
3027845,44.402065
3027846,193.19388
3027847,14.888331
3027848,4.2430286
3027849,3.5801442
3027850,0.3432134
3027851,2.4706304
3027852,217.69339
3027853,0.08554323
3027854,116.02761
3027855,5.717349
3027856,168.00229
3027857,209.17108
3027858,138.62509
3027859,107.64329
3027860,32.31357
3027861,245.07164
3027862,4.5111923
3027863,0.3777135
3027864,10.200649
3027865,13.199315
3027866,0.25554428
3027867,133.81384
3027868,0.10861862
3027869,0.0
3027870,2.835127
3027871,27.766771
3027872,1.5085119
3027873,55.73392
3027874,127.625984
3027875,1.0143317
3027876,2.489679
3027877,56.80001
3027878,34.106915
3027879,283.4386
3027880,0.0
3027881,1.381682
3027882,7.2495937
3027883,0.55784637
3027884,3.1710155
3027885,335.16437
3027886,0.087674335
3027887,274.32513
3027888,7.847709
3027889,338.6615
3027890,144.58913
3027891,327.1982
3027892,152.4966
3027893,89.95663
3027894,330.10504
3027895,13.472304
3027896,1.2198932
3027897,21.353252
3027898,23.85504
3027899,0.12217447
3027900,259.87967
3027901,0.11074972
3027902,0.0
3027903,19.615662
3027904,35.90407
3027905,4.2046127
3027906,292.77325
3027907,248.42044
3027908,1.5973157
3027909,8.06456
3027910,309.17578
3027911,58.724358
3027912,141.23872
3027913,24.809399
3027914,11.787411
3027915,3.3184006
3027916,0.7728179
3027917,4.6964707
3027918,333.44873
3027919,0.08787972
3027920,198.60652
3027921,8.540298
3027922,233.691
3027923,322.15683
3027924,169.84407
3027925,129.50563
3027926,49.551075
3027927,332.36603
3027928,11.135849
3027929,0.85110843
3027930,16.377647
3027931,17.692282
3027932,0.12237987
3027933,147.55942
3027934,7.692115
3027935,2.8416123
3027936,4.8047357
3027937,50.120914
3027938,2.0038068
3027939,175.38826
3027940,148.73921
3027941,3.0227149
3027942,6.5004363
3027943,142.32426
3027944,46.084217
3027945,155.21625
3027946,46.23985
3027947,11.134264
3027948,5.506745
3027949,0.31939664
3027950,2.1664903
3027951,342.3252
3027952,0.13914129
3027953,142.25276
3027954,6.3103347
3027955,221.71823
3027956,307.32147
3027957,250.83633
3027958,51.164764
3027959,38.80991
3027960,327.175
3027961,12.673924
3027962,1.6477212
3027963,13.659282
3027964,15.895014
3027965,0.2949069
3027966,162.3429
3027967,7.6015816
3027968,0.0
3027969,3.7884517
3027970,39.594852
3027971,2.702125
3027972,153.2768
3027973,170.82753
3027974,1.1634444
3027975,4.9135833
3027976,176.13686
3027977,23.264849
3027978,335.84528
3027979,8.651348
3027980,4.730903
3027981,6.7160516
3027982,0.0942691
3027983,6.472026
3027984,336.7672
3027985,0.0942691
3027986,216.01599
3027987,9.52635
3027988,292.43976
3027989,184.97327
3027990,175.06848
3027991,131.32707
3027992,81.598885
3027993,322.29706
3027994,25.12105
3027995,1.4557148
3027996,20.35629
3027997,23.696892
3027998,0.12876925
3027999,173.18463
3028000,18.15213
3028001,13.8981695
3028002,8.700267
3028003,73.2587
3028004,9.436122
3028005,304.93707
3028006,232.12025
3028007,7.8437963
3028008,6.618482
3028009,324.19385
3028010,96.7589
3028011,8.462249
3028012,0.0
3028013,29.393923
3028014,6.2406015
3028015,0.1802831
3028016,5.8188686
3028017,339.86307
3028018,0.08554323
3028019,317.72766
3028020,6.196547
3028021,336.75433
3028022,275.06033
3028023,350.40024
3028024,91.9918
3028025,82.70436
3028026,341.42584
3028027,10.375233
3028028,0.40586165
3028029,18.029453
3028030,12.974056
3028031,0.12004338
3028032,276.93826
3028033,1.4077837
3028034,5.279942
3028035,4.678101
3028036,46.90774
3028037,1.9907371
3028038,316.65204
3028039,291.29416
3028040,3.797275
3028041,5.563273
3028042,242.61725
3028043,61.197636
3028044,145.1301
3028045,74.95616
3028046,13.936948
3028047,10.83182
3028048,0.5358513
3028049,5.657031
3028050,336.51227
3028051,0.08554323
3028052,313.0399
3028053,6.748115
3028054,340.1196
3028055,283.5177
3028056,268.60733
3028057,202.12271
3028058,81.34089
3028059,338.04745
3028060,14.478169
3028061,0.56820506
3028062,34.871998
3028063,25.91901
3028064,0.25554428
3028065,273.17706
3028066,4.2734447
3028067,2.6139395
3028068,8.623982
3028069,71.33645
3028070,1.9791508
3028071,109.02056
3028072,252.6829
3028073,2.9815025
3028074,5.2502675
3028075,147.66068
3028076,153.05301
3028077,143.61559
3028078,0.0
3028079,5.0084963
3028080,4.4314737
3028081,0.28252497
3028082,2.7690284
3028083,319.42584
3028084,0.08554323
3028085,116.01157
3028086,6.3895802
3028087,310.71515
3028088,294.62354
3028089,122.787544
3028090,44.44839
3028091,52.66905
3028092,323.29886
3028093,6.898583
3028094,1.1625124
3028095,23.968563
3028096,21.67996
3028097,0.12004338
3028098,156.73576
3028099,0.35962686
3028100,0.0
3028101,4.2339153
3028102,34.53348
3028103,2.8456671
3028104,127.03897
3028105,158.19334
3028106,1.1088204
3028107,5.9380407
3028108,119.90255
3028109,27.070877
3028110,339.37833
3028111,26.31495
3028112,1.9495343
3028113,1.5953809
3028114,0.10441364
3028115,0.60373795
3028116,169.08875
3028117,0.30139542
3028118,232.41258
3028119,7.725547
3028120,267.9704
3028121,232.82425
3028122,116.88714
3028123,44.437645
3028124,67.268326
3028125,331.14243
3028126,26.820942
3028127,0.4495537
3028128,10.1957655
3028129,17.381649
3028130,0.5336232
3028131,103.13969
3028132,11.729315
3028133,1.8802638
3028134,7.883857
3028135,47.144535
3028136,4.421853
3028137,289.20544
3028138,140.09462
3028139,3.6276278
3028140,5.1672745
3028141,277.94382
3028142,28.942411
3028143,11.348198
3028144,0.0
3028145,6.0398664
3028146,2.2129304
3028147,0.21008205
3028148,6.0380435
3028149,321.97363
3028150,0.21008205
3028151,266.17084
3028152,15.45004
3028153,309.50946
3028154,316.0442
3028155,266.0379
3028156,195.78592
3028157,163.7063
3028158,315.2884
3028159,41.547325
3028160,0.8379208
3028161,20.461645
3028162,28.462378
3028163,0.2445822
3028164,224.44058
3028165,11.9346695
3028166,30.347223
3028167,10.204434
3028168,76.175606
3028169,11.745516
3028170,333.3106
3028171,254.24709
3028172,15.233334
3028173,8.615146
3028174,334.53088
3028175,105.78729
3028176,18.749294
3028177,0.0
3028178,24.15576
3028179,3.4314382
3028180,0.19285128
3028181,3.2529054
3028182,327.5621
3028183,0.098111406
3028184,297.86685
3028185,8.530395
3028186,331.18066
3028187,335.62097
3028188,139.42694
3028189,121.16954
3028190,70.136856
3028191,299.2513
3028192,22.778996
3028193,1.4314773
3028194,24.545944
3028195,18.014805
3028196,0.13261157
3028197,95.80525
3028198,0.12118679
3028199,19.636414
3028200,4.830594
3028201,121.77356
3028202,11.227121
3028203,156.5547
3028204,121.80059
3028205,5.491112
3028206,6.940144
3028207,178.15585
3028208,41.567066
3028209,229.68086
3028210,0.85055125
3028211,5.384871
3028212,3.5955524
3028213,0.10282116
3028214,2.7031276
3028215,318.08728
3028216,0.10282116
3028217,200.1349
3028218,4.112841
3028219,258.7794
3028220,199.7563
3028221,61.574497
3028222,28.236124
3028223,34.628952
3028224,312.4207
3028225,5.6558156
3028226,0.55189455
3028227,10.144888
3028228,7.4422975
3028229,0.39499146
3028230,64.375626
3028231,0.22063643
3028232,6.2689376
3028233,0.81075937
3028234,19.180344
3028235,0.26311868
3028236,202.60947
3028237,101.26779
3028238,1.8279746
3028239,1.690073
3028240,116.73544
3028241,18.408674
3028242,346.12094
3028243,0.63473463
3028244,2.6049557
3028245,6.1319814
3028246,0.79642
3028247,1.3153682
3028248,330.54242
3028249,0.20622158
3028250,234.42421
3028251,15.057493
3028252,176.96944
3028253,219.07161
3028254,246.3856
3028255,198.21281
3028256,114.25286
3028257,321.4801
3028258,31.245026
3028259,2.849577
3028260,18.79383
3028261,26.901329
3028262,0.2667644
3028263,166.75873
3028264,6.3168488
3028265,33.936703
3028266,9.952678
3028267,90.46088
3028268,3.4624195
3028269,260.7411
3028270,224.82318
3028271,9.861603
3028272,8.875922
3028273,307.0614
3028274,72.147575
3028275,14.019923
3028276,0.91808355
3028277,15.496844
3028278,5.403656
3028279,0.10282116
3028280,2.281191
3028281,189.96461
3028282,0.10282116
3028283,312.84317
3028284,12.95
3028285,210.41017
3028286,232.88264
3028287,299.42175
3028288,195.7927
3028289,63.5967
3028290,329.19247
3028291,15.437328
3028292,1.1282083
3028293,30.002035
3028294,18.301317
3028295,1.1527072
3028296,254.89738
3028297,0.1258966
3028298,5.026608
3028299,5.037118
3028300,50.67799
3028301,0.8303934
3028302,305.7041
3028303,281.73523
3028304,4.6107306
3028305,5.075392
3028306,184.40056
3028307,74.628395
3028308,140.96866
3028309,1.8089733
3028310,4.038739
3028311,5.850976
3028312,0.3905246
3028313,3.0251956
3028314,320.47235
3028315,0.10282116
3028316,295.03317
3028317,11.949678
3028318,318.86584
3028319,242.10542
3028320,249.02527
3028321,169.52942
3028322,71.22607
3028323,333.14935
3028324,15.242337
3028325,1.4435545
3028326,26.414936
3028327,23.060646
3028328,0.13732135
3028329,235.41966
3028330,0.1258966
3028331,5.9822817
3028332,5.5794544
3028333,78.20771
3028334,1.2726126
3028335,154.28137
3028336,228.4606
3028337,4.0949836
3028338,4.6993985
3028339,188.18016
3028340,59.462868
3028341,139.28944
3028342,1.353363
3028343,6.168602
3028344,8.604676
3028345,1.2008939
3028346,15.320346
3028347,337.1774
3028348,0.117213964
3028349,328.35248
3028350,47.043743
3028351,324.78027
3028352,335.03027
3028353,301.6609
3028354,335.109
3028355,292.18726
3028356,328.4491
3028357,68.58551
3028358,2.9201725
3028359,54.18857
3028360,45.422764
3028361,0.15171418
3028362,338.67087
3028363,30.89418
3028364,39.954098
3028365,24.089972
3028366,168.57979
3028367,26.53735
3028368,58.416935
3028369,337.57965
3028370,20.181791
3028371,22.664427
3028372,132.89386
3028373,215.57661
3028374,14.460653
3028375,0.764918
3028376,69.62666
3028377,3.462506
3028378,0.5494003
3028379,0.68349314
3028380,244.16547
3028381,0.099092215
3028382,163.19621
3028383,5.59537
3028384,338.7033
3028385,237.44998
3028386,111.86073
3028387,104.97725
3028388,48.00583
3028389,205.976
3028390,6.058192
3028391,0.436238
3028392,12.92933
3028393,7.938671
3028394,0.13359237
3028395,159.60115
3028396,1.5974075
3028397,0.0
3028398,2.315902
3028399,35.392124
3028400,0.95855826
3028401,136.3915
3028402,105.99073
3028403,1.710784
3028404,4.045529
3028405,110.79036
3028406,21.632938
3028407,247.28557
3028408,0.0
3028409,3.7871425
3028410,8.620494
3028411,0.19002476
3028412,1.2979511
3028413,144.1741
3028414,0.09528488
3028415,349.31555
3028416,8.9027815
3028417,323.05728
3028418,212.74394
3028419,212.83896
3028420,248.00665
3028421,80.96091
3028422,335.11322
3028423,10.550132
3028424,0.5279638
3028425,21.950476
3028426,18.510487
3028427,0.12978503
3028428,265.31946
3028429,0.7387836
3028430,6.452742
3028431,9.352206
3028432,18.870241
3028433,1.2544734
3028434,338.68387
3028435,243.74823
3028436,3.760869
3028437,5.5914907
3028438,137.83998
3028439,58.141335
3028440,133.74696
3028441,1.6045709
3028442,4.975758
3028443,1.650978
3028444,0.099092215
3028445,1.0783556
3028446,295.1464
3028447,0.099092215
3028448,127.02615
3028449,4.5057898
3028450,339.2572
3028451,127.225914
3028452,86.075424
3028453,156.91988
3028454,17.453577
3028455,308.78622
3028456,1.1599003
3028457,0.39126247
3028458,7.3577538
3028459,4.428719
3028460,0.25485775
3028461,88.21861
3028462,0.12216762
3028463,0.0
3028464,0.5367409
3028465,37.597057
3028466,0.39579433
3028467,111.26896
3028468,79.290375
3028469,0.4238815
3028470,1.0201517
3028471,48.09935
3028472,9.166367
3028473,165.91669
3028474,0.0
3028475,1.5261136
3028476,16.413288
3028477,0.08554323
3028478,3.5861964
3028479,230.06227
3028480,0.08554323
3028481,243.39803
3028482,22.366087
3028483,325.9528
3028484,326.8871
3028485,211.10567
3028486,129.10266
3028487,85.37077
3028488,326.76477
3028489,5.3223515
3028490,0.39709473
3028491,48.37169
3028492,25.683569
3028493,0.37723064
3028494,266.89847
3028495,0.10861862
3028496,0.0
3028497,75.244675
3028498,72.28219
3028499,5.790724
3028500,310.22403
3028501,311.68433
3028502,5.563946
3028503,4.0645504
3028504,290.4493
3028505,32.90871
3028506,320.94138
3028507,0.0
3028508,2.5855618
3028509,2.9046016
3028510,0.35676238
3028511,1.256754
3028512,318.6256
3028513,0.099092215
3028514,216.59743
3028515,8.899309
3028516,272.18344
3028517,250.11552
3028518,214.79112
3028519,112.22183
3028520,70.641785
3028521,329.95645
3028522,7.6489162
3028523,3.5196607
3028524,23.096758
3028525,36.90785
3028526,0.13359237
3028527,213.96817
3028528,1.2544571
3028529,4.66439
3028530,3.5821238
3028531,27.673632
3028532,2.028282
3028533,229.94632
3028534,266.52133
3028535,2.9769573
3028536,6.67663
3028537,138.32492
3028538,24.957584
3028539,167.52429
3028540,3.8918734
3028541,2.4146914
3028542,3.2947884
3028543,0.09703633
3028544,2.7209654
3028545,234.09499
3028546,0.09703633
3028547,105.95625
3028548,2.241612
3028549,332.58502
3028550,167.6914
3028551,90.534744
3028552,126.48802
3028553,44.496426
3028554,322.66595
3028555,5.4674287
3028556,0.7079192
3028557,10.048277
3028558,4.5830126
3028559,0.22627634
3028560,113.96817
3028561,0.12011173
3028562,0.0
3028563,0.25561267
3028564,43.435226
3028565,0.75302225
3028566,286.76227
3028567,77.10631
3028568,0.8709046
3028569,1.1629062
3028570,65.2495
3028571,16.00833
3028572,312.37775
3028573,0.0
3028574,1.2225498
3028575,4.541877
3028576,0.11545643
3028577,0.8787588
3028578,204.89818
3028579,0.11545643
3028580,336.4415
3028581,11.878454
3028582,213.08691
3028583,208.47922
3028584,206.2396
3028585,154.47559
3028586,95.200615
3028587,323.3541
3028588,8.561763
3028589,0.4076268
3028590,39.184063
3028591,8.747475
3028592,0.14995661
3028593,204.2305
3028594,0.13853186
3028595,28.547203
3028596,4.3492703
3028597,55.046947
3028598,1.1881515
3028599,306.9789
3028600,209.51973
3028601,3.6429982
3028602,4.694383
3028603,131.2916
3028604,39.260345
3028605,136.11552
3028606,0.55826646
3028607,1.4219953
3028608,3.225698
3028609,0.13962644
3028610,8.274588
3028611,312.18365
3028612,0.13962644
3028613,291.3474
3028614,5.4050817
3028615,194.24138
3028616,238.22049
3028617,157.64552
3028618,113.69204
3028619,107.91395
3028620,315.57178
3028621,42.39639
3028622,1.1744787
3028623,25.771723
3028624,23.517221
3028625,0.1741266
3028626,188.99454
3028627,21.068224
3028628,18.731976
3028629,1.3985901
3028630,94.01929
3028631,9.20634
3028632,197.8472
3028633,258.95447
3028634,12.582852
3028635,12.28002
3028636,220.46014
3028637,61.54473
3028638,15.493468
3028639,0.0
3028640,10.237563
3028641,6.031119
3028642,0.08554323
3028643,6.681604
3028644,307.05676
3028645,0.08554323
3028646,355.05838
3028647,10.298947
3028648,314.08154
3028649,191.45363
3028650,133.24084
3028651,71.59714
3028652,106.74342
3028653,328.60294
3028654,27.72868
3028655,0.9980554
3028656,40.770447
3028657,43.27751
3028658,0.12004338
3028659,264.7904
3028660,19.434694
3028661,15.018006
3028662,9.87999
3028663,72.69907
3028664,11.967229
3028665,141.26439
3028666,306.46707
3028667,6.291831
3028668,10.071945
3028669,113.798386
3028670,72.972534
3028671,8.709381
3028672,8.629095
3028673,15.609819
3028674,7.778584
3028675,0.24426603
3028676,4.1480093
3028677,312.06827
3028678,0.10876505
3028679,217.86588
3028680,4.467784
3028681,312.69934
3028682,214.44818
3028683,166.4047
3028684,215.43028
3028685,61.82612
3028686,325.01505
3028687,27.759012
3028688,1.7268327
3028689,22.527433
3028690,19.395311
3028691,0.2380051
3028692,306.42487
3028693,4.8665137
3028694,12.755519
3028695,13.554139
3028696,47.95524
3028697,4.5196767
3028698,226.52127
3028699,279.99704
3028700,6.255033
3028701,8.883952
3028702,213.59737
3028703,47.834618
3028704,138.45865
3028705,7.347936
3028706,12.711744
3028707,3.6288831
3028708,0.6675679
3028709,6.0753946
3028710,339.04553
3028711,0.10202058
3028712,310.95047
3028713,6.8776093
3028714,285.09335
3028715,190.3847
3028716,162.03091
3028717,109.04057
3028718,71.654015
3028719,327.84326
3028720,21.547316
3028721,1.0372069
3028722,13.639132
3028723,10.015993
3028724,0.2312606
3028725,150.2962
3028726,16.96493
3028727,17.522324
3028728,2.1862853
3028729,79.34462
3028730,7.9391446
3028731,285.61038
3028732,188.39363
3028733,5.857719
3028734,7.7039638
3028735,304.02902
3028736,49.379753
3028737,5.7647214
3028738,0.0
3028739,21.890385
3028740,2.9592266
3028741,0.104043916
3028742,3.6563764
3028743,188.65755
3028744,0.104043916
3028745,338.49582
3028746,9.087606
3028747,302.66806
3028748,250.08575
3028749,249.85185
3028750,150.70863
3028751,58.28232
3028752,319.7591
3028753,9.918133
3028754,1.894841
3028755,28.452066
3028756,20.921045
3028757,0.25980946
3028758,330.12338
3028759,0.1271193
3028760,0.03539453
3028761,8.270966
3028762,34.560066
3028763,1.9784697
3028764,156.71295
3028765,285.68094
3028766,3.127332
3028767,10.303367
3028768,167.93465
3028769,49.478535
3028770,133.61546
3028771,0.0
3028772,4.7802124
3028773,6.542849
3028774,0.104043916
3028775,6.874183
3028776,186.4383
3028777,0.104043916
3028778,356.29413
3028779,12.109742
3028780,196.82697
3028781,249.39537
3028782,199.20183
3028783,108.32874
3028784,131.30861
3028785,322.5405
3028786,28.68667
3028787,1.1392927
3028788,25.548725
3028789,27.977861
3028790,0.13854405
3028791,195.95503
3028792,15.464269
3028793,13.494229
3028794,6.778234
3028795,59.151802
3028796,11.989042
3028797,168.46576
3028798,256.06552
3028799,11.786177
3028800,7.7416534
3028801,161.69353
3028802,57.432274
3028803,18.383522
3028804,0.4088905
3028805,5.85225
3028806,4.0107255
3028807,0.116485134
3028808,3.8500621
3028809,317.14465
3028810,0.116485134
3028811,346.288
3028812,6.2408752
3028813,235.40025
3028814,296.76126
3028815,157.78363
3028816,110.692116
3028817,106.700485
3028818,310.6779
3028819,24.990726
3028820,1.0468172
3028821,24.324543
3028822,16.511461
3028823,0.15098527
3028824,170.95863
3028825,11.451594
3028826,31.095676
3028827,6.2029233
3028828,60.929165
3028829,8.69411
3028830,209.23936
3028831,203.0373
3028832,8.172326
3028833,7.9141345
3028834,203.44052
3028835,48.950535
3028836,139.15031
3028837,0.047855288
3028838,13.724762
3028839,6.889268
3028840,0.20804256
3028841,4.074166
3028842,148.97159
3028843,0.113785505
3028844,158.47652
3028845,15.681638
3028846,291.40723
3028847,143.79776
3028848,263.4233
3028849,185.83794
3028850,66.22196
3028851,301.28122
3028852,11.64432
3028853,0.24302556
3028854,16.605505
3028855,20.544853
3028856,0.24302556
3028857,251.81436
3028858,0.13686097
3028859,9.278534
3028860,1.8144994
3028861,71.07644
3028862,4.860024
3028863,289.81503
3028864,299.99887
3028865,3.2364066
3028866,2.5022368
3028867,236.41843
3028868,129.57364
3028869,204.55586
3028870,1.820315
3028871,0.6420943
3028872,14.713901
3028873,0.08554323
3028874,16.643934
3028875,326.90918
3028876,0.08554323
3028877,330.29144
3028878,24.357244
3028879,327.34256
3028880,327.86652
3028881,344.10675
3028882,281.2139
3028883,335.9513
3028884,336.3432
3028885,81.86658
3028886,4.5287194
3028887,94.14814
3028888,101.914986
3028889,0.14133245
3028890,322.38577
3028891,17.18723
3028892,23.19393
3028893,52.232216
3028894,250.42044
3028895,23.5157
3028896,54.504326
3028897,349.8746
3028898,33.039337
3028899,34.371384
3028900,170.51424
3028901,291.95392
3028902,34.34069
3028903,221.89122
3028904,71.63627
3028905,13.680256
3028906,0.090663895
3028907,12.445497
3028908,324.8301
3028909,0.090663895
3028910,118.54912
3028911,27.279753
3028912,214.79681
3028913,189.69821
3028914,299.54196
3028915,271.46848
3028916,257.06702
3028917,342.70438
3028918,87.330215
3028919,1.3143075
3028920,68.63612
3028921,75.31074
3028922,0.7486701
3028923,320.4247
3028924,17.289183
3028925,34.45415
3028926,26.911648
3028927,213.7566
3028928,18.922379
3028929,38.41483
3028930,309.09705
3028931,19.247011
3028932,25.102598
3028933,197.6582
3028934,241.30103
3028935,38.88893
3028936,181.03027
3028937,70.594574
3028938,10.4523115
3028939,0.08787972
3028940,20.264084
3028941,339.68112
3028942,0.1826196
3028943,266.58517
3028944,12.850335
3028945,329.8217
3028946,301.29913
3028947,181.38799
3028948,105.60162
3028949,225.31927
3028950,334.44995
3028951,37.07609
3028952,3.5385232
3028953,41.08186
3028954,27.572979
3028955,0.4330198
3028956,332.8903
3028957,23.89089
3028958,19.754368
3028959,12.839821
3028960,130.17317
3028961,10.396587
3028962,233.06232
3028963,276.29794
3028964,20.75485
3028965,34.246895
3028966,154.79245
3028967,115.718376
3028968,9.8590975
3028969,174.83185
3028970,45.72731
3028971,15.181808
3028972,0.08787972
3028973,21.686365
3028974,326.43405
3028975,0.08787972
3028976,325.07748
3028977,19.530493
3028978,330.3915
3028979,330.86353
3028980,314.64008
3028981,293.7462
3028982,235.62741
3028983,341.469
3028984,49.88498
3028985,1.8548977
3028986,74.38735
3028987,64.773735
3028988,1.3551736
3028989,222.5336
3028990,25.265993
3028991,27.477814
3028992,9.729881
3028993,171.96587
3028994,14.59086
3028995,8.577257
3028996,286.05853
3028997,17.974888
3028998,27.435198
3028999,165.51318
3029000,221.81784
3029001,20.838573
3029002,85.26739
3029003,56.19983
3029004,10.839022
3029005,0.08787972
3029006,21.463583
3029007,337.45734
3029008,0.08787972
3029009,227.5983
3029010,14.352272
3029011,331.61124
3029012,210.29344
3029013,330.3226
3029014,81.21987
3029015,170.6221
3029016,339.49573
3029017,39.978104
3029018,0.295111
3029019,30.250546
3029020,55.191334
3029021,0.24364522
3029022,331.02264
3029023,27.521309
3029024,11.134585
3029025,4.319261
3029026,108.34242
3029027,6.407038
3029028,129.2029
3029029,342.99323
3029030,15.633509
3029031,20.256676
3029032,160.9824
3029033,79.01048
3029034,13.145179
3029035,122.92643
3029036,23.205048
3029037,11.8657055
3029038,0.090663895
3029039,12.20159
3029040,334.65363
3029041,0.090663895
3029042,187.65536
3029043,23.85255
3029044,322.90112
3029045,329.85333
3029046,334.11206
3029047,334.29837
3029048,293.91232
3029049,336.98965
3029050,64.706955
3029051,1.6578014
3029052,53.974075
3029053,45.624317
3029054,0.57284284
3029055,337.77206
3029056,14.165035
3029057,28.868387
3029058,7.8688984
3029059,194.69247
3029060,16.207508
3029061,128.53696
3029062,342.64294
3029063,17.16999
3029064,26.346853
3029065,125.195564
3029066,209.75986
3029067,19.317936
3029068,261.0794
3029069,69.10216
3029070,6.3401318
3029071,0.5873861
3029072,5.566394
3029073,314.35822
3029074,0.117213964
3029075,327.71793
3029076,24.368635
3029077,278.15793
3029078,240.5962
3029079,181.4295
3029080,65.46701
3029081,79.67653
3029082,334.9993
3029083,27.501
3029084,1.3835672
3029085,27.094004
3029086,20.407312
3029087,0.15171418
3029088,141.68922
3029089,10.488715
3029090,7.1035457
3029091,10.033235
3029092,58.448494
3029093,8.260825
3029094,199.24606
3029095,211.94826
3029096,3.2143743
3029097,6.560967
3029098,189.16733
3029099,54.738598
3029100,10.854584
3029101,0.58375454
3029102,8.3454485
3029103,10.684547
3029104,0.118371844
3029105,10.090059
3029106,335.87842
3029107,0.118371844
3029108,262.8878
3029109,35.469757
3029110,327.33258
3029111,194.0457
3029112,347.5629
3029113,89.772766
3029114,162.06427
3029115,336.641
3029116,65.0551
3029117,1.7568089
3029118,64.24462
3029119,33.929665
3029120,0.15287203
3029121,319.09802
3029122,15.60475
3029123,9.322167
3029124,4.569438
3029125,124.91207
3029126,9.351239
3029127,331.84207
3029128,339.19904
3029129,12.002034
3029130,20.15848
3029131,325.85675
3029132,86.030045
3029133,9.86699
3029134,197.12904
3029135,17.68486
3029136,6.5344973
3029137,0.12996387
3029138,4.704795
3029139,326.47617
3029140,0.12996387
3029141,279.65997
3029142,10.179189
3029143,235.46135
3029144,321.25305
3029145,208.40652
3029146,273.4448
3029147,223.65736
3029148,327.52463
3029149,46.065777
3029150,2.196898
3029151,35.079662
3029152,35.80772
3029153,0.6142892
3029154,231.21489
3029155,3.3406432
3029156,47.514935
3029157,4.5592422
3029158,123.957886
3029159,10.122618
3029160,201.76118
3029161,271.6517
3029162,17.129166
3029163,9.084081
3029164,173.7847
3029165,114.466286
3029166,11.998719
3029167,2.7524836
3029168,47.679184
3029169,11.166573
3029170,0.093228996
3029171,6.6382837
3029172,322.87955
3029173,0.093228996
3029174,303.36414
3029175,11.441758
3029176,305.03314
3029177,311.50024
3029178,306.57455
3029179,191.50822
3029180,261.799
3029181,325.11496
3029182,39.433056
3029183,3.1328824
3029184,55.838028
3029185,39.456104
3029186,0.3787374
3029187,309.6222
3029188,8.072747
3029189,53.457237
3029190,9.521178
3029191,203.72166
3029192,10.52294
3029193,327.01892
3029194,293.52597
3029195,14.539445
3029196,24.884531
3029197,318.03998
3029198,116.16615
3029199,139.0005
3029200,4.6571016
3029201,10.24221
3029202,7.293295
3029203,0.11193545
3029204,2.5340536
3029205,191.09615
3029206,0.11193545
3029207,345.29926
3029208,9.13108
3029209,180.52248
3029210,261.50107
3029211,205.2749
3029212,76.66307
3029213,128.67648
3029214,170.23187
3029215,15.113806
3029216,1.2386942
3029217,30.911638
3029218,25.520332
3029219,0.14643562
3029220,158.04684
3029221,6.390085
3029222,10.056082
3029223,6.9923596
3029224,101.00719
3029225,4.2596717
3029226,221.79199
3029227,201.70152
3029228,3.824721
3029229,5.5601835
3029230,153.70602
3029231,58.765125
3029232,13.901262
3029233,0.098355606
3029234,3.7637262
3029235,6.1824718
3029236,0.088035196
3029237,0.87515855
3029238,197.31862
3029239,0.088035196
3029240,186.57243
3029241,4.922733
3029242,221.98582
3029243,214.54372
3029244,180.51653
3029245,60.27283
3029246,36.156075
3029247,283.63312
3029248,12.606922
3029249,1.0623385
3029250,17.840523
3029251,9.9368105
3029252,0.1983718
3029253,176.06879
3029254,0.11111058
3029255,0.0
3029256,4.3057737
3029257,22.925001
3029258,0.87225467
3029259,57.36664
3029260,164.35329
3029261,0.10170174
3029262,2.687357
3029263,58.782024
3029264,79.91267
3029265,232.9567
3029266,0.0
3029267,2.6451156
3029268,6.457001
3029269,0.0942691
3029270,5.3105416
3029271,341.2703
3029272,0.0942691
3029273,245.86066
3029274,12.216114
3029275,324.25116
3029276,175.11424
3029277,261.08698
3029278,122.43997
3029279,112.77801
3029280,331.48395
3029281,31.286877
3029282,0.9905645
3029283,19.848726
3029284,44.8224
3029285,0.12876925
3029286,198.39279
3029287,20.047867
3029288,15.157867
3029289,8.129043
3029290,75.31879
3029291,6.2364774
3029292,330.28717
3029293,278.3043
3029294,8.380336
3029295,14.722369
3029296,319.1774
3029297,81.45901
3029298,13.833076
3029299,0.0
3029300,30.284985
3029301,4.2874956
3029302,0.13675487
3029303,5.98822
3029304,341.4566
3029305,0.2580204
3029306,175.72177
3029307,15.7901945
3029308,329.25085
3029309,323.32153
3029310,153.31264
3029311,225.59537
3029312,180.18884
3029313,323.36365
3029314,31.922812
3029315,2.796165
3029316,37.289494
3029317,35.098587
3029318,0.6680019
3029319,196.3359
3029320,11.628345
3029321,31.896633
3029322,8.136385
3029323,134.63733
3029324,12.8628
3029325,339.54803
3029326,205.15681
3029327,6.603617
3029328,12.89059
3029329,164.67964
3029330,114.92063
3029331,27.265198
3029332,0.18205373
3029333,38.080303
3029334,3.4631517
3029335,0.9189526
3029336,10.553445
3029337,334.9878
3029338,0.08554323
3029339,186.92734
3029340,20.180027
3029341,245.72195
3029342,335.41794
3029343,240.31242
3029344,248.62193
3029345,139.78712
3029346,328.47192
3029347,35.024498
3029348,2.4884994
3029349,33.78554
3029350,42.358177
3029351,0.12004338
3029352,275.3923
3029353,25.354483
3029354,28.870087
3029355,21.250872
3029356,146.73906
3029357,18.201143
3029358,324.25882
3029359,284.741
3029360,15.910851
3029361,17.859274
3029362,206.88399
3029363,134.69992
3029364,10.4374075
3029365,2.6486177
3029366,33.89549
3029367,13.875392
3029368,0.7638622
3029369,9.928058
3029370,331.5689
3029371,0.08554323
3029372,299.74506
3029373,12.355867
3029374,332.79813
3029375,130.18501
3029376,253.20786
3029377,150.39247
3029378,99.31381
3029379,329.8221
3029380,9.870354
3029381,1.2494771
3029382,46.94405
3029383,40.57306
3029384,0.12004338
3029385,323.67444
3029386,8.495226
3029387,4.5817213
3029388,8.392514
3029389,47.14167
3029390,4.2296085
3029391,339.23807
3029392,329.103
3029393,6.6034203
3029394,6.8975677
3029395,308.0447
3029396,100.72575
3029397,132.84889
3029398,132.49667
3029399,15.57519
