id,sales
3000888,5.178632752538865
3000889,0.5747738076104167
3000890,7.499824525991913
3000891,380.3639157979292
3000892,0.5747738076104167
3000893,350.6894473764475
3000894,13.27065974792138
3000895,313.185424974829
3000896,351.7413007271012
3000897,145.06805127879608
3000898,142.53273965684554
3000899,139.8656119688228
3000900,186.03362011941067
3000901,20.520977087412337
3000902,2.0693346715977396
3000903,23.49232711588682
3000904,33.08351375518919
3000905,1.527296909775099
3000906,203.94933952065762
3000907,13.637904385361102
3000908,47.650102486828594
3000909,18.972872824770846
3000910,106.0449654728261
3000911,6.618760632502744
3000912,265.8358211442761
3000913,182.33309502255923
3000914,3.3709687834866204
3000915,8.407500397609533
3000916,296.5323236256505
3000917,61.32523516095924
3000918,161.11808841461212
3000919,212.8645625214931
3000920,23.631942490527038
3000921,0.5753788178923296
3000922,0.0
3000923,3.915080840061043
3000924,332.69977213522077
3000925,0.0
3000926,94.13329558656257
3000927,3.2533418207569227
3000928,289.41500290943173
3000929,311.6343912619822
3000930,266.24947248193126
3000931,35.160446353438715
3000932,30.533342043869634
3000933,139.0456888412319
3000934,5.321959562945919
3000935,0.06758459360464791
3000936,11.343637655448905
3000937,18.537955014965576
3000938,0.004659881202962192
3000939,165.277651633251
3000940,2.6632648027324795
3000941,255.42289191176246
3000942,10.503984976359732
3000943,35.80180733834244
3000944,0.04508176553379423
3000945,163.54867703559535
3000946,195.96619434705417
3000947,0.2147445714296223
3000948,3.4708198745672982
3000949,133.5100316758725
3000950,21.796697153825196
3000951,294.8655093959539
3000952,163.23515525611515
3000953,1.057079689612867
3000954,7.029913155778632
3000955,0.031039503635542677
3000956,5.008759721606641
3000957,149.09979579380695
3000958,0.0
3000959,339.0761092321454
3000960,10.84961834310653
3000961,148.56568261188147
3000962,347.30819488286227
3000963,340.957234650025
3000964,177.5270483066155
3000965,69.61627170796332
3000966,182.86924820838965
3000967,32.44804328356164
3000968,0.4976869224505288
3000969,25.363753238083778
3000970,27.97923093227697
3000971,0.029693935349961828
3000972,356.1707923607447
3000973,13.863040538505473
3000974,87.39143777202493
3000975,13.326878442581464
3000976,49.8899838333714
3000977,1.4057838955696351
3000978,254.3385932628545
3000979,321.64167577558925
3000980,2.4170608718951208
3000981,14.441913934905562
3000982,264.44868246440797
3000983,91.94121283931744
3000984,290.2743156400609
3000985,95.41814370067371
3000986,7.766254743080759
3000987,4.785806587189225
3000988,0.045321908066756324
3000989,4.493047311222407
3000990,291.38482653886456
3000991,0.045321908066756324
3000992,189.6745527209633
3000993,11.241454707471604
3000994,291.08669256674466
3000995,351.21514624182174
3000996,228.68134199334548
3000997,55.272692832964424
3000998,36.21560539678631
3000999,285.4489817787278
3001000,8.929032099038624
3001001,0.17154617495154958
3001002,10.40626657752733
3001003,27.444936582988568
3001004,0.11864205139412283
3001005,173.02035270181392
3001006,6.2314358453769545
3001007,255.49645219762277
3001008,13.680733525101562
3001009,48.18860362970843
3001010,0.6882173843735656
3001011,152.30980146499581
3001012,183.88295288062983
3001013,0.865234768191241
3001014,5.7909817922907605
3001015,146.79733814292302
3001016,30.813488301852857
3001017,367.3104560266626
3001018,160.93289919901312
3001019,1.8059243500426638
3001020,3.9827794151157945
3001021,0.045321908066756324
3001022,5.581769744747144
3001023,323.55703756575963
3001024,0.045321908066756324
3001025,111.65053443665458
3001026,6.422990431169829
3001027,370.7380533707045
3001028,279.9294557236202
3001029,162.65617773712358
3001030,45.77851824271376
3001031,28.6965766976554
3001032,135.89051863780836
3001033,14.010232185665012
3001034,0.07822016706329073
3001035,14.577195534643637
3001036,17.75601543168946
3001037,0.07822016706329073
3001038,143.91969925538692
3001039,0.789843535988748
3001040,255.49645219762277
3001041,11.540107860220592
3001042,63.351230610111315
3001043,1.212457973613582
3001044,145.57374038102128
3001045,203.50148239777522
3001046,0.2331232346427455
3001047,4.2506343140415845
3001048,76.71846772270858
3001049,20.112878567152737
3001050,262.81831915681875
3001051,163.3348180280104
3001052,0.08664864591301168
3001053,2.8348500602033666
3001054,0.045321908066756324
3001055,5.241171220922792
3001056,351.03562948850583
3001057,0.045321908066756324
3001058,158.03318142711507
3001059,7.884546745288692
3001060,295.45121779991905
3001061,348.9007814450607
3001062,259.93717029244624
3001063,41.36001427471188
3001064,38.165490069882196
3001065,285.3595921182886
3001066,12.197187521206697
3001067,0.42484644734062876
3001068,14.662252873649754
3001069,29.908672834958768
3001070,0.10325422121029035
3001071,199.17431660902793
3001072,0.5559888008852528
3001073,255.5310755588547
3001074,10.099823904249826
3001075,34.82675034110788
3001076,0.834279404897644
3001077,197.29984313553064
3001078,260.7970847170947
3001079,0.586528285074407
3001080,3.422235941656648
3001081,76.92707346475606
3001082,74.74712244165288
3001083,370.91308312119554
3001084,162.32700384350653
3001085,2.1339411433626494
3001086,2.787246504145004
3001087,0.6140792824459524
3001088,5.621099467716287
3001089,345.49075017239903
3001090,0.0
3001091,154.0826506975891
3001092,3.4746667149699455
3001093,149.2913712667127
3001094,334.48437118693016
3001095,266.0376628319515
3001096,83.56890317575595
3001097,56.98218280271517
3001098,144.03599716820278
3001099,10.452950787622536
3001100,0.8589483048627669
3001101,13.500903661148081
3001102,24.988910629000948
3001103,0.04508176553379423
3001104,225.04287331076608
3001105,6.936236555494729
3001106,255.42289191176246
3001107,11.111216163159003
3001108,34.99746010519092
3001109,0.8222139665200666
3001110,129.1345377750449
3001111,198.922192024312
3001112,0.42444957625356894
3001113,3.907873560969885
3001114,102.85651309954154
3001115,40.02526693580573
3001116,372.019642987611
3001117,163.06356969554787
3001118,2.8493380558011707
3001119,3.878263765961869
3001120,0.04642733381937512
3001121,5.789287958623906
3001122,329.990607013466
3001123,0.0
3001124,145.9944929642234
3001125,4.714860890758984
3001126,293.9143926492411
3001127,264.30313928507184
3001128,166.46794442974735
3001129,126.75898518757882
3001130,35.031715147076504
3001131,186.68645735835355
3001132,4.603825712619003
3001133,0.3512861614803003
3001134,11.567272876910918
3001135,21.087204442737793
3001136,0.04508176553379423
3001137,161.73394430451089
3001138,0.004659881202962192
3001139,256.10301615119084
3001140,9.981250861531844
3001141,42.69598749164748
3001142,0.7607191190373153
3001143,47.72538708810722
3001144,150.19277785588565
3001145,0.46269141984469203
3001146,2.1662141228269682
3001147,65.6873333214321
3001148,32.2497468343686
3001149,365.80006824966864
3001150,214.44368990608913
3001151,0.887049979892057
3001152,7.174841898901711
3001153,0.40259277624400874
3001154,5.3861104348446736
3001155,144.79386117503915
3001156,0.0
3001157,307.2705384928367
3001158,6.403988358722505
3001159,149.6917926788899
3001160,336.0420480510005
3001161,347.6772692733882
3001162,156.89390043919192
3001163,85.80212121477322
3001164,199.60871495704095
3001165,13.885438258626717
3001166,0.7769326214166471
3001167,20.40065939433725
3001168,33.26990586946322
3001169,0.04508176553379423
3001170,271.8010602263979
3001171,0.2395642214086716
3001172,255.45751527299439
3001173,15.471648602114287
3001174,56.688884938673084
3001175,3.2519962524713417
3001176,244.74066226655032
3001177,262.9200564949841
3001178,0.9586678114975277
3001179,7.023857984196072
3001180,301.73368939664573
3001181,49.80741773652518
3001182,289.3234497662268
3001183,149.36133479697298
3001184,10.75031125691273
3001185,2.8327132938749897
3001186,0.3374491482076391
3001187,6.961663152280782
3001188,266.9300164082927
3001189,0.0
3001190,234.78348779950716
3001191,7.076477441427369
3001192,295.6607084765326
3001193,248.45693336904313
3001194,205.98442831936043
3001195,143.08528574570255
3001196,47.554780628289706
3001197,275.24761619103526
3001198,10.43627564863151
3001199,0.5085740886791202
3001200,23.426305923901012
3001201,25.854978006880433
3001202,0.029899183975552135
3001203,183.20231440038614
3001204,11.383835773599257
3001205,73.14832856362577
3001206,19.482071793119623
3001207,64.06725560870153
3001208,0.8933947786525427
3001209,84.64662437947737
3001210,170.23134526080642
3001211,2.6430835876826064
3001212,6.015058211339808
3001213,147.99271990966318
3001214,48.17817963602307
3001215,276.3193633498193
3001216,115.63450069882542
3001217,10.31509011722881
3001218,5.792327360576343
3001219,0.5871657646300943
3001220,6.079840182036528
3001221,147.63790825201116
3001222,0.045321908066756324
3001223,174.67512621274102
3001224,5.792327360576343
3001225,313.5816070542371
3001226,334.1971412800266
3001227,281.073922238486
3001228,39.67302459202714
3001229,35.56723522011418
3001230,146.74609379207112
3001231,35.013595618267026
3001232,0.6574314620354944
3001233,11.745333640070834
3001234,31.03950880926967
3001235,0.08323167795052813
3001236,174.90189204031006
3001237,7.848596035575546
3001238,250.65690162349335
3001239,10.343785005265001
3001240,73.88977874014994
3001241,2.2707297719808937
3001242,121.68604787870261
3001243,179.00823156211658
3001244,0.9830316082413989
3001245,3.9814338468302135
3001246,100.81511764239643
3001247,23.218746600281495
3001248,363.17048953527774
3001249,163.68791707611874
3001250,2.4251952839706825
3001251,6.031586361183633
3001252,0.0
3001253,7.3646836437097045
3001254,148.723522809898
3001255,0.0
3001256,361.6449488612517
3001257,11.232511619196737
3001258,284.80097696608334
3001259,365.7041414903151
3001260,224.004231169805
3001261,150.32940627506798
3001262,99.28530779840104
3001263,176.01844153007625
3001264,36.428961654418444
3001265,0.6640397157123373
3001266,16.907740431212748
3001267,39.005848029094864
3001268,0.029693935349961828
3001269,247.14197675920775
3001270,18.90487587509897
3001271,35.3551750945207
3001272,14.514666739177919
3001273,92.03638549103486
3001274,7.023857984196072
3001275,342.14894205568874
3001276,274.20502864806133
3001277,6.900105437192739
3001278,6.750702670615139
3001279,351.60042803776116
3001280,103.8938417454322
3001281,151.9690814805931
3001282,212.6823234339941
3001283,28.573151343112393
3001284,6.862068399479553
3001285,0.0
3001286,8.028086777708669
3001287,268.53416745464915
3001288,0.0
3001289,333.83416032707436
3001290,7.096835777994007
3001291,268.774325061547
3001292,348.5652197773018
3001293,353.77445303153513
3001294,71.62591977519233
3001295,66.05404909102693
3001296,272.6569095856069
3001297,11.49330286468321
3001298,0.1045153489409956
3001299,21.51586764391424
3001300,24.128321693326715
3001301,0.004659881202962192
3001302,287.71215102409155
3001303,2.4170608718951208
3001304,63.03514755736047
3001305,13.263743820698798
3001306,71.86054428732118
3001307,1.2289526398346045
3001308,262.074286082438
3001309,288.4880026626231
3001310,3.3486756557963195
3001311,5.628567024875818
3001312,253.5623760731455
3001313,54.016221401315136
3001314,290.2743156400609
3001315,134.93086753324303
3001316,11.155534748402383
3001317,9.027016217629939
3001318,0.17073886300627214
3001319,6.155569223057918
3001320,273.5421272237864
3001321,0.0
3001322,339.42892861272134
3001323,6.070366646247595
3001324,277.580754999447
3001325,342.9812466461739
3001326,276.3064227257891
3001327,196.1174082006518
3001328,73.0213905235595
3001329,276.28151530029135
3001330,15.908743660842521
3001331,0.4850260956121424
3001332,28.847307503135223
3001333,36.56327427966448
3001334,0.04508176553379423
3001335,269.6902464094668
3001336,3.973971431643076
3001337,82.7515471959991
3001338,17.426656670412576
3001339,94.85713215933072
3001340,1.4887548792119494
3001341,106.69551503886646
3001342,255.92530069383358
3001343,1.8233307886646275
3001344,6.426802951151126
3001345,144.9291741934976
3001346,131.04712762936222
3001347,286.6911082993471
3001348,156.1509053552021
3001349,4.942623732207791
3001350,3.878263765961869
3001351,0.06893016189022888
3001352,5.801584714141381
3001353,268.0120535271004
3001354,0.0
3001355,148.22483125233194
3001356,7.709424299383373
3001357,339.89352229162125
3001358,333.5433406612371
3001359,153.98773987066826
3001360,42.02175625914042
3001361,44.78004628629463
3001362,272.6914084619397
3001363,12.06018394680941
3001364,0.5384822834872564
3001365,20.847550418190146
3001366,25.018797706053782
3001367,0.004659881202962192
3001368,171.56616959613666
3001369,1.250412088867048
3001370,250.61796469886497
3001371,7.347753173217962
3001372,78.30691619114347
3001373,1.4057838955696351
3001374,97.29112093154889
3001375,157.23855510149605
3001376,0.7575056437125252
3001377,5.305241145596475
3001378,111.12804212905819
3001379,29.837876643503208
3001380,367.95467250421734
3001381,153.8167282912336
3001382,3.118855505646809
3001383,1.2302982081201852
3001384,0.0
3001385,4.153119044657372
3001386,309.5740334320715
3001387,0.0
3001388,266.0930376388123
3001389,11.542561960021356
3001390,317.8419476665845
3001391,341.5216962276367
3001392,122.92852499674828
3001393,44.884320732950115
3001394,60.49919029863073
3001395,144.35511901699633
3001396,25.990463924043905
3001397,0.09798588909122108
3001398,11.340181580027537
3001399,28.872284834099947
3001400,0.06758459360464791
3001401,142.87500269917004
3001402,10.750442648222567
3001403,84.7925446130146
3001404,11.854718836920462
3001405,60.145805860173986
3001406,3.283188114445792
3001407,299.2088150292436
3001408,156.82030300523306
3001409,2.1662141228269682
3001410,5.305241145596475
3001411,288.8418073186675
3001412,30.328477722643246
3001413,153.8689908570364
3001414,212.37222473193518
3001415,6.5303221985147175
3001416,1.7500127980175528
3001417,0.031039503635542677
3001418,6.599763829788481
3001419,275.1293654950929
3001420,0.0
3001421,357.6613679226961
3001422,13.975515318889418
3001423,275.3335269659996
3001424,277.3688162782877
3001425,285.3033534762406
3001426,213.8304036449242
3001427,159.20685358414417
3001428,283.8762351979602
3001429,35.24753583386014
3001430,0.30657393288273466
3001431,15.57018942696568
3001432,39.07766050519305
3001433,0.004659881202962192
3001434,255.53484902550346
3001435,10.599411831399651
3001436,52.80973071926866
3001437,16.592179271118944
3001438,95.12020314470217
3001439,10.931454650737052
3001440,330.8547201389697
3001441,284.30001369946234
3001442,13.532825546305544
3001443,9.88676497977879
3001444,329.81885341386226
3001445,106.15095195877664
3001446,170.5135179401171
3001447,214.2910837906251
3001448,21.222845926264142
3001449,2.7612897743430382
3001450,0.011016960375780472
3001451,5.891063604194657
3001452,270.117126103493
3001453,0.0
3001454,303.82542129774185
3001455,6.941121815133679
3001456,337.7104367606741
3001457,352.9895832043833
3001458,163.1004650886307
3001459,104.64430742770854
3001460,67.8999511782083
3001461,297.58656989367324
3001462,19.376442621694633
3001463,0.701252137120881
3001464,17.39748019226436
3001465,29.048480981706682
3001466,0.004659881202962192
3001467,116.83934195409597
3001468,0.004659881202962192
3001469,45.78774175559158
3001470,13.915738909582101
3001471,154.8000467499927
3001472,9.293820999493649
3001473,170.0597691400982
3001474,122.32565322064298
3001475,3.876918197676288
3001476,5.810218690140169
3001477,148.53199995968222
3001478,33.045608787223856
3001479,312.999945493975
3001480,150.39890039766044
3001481,4.404491630670105
3001482,3.3500212240819005
3001483,0.0
3001484,4.168907558219127
3001485,332.7341363201306
3001486,0.0
3001487,217.70281495054857
3001488,5.337126198071212
3001489,301.79859734559807
3001490,244.37797920123728
3001491,88.23991705731258
3001492,31.61658575452268
3001493,31.590018715897802
3001494,150.05935210974042
3001495,15.31590193737714
3001496,0.3351168069462161
3001497,10.174220256074006
3001498,17.29013373455255
3001499,0.06758459360464791
3001500,95.48854145751422
3001501,0.0096713920901996
3001502,62.16325299251389
3001503,11.195265158573525
3001504,42.988963060210395
3001505,0.04508176553379423
3001506,222.61013579481903
3001507,136.9027762875827
3001508,2.1662141228269682
3001509,0.6902318211806704
3001510,120.87369647318158
3001511,20.651071321202252
3001512,385.2541359669248
3001513,150.84111918355237
3001514,1.9271892806414217
3001515,6.252018311511946
3001516,0.32209224557672694
3001517,3.7920172883413668
3001518,144.73397896861783
3001519,0.031039503635542677
3001520,350.80557175567446
3001521,14.631208287040199
3001522,378.39062751661794
3001523,310.2911733559991
3001524,284.4109206616711
3001525,224.25650304375378
3001526,103.93636268450715
3001527,243.9637687209111
3001528,23.219063667882008
3001529,1.8233307886646275
3001530,19.4377208613512
3001531,36.39234506889742
3001532,0.06758459360464791
3001533,227.6751705909457
3001534,7.386443463999432
3001535,53.1242036522248
3001536,16.410309776576785
3001537,139.65729997178124
3001538,3.3486756557963195
3001539,286.2726627943872
3001540,269.0923233757279
3001541,9.001482934885644
3001542,8.081653659803683
3001543,316.4184264900582
3001544,73.29278938853388
3001545,176.65152429636987
3001546,145.9669743417421
3001547,13.366372548042305
3001548,6.1402177520922345
3001549,0.0
3001550,4.832572841545339
3001551,360.8734913064999
3001552,0.0
3001553,354.09416944289086
3001554,14.54884575656409
3001555,367.4242995512837
3001556,349.2141071682436
3001557,321.2287946249677
3001558,203.2676500141814
3001559,65.07404276770313
3001560,165.87809312549084
3001561,12.267051557315696
3001562,0.8022926580857301
3001563,26.2067252122202
3001564,26.952641685999076
3001565,0.5384822834872564
3001566,266.509333034269
3001567,0.004659881202962192
3001568,64.51530237328377
3001569,11.4434525471815
3001570,70.60357599496201
3001571,0.4959845147338162
3001572,198.29629587321756
3001573,278.38061506077446
3001574,3.876918197676288
3001575,3.973971431643076
3001576,184.5875031223571
3001577,74.61164904048435
3001578,307.99872893445973
3001579,145.285362006998
3001580,4.543974665751984
3001581,5.687811711422417
3001582,0.16743797691777237
3001583,4.47151286184417
3001584,268.3492556567007
3001585,0.0
3001586,349.0008051263442
3001587,10.40568829134026
3001588,268.21450195446516
3001589,352.6536435595135
3001590,260.55645080342913
3001591,171.4332444342943
3001592,63.93710744607504
3001593,283.8535529079476
3001594,14.376219843432224
3001595,0.6707126529317267
3001596,18.29246602874277
3001597,27.373616658851116
3001598,0.004659881202962192
3001599,242.80693133761633
3001600,0.004659881202962192
3001601,59.26996140529919
3001602,12.409546839648387
3001603,98.21682884837814
3001604,0.7207713053698247
3001605,111.49741515933565
3001606,243.0880003772188
3001607,3.876918197676288
3001608,4.50221397352304
3001609,175.7864855951189
3001610,62.496215339179486
3001611,307.99872893445973
3001612,145.08635777893696
3001613,5.010485572793297
3001614,8.947218989872127
3001615,0.6720582212173075
3001616,14.747229711326652
3001617,145.76622981800614
3001618,0.0
3001619,232.86244889073814
3001620,30.407570012736482
3001621,141.207086587523
3001622,279.3983353197516
3001623,324.615236822865
3001624,351.6344215328985
3001625,301.1414185216772
3001626,355.84336628388684
3001627,74.69295411163291
3001628,1.4620374021612792
3001629,51.438752202067135
3001630,57.65110655581634
3001631,0.1950058169928849
3001632,358.212324467956
3001633,33.36372836572725
3001634,77.77031844944847
3001635,30.253476467831852
3001636,202.23916827759754
3001637,25.262371656585362
3001638,22.285046785926703
3001639,361.01176052897483
3001640,15.579022841177467
3001641,20.877884082884165
3001642,278.3635355872271
3001643,236.66017794929883
3001644,129.96940459459796
3001645,151.10429298793056
3001646,75.25837191073322
3001647,2.7612897743430382
3001648,0.42919392760105485
3001649,4.460682440501677
3001650,349.1894328793934
3001651,0.0
3001652,160.18812725305614
3001653,3.168795868805368
3001654,305.2291978503283
3001655,288.3390494999625
3001656,114.8174083398091
3001657,109.25634622032601
3001658,43.804991394934284
3001659,253.2533168560097
3001660,5.327861434988353
3001661,0.06758459360464791
3001662,10.474081918157934
3001663,17.70939890079655
3001664,0.04508176553379423
3001665,166.03125270078775
3001666,0.6220956657623276
3001667,244.49088721409427
3001668,9.650537906372216
3001669,53.53459186561937
3001670,0.28088449056544607
3001671,60.338095080186186
3001672,101.64279623883415
3001673,0.8169726256289594
3001674,2.754945572565826
3001675,95.913990872017
3001676,20.16902560516567
3001677,347.1762773925669
3001678,159.55571583326918
3001679,2.8183826925075737
3001680,6.998130408803299
3001681,0.04642733381937512
3001682,3.8959594241525184
3001683,315.3099704717978
3001684,0.0
3001685,358.07754804201454
3001686,8.206751775092595
3001687,142.52434353739866
3001688,339.8014469596396
3001689,241.94735334634495
3001690,256.36631187831836
3001691,68.73111954871005
3001692,215.15446518559267
3001693,11.315527641090522
3001694,0.06758459360464791
3001695,20.28041589755969
3001696,29.179003567787767
3001697,0.0096713920901996
3001698,257.76468889754864
3001699,0.7411999507883713
3001700,61.255423565491874
3001701,15.315489359386483
3001702,32.41107731997913
3001703,0.7607191190373153
3001704,310.3013194479311
3001705,263.7808550845516
3001706,2.7854850567549803
3001707,5.628567024875818
3001708,115.94561972004949
3001709,62.50884981928435
3001710,308.9495948082938
3001711,148.20797896338968
3001712,4.0405791448706685
3001713,1.0420140702133827
3001714,0.0
3001715,5.987256938702703
3001716,297.1880421387017
3001717,0.0
3001718,116.48886119511427
3001719,2.7612897743430382
3001720,331.3811821068092
3001721,194.5776782198423
3001722,107.22383816600663
3001723,132.02397889756108
3001724,17.988301499758084
3001725,166.6104305574663
3001726,1.4887548792119494
3001727,0.06758459360464791
3001728,10.198317989912667
3001729,14.799475500751367
3001730,0.004659881202962192
3001731,93.84936270814565
3001732,0.004659881202962192
3001733,244.49088721409427
3001734,9.90098592758042
3001735,59.83598612504975
3001736,0.04508176553379423
3001737,64.30769677696046
3001738,99.36350365372635
3001739,0.09798588909122108
3001740,0.40153397890719955
3001741,49.81110925008072
3001742,9.663645966743468
3001743,309.44759502885427
3001744,214.2910837906251
3001745,0.7886541278823785
3001746,6.128265764508611
3001747,0.0
3001748,5.372006282380263
3001749,341.29041390714525
3001750,0.0
3001751,228.03369986670464
3001752,8.210297748493254
3001753,150.1521785158761
3001754,337.875182314048
3001755,178.02183328638282
3001756,121.42965723027301
3001757,46.735117290856024
3001758,163.7388516526697
3001759,3.337783820382605
3001760,0.3576774326274936
3001761,28.96587311187185
3001762,24.865915479761643
3001763,0.06758459360464791
3001764,215.45443582408672
3001765,0.004659881202962192
3001766,244.49088721409427
3001767,15.437403465256045
3001768,48.5035160233908
3001769,0.7719858731264425
3001770,248.87511435337765
3001771,224.37169410955332
3001772,1.0280362859282948
3001773,3.3486756557963195
3001774,197.98368476019897
3001775,26.483400324929633
3001776,304.3589520533826
3001777,219.2913954377228
3001778,0.0
3001779,2.7612897743430382
3001780,0.06893016189022888
3001781,4.44660856471281
3001782,145.9595504064158
3001783,0.0
3001784,224.92621315063803
3001785,7.274915937567371
3001786,276.60460958709075
3001787,282.73704697746354
3001788,234.51256002359153
3001789,94.55850604794522
3001790,59.05644364222212
3001791,156.1338066519306
3001792,5.901432349846599
3001793,3.9690674972972277
3001794,28.500928612779806
3001795,42.11986428296962
3001796,0.0096713920901996
3001797,216.6733590222944
3001798,1.096922008519446
3001799,53.855909916593724
3001800,12.75718083823528
3001801,44.60061603601533
3001802,1.4057838955696351
3001803,167.89673602879304
3001804,281.6240147535999
3001805,2.7599442060574573
3001806,5.686466143136834
3001807,138.5999614933583
3001808,25.895455004341233
3001809,393.9642733542256
3001810,108.66284029498338
3001811,1.5885186920592653
3001812,2.7453993054376924
3001813,0.0
3001814,6.040131098659309
3001815,324.57827922341977
3001816,0.0
3001817,110.22810686141194
3001818,2.7612897743430382
3001819,335.9090042785437
3001820,202.49922435733637
3001821,97.68347240333436
3001822,119.94015783589775
3001823,42.70086879024307
3001824,183.8330025071573
3001825,6.1495404856149065
3001826,0.3882169168166479
3001827,9.696722599882994
3001828,21.239625893004607
3001829,0.04508176553379423
3001830,107.58285026867978
3001831,0.004659881202962192
3001832,244.49088721409427
3001833,14.2875553057027
3001834,63.83420307637459
3001835,0.2533889667849591
3001836,177.5044470032834
3001837,108.33674255123577
3001838,0.49284772174481395
3001839,0.7207713053698247
3001840,45.12805619440427
3001841,18.38408663038371
3001842,362.5506091476448
3001843,164.55602748036688
3001844,0.7178670121557201
3001845,3.878263765961869
3001846,0.0
3001847,4.289591911403192
3001848,339.54723842341235
3001849,0.0
3001850,348.3191303117974
3001851,9.817974158758208
3001852,337.96679370641533
3001853,323.883951947888
3001854,213.9873634296875
3001855,116.01215149738117
3001856,73.40732515612457
3001857,285.66029731089094
3001858,8.437669784948314
3001859,0.2395642214086716
3001860,28.15825362633897
3001861,19.9065956176337
3001862,0.029693935349961828
3001863,228.45390147758002
3001864,0.004659881202962192
3001865,44.574943334647536
3001866,13.83670518582169
3001867,88.48037043905146
3001868,0.7575056437125252
3001869,204.86728977471216
3001870,223.15356505159306
3001871,1.8233307886646275
3001872,2.1662141228269682
3001873,109.77560099246718
3001874,42.43981202664992
3001875,307.4670769949943
3001876,155.74659803732166
3001877,0.9563713365242885
3001878,2.8911035667950107
3001879,0.045321908066756324
3001880,8.762507831863807
3001881,312.81190105842666
3001882,0.045321908066756324
3001883,313.79929166423676
3001884,6.201826050368941
3001885,305.2944204671315
3001886,363.5149276395573
3001887,165.61912559368386
3001888,125.04487154965054
3001889,115.09037133223481
3001890,192.88602069981795
3001891,62.197347671384165
3001892,0.7511598910414924
3001893,31.894146720237366
3001894,37.27948664397313
3001895,0.42484644734062876
3001896,243.51766381389342
3001897,20.245869191619384
3001898,43.516018760608155
3001899,10.100847866659532
3001900,124.17763715938243
3001901,8.278966492667346
3001902,202.2947133008307
3001903,286.36084973165083
3001904,10.67297211725998
3001905,13.70840354461024
3001906,253.37565188285848
3001907,68.52253607725777
3001908,174.8106218550124
3001909,214.3646440764854
3001910,10.008768038354656
3001911,4.681290938035299
3001912,0.0
3001913,8.206710463068017
3001914,312.31212218218036
3001915,0.0
3001916,350.77555470831237
3001917,10.878915449397244
3001918,140.64575629357688
3001919,340.4334405987148
3001920,134.5869375222353
3001921,79.35468848323687
3001922,111.09721285282929
3001923,172.0312377927667
3001924,30.88614051200762
3001925,0.701252137120881
3001926,35.29349808435344
3001927,80.50820480480012
3001928,0.004659881202962192
3001929,284.57613402839564
3001930,18.419851378337892
3001931,34.278139673009605
3001932,16.527655868357243
3001933,92.14750521111843
3001934,9.910308327777921
3001935,156.99209474943032
3001936,316.6606612011138
3001937,6.279985416354374
3001938,11.218619100426547
3001939,110.56944967645602
3001940,75.82467422527324
3001941,168.5734671315081
3001942,165.2646233770473
3001943,11.972425273090238
3001944,7.08255323283749
3001945,0.1424904477505574
3001946,5.256695563181898
3001947,147.39237987569373
3001948,0.045321908066756324
3001949,339.79637842471726
3001950,5.703472879021731
3001951,147.45290662163012
3001952,341.3197393890165
3001953,216.2275449709273
3001954,238.61239344687885
3001955,57.338196084004124
3001956,157.96395507009933
3001957,25.058096525096865
3001958,1.5317756808831235
3001959,21.51407670783476
3001960,27.340421758365636
3001961,0.07822016706329073
3001962,301.1366618201276
3001963,4.928156602510846
3001964,33.52413923950392
3001965,15.135965079914156
3001966,65.0927856575154
3001967,2.8335044919177856
3001968,145.25284272825584
3001969,296.4525756914683
3001970,6.353513463844097
3001971,8.362148368583446
3001972,209.83595994651583
3001973,48.093540848837236
3001974,308.201024367053
3001975,143.96124094637102
3001976,10.771357435495519
3001977,2.756291140851407
3001978,0.39226317226470725
3001979,7.122140441564518
3001980,146.73320405563797
3001981,0.0
3001982,341.90042524541724
3001983,6.252018311511946
3001984,290.73687896310656
3001985,333.79830298822355
3001986,196.7276088423558
3001987,121.8342659464663
3001988,76.7200723503342
3001989,165.01009162619067
3001990,25.932463869785987
3001991,1.096922008519446
3001992,13.48252053055918
3001993,20.219244168303373
3001994,0.0096713920901996
3001995,240.33443120811125
3001996,15.899848088662962
3001997,38.847166464960345
3001998,14.141077725803125
3001999,93.5952544454896
3002000,6.126920196223028
3002001,314.7916229911661
3002002,254.64108926734332
3002003,5.305241145596475
3002004,6.996784840517717
3002005,325.92468644285424
3002006,46.22126010256242
3002007,154.82808854101032
3002008,158.09021889894478
3002009,21.139656314252285
3002010,3.423581509942229
3002011,0.08457724623610902
3002012,4.5450731477045
3002013,344.05565212067324
3002014,0.045321908066756324
3002015,337.8122683629584
3002016,11.922727434126895
3002017,291.32365063526794
3002018,337.69152334879107
3002019,270.5114669619732
3002020,157.32833167482522
3002021,54.89461394743096
3002022,163.9511704633072
3002023,10.973465360764019
3002024,1.8968910745249559
3002025,24.385328746463067
3002026,28.83329073627057
3002027,0.11864205139412283
3002028,328.5794572785389
3002029,0.07822016706329073
3002030,92.34728991608688
3002031,13.952617054292324
3002032,55.73326515366022
3002033,1.1142287877881303
3002034,133.39646296639052
3002035,294.9785581709025
3002036,1.8222275155923005
3002037,8.278966492667346
3002038,152.6306661207657
3002039,51.46743576986616
3002040,301.73684468178493
3002041,212.4911071461285
3002042,5.133121976913161
3002043,6.201826050368941
3002044,0.045321908066756324
3002045,8.210365164802386
3002046,358.19738672870676
3002047,0.045321908066756324
3002048,361.3375664160394
3002049,9.268887411500764
3002050,328.5557411900998
3002051,349.6934439608642
3002052,221.0263075672755
3002053,120.90898304304282
3002054,110.81077467826756
3002055,255.24348479493702
3002056,28.10460396371736
3002057,0.7135155276716127
3002058,22.212755120919773
3002059,53.88480072349373
3002060,0.10325422121029035
3002061,238.45674890703017
3002062,16.362191181655554
3002063,40.892708821685744
3002064,16.284697481789344
3002065,92.05239610048403
3002066,10.607411612538819
3002067,186.91324479528393
3002068,263.53185146764673
3002069,12.078511674773841
3002070,9.078257264037585
3002071,184.04771040474975
3002072,62.01923659426451
3002073,183.1349173857278
3002074,150.4941881982518
3002075,6.07221865504127
3002076,2.8348500602033666
3002077,0.045321908066756324
3002078,5.36385344201708
3002079,256.77748770975995
3002080,0.045321908066756324
3002081,362.21639349742236
3002082,8.341864597111034
3002083,341.2793847596967
3002084,254.8861411926266
3002085,173.96675003332973
3002086,126.59551385534265
3002087,108.99350278583896
3002088,271.8356391621284
3002089,28.082182896079505
3002090,0.37812386969834016
3002091,27.883255779881203
3002092,37.824302433881584
3002093,0.07822016706329073
3002094,196.62377249317382
3002095,14.42195218407304
3002096,51.10106109175319
3002097,12.838191734930307
3002098,81.02288673707805
3002099,8.097314827402995
3002100,226.85088273530664
3002101,231.44114247152822
3002102,7.840628340978048
3002103,7.153527002294146
3002104,213.19850117015264
3002105,53.20012587408928
3002106,301.00626713498906
3002107,159.0719073267167
3002108,11.5607763638644
3002109,5.821134788216238
3002110,0.06744762574800409
3002111,7.245293324498129
3002112,148.091863468423
3002113,0.02819228757865138
3002114,206.75078314922413
3002115,13.571067561913424
3002116,147.7324258005359
3002117,281.33527222948595
3002118,274.7729842805414
3002119,164.50648693132322
3002120,60.07868845367154
3002121,147.86452389361403
3002122,9.266858093715898
3002123,0.08612460072218539
3002124,15.025740013488603
3002125,27.179364311879993
3002126,0.06610205746242315
3002127,241.73839476292886
3002128,0.06109054657518574
3002129,55.65551307237555
3002130,12.012078997365373
3002131,98.77786349687636
3002132,3.753707332186581
3002133,192.0368531241947
3002134,284.73441945807417
3002135,2.2226447881991915
3002136,1.879761454036851
3002137,216.09029062357095
3002138,114.38719512315446
3002139,376.86017703935704
3002140,101.23688138317729
3002141,0.6895258769580196
3002142,13.174950135213653
3002143,0.0
3002144,15.80010774076808
3002145,140.11369695499033
3002146,0.0
3002147,296.6135516677679
3002148,27.012902101478478
3002149,131.82172609981495
3002150,253.12477689500776
3002151,356.87976665174716
3002152,341.7864132644189
3002153,344.14201209019006
3002154,342.3685466661404
3002155,87.5441612249728
3002156,3.876918197676288
3002157,99.39164908754232
3002158,124.88639372527705
3002159,0.06758459360464791
3002160,346.4163331094357
3002161,36.437395545017715
3002162,47.77203763907553
3002163,39.44705024903651
3002164,248.92656626883326
3002165,22.973998738245
3002166,22.285046785926703
3002167,347.34320289852764
3002168,31.330083872848334
3002169,30.85439341128839
3002170,270.9054423136557
3002171,311.581659550025
3002172,131.33334374571427
3002173,253.508260607376
3002174,80.17247057749779
3002175,14.547993795644464
3002176,0.0
3002177,14.022659838978306
3002178,140.11369695499033
3002179,0.0
3002180,138.0765016578773
3002181,23.455083906652032
3002182,115.7005202243762
3002183,151.91821375882236
3002184,347.8137957950999
3002185,297.91396407896957
3002186,270.3498259612214
3002187,355.07849505387975
3002188,126.52079922253304
3002189,0.7607191190373153
3002190,63.3628547993696
3002191,81.06643229064306
3002192,0.5674939526411223
3002193,359.438403676813
3002194,36.44814041705945
3002195,52.77754255271219
3002196,18.11285241765726
3002197,196.1689514620667
3002198,18.979644568426547
3002199,30.312896941552726
3002200,357.4848825367225
3002201,19.888921965862053
3002202,26.77593245133246
3002203,260.3276559203263
3002204,248.17859690913912
3002205,135.93485873212944
3002206,257.84891538976774
3002207,71.20779259174532
3002208,9.713120055231983
3002209,0.0
3002210,18.16609628658805
3002211,123.16888977898547
3002212,0.031039503635542677
3002213,345.1310200179256
3002214,12.669031268859735
3002215,145.5470120240355
3002216,240.94490014978808
3002217,336.6383154065382
3002218,112.05701505392481
3002219,223.02205092905442
3002220,280.03824000898
3002221,41.26984926467409
3002222,2.7195183093241235
3002223,40.99447096095006
3002224,33.14265212207177
3002225,0.12902346459326272
3002226,359.8133917451362
3002227,29.442644502130083
3002228,40.478519984462565
3002229,16.072928946307876
3002230,120.26495953986868
3002231,9.030379531814507
3002232,233.48111782657335
3002233,359.21141654376356
3002234,21.622231347593917
3002235,37.21684656572973
3002236,274.740949690474
3002237,123.47720342004662
3002238,168.1348930780244
3002239,272.3297273122627
3002240,39.92118292685863
3002241,13.736563369577675
3002242,0.0
3002243,22.081798968142785
3002244,121.36979048436045
3002245,0.0
3002246,210.70741471428838
3002247,18.949710514130878
3002248,149.14121546564422
3002249,252.82401951753002
3002250,349.4803284005435
3002251,321.477148300947
3002252,235.05865415019258
3002253,282.62516299152924
3002254,52.94065390113467
3002255,1.1322732365096264
3002256,67.85988607940823
3002257,78.48051620076697
3002258,0.6220956657623276
3002259,333.0284676782248
3002260,40.881922610783825
3002261,45.80811352845823
3002262,21.601341364085858
3002263,164.56902376414
3002264,12.300667013092875
3002265,18.611371286190444
3002266,382.16880203845665
3002267,22.058636361979183
3002268,28.2920214980145
3002269,296.23190820020517
3002270,215.83864285762357
3002271,143.54606793256383
3002272,245.93262063142092
3002273,57.88545816646035
3002274,10.03556108101956
3002275,0.0
3002276,19.666204181674495
3002277,129.78298643143046
3002278,0.0
3002279,362.21607677027833
3002280,16.92091096082136
3002281,148.3584322247172
3002282,358.22108308166804
3002283,354.30190182064047
3002284,95.59593727804828
3002285,168.08145127630928
3002286,287.89944749596737
3002287,38.116857646109466
3002288,0.2395642214086716
3002289,31.359014868273576
3002290,61.31915559794085
3002291,0.06758459360464791
3002292,355.8982217218771
3002293,29.753265309863615
3002294,41.12640883889274
3002295,15.694787431480545
3002296,128.4688608615613
3002297,5.589786739811856
3002298,259.78584816224867
3002299,358.7930527350921
3002300,13.875415110195998
3002301,23.90561160140433
3002302,330.1310346203747
3002303,90.40684479820318
3002304,173.4113820009392
3002305,222.23240319236666
3002306,19.20532544369001
3002307,10.159295880120391
3002308,0.0
3002309,11.988233404486955
3002310,140.11369695499033
3002311,0.0
3002312,360.3123405779463
3002313,23.59031368588928
3002314,127.96929512386727
3002315,253.12477689500776
3002316,340.20406034732537
3002317,359.57683109841855
3002318,311.7358275443873
3002319,353.8367433491828
3002320,60.30105292888887
3002321,1.2240487054887563
3002322,39.71440196977794
3002323,79.63784613091694
3002324,0.16609240863219146
3002325,359.5651686222492
3002326,12.766836158780805
3002327,46.6148433230707
3002328,18.302300715053242
3002329,206.10498722539626
3002330,16.578292216801565
3002331,318.21152337614666
3002332,350.3490913562339
3002333,17.15726549910007
3002334,28.45364639456293
3002335,190.4610264856977
3002336,207.6824839526205
3002337,147.84428178548856
3002338,279.75664408688
3002339,73.84737725099433
3002340,5.306586713882058
3002341,0.35263172976588125
3002342,7.412691938641366
3002343,285.713183092037
3002344,0.0
3002345,343.13958118983544
3002346,20.04098738592045
3002347,286.59988174264936
3002348,324.51963733043823
3002349,221.59327309488827
3002350,76.43836624464411
3002351,77.54961096337571
3002352,173.0176659831687
3002353,54.08507917115437
3002354,0.482428515024924
3002355,25.64245330065126
3002356,26.95225138794485
3002357,0.06758459360464791
3002358,199.01346113983868
3002359,11.06304599578808
3002360,59.53667263238083
3002361,16.713260547342443
3002362,67.09035769408337
3002363,6.152202953878112
3002364,245.24103548308582
3002365,251.41430393535285
3002366,2.1662141228269682
3002367,5.501624420376266
3002368,222.71240321282573
3002369,48.55336424711352
3002370,154.89882965016994
3002371,161.44507221924587
3002372,8.107019236231505
3002373,9.098647722315459
3002374,0.0
3002375,13.261910661407375
3002376,144.55005823416323
3002377,0.0
3002378,362.7507656349309
3002379,27.74912230547513
3002380,134.54508985709268
3002381,334.4149933280585
3002382,342.3098893553848
3002383,88.04736979917698
3002384,131.62415867878298
3002385,213.25061486673258
3002386,81.99905851208399
3002387,0.8523238536191402
3002388,50.9097311025712
3002389,40.022595379100075
3002390,0.029693935349961828
3002391,337.9539040512201
3002392,14.16924422706295
3002393,59.77700658537866
3002394,16.416364408437367
3002395,135.47127132525102
3002396,8.10872680348204
3002397,344.739861337768
3002398,358.0493093838444
3002399,10.962075991339624
3002400,20.98670649684628
3002401,339.4429635261363
3002402,68.76624275061856
3002403,169.61057532622286
3002404,281.897996337367
3002405,16.95745135564075
3002406,6.297103766375311
3002407,0.0
3002408,7.333765745824522
3002409,146.45174301030187
3002410,0.0
3002411,281.7351590861741
3002412,7.290688719302725
3002413,142.9869197823269
3002414,252.12120537563516
3002415,261.2110225207716
3002416,326.79137054633304
3002417,225.96462139737042
3002418,307.7120089594652
3002419,45.32900921958096
3002420,1.2447254215699595
3002421,30.87280565624137
3002422,49.00311044292581
3002423,0.33610357992205814
3002424,310.8959724748857
3002425,3.4010127636395753
3002426,62.391655335656274
3002427,15.746788409308312
3002428,135.05023532370123
3002429,9.270581940980497
3002430,304.1719543739766
3002431,291.15521171832654
3002432,19.1581312224434
3002433,9.292936215006316
3002434,209.09994418400504
3002435,121.6452702167524
3002436,153.77475985591977
3002437,143.76261385471074
3002438,45.15992705530853
3002439,10.254671268082046
3002440,0.0
3002441,9.31511041428688
3002442,268.71116140698007
3002443,0.0
3002444,221.27806281341972
3002445,10.84961834310653
3002446,268.9153228778868
3002447,264.4004027791958
3002448,325.238375898431
3002449,216.58861845538874
3002450,269.8229646757427
3002451,267.1113853554013
3002452,48.43970842292815
3002453,2.7599442060574573
3002454,50.04948544635441
3002455,50.753618983174114
3002456,0.06758459360464791
3002457,330.8552339881368
3002458,7.12053738752105
3002459,73.962913091698
3002460,15.405650315498225
3002461,213.18406774264915
3002462,9.193981557354858
3002463,333.9361180757406
3002464,311.95409040770284
3002465,12.760510168996653
3002466,23.749213891484114
3002467,329.39914534370945
3002468,118.08632248700593
3002469,308.12746408119267
3002470,106.8427386938091
3002471,6.480744852654186
3002472,8.980361388942287
3002473,0.0
3002474,5.3861104348446736
3002475,297.8169817629347
3002476,0.0
3002477,350.28292110020095
3002478,6.933699904165072
3002479,244.1198910742739
3002480,339.7538126871607
3002481,237.7812275434437
3002482,83.95189728265544
3002483,104.93883451700287
3002484,176.4729551430692
3002485,13.038792098605963
3002486,1.1885267431012707
3002487,23.31828562352048
3002488,33.48059832081137
3002489,0.0096713920901996
3002490,212.27963324176787
3002491,6.252442745381704
3002492,44.6205388711904
3002493,15.128918382684107
3002494,97.44642283182377
3002495,3.282535736660496
3002496,258.28819665949993
3002497,248.7522449677963
3002498,3.7802387943513103
3002499,5.672968615727956
3002500,166.53706224556257
3002501,68.08590544626945
3002502,182.85710924966529
3002503,153.5626807476851
3002504,2.999981878425918
3002505,5.687811711422417
3002506,0.0
3002507,4.064151171691469
3002508,325.3167428808978
3002509,0.0
3002510,213.50781249922537
3002511,4.492667706394908
3002512,271.72355923805253
3002513,280.8408664498616
3002514,228.23113997891875
3002515,53.96778185244311
3002516,28.605388048042446
3002517,143.62652546105917
3002518,10.342455522776165
3002519,0.46269141984469203
3002520,22.299962586836354
3002521,20.198955415467662
3002522,0.004659881202962192
3002523,223.13070745353681
3002524,0.004659881202962192
3002525,232.9820535632178
3002526,11.911843781957568
3002527,47.94699454869264
3002528,0.37099449471804524
3002529,46.44970366317841
3002530,191.4122111889448
3002531,0.029693935349961828
3002532,1.0406685019278017
3002533,50.00363984415773
3002534,80.81423143213922
3002535,379.2231639180484
3002536,212.4175468602682
3002537,2.353330635756499
3002538,6.031586361183633
3002539,0.0
3002540,6.92422959062351
3002541,147.81592851666667
3002542,0.0
3002543,362.2526635415363
3002544,11.319657451641794
3002545,142.13320603244802
3002546,333.57167641080423
3002547,310.1960852331553
3002548,155.05446426375227
3002549,130.12582957322624
3002550,205.2640029138583
3002551,28.201885615178647
3002552,0.3857491116999461
3002553,23.292499921816685
3002554,65.65290297773035
3002555,0.004659881202962192
3002556,293.2223477238379
3002557,23.386333421318316
3002558,35.34887676931106
3002559,14.078540438706705
3002560,99.71236344467857
3002561,5.404945017051288
3002562,341.087598529167
3002563,304.858880360293
3002564,7.984974256478703
3002565,12.778783913485878
3002566,343.3130154435538
3002567,86.632481660447
3002568,129.34654692684393
3002569,212.6823234339941
3002570,32.75438661036575
3002571,4.575042157946042
3002572,0.0
3002573,6.002938127475349
3002574,148.32658303257492
3002575,0.011016960375780472
3002576,354.8140630289814
3002577,16.99540867224988
3002578,145.67831478859242
3002579,231.0034537443024
3002580,197.5164671181491
3002581,268.9371217032817
3002582,211.1636934805546
3002583,254.95351354523646
3002584,35.38382979368299
3002585,1.8233307886646275
3002586,27.891486332416537
3002587,43.10031147352449
3002588,0.4813045471905873
3002589,244.28936213463757
3002590,11.904035238494842
3002591,60.39363601188519
3002592,16.40326739244847
3002593,164.62514439774452
3002594,10.780597344952586
3002595,345.1758290552289
3002596,269.7865447923119
3002597,6.126920196223028
3002598,11.244371055237936
3002599,250.73473532044113
3002600,131.4141929285478
3002601,128.08649518040264
3002602,160.07369153464757
3002603,39.390482941656124
3002604,4.5734106476532626
3002605,0.42919392760105485
3002606,11.850370718963095
3002607,142.35509649153616
3002608,0.0
3002609,366.1000897985354
3002610,16.45569446396687
3002611,148.48973498927413
3002612,276.63364319208824
3002613,281.4875578669087
3002614,286.84088017365445
3002615,151.98260794098525
3002616,201.0020668106614
3002617,36.26773243978159
3002618,3.3486756557963195
3002619,30.150317022224286
3002620,69.85086275811969
3002621,0.004659881202962192
3002622,321.67692691299044
3002623,27.26747745655599
3002624,46.096607571644675
3002625,26.665435142802636
3002626,145.60301868819738
3002627,17.090209517655587
3002628,338.3920338596637
3002629,314.1562948225429
3002630,16.04402503042023
3002631,16.38548680777674
3002632,219.70858369458324
3002633,141.63786624716437
3002634,166.30422388618902
3002635,163.11407134506976
3002636,36.35937532099661
3002637,12.280915909351187
3002638,0.35263172976588125
3002639,8.987938594819775
3002640,144.96114510961786
3002641,0.0
3002642,360.63804483982506
3002643,12.4090827977704
3002644,141.1960698216063
3002645,307.9475236289605
3002646,344.2817375937473
3002647,174.42939444802815
3002648,90.22537770590833
3002649,181.4970371482575
3002650,10.431823103284241
3002651,0.5692215058057225
3002652,39.65619163042996
3002653,47.14486973993434
3002654,0.004659881202962192
3002655,335.08890651033056
3002656,10.735818864777464
3002657,70.25751877712099
3002658,16.13496025072555
3002659,64.31866185331839
3002660,2.7599442060574573
3002661,320.34489958608236
3002662,337.74750483838585
3002663,6.975132298045772
3002664,6.308105709775961
3002665,322.64603600865746
3002666,87.76894079145174
3002667,291.91774650933536
3002668,174.70031513094946
3002669,11.640244503293914
3002670,5.248036759459776
3002671,0.5747738076104167
3002672,6.6738837000801725
3002673,293.2951921711327
3002674,0.5747738076104167
3002675,320.3212852999156
3002676,14.480779376154173
3002677,260.51650954154843
3002678,335.122256265389
3002679,116.76072520596658
3002680,128.1064385513479
3002681,120.54289763210215
3002682,134.0857336147529
3002683,21.097399890654298
3002684,2.130492112535232
3002685,18.224988155003857
3002686,25.74421951097395
3002687,1.5578363939642532
3002688,164.4719370938915
3002689,13.539298035034117
3002690,15.151634442097048
3002691,8.010900010351223
3002692,97.10476178626728
3002693,6.618760632502744
3002694,252.46846836626798
3002695,145.64152543465235
3002696,3.3709687834866204
3002697,7.620445736724276
3002698,261.49841816742344
3002699,64.69292545138875
3002700,43.87434302784464
3002701,5.142501512531935
3002702,22.012829362465776
3002703,0.6254374703304276
3002704,0.0
3002705,3.722566258392292
3002706,316.09963611379834
3002707,0.0
3002708,74.58846341843783
3002709,3.7815843626368912
3002710,267.0767581625229
3002711,241.89887605962207
3002712,200.21662129491696
3002713,34.731911065185486
3002714,29.70169921241771
3002715,131.5748483810416
3002716,5.321959562945919
3002717,0.1045153489409956
3002718,6.911142787418482
3002719,6.383349807793374
3002720,0.004659881202962192
3002721,121.57646920458525
3002722,3.2759283625797355
3002723,4.148452856893219
3002724,0.7299471362275938
3002725,13.467058470234067
3002726,0.04508176553379423
3002727,228.58554401332304
3002728,143.25933833808818
3002729,0.3233257724460694
3002730,3.282535736660496
3002731,114.25265210319499
3002732,23.62523009159183
3002733,206.213612337892
3002734,6.963819435766637
3002735,1.3535486102196927
3002736,6.8487276422256995
3002737,0.031039503635542677
3002738,3.888743373312499
3002739,159.61780045312972
3002740,0.0
3002741,284.7291195917315
3002742,10.366111897076195
3002743,149.156608674236
3002744,358.0564094381965
3002745,338.38429304185877
3002746,177.18088816854953
3002747,69.62967157417053
3002748,195.83508199997348
3002749,35.20304646845855
3002750,0.38073762976960807
3002751,24.04488930287193
3002752,21.44224723681782
3002753,0.029693935349961828
3002754,344.71110072695933
3002755,13.597088354133051
3002756,5.632547854902204
3002757,8.107668584536246
3002758,34.26209680651126
3002759,1.4057838955696351
3002760,319.6106783381884
3002761,292.42876591425625
3002762,2.7599442060574573
3002763,13.71522231384098
3002764,258.2665959875208
3002765,93.48077043511724
3002766,155.36846031182642
3002767,12.526977079204038
3002768,8.9246162739311
3002769,4.785806587189225
3002770,0.045321908066756324
3002771,0.14369805515002718
3002772,294.8993898214158
3002773,0.045321908066756324
3002774,131.82020418307255
3002775,11.324636583387704
3002776,249.3719590889989
3002777,323.8103226841909
3002778,158.13401893231853
3002779,58.86322436764803
3002780,35.40964369020779
3002781,310.21190402597085
3002782,7.1239207790635195
3002783,0.17807563480132413
3002784,11.231847605908682
3002785,19.672082263406395
3002786,0.11864205139412283
3002787,146.43744462672694
3002788,6.2314358453769545
3002789,4.222013142753548
3002790,10.724641451139524
3002791,37.507394701977724
3002792,0.6882173843735656
3002793,209.3016004144407
3002794,134.24123861970133
3002795,0.865234768191241
3002796,5.7909817922907605
3002797,139.64635764439686
3002798,28.276511643862975
3002799,312.36452972976065
3002800,14.378903468447104
3002801,1.5761650569173822
3002802,3.9827794151157945
3002803,0.045321908066756324
3002804,2.8608067900053324
3002805,306.6983104722435
3002806,0.045321908066756324
3002807,108.43848385395098
3002808,6.422990431169829
3002809,337.702390514552
3002810,218.9315931760489
3002811,111.23695562705956
3002812,35.77896697984298
3002813,29.910803877275818
3002814,126.96413341220082
3002815,12.895603515384058
3002816,0.08323167795052813
3002817,17.24012808500777
3002818,6.299132885941282
3002819,0.07822016706329073
3002820,114.08129945454182
3002821,0.8510009769262403
3002822,4.222013142753548
3002823,2.5521160052382004
3002824,35.21309648990294
3002825,1.1513005326760897
3002826,185.97023017371336
3002827,146.9743761587491
3002828,0.43123771848782205
3002829,4.7844610189036425
3002830,83.32962828536354
3002831,20.88742166963514
3002832,149.2084457332858
3002833,13.837726030347174
3002834,0.08664864591301168
3002835,2.8348500602033666
3002836,0.045321908066756324
3002837,3.8091945156266207
3002838,337.10186857929745
3002839,0.045321908066756324
3002840,136.07072571488516
3002841,8.969415564574657
3002842,299.1624231481933
3002843,325.78819815423543
3002844,199.2809989969449
3002845,31.30758964878071
3002846,42.35987679934482
3002847,312.21735364202357
3002848,11.36809521098903
3002849,0.42484644734062876
3002850,9.298485895469065
3002851,21.151205952157856
3002852,0.10325422121029035
3002853,173.98996002225803
3002854,0.6138438827423907
3002855,4.222013142753548
3002856,2.2348704743414483
3002857,17.663586902088234
3002858,0.834279404897644
3002859,243.85163165028067
3002860,208.77970505574132
3002861,0.5559888008852528
3002862,3.422235941656648
3002863,72.81505787339157
3002864,81.97200474715713
3002865,318.04411777449997
3002866,15.924071830190915
3002867,2.447311868438909
3002868,2.6743564953155308
3002869,0.523128918508714
3002870,4.795158641804546
3002871,317.2139362741725
3002872,0.0
3002873,142.03220120217898
3002874,4.651271086388312
3002875,151.92048026999908
3002876,307.2007444179121
3002877,217.61077274483253
3002878,78.70666529738047
3002879,58.90837749429431
3002880,160.89151807498317
3002881,7.612695727825622
3002882,4.149430059734865
3002883,9.935066551300038
3002884,15.316471813719026
3002885,0.04508176553379423
3002886,180.5814606332772
3002887,7.43366558611217
3002888,4.148452856893219
3002889,3.7364270050994457
3002890,22.332064502565608
3002891,0.7916744823309123
3002892,160.7356448413514
3002893,154.12110106879442
3002894,0.36324331857882164
3002895,3.907873560969885
3002896,115.6158472123064
3002897,39.915430780384895
3002898,153.3880014583367
3002899,21.67957632361583
3002900,2.8493380558011707
3002901,3.878263765961869
3002902,0.04642733381937512
3002903,1.5392111439233664
3002904,329.9366614946474
3002905,0.0
3002906,113.88390196822628
3002907,4.714860890758984
3002908,309.454426016429
3002909,191.34076655423416
3002910,115.51173531667175
3002911,125.8063534972566
3002912,30.222052961658864
3002913,176.30399403183213
3002914,4.603825712619003
3002915,0.04508176553379423
3002916,8.618271109378863
3002917,9.551512817199102
3002918,0.04508176553379423
3002919,134.38218590423998
3002920,0.004659881202962192
3002921,4.148452856893219
3002922,1.552554704632512
3002923,26.0218461586572
3002924,0.7607191190373153
3002925,61.52745283857764
3002926,108.9289284114734
3002927,0.564182566970696
3002928,2.1662141228269682
3002929,56.39635762687992
3002930,28.530486610721393
3002931,319.5850921571575
3002932,4.539489327127947
3002933,0.4847958598757123
3002934,7.091660022985612
3002935,0.34633926965236467
3002936,4.832941757536851
3002937,147.78673198263013
3002938,0.0
3002939,274.0601738579804
3002940,6.803299647787399
3002941,103.64858311065231
3002942,282.7372582868347
3002943,328.4767022706466
3002944,148.370552639398
3002945,77.43034254208338
3002946,188.99273621299645
3002947,14.519782684023399
3002948,0.680345408636491
3002949,16.02659751409181
3002950,25.165024694934402
3002951,0.04508176553379423
3002952,234.85491001883628
3002953,0.39730887512631946
3002954,4.148452856893219
3002955,5.76549024633966
3002956,38.61138578013588
3002957,3.2519962524713417
3002958,294.49181829368786
3002959,209.6582209291982
3002960,0.9537638771516795
3002961,7.107039860112171
3002962,290.57714393012645
3002963,47.266416933213115
3002964,24.200402084778936
3002965,18.518507604297536
3002966,10.644228455110545
3002967,2.6749686401573416
3002968,0.3374491482076391
3002969,5.5666640051097485
3002970,271.2475398857676
3002971,0.0
3002972,181.34112443911872
3002973,7.076477441427369
3002974,222.92024886118892
3002975,279.9200667867124
3002976,160.7988616403623
3002977,137.46270558017795
3002978,42.474681889092125
3002979,307.9076841309814
3002980,10.461843778400587
3002981,0.4828600662766302
3002982,18.93134872623431
3002983,17.006440122958384
3002984,0.029899183975552135
3002985,163.4110133834296
3002986,9.639206100868252
3002987,7.380606646603346
3002988,10.333704270351026
3002989,51.868258140526876
3002990,0.8627768219042042
3002991,199.1864254154838
3002992,136.90904888709122
3002993,2.6430835876826064
3002994,6.015058211339808
3002995,141.43308658483204
3002996,47.14932274253574
3002997,141.48152629044836
3002998,114.06932027979116
3002999,10.532762858791934
3003000,5.792327360576343
3003001,0.3988816267232918
3003002,4.280524587010821
3003003,102.56201049398683
3003004,0.045321908066756324
3003005,126.0075004848287
3003006,6.219905285349144
3003007,317.52496275502637
3003008,291.91746011595103
3003009,233.91474701379252
3003010,47.447611563148925
3003011,36.05950854883322
3003012,139.51375186156992
3003013,34.17384160598268
3003014,1.135458256892427
3003015,8.585846656145478
3003016,18.345729555807566
3003017,0.10325422121029035
3003018,139.03857675538532
3003019,7.804313059499983
3003020,4.222013142753548
3003021,3.453191304950245
3003022,47.75830437860986
3003023,2.8595559208655343
3003024,151.00182927157113
3003025,150.2008331286532
3003026,0.8252869545237504
3003027,4.2506343140415845
3003028,136.71866697885585
3003029,23.54714877620184
3003030,310.62617690474764
3003031,20.763828417621976
3003032,3.201176930904821
3003033,6.031586361183633
3003034,0.0
3003035,7.3646836437097045
3003036,105.62420552965466
3003037,0.0
3003038,357.4159147828052
3003039,9.868930936915461
3003040,259.61144135685885
3003041,334.14727141607307
3003042,173.94009917142506
3003043,125.50612612709182
3003044,97.5796377148495
3003045,151.18461920463642
3003046,34.830763392001565
3003047,0.6640397157123373
3003048,15.431815109435716
3003049,33.275686657507315
3003050,0.029693935349961828
3003051,207.51012321797225
3003052,21.660482228170576
3003053,11.041588639715352
3003054,3.0359703088819656
3003055,90.21953685593053
3003056,7.023857984196072
3003057,318.00801729002325
3003058,206.3758656267893
3003059,6.900105437192739
3003060,6.750702670615139
3003061,339.49895338621855
3003062,97.0151625434346
3003063,39.5763471568647
3003064,4.539489327127947
3003065,27.059215641106356
3003066,7.096835777994007
3003067,0.0
3003068,7.3982178365425035
3003069,271.4925471003746
3003070,0.0
3003071,305.18439192062385
3003072,7.1883394263105895
3003073,271.89987912720693
3003074,333.18578555329515
3003075,343.19614202944166
3003076,75.84686031008177
3003077,67.24768623714111
3003078,310.9687237016651
3003079,12.431896987293714
3003080,0.09798588909122108
3003081,16.31660218354313
3003082,16.24981545087327
3003083,0.004659881202962192
3003084,266.8770081609702
3003085,2.4170608718951208
3003086,3.4702638200216147
3003087,5.724757425420049
3003088,42.368156001543845
3003089,0.8634046799612091
3003090,325.42661256169725
3003091,255.62439432726143
3003092,3.3486756557963195
3003093,5.628567024875818
3003094,238.71055892656392
3003095,59.701290148192506
3003096,147.67148502491375
3003097,55.26483675618973
3003098,11.253160160621405
3003099,9.195327125640436
3003100,0.35902300091307454
3003101,2.6838208845635814
3003102,289.7000937648486
3003103,0.0
3003104,322.87895265946366
3003105,6.070366646247595
3003106,283.7803338068302
3003107,336.4354376102797
3003108,252.63973614837596
3003109,185.7754477019264
3003110,66.91308717097417
3003111,313.80432061783756
3003112,14.243272889539682
3003113,0.43699113636125225
3003114,26.29931327761245
3003115,28.01882011680405
3003116,0.04508176553379423
3003117,229.2153799117291
3003118,3.973971431643076
3003119,6.310007098517219
3003120,9.00616941023213
3003121,79.38903478376332
3003122,1.453311460676947
3003123,138.44123020750436
3003124,210.24074749702606
3003125,2.7599442060574573
3003126,6.154030802547204
3003127,134.8789014652762
3003128,129.35370422997545
3003129,23.386830669430417
3003130,5.019855541537126
3003131,5.258593708561605
3003132,3.878263765961869
3003133,0.06893016189022888
3003134,1.9000704860275401
3003135,270.3463155191622
3003136,0.0
3003137,110.4952342197441
3003138,8.280148854337893
3003139,334.56707757129965
3003140,283.8183858700353
3003141,123.75845145603382
3003142,40.899419425715344
3003143,48.34271011951555
3003144,286.18038999931116
3003145,12.827252812502449
3003146,0.45054465996020165
3003147,21.42805632288699
3003148,16.382507183850116
3003149,0.004659881202962192
3003150,128.8458908214567
3003151,1.2455081545212
3003152,4.148452856893219
3003153,3.973971431643076
3003154,48.18795103575011
3003155,1.4057838955696351
3003156,122.4620074365197
3003157,125.45633878364515
3003158,0.701252137120881
3003159,5.305241145596475
3003160,117.71345766511241
3003161,25.799547467141814
3003162,313.03076099410725
3003163,11.761332917472103
3003164,5.172933557327445
3003165,1.4901004474975301
3003166,0.0
3003167,1.2994394501578417
3003168,287.116962622076
3003169,0.031039503635542677
3003170,228.66530971178142
3003171,17.09008157057862
3003172,254.87321818105355
3003173,340.520399152434
3003174,101.03930016470821
3003175,41.07473555695736
3003176,58.73879887894266
3003177,136.4127458777305
3003178,21.01183389202691
3003179,0.1045153489409956
3003180,8.495897993909109
3003181,18.48032095272798
3003182,0.06758459360464791
3003183,105.45387556605938
3003184,10.404342723054683
3003185,6.5608538475853715
3003186,4.963674352171182
3003187,48.66204847849421
3003188,3.283188114445792
3003189,266.2525935012752
3003190,128.96985879760203
3003191,2.1662141228269682
3003192,5.375092251441115
3003193,265.5156576604899
3003194,28.53751823591394
3003195,42.56608647268906
3003196,4.539489327127947
3003197,6.5303221985147175
3003198,1.7500127980175528
3003199,0.031039503635542677
3003200,3.245061404424008
3003201,121.27054950499796
3003202,0.0
3003203,178.80242627995568
3003204,17.5561640907201
3003205,7.582396137471777
3003206,9.475929736247384
3003207,221.65186543016
3003208,184.07435846944642
3003209,145.4537102953334
3003210,33.53917617917999
3003211,33.56616958009448
3003212,0.22487067280667913
3003213,13.585611783381594
3003214,25.637677097769668
3003215,0.004659881202962192
3003216,211.68952057376111
3003217,11.288949134715937
3003218,32.28271403159815
3003219,8.003307588929891
3003220,73.59823802827032
3003221,12.653384094796058
3003222,316.38861130924073
3003223,219.9815063514391
3003224,13.159182969876456
3003225,8.262839173356618
3003226,319.4596224668663
3003227,112.26434223317754
3003228,22.79107803366739
3003229,4.539489327127947
3003230,21.433945718494343
3003231,2.7612897743430382
3003232,0.011016960375780472
3003233,0.7278361984513927
3003234,226.31530100543577
3003235,0.0
3003236,276.7159030069438
3003237,6.941121815133679
3003238,287.96157972947157
3003239,320.12828573413884
3003240,117.1894852911773
3003241,104.52826938516384
3003242,71.52696390331796
3003243,287.67955873148304
3003244,20.51962742240228
3003245,0.5129679992140785
3003246,14.813131220142491
3003247,16.383520638252595
3003248,0.004659881202962192
3003249,101.95315548129163
3003250,0.004659881202962192
3003251,18.556121783873433
3003252,4.368303267559006
3003253,138.5690875086193
3003254,9.293820999493649
3003255,151.05326816868882
3003256,101.71767840658465
3003257,3.876918197676288
3003258,8.578640400052631
3003259,150.30455957454475
3003260,34.92375077543584
3003261,132.30177302749004
3003262,5.131408877090039
3003263,4.37395214648095
3003264,3.3500212240819005
3003265,0.0
3003266,0.21050849420767917
3003267,283.06984910475984
3003268,0.0
3003269,183.8991093930471
3003270,5.306586713882058
3003271,250.63428403496454
3003272,188.38056436957808
3003273,54.661914901534495
3003274,28.470357324769477
3003275,35.70598033359953
3003276,131.28589691241226
3003277,16.25025803408283
3003278,0.4671474382613741
3003279,9.66639772062805
3003280,7.043484200445586
3003281,0.06758459360464791
3003282,60.60765136498907
3003283,0.029693935349961828
3003284,11.083569222538351
3003285,0.4314421242690233
3003286,26.309493803522
3003287,0.029693935349961828
3003288,208.91666480619404
3003289,108.945863854357
3003290,1.8233307886646275
3003291,0.6902318211806704
3003292,113.96413444274201
3003293,18.623173995103784
3003294,320.40004022849536
3003295,4.844232230468709
3003296,1.7694446269237718
3003297,6.252018311511946
3003298,0.35263172976588125
3003299,2.7889681223466734
3003300,114.79995695837276
3003301,0.031039503635542677
3003302,321.5520821748481
3003303,14.607161432866866
3003304,335.2298580498753
3003305,288.8474646031141
3003306,239.1709322018574
3003307,189.25800905606343
3003308,111.6723457934965
3003309,215.8709267263894
3003310,20.65204249174383
3003311,1.8233307886646275
3003312,18.32508632524118
3003313,27.417545126153634
3003314,0.06758459360464791
3003315,179.68099469589
3003316,7.03294392144661
3003317,26.29105624168675
3003318,6.862874134553683
3003319,137.99100872201663
3003320,3.3486756557963195
3003321,261.1659166932496
3003322,183.54582928439658
3003323,9.06196458212974
3003324,8.081653659803683
3003325,298.6980083421697
3003326,66.65326237572175
3003327,43.58985509384304
3003328,5.326088049151452
3003329,13.129258513231841
3003330,6.070366646247595
3003331,0.0
3003332,3.8937420068041293
3003333,347.6637137866054
3003334,0.0
3003335,343.3286066773789
3003336,13.52318444639877
3003337,361.0940819616711
3003338,324.2921179168802
3003339,284.34728969892086
3003340,182.77210476845713
3003341,64.4389203083907
3003342,190.7826641742548
3003343,14.072162877290797
3003344,0.7480603417049602
3003345,27.009098001735648
3003346,17.92364194797535
3003347,0.43699113636125225
3003348,211.98519173996678
3003349,0.004659881202962192
3003350,10.191957701814882
3003351,4.771414440734417
3003352,46.45999071071783
3003353,0.4959845147338162
3003354,249.4387329447992
3003355,227.7771605246066
3003356,3.876918197676288
3003357,3.973971431643076
3003358,168.4568906269393
3003359,71.7865819267688
3003360,166.9440742935124
3003361,6.701043568751948
3003362,4.045566355202155
3003363,5.687811711422417
3003364,0.38956248510222885
3003365,3.7111786741990986
3003366,291.12165294317884
3003367,0.0
3003368,339.3345781445824
3003369,9.978110366567456
3003370,272.15299917844345
3003371,338.6514193577035
3003372,205.8089946860108
3003373,156.25189518512667
3003374,58.46048187390026
3003375,316.30078458366876
3003376,14.1181195546846
3003377,0.5129679992140785
3003378,18.601247267315046
3003379,19.741992483443276
3003380,0.004659881202962192
3003381,192.79958656717452
3003382,0.004659881202962192
3003383,9.641348865438628
3003384,4.50221397352304
3003385,75.01166243819738
3003386,0.6902318211806704
3003387,135.6445960973546
3003388,180.7053919071422
3003389,3.876918197676288
3003390,4.50221397352304
3003391,154.54890720728753
3003392,53.37117806333113
3003393,166.9440742935124
3003394,5.763782085759588
3003395,5.192137238057648
3003396,9.730002230799148
3003397,0.5016813515001527
3003398,14.911405153966747
3003399,112.00307709252837
3003400,0.0
3003401,232.3868140252896
3003402,30.740722734196442
3003403,100.05330581330557
3003404,285.9680874296854
3003405,293.84076493159756
3003406,342.72672265748554
3003407,276.06127648142603
3003408,327.0108311758752
3003409,65.14330375272831
3003410,1.5940680334764377
3003411,43.69408875959022
3003412,46.28916066492927
3003413,0.320746677291146
3003414,342.411299344857
3003415,33.44551285244616
3003416,43.04308709622838
3003417,21.401714815719508
3003418,186.3507393339863
3003419,28.640883029043344
3003420,24.084146080551733
3003421,333.7211394493002
3003422,15.574732240053988
3003423,22.726607524774334
3003424,260.8413767999986
3003425,220.10011220622812
3003426,40.627071993606855
3003427,0.0
3003428,68.72003418788728
3003429,2.7612897743430382
3003430,0.42919392760105485
3003431,0.5533813753717866
3003432,327.7813888844626
3003433,0.0
3003434,139.93419083079505
3003435,4.503559541808623
3003436,265.1887059686774
3003437,235.48996466421988
3003438,92.63246535093492
3003439,137.0576044853208
3003440,46.08554860676532
3003441,209.17370954862787
3003442,6.79544487289939
3003443,0.06758459360464791
3003444,9.164356114117941
3003445,8.747570834294693
3003446,0.04508176553379423
3003447,112.86012890912815
3003448,0.6220956657623276
3003449,4.148452856893219
3003450,2.7599442060574573
3003451,42.95019193733373
3003452,0.3486703305451655
3003453,127.64390828166218
3003454,90.16685639547654
3003455,0.9490032569441181
3003456,2.754945572565826
3003457,102.3364335196347
3003458,21.041304117557594
3003459,201.69310318315237
3003460,4.544500838015184
3003461,2.888233798352213
3003462,6.998130408803299
3003463,0.04642733381937512
3003464,0.7039693686756188
3003465,317.9501539007133
3003466,0.0
3003467,349.87453657259465
3003468,8.206751775092595
3003469,153.0064988983243
3003470,319.74801623030123
3003471,187.91047745896478
3003472,234.84387521535874
3003473,80.41901133309173
3003474,227.31715557247168
3003475,11.979348216669788
3003476,0.06758459360464791
3003477,18.539003624194464
3003478,19.74761306604922
3003479,0.0096713920901996
3003480,234.85598586859902
3003481,0.583455297070723
3003482,11.529363692680244
3003483,8.341713783155615
3003484,16.963000029004323
3003485,0.7558151846914671
3003486,350.97613985564044
3003487,197.12661997708557
3003488,2.754945572565826
3003489,5.628567024875818
3003490,127.04731252694899
3003491,55.09082336232924
3003492,149.4354379887929
3003493,5.817457829579841
3003494,4.221764658423601
3003495,1.0420140702133827
3003496,0.0
3003497,0.47781091477045384
3003498,284.39188888268825
3003499,0.0
3003500,100.89608461770938
3003501,2.7612897743430382
3003502,327.7107507123141
3003503,130.43589960188444
3003504,74.76781031549524
3003505,138.466921287478
3003506,18.349087366429416
3003507,159.9556924938176
3003508,1.4582153950227952
3003509,0.06758459360464791
3003510,5.942355731860885
3003511,3.7054163432619953
3003512,0.0096713920901996
3003513,76.39105341018644
3003514,0.004659881202962192
3003515,4.148452856893219
3003516,0.0
3003517,38.93180458454365
3003518,0.06758459360464791
3003519,117.22588176974656
3003520,61.820049204171944
3003521,0.09798588909122108
3003522,0.4321519356555377
3003523,53.779070035248125
3003524,9.755440299977325
3003525,163.50107300143853
3003526,4.539489327127947
3003527,1.1537695215242123
3003528,6.128265764508611
3003529,0.0
3003530,4.948471500275567
3003531,325.01264723102855
3003532,0.0
3003533,193.3953637018209
3003534,9.906415497272587
3003535,105.92504640388634
3003536,299.20603617154643
3003537,146.81975065106363
3003538,140.71427241787998
3003539,48.6739606105714
3003540,151.29338043716933
3003541,3.337783820382605
3003542,0.2533889667849591
3003543,24.905619139019414
3003544,14.895979547463938
3003545,0.06758459360464791
3003546,161.10221439272158
3003547,0.004659881202962192
3003548,4.148452856893219
3003549,10.188466377489936
3003550,30.584218823245212
3003551,0.6142412194087942
3003552,285.8848299671183
3003553,167.9906017849468
3003554,1.096922008519446
3003555,3.3486756557963195
3003556,181.27974022015934
3003557,21.798296158780413
3003558,138.20566688989786
3003559,4.539489327127947
3003560,0.0
3003561,2.167559691112549
3003562,0.06893016189022888
3003563,3.8170122265783224
3003564,148.54978862628263
3003565,0.0
3003566,188.46385261464738
3003567,7.11356118340615
3003568,282.12157742085986
3003569,248.49253785732563
3003570,188.64121799087224
3003571,88.52326723324107
3003572,61.45285452507807
3003573,144.4847766598749
3003574,5.901432349846599
3003575,4.030224938234716
3003576,22.100114129278612
3003577,32.746362551204804
3003578,0.029693935349961828
3003579,175.99899773382785
3003580,1.2289526398346045
3003581,9.493021641863265
3003582,1.9085508698595983
3003583,32.64200061691051
3003584,1.4057838955696351
3003585,237.55017064414434
3003586,227.6875819544039
3003587,2.7599442060574573
3003588,5.686466143136834
3003589,134.85576393769415
3003590,28.50395847815278
3003591,155.43479685531594
3003592,3.110750501285052
3003593,2.5079298320120333
3003594,2.7453993054376924
3003595,0.0
3003596,0.3792077587733161
3003597,302.1820247436549
3003598,0.0
3003599,81.97032669111718
3003600,2.7612897743430382
3003601,329.1077952839803
3003602,137.28378267780377
3003603,73.60483074800722
3003604,111.11343198467883
3003605,45.470161281021475
3003606,164.617906464236
3003607,6.1495404856149065
3003608,0.3882169168166479
3003609,9.432627321799608
3003610,6.451425027814557
3003611,0.04508176553379423
3003612,89.79422209781775
3003613,0.004659881202962192
3003614,4.817736153316509
3003615,0.0
3003616,37.64133527807094
3003617,0.22284948259580498
3003618,263.5494024109326
3003619,58.12628041981046
3003620,0.33510306802716594
3003621,0.3758984290638935
3003622,49.31962114148843
3003623,16.925061442011785
3003624,263.6862006743266
3003625,5.213784134438471
3003626,0.7198882023665943
3003627,3.878263765961869
3003628,0.0
3003629,2.3929534667754546
3003630,341.26111550231093
3003631,0.0
3003632,332.9707286143725
3003633,10.818507930399491
3003634,336.5214062268342
3003635,325.5196687379317
3003636,152.4613660284903
3003637,124.46647975198648
3003638,76.69712815353232
3003639,318.53474931670826
3003640,7.74031033965129
3003641,0.20902473721951717
3003642,22.924465220876783
3003643,10.831877542302369
3003644,0.04508176553379423
3003645,175.60467550998567
3003646,0.004659881202962192
3003647,21.056480383678345
3003648,2.50228095309009
3003649,48.12824559153978
3003650,0.971475625822067
3003651,274.1363590600451
3003652,163.910275348462
3003653,1.8184268543187794
3003654,2.1662141228269682
3003655,107.36570268917988
3003656,37.420543376599255
3003657,167.61335758993567
3003658,5.6450661021547175
3003659,0.7096126963748067
3003660,3.023134198110169
3003661,0.045321908066756324
3003662,8.021095458695296
3003663,302.1581991345521
3003664,0.045321908066756324
3003665,292.26491986201063
3003666,5.761371997282747
3003667,280.8296467448772
3003668,351.8364124223021
3003669,137.39029885724347
3003670,113.71059845150037
3003671,114.49469807174525
3003672,149.65342059854552
3003673,54.763705733281896
3003674,0.8151416792867952
3003675,32.004317543910595
3003676,34.98148706196848
3003677,0.42484644734062876
3003678,197.58264057429494
3003679,19.064394328098075
3003680,17.04132408901555
3003681,0.5061288540736318
3003682,119.74222759468427
3003683,8.362148368583446
3003684,190.10544687610764
3003685,239.76933741613271
3003686,11.214006629529457
3003687,11.903292224635138
3003688,214.49914355933151
3003689,74.16856387598666
3003690,41.086190009340974
3003691,5.282332909411565
3003692,9.77165400354419
3003693,4.681290938035299
3003694,0.0
3003695,8.788999574300549
3003696,310.4251758856354
3003697,0.0
3003698,338.8663390223733
3003699,13.044906869566645
3003700,68.54994858927053
3003701,316.505439362233
3003702,113.16759978675407
3003703,67.92899385873339
3003704,106.70049667322544
3003705,159.9283132813347
3003706,25.167290660971016
3003707,0.5129679992140785
3003708,33.083461089835055
3003709,42.698567294456325
3003710,0.004659881202962192
3003711,244.35455670320965
3003712,18.199742478662802
3003713,14.085142212006645
3003714,6.932725240398322
3003715,86.86607558095857
3003716,9.910308327777921
3003717,136.78955993654824
3003718,281.57313009834525
3003719,6.279985416354374
3003720,9.193981557354858
3003721,109.89772962482614
3003722,73.77864396443394
3003723,37.63429888483329
3003724,12.843385994980686
3003725,14.0520815360774
3003726,7.195443241666962
3003727,0.1424904477505574
3003728,4.2495692237172245
3003729,158.5432434138593
3003730,0.045321908066756324
3003731,303.84756887909526
3003732,6.473756093621735
3003733,151.58577863602568
3003734,339.3542455408113
3003735,160.77886358461697
3003736,222.9675166659875
3003737,59.244157750776125
3003738,163.08689561680208
3003739,26.992391522565807
3003740,1.5317756808831235
3003741,18.892115498217766
3003742,15.861657002243174
3003743,0.08323167795052813
3003744,277.94625864608327
3003745,4.844974726594747
3003746,16.766004771955938
3003747,5.9888066486954985
3003748,57.04099376618825
3003749,3.505417817572747
3003750,227.69655293114207
3003751,255.52824251188304
3003752,5.575184706236596
3003753,8.097314827402995
3003754,202.97654610611
3003755,47.23024583010677
3003756,29.171232314568755
3003757,15.706406500516733
3003758,11.675195043849891
3003759,2.756291140851407
3003760,0.42919392760105485
3003761,7.206938479337265
3003762,103.78462262188035
3003763,0.0
3003764,324.73856105820664
3003765,6.335200187428045
3003766,258.0576389542288
3003767,327.2195454435079
3003768,149.82328437344185
3003769,110.16044155996225
3003770,74.79499231038473
3003771,149.0191280485861
3003772,22.038291069879403
3003773,1.6338673169300908
3003774,10.738248267793887
3003775,9.845618173084487
3003776,0.029693935349961828
3003777,179.79089048219524
3003778,16.362546372454474
3003779,15.705792266990121
3003780,1.4193757641513847
3003781,68.28085073316137
3003782,6.126920196223028
3003783,284.1713554226827
3003784,184.5919011579141
3003785,5.686466143136834
3003786,7.480291286548044
3003787,301.44405642087816
3003788,43.759144834556864
3003789,40.35586226465115
3003790,4.539489327127947
3003791,21.59180535566775
3003792,3.423581509942229
3003793,0.10459978949587123
3003794,4.456734734054479
3003795,326.62713086953585
3003796,0.045321908066756324
3003797,316.4912619994158
3003798,10.1185846520908
3003799,284.3125071097647
3003800,316.74676219672165
3003801,229.87958589244099
3003802,133.83353080081667
3003803,56.53805661740686
3003804,149.69889260521094
3003805,9.792451254062188
3003806,1.8968910745249559
3003807,20.780304477631184
3003808,19.25103384888026
3003809,0.11864205139412283
3003810,305.8790305827142
3003811,0.07822016706329073
3003812,4.916330493323836
3003813,7.070345126378046
3003814,35.253251920080864
3003815,1.4793441814299635
3003816,169.23793443727513
3003817,245.65586711144903
3003818,1.8222275155923005
3003819,8.84565481461378
3003820,144.88511442198075
3003821,45.82636603263021
3003822,138.94851047218148
3003823,5.282332909411565
3003824,4.735051775777382
3003825,6.201826050368941
3003826,0.045321908066756324
3003827,7.6150490598691585
3003828,335.1819154726169
3003829,0.045321908066756324
3003830,357.84173942218223
3003831,9.268887411500764
3003832,310.4192830626711
3003833,341.0913179602446
3003834,174.14147122736532
3003835,108.90890422134248
3003836,134.7517811286334
3003837,220.23971920659864
3003838,31.324779689808484
3003839,0.8455461589867712
3003840,19.552598485497544
3003841,26.043008610996925
3003842,0.10325422121029035
3003843,197.6065937832277
3003844,18.006624325864394
3003845,14.001637907089599
3003846,8.74154574038911
3003847,82.86824170749384
3003848,10.67297211725998
3003849,176.6906880951736
3003850,223.79399430090618
3003851,12.198130616542183
3003852,7.251530639930979
3003853,161.2528198364765
3003854,55.97332341827456
3003855,38.92496474853331
3003856,5.477605807118446
3003857,6.07221865504127
3003858,3.506763385858328
3003859,0.045321908066756324
3003860,1.5710658361148417
3003861,107.08265470924077
3003862,0.045321908066756324
3003863,338.1627234782653
3003864,9.123264538737658
3003865,186.65221064366574
3003866,9.13696266646126
3003867,124.98331062748714
3003868,113.49402141811264
3003869,95.92471992143327
3003870,31.824837155832
3003871,28.148869548410634
3003872,0.3732199353524919
3003873,21.262091202150547
3003874,21.148143064590123
3003875,0.08323167795052813
3003876,150.17567241122683
3003877,15.524231640731612
3003878,29.424647821479503
3003879,3.773606655653013
3003880,63.56017303653468
3003881,8.097314827402995
3003882,206.92418276861068
3003883,164.45243983156774
3003884,7.070345126378046
3003885,7.840628340978048
3003886,186.1721564508926
3003887,51.53716126545494
3003888,22.158500978455628
3003889,5.307366963558564
3003890,11.279137998903824
3003891,5.363017379254282
3003892,0.06744762574800409
3003893,6.0978386138680785
3003894,150.93778506695546
3003895,0.02819228757865138
3003896,171.09225083538658
3003897,14.93173923269746
3003898,151.34511709378768
3003899,271.47635726463056
3003900,235.62044504929733
3003901,161.73286209223775
3003902,61.54176465382328
3003903,192.04114585134946
3003904,8.783351647685564
3003905,0.08612460072218539
3003906,11.915367590606229
3003907,16.215504719755433
3003908,0.06610205746242315
3003909,208.5268730195878
3003910,0.06109054657518574
3003911,11.71398080760786
3003912,0.8712663183295103
3003913,78.17861888293788
3003914,3.6585908688782918
3003915,241.4656257591397
3003916,244.9079977318627
3003917,2.2226447881991915
3003918,2.473491537267344
3003919,213.18713187452482
3003920,118.22880893329305
3003921,177.04629015555122
3003922,5.047218658831764
3003923,0.6117138231045809
3003924,14.818003676654905
3003925,0.0
3003926,15.0379777128771
3003927,143.13972985833325
3003928,0.0
3003929,293.8373920315684
3003930,24.416803682753677
3003931,79.32207777714358
3003932,261.40766816754643
3003933,348.97425754891196
3003934,322.73653702793126
3003935,328.0622028158645
3003936,328.37238582188445
3003937,80.68410444322981
3003938,3.960100073592387
3003939,97.05865081355614
3003940,105.83608449281773
3003941,0.04508176553379423
3003942,336.14875953683907
3003943,30.67465559061515
3003944,20.55439276860689
3003945,38.15688740467315
3003946,236.18791498559267
3003947,23.220613574129768
3003948,21.55986561329626
3003949,331.210964549328
3003950,34.63034942135262
3003951,34.026354770069325
3003952,249.1258759435492
3003953,287.8750759863372
3003954,52.189177000006964
3003955,206.66375208323018
3003956,74.16456873491663
3003957,13.322266443217533
3003958,0.0
3003959,12.671536578173905
3003960,143.13972985833325
3003961,0.0
3003962,114.705074704583
3003963,28.212149455378377
3003964,110.33024384130441
3003965,162.47107138613882
3003966,333.2619345844169
3003967,267.3898133238687
3003968,252.9197475365447
3003969,362.10368741428255
3003970,130.3506791656107
3003971,0.7607191190373153
3003972,51.03813934762092
3003973,72.05936569673365
3003974,0.5112404460494784
3003975,350.167757025933
3003976,27.663386050517662
3003977,28.237416421853897
3003978,7.090627029335397
3003979,179.0442844766765
3003980,19.128639095241777
3003981,41.10987352598414
3003982,326.80623459954637
3003983,23.045711464284768
3003984,25.960373623328483
3003985,236.1072561815118
3003986,234.58182700718802
3003987,52.12659196430908
3003988,207.8936268860821
3003989,69.5905216568492
3003990,10.520469113148792
3003991,0.0
3003992,20.181019580917855
3003993,84.18084319695724
3003994,0.031039503635542677
3003995,341.61078609520666
3003996,14.788041619431004
3003997,101.80251074357169
3003998,255.05622032387262
3003999,304.89183474876995
3004000,109.09449215192208
3004001,203.58119186251565
3004002,268.39110094671935
3004003,41.585969765558616
3004004,2.8515489406392818
3004005,43.87657382385612
3004006,21.249652030902276
3004007,0.3576774326274936
3004008,347.6895654956521
3004009,30.342211335389838
3004010,19.03173061925313
3004011,11.375958706649653
3004012,118.11856978949564
3004013,8.932375894177673
3004014,246.2514673903427
3004015,341.09946749815276
3004016,21.031462284825647
3004017,37.1507072822197
3004018,268.13044092089655
3004019,123.74059023977242
3004020,50.19692280417485
3004021,228.61407186967338
3004022,39.50473573038074
3004023,15.560291234881127
3004024,0.0
3004025,20.673238769763536
3004026,132.55316390836958
3004027,0.0
3004028,183.0193967661833
3004029,23.37426805974962
3004030,106.21748438415231
3004031,261.40766816754643
3004032,325.2891868348793
3004033,287.44258266017573
3004034,213.68855271580915
3004035,348.1737318837596
3004036,47.924287677893524
3004037,0.974528582791979
3004038,55.03342214253713
3004039,65.67480349626884
3004040,0.6351259569041076
3004041,299.89305979581263
3004042,34.49471260397097
3004043,24.953040626889223
3004044,18.203561009686396
3004045,169.14504358874464
3004046,12.189686212438806
3004047,19.244485804077705
3004048,357.1594115619207
3004049,22.303859272844473
3004050,25.447117917063924
3004051,286.32649799836935
3004052,208.0532722589736
3004053,43.63187575148729
3004054,252.23016706723746
3004055,57.22672057370803
3004056,11.387199234053673
3004057,0.0
3004058,18.950734176244268
3004059,85.93774148309713
3004060,0.0
3004061,329.9024035667198
3004062,15.309755089526972
3004063,106.21748438415231
3004064,331.5302565771619
3004065,342.67910376966097
3004066,93.0188077446234
3004067,162.67498469410873
3004068,258.14777068653945
3004069,36.937834850358804
3004070,0.39730887512631946
3004071,26.82521779558431
3004072,34.13418439160403
3004073,0.029693935349961828
3004074,341.0104945397451
3004075,19.641996526386176
3004076,15.685689104398994
3004077,10.085184516219048
3004078,105.22931898435284
3004079,5.53188762155084
3004080,252.5899115711138
3004081,345.53265803997243
3004082,16.99213516235448
3004083,20.105587291877445
3004084,291.3379356264721
3004085,85.41731954217283
3004086,46.41118353751286
3004087,226.10231162756813
3004088,20.27080946799654
3004089,9.978110366567456
3004090,0.0
3004091,10.697770417862323
3004092,143.13972985833325
3004093,0.0
3004094,366.3708303271892
3004095,23.802554637452786
3004096,79.1912532533592
3004097,261.40766816754643
3004098,321.2273945354061
3004099,346.62864273838744
3004100,285.36417220793203
3004101,330.2762479619818
3004102,58.03577424504462
3004103,1.1274614927086002
3004104,48.88227280230537
3004105,58.695470898703725
3004106,0.1045153489409956
3004107,336.5171478432544
3004108,23.050470982842917
3004109,24.48591629021498
3004110,8.998180184931224
3004111,187.1626379781139
3004112,16.631180361743212
3004113,295.52248207228473
3004114,319.54524061329965
3004115,16.36841800310146
3004116,26.04415892797305
3004117,176.87810184469612
3004118,196.98204383489747
3004119,51.67711177307766
3004120,253.27813196258418
3004121,64.86030938604385
3004122,5.389768589798157
3004123,0.38956248510222885
3004124,7.50954556613297
3004125,288.6169865779774
3004126,0.0
3004127,326.14741547400274
3004128,20.487900364806293
3004129,260.84306643368546
3004130,315.1849800505235
3004131,171.80280826038808
3004132,65.02996782107171
3004133,75.80843163248063
3004134,154.19058878949764
3004135,46.76977663587592
3004136,0.6902318211806704
3004137,26.24208818203054
3004138,22.205856496399438
3004139,0.06758459360464791
3004140,170.7867442545015
3004141,10.98741336190839
3004142,12.869668891624084
3004143,10.393814773808256
3004144,50.508620466437094
3004145,6.069021077962012
3004146,215.38509044693265
3004147,201.50922662438654
3004148,2.1662141228269682
3004149,7.078388924375967
3004150,176.8691463013201
3004151,50.78011077914707
3004152,34.500461230854455
3004153,0.0
3004154,7.105332292861629
3004155,9.098647722315459
3004156,0.0
3004157,13.26436776064106
3004158,108.2984957295325
3004159,0.0
3004160,345.9038307395629
3004161,32.56902956694607
3004162,76.47742351615918
3004163,328.692006275121
3004164,326.4073181865442
3004165,87.94044202949799
3004166,153.13200161610456
3004167,207.46275217012777
3004168,70.5647652596336
3004169,0.9648026886026777
3004170,46.451886048089925
3004171,27.776022321120887
3004172,0.029693935349961828
3004173,304.9487496932611
3004174,17.24854383390182
3004175,12.779929402294279
3004176,3.1503522349470865
3004177,132.25532191877525
3004178,8.10872680348204
3004179,340.6929614043169
3004180,340.56250374431335
3004181,10.960585064428052
3004182,19.599989071944194
3004183,326.9830769566171
3004184,72.45850404875934
3004185,43.63573302022941
3004186,273.3438270229623
3004187,18.08358084393513
3004188,6.297103766375311
3004189,0.0
3004190,6.197951902817278
3004191,116.94923162140628
3004192,0.0
3004193,277.47400598258537
3004194,7.318841251094919
3004195,54.838428842639864
3004196,238.0913607106502
3004197,190.91606702690805
3004198,290.50411177853255
3004199,196.43857767148842
3004200,344.1198686983299
3004201,40.663938034925714
3004202,1.0869807678523111
3004203,24.352085489244473
3004204,34.622911220729534
3004205,0.0524020120464059
3004206,256.5933332586817
3004207,3.4010127636395753
3004208,33.74870308305736
3004209,5.063350674364462
3004210,141.5589594047845
3004211,9.089396427427562
3004212,193.26283436008032
3004213,236.3925360052446
3004214,20.604288654642257
3004215,12.057800797194405
3004216,207.28130239867755
3004217,112.58003391710258
3004218,55.206535264883904
3004219,12.422029916470274
3004220,39.551910860458804
3004221,10.559510292618148
3004222,0.0
3004223,4.914990013997408
3004224,238.46606187877623
3004225,0.0
3004226,221.47171124439447
3004227,12.241074322895939
3004228,193.06275422632325
3004229,240.2318844680025
3004230,285.30223793097156
3004231,183.68785030862142
3004232,242.94256014543868
3004233,281.3181361514641
3004234,43.42303945556583
3004235,2.7599442060574573
3004236,42.710915480606786
3004237,42.83129701612843
3004238,0.06758459360464791
3004239,308.3596021891254
3004240,7.12053738752105
3004241,47.865905320691716
3004242,9.19737619269554
3004243,191.7498032926482
3004244,9.611031532881235
3004245,320.56576146861505
3004246,268.5010740070767
3004247,14.014299829626987
3004248,24.260761970817725
3004249,303.83563532862854
3004250,108.9243833192164
3004251,170.14013523707757
3004252,7.799559660026648
3004253,6.480744852654186
3004254,8.799175875389352
3004255,0.0
3004256,2.144298018309672
3004257,310.01607712305076
3004258,0.0
3004259,332.56626506095756
3004260,7.114885417718005
3004261,145.3946364059978
3004262,308.47779226680007
3004263,180.82951033795246
3004264,73.4203565611436
3004265,107.27363675386599
3004266,189.73661202637112
3004267,14.800982977907953
3004268,1.1628127206987806
3004269,21.093763685077725
3004270,22.756416097386655
3004271,0.0096713920901996
3004272,180.64889828829493
3004273,5.332314289274832
3004274,15.685689104398994
3004275,6.550938535908788
3004276,82.0019007139017
3004277,3.2519962524713417
3004278,236.70913190083192
3004279,182.38070004244295
3004280,3.7802387943513103
3004281,5.589786739811856
3004282,156.97094325654143
3004283,61.16270398459019
3004284,34.15799498617254
3004285,9.156203648045286
3004286,2.999981878425918
3004287,5.687811711422417
3004288,0.0
3004289,1.0676496200566887
3004290,303.5224657935802
3004291,0.0
3004292,175.07300425774557
3004293,4.2295831898727485
3004294,232.551860500488
3004295,197.845910432016
3004296,163.30700215641343
3004297,51.05750147592089
3004298,27.24246136724595
3004299,126.0191011155205
3004300,10.412306628620804
3004301,0.564182566970696
3004302,21.31817286097099
3004303,8.603803316419873
3004304,0.0096713920901996
3004305,172.6127283454883
3004306,0.004659881202962192
3004307,3.101719931724856
3004308,3.973971431643076
3004309,23.39280670054856
3004310,0.4321519356555377
3004311,62.80377298112785
3004312,149.35118090571572
3004313,0.029693935349961828
3004314,1.0406685019278017
3004315,53.43618933768621
3004316,72.21065272987823
3004317,256.46463381987246
3004318,7.315685654360753
3004319,1.7319481850778926
3004320,6.031586361183633
3004321,0.0
3004322,6.098288764711767
3004323,150.64720923421334
3004324,0.0
3004325,359.174929114417
3004326,12.878376360397029
3004327,79.34703389401524
3004328,304.23541857113406
3004329,259.57813239978555
3004330,133.46437674128595
3004331,121.54466301307718
3004332,196.2039611213353
3004333,31.591819176229883
3004334,0.4562364095565907
3004335,20.0977490342417
3004336,59.35164276758112
3004337,0.004659881202962192
3004338,244.63005281592325
3004339,20.31808042602509
3004340,13.595511622380473
3004341,15.933117727756494
3004342,72.47664346305577
3004343,5.404945017051288
3004344,323.76200056173604
3004345,260.52045861404434
3004346,7.984974256478703
3004347,12.778783913485878
3004348,352.7341623893015
3004349,92.46927652523836
3004350,37.525847474672005
3004351,4.539489327127947
3004352,27.096613960527833
3004353,4.147464233173241
3004354,0.011016960375780472
3004355,3.223446319076173
3004356,12.685161197931873
3004357,0.011016960375780472
3004358,276.1971508282312
3004359,15.793201607137727
3004360,15.363730392318011
3004361,162.85303031640723
3004362,136.31654069230305
3004363,223.52386339580607
3004364,186.63951886983327
3004365,134.76995443707062
3004366,34.55768983968826
3004367,1.8233307886646275
3004368,22.183408548684906
3004369,28.301741710357838
3004370,0.29504159949465947
3004371,183.71530676515135
3004372,11.925485515569486
3004373,33.70983832667221
3004374,6.938440822139857
3004375,110.12945439394055
3004376,10.98741336190839
3004377,323.9060049357594
3004378,173.90415346598112
3004379,6.126920196223028
3004380,11.593867476801368
3004381,212.59205434153264
3004382,113.975456258083
3004383,26.875927342756647
3004384,4.602414039529632
3004385,35.076902252448846
3004386,3.9753169999286575
3004387,0.42919392760105485
3004388,7.294476107607081
3004389,15.563593888589102
3004390,0.0
3004391,256.52289654412914
3004392,18.76217787579596
3004393,23.13377040894896
3004394,7.11599743324002
3004395,222.11310055105636
3004396,252.03828936656993
3004397,129.06747637263607
3004398,111.65080558617186
3004399,34.038702899071865
3004400,3.3486756557963195
3004401,27.207532774319077
3004402,34.57143381862765
3004403,0.004659881202962192
3004404,274.63218171743006
3004405,26.839785286478914
3004406,26.687384015945607
3004407,18.024638906096364
3004408,114.7932143771836
3004409,18.895227550582312
3004410,325.5011360964964
3004411,245.56913799396492
3004412,16.206242138605692
3004413,16.780936023429806
3004414,237.43479113233298
3004415,133.22349671522198
3004416,23.273802737284303
3004417,6.451647378944169
3004418,34.92286027980184
3004419,10.567882922318487
3004420,0.35263172976588125
3004421,7.202818878708681
3004422,141.1510773042249
3004423,0.0
3004424,342.215100730102
3004425,12.46425248942459
3004426,140.65021793272464
3004427,275.256712791436
3004428,306.2384949357599
3004429,157.07030239393404
3004430,87.39781782836225
3004431,199.35677709224473
3004432,10.431823103284241
3004433,0.6658087185858785
3004434,38.0084231181745
3004435,34.17811635209082
3004436,0.004659881202962192
3004437,308.19800110027563
3004438,11.225105588345594
3004439,7.836151304284159
3004440,8.110712542251067
3004441,41.495336440629195
3004442,2.7599442060574573
3004443,353.7404063311044
3004444,318.8272608121666
3004445,5.501624420376266
3004446,6.126920196223028
3004447,309.381266449919
3004448,89.98569044921305
3004449,153.60450734794728
3004450,115.8993225507629
3004451,11.784657099549408
3004452,5.695311436578601
3004453,0.7987420588824771
3004454,6.680182704120405
3004455,271.58718557476647
3004456,0.7987420588824771
3004457,327.56160296904466
3004458,20.51632166708674
3004459,270.86099746075337
3004460,349.72871917550657
3004461,152.48608793192318
3004462,142.80461177572317
3004463,126.65503133338387
3004464,115.85717068023867
3004465,23.58228447322141
3004466,2.577766789654057
3004467,22.790251257029464
3004468,23.35294446827434
3004469,1.5012283564408795
3004470,161.29038558227597
3004471,13.151491560470337
3004472,19.931525548442462
3004473,8.96503230666261
3004474,134.93197616579857
3004475,6.93400467830641
3004476,332.6985883342788
3004477,155.3221606417595
3004478,3.686212829290285
3004479,11.808669780525756
3004480,329.1158763891945
3004481,76.02602113430383
3004482,15.815180157788923
3004483,0.5796259438335886
3004484,39.50493443649662
3004485,0.897509815945434
3004486,0.19572987347848722
3004487,1.3869023782599357
3004488,298.25296858515014
3004489,0.19572987347848722
3004490,84.1134182739553
3004491,4.096828408440552
3004492,256.72826183027456
3004493,237.58218209555795
3004494,246.74377271058015
3004495,51.54207077646548
3004496,30.85115825280691
3004497,129.52361976898717
3004498,5.6372036087495845
3004499,0.3284836002130548
3004500,8.055778697269215
3004501,8.979227436333124
3004502,0.2286281324750217
3004503,141.50487410636384
3004504,3.6600581309745523
3004505,0.0
3004506,1.503770788904936
3004507,20.156039876217786
3004508,0.2690500168058535
3004509,135.6943594287379
3004510,143.55136262131992
3004511,0.7706004495648934
3004512,3.5672402982750087
3004513,152.7964705705423
3004514,26.498107110359577
3004515,199.70245509365637
3004516,13.245758850364886
3004517,1.7702838031493624
3004518,7.163971688029366
3004519,0.2550077549076019
3004520,4.243763094169235
3004521,139.48869202364696
3004522,0.19572987347848722
3004523,296.2271903230113
3004524,12.255471704150576
3004525,138.76599747449794
3004526,350.0688806651893
3004527,359.25956063458165
3004528,171.3156904213727
3004529,96.26383314702352
3004530,196.4974346983247
3004531,31.238532627214937
3004532,0.8057871263920092
3004533,26.534860469664945
3004534,23.828188665681356
3004535,0.2536621866220211
3004536,328.9211335128558
3004537,11.6151272393673
3004538,0.7524380309336827
3004539,8.353061524495276
3004540,55.07396445053927
3004541,1.7210279413733005
3004542,239.70408929110417
3004543,283.99012637435357
3004544,3.075188251861122
3004545,12.749245843049682
3004546,297.8922411592925
3004547,96.35225906037118
3004548,148.23970025704503
3004549,14.47769524723577
3004550,9.502352632602427
3004551,5.7263464088396505
3004552,0.26929015933881556
3004553,4.848422281807438
3004554,265.47892421357324
3004555,0.26929015933881556
3004556,140.38594998159527
3004557,11.737884266828207
3004558,251.08460586724064
3004559,316.52983442212354
3004560,221.791888721633
3004561,52.4875189357149
3004562,40.77496754461254
3004563,311.4911400840091
3004564,8.083405887501938
3004565,0.3955144262236089
3004566,10.171960046119633
3004567,18.173526350663828
3004568,0.3272224724823496
3004569,140.395932305008
3004570,6.546679891180621
3004571,0.0
3004572,5.471994618021896
3004573,50.42641790307655
3004574,0.9985574958313836
3004575,118.2875195822011
3004576,140.53749162356252
3004577,1.1050875817924142
3004578,6.106225838094426
3004579,157.08703324440032
3004580,29.01242898990274
3004581,315.6119873897975
3004582,18.396965133892706
3004583,2.440610535784344
3004584,4.298023460919456
3004585,0.26929015933881556
3004586,3.769780919039493
3004587,298.5664626078008
3004588,0.26929015933881556
3004589,104.4091941272334
3004590,6.738234476973496
3004591,327.46337001101796
3004592,221.31401230608887
3004593,158.47923441152864
3004594,37.210236600268985
3004595,31.606211379931754
3004596,111.38507099967228
3004597,15.836226078551173
3004598,0.30719992922258743
3004599,12.792292495162423
3004600,10.230464533608068
3004601,0.30218841833535004
3004602,117.32708795686736
3004603,1.2933717196992167
3004604,0.0
3004605,2.836820566852711
3004606,57.6062683914637
3004607,1.3394178815104447
3004608,137.8572784760317
3004609,146.29072525473177
3004610,0.4974613160422333
3004611,4.505974981476818
3004612,114.80040260385195
3004613,20.02699382740493
3004614,148.19376029786318
3004615,11.987509917677285
3004616,0.6377233997037133
3004617,3.1500941060070313
3004618,0.26929015933881556
3004619,3.4954380005001253
3004620,313.2173150797072
3004621,0.26929015933881556
3004622,127.99800254192112
3004623,9.76816605640866
3004624,288.10971593569
3004625,315.54731507091094
3004626,256.1934451279443
3004627,40.339273012630755
3004628,48.15234928435566
3004629,313.80558699705045
3004630,12.906400687732065
3004631,0.46706002055566
3004632,11.907711693247645
3004633,22.60022219660771
3004634,0.3272224724823496
3004635,167.53985711452603
3004636,0.9979736511372074
3004637,0.0
3004638,2.6112719610826054
3004639,25.431257756378812
3004640,1.14952345070131
3004641,190.19267126954685
3004642,211.5021996860727
3004643,0.8712328466889186
3004644,3.737479987460315
3004645,97.13583453355149
3004646,87.98684357667408
3004647,319.7157836703401
3004648,1.7959600414998822
3004649,3.1030593281854366
3004650,3.102490549948669
3004651,0.6674028033538448
3004652,2.9792458147902825
3004653,256.48699168675364
3004654,0.19572987347848722
3004655,141.52572169588552
3004656,3.732784959287064
3004657,142.1522516481829
3004658,293.7049065025823
3004659,260.24173122356285
3004660,88.70622650352591
3004661,67.4573714206983
3004662,160.3225891939089
3004663,7.709944248224628
3004664,0.9810042784137818
3004665,14.013326754590523
3004666,15.823294226672147
3004667,0.2690500168058535
3004668,180.68581428553915
3004669,9.582294675005095
3004670,0.0
3004671,3.53372153992752
3004672,28.15845990763568
3004673,1.1069185281345786
3004674,114.60644019042135
3004675,168.66049141903517
3004676,0.8105179956976453
3004677,4.223117606773544
3004678,127.8474454376755
3004679,45.159598807430484
3004680,203.564314520418
3004681,17.023545597615502
3004682,3.400412809591872
3004683,4.19350781176553
3004684,0.27039558509143435
3004685,1.4135116226086921
3004686,298.7577800238362
3004687,0.19572987347848722
3004688,118.87842754299402
3004689,5.030104936562649
3004690,295.14693069347425
3004691,192.99453826227284
3004692,140.12653578207875
3004693,94.30299865311875
3004694,40.42936685473451
3004695,162.77181381620153
3004696,4.649869291211292
3004697,0.2690500168058535
3004698,12.665637540070328
3004699,10.512421646478876
3004700,0.2915528448767072
3004701,136.77302730708118
3004702,0.2286281324750217
3004703,0.0
3004704,2.372220643553027
3004705,35.71803501217925
3004706,1.0759631648409815
3004707,43.505944566739466
3004708,112.41245939230416
3004709,0.6503471138308311
3004710,2.481458168630633
3004711,77.77860221445475
3004712,31.409890489714456
3004713,316.8965735953671
3004714,0.0
3004715,0.8966271184595346
3004716,9.834662421882152
3004717,0.4382768896092655
3004718,4.566468612973164
3004719,103.34106115745873
3004720,0.19572987347848722
3004721,276.58225151563056
3004722,7.118543693591065
3004723,105.36122988889409
3004724,290.0732181877655
3004725,356.5280873734405
3004726,150.04470704359358
3004727,92.58905973074529
3004728,139.49447208641726
3004729,16.6562639442738
3004730,1.167567899422806
3004731,22.52963810659742
3004732,21.751345865959035
3004733,0.2690500168058535
3004734,233.48899875456405
3004735,0.5548082672123368
3004736,0.0
3004737,6.7835679127366
3004738,62.537022810000195
3004739,3.5672402982750087
3004740,204.28623439000526
3004741,215.04067475483035
3004742,1.3301653638928361
3004743,7.339102029999738
3004744,303.2333767692899
3004745,56.745768531221536
3004746,1.0465673952460153
3004747,20.15444825010274
3004748,13.046995922345209
3004749,2.959673201771852
3004750,0.5614173994796986
3004751,6.034080662502401
3004752,265.73410682183373
3004753,0.18054729192024513
3004754,166.04578880442958
3004755,10.103630493241546
3004756,234.10335871260307
3004757,262.05420026726836
3004758,216.50796625575757
3004759,128.5382712382594
3004760,55.71173647131307
3004761,288.99768223151557
3004762,10.886931305000978
3004763,0.6049160398276451
3004764,23.52909101588715
3004765,14.747371128339562
3004766,0.23847960506377916
3004767,146.99833141841816
3004768,9.963819605272464
3004769,3.1783424930442608
3004770,6.289233012872112
3004771,77.32039709173844
3004772,1.0508941707385597
3004773,68.87151515362424
3004774,139.68284549814663
3004775,2.958327633486271
3004776,6.330302257143474
3004777,203.22868096645945
3004778,51.306168042316386
3004779,113.95415151830122
3004780,48.60976827754815
3004781,10.976008351816237
3004782,6.288756919932942
3004783,0.7533932185283964
3004784,2.160243520089369
3004785,103.78741018385801
3004786,0.26929015933881556
3004787,133.4319791229589
3004788,6.107571406380009
3004789,317.0871865823674
3004790,296.0347825248748
3004791,275.71332783648916
3004792,50.98285858554941
3004793,45.085884436632185
3004794,138.64969271509793
3004795,37.32941873446123
3004796,1.231828386240703
3004797,10.99407898904637
3004798,19.493931401895566
3004799,0.3272224724823496
3004800,152.90129140454755
3004801,9.314269405386346
3004802,0.0
3004803,3.7635314164080635
3004804,60.11081395607462
3004805,3.2359574076066915
3004806,119.98184202609247
3004807,169.41563251774645
3004808,1.0973593001387554
3004809,4.296677892633873
3004810,134.5551006071872
3004811,22.371609087953825
3004812,320.5157166389892
3004813,3.5401749363242723
3004814,2.9457305535722313
3004815,6.3468304069873
3004816,0.19572987347848722
3004817,8.402543701767343
3004818,77.49878362621591
3004819,0.19572987347848722
3004820,344.5403494340876
3004821,9.483742873963767
3004822,271.4981380090202
3004823,361.68144071581037
3004824,259.0143142492893
3004825,165.2510500937754
3004826,115.35375897694588
3004827,122.09954466081459
3004828,44.80190023790497
3004829,0.9666515455164967
3004830,20.09230811284287
3004831,34.43632462320395
3004832,0.2536621866220211
3004833,227.3550179154133
3004834,22.529804108707488
3004835,13.579185150989359
3004836,8.969076344721708
3004837,115.64205713320415
3004838,9.012602398621372
3004839,370.2711859471535
3004840,227.15411284427205
3004841,7.215349482996404
3004842,8.96256168471049
3004843,378.5893780222082
3004844,97.75337657263648
3004845,14.769149851295964
3004846,0.0
3004847,43.44509147020449
3004848,7.4819309296423135
3004849,0.19572987347848722
3004850,7.274051594103828
3004851,266.4354046436029
3004852,0.19572987347848722
3004853,302.18903802541354
3004854,8.273866686714255
3004855,261.7949093563002
3004856,320.34089704117025
3004857,364.4342659439946
3004858,95.08455677622835
3004859,76.52041757667578
3004860,292.0915076349901
3004861,13.580527068869854
3004862,0.3284836002130548
3004863,21.5087038257603
3004864,16.40838899324625
3004865,0.2286281324750217
3004866,257.83560356845584
3004867,2.7323049176987855
3004868,5.733626385973353
3004869,4.121626749331323
3004870,69.53419891756315
3004871,1.135477025576214
3004872,234.5203051488512
3004873,254.64102759567018
3004874,3.6639197015999865
3004875,5.943811070679484
3004876,293.8839240639658
3004877,73.59371190535
3004878,124.51765033538105
3004879,62.07506742522753
3004880,11.72105303849601
3004881,9.510571171444104
3004882,0.6135307363742883
3004883,3.347785647183756
3004884,274.56375871569
3004885,0.19572987347848722
3004886,312.4125079940177
3004887,6.637113463160252
3004888,277.398542324634
3004889,335.9279217967901
3004890,294.0940379424551
3004891,176.10327730347356
3004892,94.17076695388538
3004893,314.7294956837888
3004894,14.255541495605149
3004895,0.728935296189926
3004896,34.22277483486739
3004897,30.484174964200548
3004898,0.2915528448767072
3004899,228.44711606812172
3004900,4.2843115431008885
3004901,2.107742944958129
3004902,9.34091469514803
3004903,102.64990359874383
3004904,1.8297129474181046
3004905,93.13833281632482
3004906,192.8028163109455
3004907,3.075188251861122
3004908,9.35917727461901
3004909,186.89129399444795
3004910,144.00015655418886
3004911,123.70407892003253
3004912,0.39051111365273683
3004913,5.809668462352307
3004914,4.19350781176553
3004915,0.29289841316228815
3004916,2.1704598869430303
3004917,264.3250302878798
3004918,0.19572987347848722
3004919,150.83789954101394
3004920,9.009048240327257
3004921,341.27049572084906
3004922,287.375265234273
3004923,150.68808674330313
3004924,55.76529875120746
3004925,52.96197709810101
3004926,287.9488054155159
3004927,10.154379435190151
3004928,0.9378177577071677
3004929,19.173490252259466
3004930,17.341258067184476
3004931,0.2286281324750217
3004932,136.32354609296397
3004933,1.6219096412623575
3004934,0.0
3004935,3.6639197015999865
3004936,86.13993368708772
3004937,1.7210279413733005
3004938,104.68117281934296
3004939,136.2722742726999
3004940,0.8282120450177443
3004941,5.6204851914001415
3004942,143.52546149667407
3004943,29.80646699070366
3004944,317.3647752793499
3004945,11.621052853335994
3004946,3.6525267989668575
3004947,1.7748050091120413
3004948,0.19572987347848722
3004949,3.3871650205318202
3004950,290.25387171099334
3004951,0.2550077549076019
3004952,239.97542709432417
3004953,9.580422277288744
3004954,289.02352984300535
3004955,338.8490159820542
3004956,137.89518600145226
3004957,62.30872698454924
3004958,72.80580769496842
3004959,106.98729809237045
3004960,24.210512726671634
3004961,0.3284836002130548
3004962,9.126568700531008
3004963,19.640531563705885
3004964,0.2915528448767072
3004965,114.19215711646208
3004966,10.473194357638482
3004967,2.3585896940262816
3004968,5.176546109319754
3004969,70.82220035615583
3004970,3.5984321602494576
3004971,346.330412976212
3004972,138.83606383156666
3004973,3.070189618369491
3004974,5.6204851914001415
3004975,320.70342199400744
3004976,31.58491637085197
3004977,16.029648747203204
3004978,0.0
3004979,11.697723276123003
3004980,2.0652568438212207
3004981,0.2550077549076019
3004982,3.560305450227674
3004983,238.8845578485306
3004984,0.19572987347848722
3004985,333.75513727988596
3004986,20.354384622567874
3004987,227.94868903203508
3004988,261.8220409350634
3004989,312.009380485117
3004990,243.36363144931587
3004991,170.94280495958088
3004992,275.62551461291076
3004993,33.927371826116165
3004994,0.5166247640584576
3004995,18.3902993050874
3004996,36.570549553534654
3004997,0.2286281324750217
3004998,228.62769712241175
3004999,11.922251085496507
3005000,36.03149617810777
3005001,8.57621488770093
3005002,133.69912456468407
3005003,11.344702334177555
3005004,369.32933656151795
3005005,263.7148675543962
3005006,13.431019616582835
3005007,8.480079581523452
3005008,382.660295101495
3005009,127.33659252173996
3005010,12.103705153036502
3005011,0.0
3005012,34.40906372823624
3005013,3.076533820146703
3005014,0.23498521164783995
3005015,7.031034847142177
3005016,225.99753418604857
3005017,0.19572987347848722
3005018,299.6652212591469
3005019,8.034726856915443
3005020,310.7715348016692
3005021,323.9971162349564
3005022,197.5298136442991
3005023,144.5228229549652
3005024,94.42490096670237
3005025,273.56466518256474
3005026,19.995580392780724
3005027,0.7927686264827418
3005028,14.696678953387973
3005029,18.42558347736875
3005030,0.2286281324750217
3005031,119.13548661260107
3005032,0.2286281324750217
3005033,25.63608031949831
3005034,4.94121056633004
3005035,170.68434516800062
3005036,10.531183925341193
3005037,287.5326982514859
3005038,114.72396923425273
3005039,4.461362710691324
3005040,6.565916789030029
3005041,257.6522165552478
3005042,40.35989911486512
3005043,109.14793833795733
3005044,0.504183031564688
3005045,7.7070101802248905
3005046,4.29056104573232
3005047,0.19572987347848722
3005048,4.496065104620758
3005049,278.48238743327227
3005050,0.19572987347848722
3005051,193.85459809734235
3005052,5.621830759685724
3005053,265.6050914332648
3005054,192.91262910711157
3005055,95.33346672573872
3005056,40.47253489929731
3005057,34.89113471503082
3005058,118.39833343579576
3005059,14.73384611987868
3005060,0.6246468303473914
3005061,7.679635245863216
3005062,8.997302587130033
3005063,0.2915528448767072
3005064,86.30746974336708
3005065,0.2536621866220211
3005066,9.90887857855701
3005067,0.8866031899505503
3005068,25.58478668296314
3005069,0.2536621866220211
3005070,324.63282605083015
3005071,135.14829790758063
3005072,2.138574834468295
3005073,1.005475866984338
3005074,192.53965702248067
3005075,19.313692267018283
3005076,319.84183964809284
3005077,0.4257044040637914
3005078,7.0442107070124464
3005079,6.567262357315612
3005080,0.5765999810379407
3005081,3.1078508561322633
3005082,113.92345663130926
3005083,0.2550077549076019
3005084,337.2190459155172
3005085,14.52417461289572
3005086,360.47542254831905
3005087,292.5124990522158
3005088,313.4968633951025
3005089,247.29510952887819
3005090,153.88732973072592
3005091,214.36374027616748
3005092,24.40245989560509
3005093,2.7323049176987855
3005094,22.324016188878776
3005095,29.596381229116894
3005096,0.2915528448767072
3005097,201.80516719716826
3005098,7.255020292651762
3005099,34.35727710957707
3005100,7.435781433324716
3005101,167.21628897347452
3005102,3.6639197015999865
3005103,353.39847330361147
3005104,198.9013359332633
3005105,9.442769132654568
3005106,8.396897705607351
3005107,369.40141701396715
3005108,76.75056759466692
3005109,14.962617284250152
3005110,0.8239487907955584
3005111,25.209751784866203
3005112,6.385610692051261
3005113,0.19572987347848722
3005114,2.6494579541659324
3005115,331.78069031049694
3005116,0.19572987347848722
3005117,347.23216503432127
3005118,16.35692716136027
3005119,354.2547778665355
3005120,319.03276619965857
3005121,336.9153415604996
3005122,180.6499092293248
3005123,77.2617114388184
3005124,190.35904959084408
3005125,13.13916586773931
3005126,1.0133439943988376
3005127,27.259809184594136
3005128,21.87890328428548
3005129,0.9099798358825661
3005130,224.04345048205337
3005131,0.2286281324750217
3005132,4.959111556341338
3005133,5.086658486538083
3005134,65.49737032501575
3005135,0.8112285605374824
3005136,174.11620303464167
3005137,231.3498177292056
3005138,4.192162243479947
3005139,4.817458019326706
3005140,213.19128644768742
3005141,82.39460220509088
3005142,1.0465673952460153
3005143,2.8231738778156985
3005144,4.23368370403651
3005145,6.0030557572260825
3005146,0.6135307363742883
3005147,3.6518710399726673
3005148,263.8930347332078
3005149,0.19572987347848722
3005150,348.77909097127565
3005151,10.363205518215764
3005152,266.1317139471611
3005153,329.8239860603264
3005154,281.6471867843094
3005155,155.36164375642926
3005156,79.03303063323882
3005157,317.22595964962
3005158,14.510278375682958
3005159,0.79767256082859
3005160,21.43049545242446
3005161,17.28521921553237
3005162,0.2286281324750217
3005163,192.9936361679431
3005164,0.2286281324750217
3005165,5.551974720709002
3005166,4.8125540849808575
3005167,131.50244375400365
3005168,1.005475866984338
3005169,103.3562355579028
3005170,180.26681505552435
3005171,4.192162243479947
3005172,4.817458019326706
3005173,195.63490187715263
3005174,64.06352553301174
3005175,147.03558342706685
3005176,1.1344376578751987
3005177,5.826393867764449
3005178,10.198279258363556
3005179,0.8503677013599669
3005180,13.305014347721492
3005181,100.82957237501155
3005182,0.19572987347848722
3005183,232.40228885209456
3005184,44.16843334701211
3005185,79.65220093432688
3005186,288.5458692737841
3005187,347.1521184847577
3005188,367.2457123585746
3005189,305.41036292342
3005190,350.03801209340554
3005191,81.22077770651421
3005192,2.094450759724794
3005193,51.64064416817806
3005194,57.49933006054051
3005195,0.3934997346953315
3005196,338.8213155724707
3005197,43.335008210226775
3005198,59.294132617060804
3005199,26.013160654584052
3005200,210.8089240689569
3005201,31.010033573351645
3005202,133.7066542885699
3005203,338.26624912366555
3005204,15.86182375406546
3005205,22.44751665346021
3005206,346.0264393469771
3005207,231.63115340116497
3005208,38.63452130959405
3005209,0.36779325559625387
3005210,109.80049271094495
3005211,3.076533820146703
3005212,0.7444379734047203
3005213,0.7108807674578038
3005214,318.2215315593603
3005215,0.19572987347848722
3005216,132.74921763259604
3005217,4.8188035876122886
3005218,268.86686701632044
3005219,227.09541734445148
3005220,125.67234902217984
3005221,143.32703830942472
3005222,49.19272366886311
3005223,163.75717723533333
3005224,5.643105480792019
3005225,0.2915528448767072
3005226,10.349057805187499
3005227,9.643380069112881
3005228,0.2915528448767072
3005229,158.13131105304763
3005230,0.9373397115659944
3005231,0.0
3005232,3.075188251861122
3005233,47.00513109343654
3005234,0.8664829124812855
3005235,60.83592844301892
3005236,95.70679624287921
3005237,1.3864520319206215
3005238,3.070189618369491
3005239,135.4452183723905
3005240,19.36571645408104
3005241,204.04728112294427
3005242,0.0
3005243,2.841214904418306
3005244,7.396556330523064
3005245,0.27039558509143435
3005246,2.129565676424963
3005247,291.1683966273042
3005248,0.19572987347848722
3005249,332.7640347167042
3005250,9.292279035496277
3005251,142.6158876985862
3005252,310.85466322418745
3005253,244.22424464822447
3005254,236.36177233552633
3005255,94.83558451773614
3005256,203.31148978953934
3005257,13.781969138472475
3005258,0.2915528448767072
3005259,24.60971852019887
3005260,20.132620802620796
3005261,0.2336396433622591
3005262,237.17011431811287
3005263,0.8681598586852347
3005264,5.835358944222307
3005265,8.587106723114644
3005266,20.393192357100215
3005267,1.1322166714326256
3005268,302.3200549570358
3005269,203.66857685584975
3005270,3.070189618369491
3005271,6.565916789030029
3005272,163.64521518853505
3005273,66.93432361257953
3005274,124.51765033538105
3005275,1.3153185712239466
3005276,7.453024439624352
3005277,1.357258116017048
3005278,0.19572987347848722
3005279,0.635310306856471
3005280,276.35842726482343
3005281,0.19572987347848722
3005282,103.23227606840332
3005283,3.660361335539719
3005284,323.92415086264504
3005285,118.35559841164391
3005286,99.93279297198032
3005287,126.84123175028655
3005288,17.161421335238533
3005289,161.47717230833217
3005290,1.7734594408264606
3005291,0.2915528448767072
3005292,8.394863164607926
3005293,4.278323642033022
3005294,0.2336396433622591
3005295,74.97706798582618
3005296,0.2286281324750217
3005297,0.0
3005298,0.5816456838995532
3005299,50.58286650455486
3005300,0.2915528448767072
3005301,67.46106378434395
3005302,70.68499159727872
3005303,0.3284836002130548
3005304,0.8080917675484794
3005305,72.08010542294812
3005306,9.495383566516802
3005307,150.2273956811132
3005308,0.0
3005309,0.3034484574245053
3005310,6.443509810312277
3005311,0.19572987347848722
3005312,2.1290285673401614
3005313,300.7429968284836
3005314,0.19572987347848722
3005315,189.2907650505769
3005316,7.866415948904946
3005317,101.11135669054528
3005318,299.1061868882122
3005319,188.24666381660273
3005320,103.78605577897913
3005321,82.28012105197678
3005322,150.47613089597036
3005323,3.653027866186272
3005324,0.5030712404595082
3005325,28.994708215346133
3005326,16.755387603946826
3005327,0.2915528448767072
3005328,154.58387728381288
3005329,0.2286281324750217
3005330,0.0
3005331,10.613553904090328
3005332,42.030090130360875
3005333,0.898945781023306
3005334,216.23293782917645
3005335,164.7513215003045
3005336,1.5441966856382698
3005337,3.6639197015999865
3005338,251.76814627239438
3005339,28.28838538436625
3005340,132.84085979899555
3005341,0.0
3005342,0.5659352068198713
3005343,2.482803736916214
3005344,0.29289841316228815
3005345,3.978936260861108
3005346,136.29392328416972
3005347,0.19572987347848722
3005348,176.74452869727335
3005349,7.520308877526398
3005350,285.137578115324
3005351,245.96752926824203
3005352,245.13075425454105
3005353,118.72058389258555
3005354,80.89484721609738
3005355,166.07766575341293
3005356,6.398328060914616
3005357,4.47749961535354
3005358,26.167471309248167
3005359,35.51374631727643
3005360,0.2536621866220211
3005361,177.73772465120462
3005362,1.3738198159211146
3005363,4.621474191880877
3005364,2.481458168630633
3005365,40.318830115389694
3005366,1.7210279413733005
3005367,151.85559151659558
3005368,244.98337881321896
3005369,3.0702843175152736
3005370,6.0017101889405
3005371,165.06882866429845
3005372,31.321224551053223
3005373,133.56541876316643
3005374,3.4119053275545626
3005375,2.8231738778156985
3005376,3.654373434471853
3005377,0.19572987347848722
3005378,0.41489187213857304
3005379,295.2303124128608
3005380,0.19572987347848722
3005381,91.05906941289152
3005382,3.076533820146703
3005383,330.5412064802258
3005384,122.9596945103661
3005385,106.21500093502907
3005386,126.06944131838242
3005387,53.544553070158706
3005388,178.96578480585512
3005389,7.243145527396678
3005390,0.6121851680887075
3005391,8.128813902640209
3005392,8.061130168733516
3005393,0.2690500168058535
3005394,92.26236236933636
3005395,0.2286281324750217
3005396,0.0
3005397,0.35312990456790305
3005398,58.31392175391601
3005399,0.5030712404595082
3005400,148.09987437884237
3005401,80.87916559409398
3005402,0.6198076296416768
3005403,0.691142474867559
3005404,73.88783782415074
3005405,18.345202663770202
3005406,276.43254673142917
3005407,0.0
3005408,1.0351322481702605
3005409,4.3746933253184626
3005410,0.19572987347848722
3005411,0.3905787727269381
3005412,310.4903301143438
3005413,0.19572987347848722
3005414,335.49375161314356
3005415,9.53992101955317
3005416,323.32874135470615
3005417,325.2655721740548
3005418,205.42933408365235
3005419,114.05646696053861
3005420,119.81792236482309
3005421,319.70198734898685
3005422,7.697481652503955
3005423,0.7125529209299851
3005424,29.51997295667641
3005425,13.185021701178407
3005426,0.2690500168058535
3005427,188.37494724263846
3005428,0.2286281324750217
3005429,27.467322278699633
3005430,3.075188251861122
3005431,74.78109692234958
3005432,0.8795616172635403
3005433,193.57675822000576
3005434,182.4170280798426
3005435,2.194828341059939
3005436,2.481458168630633
3005437,126.11006576942906
3005438,46.155708242364526
3005439,142.30667793401153
3005440,0.43004980979801655
3005441,1.1090452668236408
3005442,3.1806335901961855
3005443,0.26929015933881556
3005444,8.365392558547581
3005445,279.00375948933186
3005446,0.26929015933881556
3005447,290.341710844617
3005448,6.076616043086412
3005449,317.2174531490583
3005450,348.18663216215856
3005451,165.48795286383432
3005452,130.54563812977548
3005453,125.2306503171799
3005454,124.24394898961452
3005455,63.27229868761824
3005456,1.323573797343112
3005457,39.18915580546957
3005458,23.35864124180575
3005459,0.6488146986126886
3005460,207.52817647204637
3005461,21.064124925800325
3005462,24.48073392349442
3005463,1.0741322184988171
3005464,138.91655409718265
3005465,9.077716984501349
3005466,284.2669139671326
3005467,224.19529589293603
3005468,11.058067268908287
3005469,13.599050725997987
3005470,299.7336558374054
3005471,84.23071944558016
3005472,16.267877061222535
3005473,0.05017404428992705
3005474,17.60511046588793
3005475,4.9965349838389645
3005476,0.19572987347848722
3005477,8.521222338913336
3005478,289.0362412917347
3005479,0.19572987347848722
3005480,338.18981014748795
3005481,14.286033858878348
3005482,52.07120693976709
3005483,252.4463912838178
3005484,159.21005797565218
3005485,90.28983356970667
3005486,121.60888483718578
3005487,142.8522884343503
3005488,27.13704935563625
3005489,0.79767256082859
3005490,38.46646155367324
3005491,72.43178077991159
3005492,0.2286281324750217
3005493,254.02273646899258
3005494,18.853046598775176
3005495,15.66901794760104
3005496,7.435781433324716
3005497,105.23336138096519
3005498,10.683405009934967
3005499,248.49347281398306
3005500,295.2785232882172
3005501,6.66508056800268
3005502,10.707086742531333
3005503,172.85700741719884
3005504,99.35059989298881
3005505,16.510652250310102
3005506,7.702502924390652
3005507,20.414768116491217
3005508,8.595556106756591
3005509,0.36645869902261663
3005510,1.8995288636704901
3005511,136.60957128656085
3005512,0.26929015933881556
3005513,276.5044500227932
3005514,6.018716924825396
3005515,140.12893282505587
3005516,325.1019543036542
3005517,207.21703898388668
3005518,222.43267741589938
3005519,82.74891291289448
3005520,167.54999995640054
3005521,27.901934720359336
3005522,1.847019726686789
3005523,18.707307800103695
3005524,21.431291846577203
3005525,0.30719992922258743
3005526,285.8056576295811
3005527,5.160218772398412
3005528,13.981690830185569
3005529,13.347311598182062
3005530,72.75416801541088
3005531,3.737479987460315
3005532,138.07041342983587
3005533,259.2307636161675
3005534,5.890428752040262
3005535,9.334677753250546
3005536,242.74238506295592
3005537,57.532111830377595
3005538,124.90439103795781
3005539,5.669286965975885
3005540,12.512407724129513
3005541,3.0666312523092234
3005542,0.7444379734047203
3005543,4.961920114475135
3005544,70.43077005444383
3005545,0.19572987347848722
3005546,336.6823763133979
3005547,7.337545571915619
3005548,272.6754028240946
3005549,328.16314213884397
3005550,206.70988287632218
3005551,135.0196401081756
3005552,107.16180753354088
3005553,129.35308540432516
3005554,26.32166368007646
3005555,1.8602524316072588
3005556,14.133351201377742
3005557,13.593109761563312
3005558,0.2336396433622591
3005559,204.98151423267515
3005560,17.52860107549273
3005561,23.520798571897434
3005562,1.8039989250156148
3005563,142.30134638137466
3005564,6.442164242026695
3005565,358.7867258949369
3005566,206.55658761711044
3005567,6.0017101889405
3005568,7.381879992166022
3005569,352.19895356089756
3005570,49.5403911556583
3005571,23.497275801487273
3005572,0.0
3005573,29.348078687775335
3005574,3.738825555745896
3005575,0.32856804076793045
3005576,5.037041400276604
3005577,313.4841325579323
3005578,0.26929015933881556
3005579,315.7279944699802
3005580,10.606089779487098
3005581,298.15378715450703
3005582,318.35854062374824
3005583,275.3110283387358
3005584,150.58064573415857
3005585,86.14730553891367
3005586,180.54841686033777
3005587,10.107695299865856
3005588,2.2121351203286235
3005589,24.37333716056768
3005590,28.4502615359985
3005591,0.342610302666182
3005592,320.5451333735152
3005593,0.30218841833535004
3005594,0.0
3005595,7.294085523865129
3005596,54.24330650281473
3005597,1.7945882272336289
3005598,123.59357116013422
3005599,263.00445168925285
3005600,2.137471561395968
3005601,8.594210538471014
3005602,201.18125320151128
3005603,61.23742157707633
3005604,115.1253924862255
3005605,0.05017404428992705
3005606,6.338498585791097
3005607,6.517070096172607
3005608,0.26929015933881556
3005609,8.986514858144806
3005610,333.29339931348227
3005611,0.26929015933881556
3005612,341.8332056371901
3005613,11.130094686782947
3005614,320.7628333724949
3005615,323.7049735559238
3005616,219.74081114308365
3005617,124.95783830902691
3005618,153.44247078863327
3005619,253.1545840123818
3005620,52.376941506479966
3005621,1.1095756370338195
3005622,19.085227596300417
3005623,30.520689484944416
3005624,0.30218841833535004
3005625,209.7727924886755
3005626,17.06604547036768
3005627,20.302236534377098
3005628,7.509341719185046
3005629,145.89596354619735
3005630,10.988216163063647
3005631,311.521289415347
3005632,228.59037544685657
3005633,11.275745739286311
3005634,7.385589172181712
3005635,246.94833429758015
3005636,66.99410240674135
3005637,14.242959675337588
3005638,0.21490745780765605
3005639,10.202346730800967
3005640,3.738825555745896
3005641,0.26929015933881556
3005642,4.889653717129699
3005643,210.13027445112363
3005644,0.26929015933881556
3005645,350.1894618422517
3005646,11.526701456227862
3005647,277.2383563083067
3005648,210.0430131384626
3005649,166.93529996165313
3005650,129.63874951243892
3005651,130.0935533459708
3005652,257.7459309704819
3005653,30.97242956478376
3005654,0.7496214220936497
3005655,27.547932519653365
3005656,23.684789645672673
3005657,0.30218841833535004
3005658,175.33038555437795
3005659,15.145660558298173
3005660,35.43034367983936
3005661,4.048696527047392
3005662,92.45766684648493
3005663,8.664061644315654
3005664,311.61162724796606
3005665,193.01505516838793
3005666,7.385589172181712
3005667,7.385589172181712
3005668,271.27546468558876
3005669,57.40956169663511
3005670,133.48370925931422
3005671,0.07520809843692661
3005672,17.82324358513025
3005673,6.059486422598307
3005674,0.29141587702006333
3005675,3.0884935737199273
3005676,140.70846011600534
3005677,0.2521605388507106
3005678,189.93490103120644
3005679,20.569439669366716
3005680,138.2065048538588
3005681,245.4600057393182
3005682,304.4049484514704
3005683,156.78812779698882
3005684,71.61218613734998
3005685,161.82319963354124
3005686,9.098595693489232
3005687,0.31009285199424463
3005688,12.917078548724568
3005689,17.461229698707882
3005690,0.2900703087344825
3005691,224.84202834983245
3005692,0.2850587978472451
3005693,7.1184968750244355
3005694,1.9576438304924777
3005695,105.46188603144607
3005696,3.9471237105873995
3005697,177.44502648776793
3005698,259.0709887607467
3005699,3.126620283741714
3005700,2.7887355830710088
3005701,248.13630778000237
3005702,125.68443867493075
3005703,185.70699490890414
3005704,1.5254442327001012
3005705,1.015816800034745
3005706,13.077099783085899
3005707,0.19572987347848722
3005708,18.412166262022602
3005709,134.9683410191845
3005710,0.19572987347848722
3005711,293.07199688768867
3005712,29.29287011098847
3005713,99.67696245124482
3005714,263.98545001164507
3005715,371.4826776110417
3005716,355.14438084521726
3005717,334.19897491255153
3005718,321.07824285052186
3005719,94.59454701410769
3005720,4.192162243479947
3005721,113.23850967466485
3005722,114.03117242184332
3005723,0.2690500168058535
3005724,340.454932293154
3005725,37.116412540410224
3005726,26.02768830687669
3005727,46.533646471270174
3005728,257.96693391059705
3005729,26.422838897412205
3005730,155.64096776651664
3005731,332.24967677262845
3005732,42.03942696611602
3005733,33.69579182044148
3005734,336.8855748802377
3005735,302.27177821699684
3005736,51.198147158171636
3005737,275.1944860148407
3005738,119.69738198339189
3005739,13.853151977904986
3005740,0.19572987347848722
3005741,14.127800414222307
3005742,130.51527004984476
3005743,0.19572987347848722
3005744,143.5496688919424
3005745,26.37513559293513
3005746,125.97167565111594
3005747,172.99112701406287
3005748,363.645593162593
3005749,332.50303527607736
3005750,284.6542596841184
3005751,340.0354496507876
3005752,135.5667875874008
3005753,1.0759631648409815
3005754,67.1327871286033
3005755,85.82600862111445
3005756,0.6382003539463408
3005757,362.0854969405375
3005758,34.35799558231347
3005759,37.075275343121156
3005760,16.491893410938385
3005761,240.17084945770858
3005762,19.863027429332675
3005763,166.5881730139995
3005764,360.30642464706636
3005765,22.237400960341457
3005766,29.83042400174353
3005767,344.3849707631506
3005768,267.3336431791203
3005769,50.57281714086017
3005770,203.32300828184083
3005771,98.50311704949546
3005772,10.654527645399526
3005773,0.19572987347848722
3005774,19.18295150588272
3005775,81.89320717341546
3005776,0.2550077549076019
3005777,357.1157205111503
3005778,14.38197000583835
3005779,91.8049216822507
3005780,238.81265993728846
3005781,358.97519118886953
3005782,146.49816193085312
3005783,231.03493162941226
3005784,229.49579986418746
3005785,53.95197621594704
3005786,3.0090483327252984
3005787,44.9112271639056
3005788,27.131455437991637
3005789,0.6121851680887075
3005790,360.91364060188835
3005791,28.962748261958765
3005792,27.51720876274753
3005793,13.081987009123289
3005794,164.4704318423362
3005795,9.499122711090331
3005796,334.4585764509867
3005797,349.769041540054
3005798,22.54582920905037
3005799,48.249528488690686
3005800,360.45186827549156
3005801,140.42626174549127
3005802,26.377069205979346
3005803,291.46120213512927
3005804,62.70056033277345
3005805,15.44959256657546
3005806,0.19572987347848722
3005807,20.28550369790387
3005808,119.68765278781243
3005809,0.19572987347848722
3005810,210.80974084424898
3005811,21.735298104897176
3005812,100.49708057892553
3005813,263.98545001164507
3005814,363.6878638025301
3005815,334.8692504639326
3005816,255.01649033927802
3005817,325.4373867069505
3005818,63.18804958997089
3005819,1.2592331444064893
3005820,64.83508772207773
3005821,71.76861591148901
3005822,0.9503700027077746
3005823,311.30823261999035
3005824,37.351718353386666
3005825,29.406854728696327
3005826,21.6463985226061
3005827,219.50888524145006
3005828,13.935261224248045
3005829,172.42316910071534
3005830,360.21994916287923
3005831,22.242252584302957
3005832,29.081356440008076
3005833,363.4696742435863
3005834,234.40491975864919
3005835,33.52031269594938
3005836,251.86508410521995
3005837,87.68238521031223
3005838,11.715774049928802
3005839,0.19572987347848722
3005840,19.937932830266252
3005841,79.05868578124269
3005842,0.19572987347848722
3005843,341.65835487433037
3005844,17.876789127919753
3005845,99.57496169888165
3005846,349.1071483958414
3005847,379.1733281069717
3005848,109.85001926362685
3005849,181.7022224956355
3005850,242.94880119692027
3005851,55.082052860555116
3005852,0.5548082672123368
3005853,34.7162355980222
3005854,56.142976929439364
3005855,0.2536621866220211
3005856,350.72324731593534
3005857,29.66684257124461
3005858,11.292801314590077
3005859,7.213319483016574
3005860,168.86222503484956
3005861,5.847131667354506
3005862,364.4687906909698
3005863,352.30224452711644
3005864,16.382394583579767
3005865,27.855231470451415
3005866,362.5818784976119
3005867,89.8504342390808
3005868,20.115074271945325
3005869,226.29921054091724
3005870,31.835472312380094
3005871,11.244823140524066
3005872,0.19572987347848722
3005873,11.334571184757845
3005874,130.51527004984476
3005875,0.19572987347848722
3005876,299.14945047363216
3005877,26.22963401789841
3005878,72.65806684527085
3005879,263.98545001164507
3005880,368.204536613409
3005881,363.51765204349044
3005882,323.1692909008378
3005883,346.20105342956975
3005884,67.91438593230512
3005885,1.5392927512924217
3005886,54.26006440340724
3005887,84.39718569195131
3005888,0.3284836002130548
3005889,354.41853693613325
3005890,10.306207249149516
3005891,31.94635247607609
3005892,10.56016662963604
3005893,235.35112962677408
3005894,19.148105962662353
3005895,380.0851296883259
3005896,341.1530743405669
3005897,19.40167914937103
3005898,29.175322309511625
3005899,298.15062757402086
3005900,220.5196473104679
3005901,40.728833952766095
3005902,264.54225800435046
3005903,112.00776044973158
3005904,5.621830759685724
3005905,0.42524659846748547
3005906,6.354722868865004
3005907,276.87204194219953
3005908,0.19572987347848722
3005909,333.50222395959855
3005910,24.40419379160925
3005911,290.5334197730218
3005912,313.21458379751897
3005913,240.69416462759128
3005914,87.57008650187018
3005915,106.96564245435923
3005916,129.8676162689284
3005917,56.908479070833344
3005918,1.005475866984338
3005919,29.83656660845286
3005920,22.185527393855857
3005921,0.2915528448767072
3005922,191.94630523782476
3005923,12.317228957037464
3005924,7.762602368293481
3005925,10.27615516842704
3005926,87.43095538799604
3005927,6.384265123765679
3005928,295.70634664956805
3005929,210.56699497714132
3005930,2.481458168630633
3005931,5.816868466179932
3005932,272.6428573639743
3005933,57.477237030162016
3005934,10.63331429625158
3005935,0.5744701178077207
3005936,15.237644949052218
3005937,9.413891768119127
3005938,0.19572987347848722
3005939,13.345370572292085
3005940,96.60047941061224
3005941,0.19572987347848722
3005942,346.0307930615827
3005943,31.808114739569714
3005944,67.61252261784792
3005945,334.74966768790324
3005946,356.74715723036053
3005947,99.33990506532571
3005948,164.319615705031
3005949,178.29920297699638
3005950,116.011335557337
3005951,1.0355372681076476
3005952,64.14406803005753
3005953,35.886485053936326
3005954,0.2536621866220211
3005955,327.3783305057092
3005956,22.55454279290062
3005957,7.616758397885363
3005958,2.4756379336938132
3005959,161.0291706876434
3005960,8.423970849285709
3005961,397.83587144223577
3005962,351.38410438333415
3005963,11.205978004387081
3005964,24.234085879189177
3005965,374.8504451535734
3005966,85.06209436177859
3005967,19.56774045562759
3005968,282.7658428073391
3005969,23.925390104007956
3005970,6.612347812178977
3005971,0.18054729192024513
3005972,6.1569675362947
3005973,116.59867896922833
3005974,0.18054729192024513
3005975,267.5234132440279
3005976,7.950328813963093
3005977,60.787131535989325
3005978,263.7076569642473
3005979,300.3421796304965
3005980,355.43981226556576
3005981,242.57260992682328
3005982,322.8094125772288
3005983,44.90161770330766
3005984,1.3716853294668223
3005985,29.023079531485177
3005986,42.64859092963549
3005987,0.3379473230096609
3005988,306.9870236857712
3005989,3.7162568094432413
3005990,47.1105820391981
3005991,5.636257973135495
3005992,190.50695770518675
3005993,9.334789367386591
3005994,329.94026844762783
3005995,293.6502605672294
3005996,20.163060563281014
3005997,8.602879504850002
3005998,322.5445143092752
3005999,122.11627497730468
3006000,26.917568405365504
3006001,3.427678109289918
3006002,65.28022716199773
3006003,10.916001445488897
3006004,0.19572987347848722
3006005,9.508450832252088
3006006,238.14829505938903
3006007,0.19572987347848722
3006008,221.5199719039902
3006009,12.881529997275017
3006010,177.1664160274713
3006011,263.487996701317
3006012,346.5078402369133
3006013,260.07038592403046
3006014,275.8307226614874
3006015,260.68809543393985
3006016,55.262024351743676
3006017,3.0702843175152736
3006018,55.5229149868919
3006019,54.8533123479319
3006020,0.2915528448767072
3006021,336.4804645757177
3006022,7.435781433324716
3006023,60.91400348668522
3006024,8.590501358455326
3006025,232.66678973216298
3006026,9.442769132654568
3006027,384.8395139577621
3006028,304.4438510077342
3006029,13.559260660830654
3006030,25.111081656619632
3006031,373.4384492280278
3006032,141.9263885028363
3006033,142.49408799872023
3006034,4.591155958971244
3006035,10.16010024659151
3006036,10.48025775698733
3006037,0.19572987347848722
3006038,1.7759616321476015
3006039,234.73123380641306
3006040,0.19572987347848722
3006041,342.3501519905301
3006042,7.430129463521672
3006043,184.56799512559445
3006044,331.72358294182175
3006045,255.33385351368904
3006046,87.6988212470774
3006047,147.4188301133857
3006048,158.7613955820366
3006049,14.424025312320987
3006050,1.2771404125961368
3006051,25.59526852139819
3006052,19.742952574459025
3006053,0.2336396433622591
3006054,189.8012632584211
3006055,5.6475583350784975
3006056,11.444391582482634
3006057,7.1238458346798215
3006058,145.07341923066556
3006059,3.5672402982750087
3006060,339.950653555023
3006061,207.1160306792558
3006062,4.095482840154969
3006063,5.905030785615522
3006064,239.81462698971035
3006065,66.3206336119984
3006066,5.721487217130115
3006067,0.03953847083128423
3006068,2.5071091393099967
3006069,6.0030557572260825
3006070,0.19572987347848722
3006071,1.4135116226086921
3006072,300.37809556910736
3006073,0.19572987347848722
3006074,193.66584947752173
3006075,4.178746826819639
3006076,220.75252745356073
3006077,217.36474793226665
3006078,209.15916822619965
3006079,69.81933882704107
3006080,32.54803914972507
3006081,127.92173922837821
3006082,10.657699568579833
3006083,0.7216819590567133
3006084,25.32371528715251
3006085,9.093528739274808
3006086,0.2336396433622591
3006087,169.46243250824492
3006088,0.2286281324750217
3006089,0.0
3006090,4.289215477446737
3006091,30.245327972762006
3006092,0.8794266127743616
3006093,48.977938854077436
3006094,140.6141497331641
3006095,0.2536621866220211
3006096,1.7734594408264606
3006097,72.28765927288256
3006098,77.51327504954813
3006099,295.72626454667335
3006100,0.0
3006101,2.8231738778156985
3006102,6.3468304069873
3006103,0.19572987347848722
3006104,6.867694774205782
3006105,117.04773306359338
3006106,0.19572987347848722
3006107,349.07278526187105
3006108,13.193620406200697
3006109,101.40149934004923
3006110,348.28776984526354
3006111,335.7514188057571
3006112,172.98661545157154
3006113,144.78095109099993
3006114,174.05286848882974
3006115,30.81000117900793
3006116,0.700993157503612
3006117,28.02771528908679
3006118,65.57597534767334
3006119,0.2286281324750217
3006120,273.5742991321467
3006121,22.265898805882987
3006122,16.837263422264858
3006123,11.833418487343488
3006124,146.76692511259847
3006125,5.790040168699594
3006126,364.7947757776407
3006127,267.7214579274269
3006128,8.300218302282374
3006129,13.024176853444906
3006130,379.5254804891237
3006131,115.01818965868604
3006132,27.196599652762224
3006133,0.0
3006134,49.66779480226393
3006135,3.5997777285350385
3006136,0.23498521164783995
3006137,6.268987596950197
3006138,113.22508977772856
3006139,0.23498521164783995
3006140,338.6199501592744
3006141,19.99658961676016
3006142,53.033178829638004
3006143,258.76266220165894
3006144,218.41518225066807
3006145,280.09046068808874
3006146,211.73124095055314
3006147,220.86777174661816
3006148,32.08863703005991
3006149,2.138574834468295
3006150,30.112312954970573
3006151,32.00186166384519
3006152,0.6475320010888898
3006153,217.01656427276652
3006154,14.225535467989616
3006155,43.19004399809456
3006156,6.616300629011646
3006157,220.2106168479932
3006158,13.591275173717497
3006159,383.96906069921386
3006160,205.93843028326933
3006161,6.442164242026695
3006162,15.094946287949021
3006163,346.39552586935497
3006164,132.45663058075885
3006165,24.893956262266684
3006166,0.03953847083128423
3006167,48.75376606353822
3006168,4.81389965326644
3006169,0.7444379734047203
3006170,10.217426689340463
3006171,136.9899171302481
3006172,0.19572987347848722
3006173,322.83387520023155
3006174,22.095056668681135
3006175,64.36592667595886
3006176,278.3925619343306
3006177,307.0899315331206
3006178,303.25301273711074
3006179,156.9171120570955
3006180,209.6538896766452
3006181,46.23115587565336
3006182,3.6639197015999865
3006183,36.0853338158132
3006184,49.5552803118465
3006185,0.2286281324750217
3006186,304.9809926760613
3006187,27.830620663717266
3006188,33.09809130503509
3006189,23.59483850927668
3006190,173.11973701815057
3006191,17.525225796639713
3006192,374.4171798245052
3006193,288.4658346506987
3006194,18.064119214748377
3006195,19.497563390170587
3006196,312.8997087235232
3006197,143.75459064544043
3006198,14.021554598884652
3006199,1.9800476047774302
3006200,53.84051541448058
3006201,11.102858112281629
3006202,0.5765999810379407
3006203,8.223309586714054
3006204,139.53222014103338
3006205,0.19572987347848722
3006206,336.10362796935595
3006207,13.917234103530541
3006208,135.73209001037316
3006209,265.6426491384769
3006210,361.3753497635018
3006211,152.32642915204968
3006212,98.89170747177045
3006213,199.32194411638474
3006214,11.230573595118244
3006215,1.1546890403105743
3006216,45.387065713931435
3006217,40.458273907532806
3006218,0.2286281324750217
3006219,312.9941414737322
3006220,11.540400227325014
3006221,4.087647487018819
3006222,7.746214956612124
3006223,67.24106712642924
3006224,3.0702843175152736
3006225,299.23708912246667
3006226,307.5535525908003
3006227,5.816868466179932
3006228,6.442164242026695
3006229,317.0061848982447
3006230,114.44414415072605
3006231,130.45067265841428
3006232,96.61905604907535
3006233,13.567307248608154
3006234,4.283268213466218
3006235,0.0
3006236,4.214874012925801
3006237,254.20340202785292
3006238,0.0
3006239,318.5561988361375
3006240,13.88981136435191
3006241,285.80480561665803
3006242,348.31604872928466
3006243,128.16468656890171
3006244,141.58560004149842
3006245,146.85056119061608
3006246,105.19495889105963
3006247,14.985113412033227
3006248,0.8845806085101084
3006249,21.966573383584773
3006250,21.848150201968483
3006251,0.0
3006252,191.0133743143996
3006253,11.784339194526263
3006254,15.40839299479987
3006255,6.224245833581884
3006256,135.86919631723686
3006257,5.666375338840217
3006258,252.7341892626452
3006259,174.88231318180738
3006260,2.3487323839794483
3006261,8.984602023094189
3006262,254.09206036270248
3006263,67.03848517570293
3006264,16.5903370203363
3006265,0.0
3006266,26.558743684317257
3006267,2.2266452841976188
3006268,0.37836364770070924
3006269,2.8126879358952843
3006270,327.2382239367636
3006271,0.37836364770070924
3006272,108.79074923221926
3006273,7.528419291282409
3006274,287.41033575724106
3006275,300.6528183695332
3006276,272.0456606335489
3006277,59.24901433634043
3006278,58.17979766859577
3006279,124.95959549403545
3006280,9.16118911494321
3006281,0.8829268617423892
3006282,16.034403835125495
3006283,12.584963340813866
3006284,0.41126190669724383
3006285,193.50253741092132
3006286,6.1623115054970174
3006287,0.03754668302473986
3006288,3.0566830435095964
3006289,25.927473178464783
3006290,0.5863445584225084
3006291,197.22318354744428
3006292,199.8415899132394
3006293,1.5932668643248697
3006294,5.603252190670089
3006295,143.95610660635518
3006296,33.764930055675315
3006297,282.88362178852327
3006298,16.076710251940696
3006299,3.0829019635002117
3006300,10.717012747189687
3006301,0.43764152912982424
3006302,6.478535774850244
3006303,134.64629430625487
3006304,0.37836364770070924
3006305,267.99461364006754
3006306,16.85264162553618
3006307,133.45395262518596
3006308,345.53724765483884
3006309,345.3066937737816
3006310,259.1221454228004
3006311,121.72038907336568
3006312,196.62828790840186
3006313,42.762875981307445
3006314,1.6707856056219659
3006315,37.010261231074544
3006316,29.851658933354113
3006317,0.4362959608442434
3006318,333.4956715755526
3006319,13.943409946887575
3006320,2.115882947083187
3006321,11.768404867086183
3006322,67.27962335474456
3006323,3.0008614255718276
3006324,283.4188129067995
3006325,326.46128155830394
3006326,4.35502173605964
3006327,16.982667763143915
3006328,303.8596453039761
3006329,124.23255604835505
3006330,127.30240326828496
3006331,18.83903517940085
3006332,18.86583900034883
3006333,6.747368342451177
3006334,0.4519239335610377
3006335,1.3548152551609585
3006336,263.87323580845435
3006337,0.4519239335610377
3006338,192.2495945039293
3006339,15.233599605267617
3006340,250.06214231351652
3006341,332.78482985570696
3006342,218.86218267804762
3006343,74.90781608459388
3006344,65.15077283391233
3006345,316.62907977212467
3006346,12.504956393883072
3006347,0.7429403639234506
3006348,20.85007044088404
3006349,24.417416407613608
3006350,0.5626773565816457
3006351,184.82323670912302
3006352,8.447518199565545
3006353,0.11110696888506834
3006354,8.307403044070083
3006355,60.96291963938924
3006356,1.7311516321421683
3006357,161.17609648879431
3006358,202.60674309643514
3006359,2.117520395286611
3006360,8.316149554792185
3006361,170.56421565822845
3006362,38.14752551599053
3006363,332.99223710544766
3006364,13.619171219761574
3006365,6.4427630545539465
3006366,5.77054038128358
3006367,0.4519239335610377
3006368,6.972289836942686
3006369,334.9224349621239
3006370,0.4519239335610377
3006371,134.3904428685617
3006372,9.599748814828379
3006373,344.59097943380067
3006374,273.148532118847
3006375,188.0185308910444
3006376,54.9842954898114
3006377,48.40235612224749
3006378,132.55426197269412
3006379,21.27412876557602
3006380,0.48983370344481003
3006381,21.669932504678354
3006382,13.467773459485738
3006383,0.48482219255757264
3006384,163.4803126262766
3006385,2.1480598794757655
3006386,0.11110696888506834
3006387,4.111376405101368
3006388,66.5502166843615
3006389,2.985688355586302
3006390,182.19526587648667
3006391,239.88053066417493
3006392,0.7494698237732251
3006393,6.631171523281076
3006394,130.35374888684498
3006395,26.336990301066283
3006396,218.71351136805814
3006397,18.03153339966021
3006398,4.255253829627006
3006399,5.5489791380954685
3006400,0.4519239335610377
3006401,5.297921949155442
3006402,337.14931723324224
3006403,0.4519239335610377
3006404,192.24384615215862
3006405,11.18952449154351
3006406,291.08188343350065
3006407,341.7044720819934
3006408,267.17270810427294
3006409,43.60782421416649
3006410,71.12825608723206
3006411,315.68094395544597
3006412,13.299013165764125
3006413,0.9410402734292235
3006414,11.30712910408686
3006415,27.642002278639143
3006416,0.5098562467045724
3006417,279.35601803420593
3006418,2.4876761837598544
3006419,0.11110696888506834
3006420,4.689800642589884
3006421,27.307952953631528
3006422,2.507195352008798
3006423,270.4777833576321
3006424,305.663759357364
3006425,1.8929920663049342
3006426,5.821355512763222
3006427,146.43563920680296
3006428,107.20338282578098
3006429,344.86076881296214
3006430,7.611946315298614
3006431,9.458902986662181
3006432,4.580747116520028
3006433,3.2858477801963324
3006434,4.570392390191115
3006435,276.44062142055293
3006436,0.37836364770070924
3006437,160.64967323213008
3006438,5.01308044374296
3006439,142.85688694022335
3006440,324.8993308946894
3006441,274.224378934679
3006442,91.5853546377501
3006443,91.92579067676657
3006444,160.1811388524729
3006445,10.641898008960666
3006446,2.694171839634372
3006447,18.352158431254836
3006448,20.09703513646694
3006449,0.4891170707213168
3006450,249.3617045090561
3006451,8.903537956963925
3006452,0.03754668302473986
3006453,7.0591291659052136
3006454,33.74631747993016
3006455,1.9934462490418752
3006456,127.57953998246063
3006457,219.04443958634866
3006458,1.3463320588204708
3006459,5.701374173344908
3006460,111.03608091906823
3006461,45.52094292379913
3006462,175.75699203279675
3006463,17.620829425844782
3006464,7.951682051632294
3006465,5.977983676771372
3006466,0.5096621799335509
3006467,2.7646464290581303
3006468,333.21276701424455
3006469,0.37836364770070924
3006470,161.60512709262846
3006471,8.302554415367018
3006472,293.4527213553609
3006473,275.01616036483557
3006474,173.12816873371963
3006475,144.2458260592016
3006476,57.18162813901018
3006477,208.74253029310012
3006478,6.530530429915168
3006479,0.50831661164797
3006480,15.82908641914081
3006481,15.06405271979177
3006482,0.6143179038823966
3006483,172.4270673825118
3006484,0.41126190669724383
3006485,0.03754668302473986
3006486,3.2609539120192945
3006487,51.917871230027075
3006488,2.407957348804734
3006489,61.92180749960344
3006490,167.0930618722422
3006491,1.4200175159559383
3006492,3.8134523525943815
3006493,73.43915957145637
3006494,41.08107110656038
3006495,341.6988755829184
3006496,0.15924753265182082
3006497,1.2738285094508002
3006498,12.13407185261404
3006499,1.310831275525741
3006500,6.378984808084584
3006501,113.95512480406313
3006502,0.37836364770070924
3006503,310.9353011198884
3006504,10.584269641864497
3006505,117.61668266561959
3006506,236.38690893413494
3006507,348.2510316833676
3006508,232.75858690056546
3006509,186.90566866111683
3006510,177.11270824974244
3006511,24.407420356357054
3006512,2.5933534570581562
3006513,27.048987983818037
3006514,33.7341044582053
3006515,0.5863445584225084
3006516,306.73446652570783
3006517,1.0787120445525158
3006518,0.03754668302473986
3006519,14.475283787657666
3006520,75.41359804763565
3006521,5.348731591743455
3006522,284.7624831109101
3006523,296.52817132636403
3006524,2.7224457408690284
3006525,13.331915976597934
3006526,318.40330137258974
3006527,74.07279468570464
3006528,0.0
3006529,34.200336458816935
3006530,20.31355183456437
3006531,4.7411644952403025
3006532,0.9622104052599263
3006533,9.012693476564252
3006534,261.7394437124235
3006535,0.3631810661424672
3006536,186.66051269774164
3006537,13.125884603574839
3006538,234.3140531226533
3006539,261.96428410466444
3006540,266.24773735409605
3006541,219.78370565317334
3006542,111.75401824151835
3006543,315.13049482295105
3006544,15.36826079973023
3006545,1.61104113070776
3006546,38.51018675739109
3006547,26.930135211182638
3006548,0.42111337928600123
3006549,243.10066598497394
3006550,14.829254111978916
3006551,4.959833786512707
3006552,15.447364464085528
3006553,82.58699837634794
3006554,2.735915529217563
3006555,109.48723783998524
3006556,205.90414547693854
3006557,5.333549010185212
3006558,9.429043678843058
3006559,228.9627453728504
3006560,62.2825063563075
3006561,112.36008163276139
3006562,90.22305087379128
3006563,25.538451727199266
3006564,7.753889115838295
3006565,1.3359803821416196
3006566,5.9319960031553025
3006567,135.85622930428852
3006568,0.4519239335610377
3006569,231.4674731319583
3006570,7.753889115838295
3006571,310.82956593243665
3006572,330.01231072473695
3006573,304.0219672569739
3006574,72.47120519987894
3006575,71.76343030789283
3006576,170.11648228193303
3006577,51.24869289050774
3006578,2.69957229674202
3006579,20.62995312060276
3006580,27.49123221583386
3006581,0.5098562467045724
3006582,263.83170233335557
3006583,12.991170257378691
3006584,0.11110696888506834
3006585,5.297205777709672
3006586,93.93499480068432
3006587,4.299660543008171
3006588,218.180939134526
3006589,277.2903603806281
3006590,2.1126164609407625
3006591,5.828144351207642
3006592,253.68941054606458
3006593,30.240105055125454
3006594,347.0116727514
3006595,20.30841850609314
3006596,7.6248316364171265
3006597,9.754657236999714
3006598,0.37836364770070924
3006599,12.311570851617711
3006600,101.40176413034733
3006601,0.37836364770070924
3006602,353.7336921923788
3006603,16.23226673951271
3006604,290.5747940242322
3006605,287.525607751101
3006606,252.75603372757223
3006607,180.86901099959138
3006608,147.37995432093868
3006609,123.9492622813942
3006610,63.33008151029414
3006611,2.619067479460646
3006612,23.733689533871747
3006613,44.06771859057224
3006614,0.4362959608442434
3006615,298.79332471551913
3006616,28.849728511830797
3006617,23.18199299969894
3006618,8.493870816984524
3006619,160.61130930706767
3006620,12.840659323012503
3006621,336.0882021055631
3006622,309.09483508530263
3006623,11.723168921729545
3006624,11.261971115442382
3006625,350.07828257624226
3006626,127.21160005555966
3006627,21.73985024019194
3006628,0.15924753265182082
3006629,42.91764963197183
3006630,11.976049277850704
3006631,0.37836364770070924
3006632,9.376822866057573
3006633,262.4390284906506
3006634,0.37836364770070924
3006635,343.1606086139346
3006636,13.628421399383782
3006637,265.80111095402185
3006638,335.62469658035513
3006639,356.9630517194387
3006640,123.05473757830461
3006641,151.55780275220988
3006642,318.46467014921086
3006643,19.667574847325813
3006644,0.7280702376781213
3006645,28.081305770461377
3006646,18.70354956590262
3006647,0.41126190669724383
3006648,321.1177376032399
3006649,4.059395167316681
3006650,8.237963921124653
3006651,5.42182272228525
3006652,91.29797137436307
3006653,3.0143837269880502
3006654,308.34962620207614
3006655,313.9635719442825
3006656,5.44839556660582
3006657,9.472952419357423
3006658,306.230277819707
3006659,88.14470374408239
3006660,122.9218674062992
3006661,61.155558067443245
3006662,26.771435979279335
3006663,14.784660801703705
3006664,1.0131173738393537
3006665,7.577967667604537
3006666,273.109752473133
3006667,0.37836364770070924
3006668,344.2754350128111
3006669,9.21431993197383
3006670,273.31391394403977
3006671,357.41560886450145
3006672,309.4517884915302
3006673,276.98621167137344
3006674,145.17048332804555
3006675,321.0254182662652
3006676,18.636280236136617
3006677,1.180125109624497
3006678,44.86518369602196
3006679,41.79692955099861
3006680,0.6143179038823966
3006681,321.14445924761424
3006682,5.870520315771741
3006683,3.4079389179120554
3006684,12.976729645514657
3006685,142.23550664746648
3006686,2.8761908696020226
3006687,137.48167408172685
3006688,296.78947172678266
3006689,4.407182435824864
3006690,6.591640513975985
3006691,204.3255050799763
3006692,182.69712673066041
3006693,122.10829599095068
3006694,0.9689060966158014
3006695,14.080240411093293
3006696,5.723463077844738
3006697,0.6156634721679775
3006698,3.471914586717626
3006699,264.0211713625552
3006700,0.37836364770070924
3006701,163.1397906954389
3006702,15.301812721831515
3006703,363.44291583173276
3006704,327.9579515315818
3006705,143.18338864574238
3006706,63.91455794464899
3006707,98.3057488433375
3006708,297.2084128034632
3006709,15.581031099204043
3006710,1.4831314134641709
3006711,30.103739252921454
3006712,23.125504984534096
3006713,0.41126190669724383
3006714,207.97539265688704
3006715,3.0859344565412687
3006716,0.03754668302473986
3006717,5.819170743525945
3006718,121.58932115554599
3006719,3.053022125337052
3006720,105.60806430590488
3006721,173.11315485361166
3006722,2.0092856509102774
3006723,7.757838199977585
3006724,183.357869971396
3006725,39.65878658330575
3006726,341.4443956587027
3006727,24.797378297126343
3006728,8.87364457183483
3006729,3.0497345589647202
3006730,0.37836364770070924
3006731,4.993760274248586
3006732,308.7145393423149
3006733,0.43764152912982424
3006734,283.35838092335666
3006735,16.48017785021518
3006736,231.7398475929584
3006737,337.48807643054386
3006738,153.36929987915843
3006739,54.38169527841102
3006740,91.19518995191765
3006741,100.95853212916272
3006742,28.147901911283242
3006743,0.6759095379128964
3006744,15.867038974310349
3006745,26.26383530829536
3006746,0.5951183629557436
3006747,148.72084033708677
3006748,15.012635405204778
3006749,3.4086638850995237
3006750,3.8445496737818963
3006751,84.46139424423188
3006752,5.0762267265634335
3006753,291.94089091369347
3006754,174.12955096046431
3006755,4.547984184683469
3006756,7.448985630338795
3006757,293.1869877189037
3006758,41.8218683440116
3006759,18.013448313826867
3006760,0.15924753265182082
3006761,9.098613296612083
3006762,3.376507691570721
3006763,0.43764152912982424
3006764,7.151085689110662
3006765,267.6103771829656
3006766,0.37836364770070924
3006767,332.1569570577924
3006768,22.069606720536044
3006769,197.91925946932457
3006770,275.5217542813021
3006771,300.9663100209173
3006772,243.91547931307642
3006773,200.30215114287176
3006774,269.64844960283665
3006775,42.06018658306532
3006776,1.1474392705605923
3006777,25.815875790423142
3006778,38.66126326408715
3006779,0.41126190669724383
3006780,288.7257317099
3006781,14.876474974055144
3006782,42.218807050308385
3006783,12.359661855038755
3006784,147.15283678124234
3006785,13.79731232470252
3006786,336.4924604145825
3006787,307.49438499551115
3006788,20.02585714215575
3006789,11.709889159012311
3006790,330.45468683996796
3006791,141.55686306995767
3006792,12.370325776867409
3006793,0.15924753265182082
3006794,25.232257155342342
3006795,5.549924319642951
3006796,0.41761898587006197
3006797,7.284357393063704
3006798,228.3070492545518
3006799,0.37836364770070924
3006800,325.9666490713947
3006801,10.366443799164397
3006802,340.3074010071098
3006803,314.6084627119044
3006804,196.5510352457084
3006805,138.88062174041553
3006806,159.4647489685925
3006807,264.98079325277286
3006808,31.282944519063623
3006809,2.4251468755259524
3006810,21.347788941017985
3006811,23.942889638946358
3006812,0.41126190669724383
3006813,150.26963784943726
3006814,0.41126190669724383
3006815,31.890705064622836
3006816,7.587645918893872
3006817,214.27562539731593
3006818,15.116926681303338
3006819,221.875234775459
3006820,167.28787881446186
3006821,6.4275271658620055
3006822,9.749329812630785
3006823,234.48137718184077
3006824,52.551698017627025
3006825,124.5243182506107
3006826,2.023226604873271
3006827,7.560746108451906
3006828,5.79977297559728
3006829,0.37836364770070924
3006830,4.617287247414182
3006831,300.54009089649554
3006832,0.37836364770070924
3006833,263.3732546708931
3006834,8.297977917203069
3006835,308.14096947768184
3006836,272.09196125408084
3006837,95.40831325421148
3006838,37.8138206386939
3006839,44.47116121470773
3006840,126.56370377650904
3006841,22.627604456982755
3006842,0.740787483692592
3006843,10.878000038074692
3006844,12.001096881267301
3006845,0.6693800780631219
3006846,110.99125453946465
3006847,0.4362959608442434
3006848,8.5631758803211
3006849,1.8297496895932814
3006850,46.77248644477246
3006851,0.4362959608442434
3006852,270.7063202998405
3006853,157.12762061841536
3006854,3.4449217478719474
3006855,5.737865108258898
3006856,178.3776808718296
3006857,27.426591936998612
3006858,343.0230354467505
3006859,1.3221202468447237
3006860,3.6951705393853738
3006861,8.871780201775222
3006862,0.6984108210599488
3006863,6.9421862003393375
3006864,139.8844923146623
3006865,0.43764152912982424
3006866,332.03949686223876
3006867,27.139246912341186
3006868,345.96207232406596
3006869,319.88318236033086
3006870,308.43939622385614
3006871,269.58833551275256
3006872,233.93783751924693
3006873,211.4949362316059
3006874,38.33565251636136
3006875,4.043555765448278
3006876,27.784331485870307
3006877,46.38648296053636
3006878,0.5951183629557436
3006879,279.36081039643074
3006880,11.364649457086479
3006881,59.55939714195204
3006882,10.374190145872042
3006883,179.1933825047293
3006884,5.173131631464938
3006885,308.8922060407787
3006886,295.70528710345354
3006887,12.469263655463841
3006888,13.374619724732106
3006889,324.05363122478224
3006890,102.51904089517694
3006891,18.109299792108928
3006892,1.9054403454197804
3006893,21.061078468317522
3006894,8.43560793758424
3006895,0.37836364770070924
3006896,6.034111697491834
3006897,304.52331932673735
3006898,0.37836364770070924
3006899,355.37887535652226
3006900,23.432815325469278
3006901,325.83971069639557
3006902,332.65143295540514
3006903,329.51240732928295
3006904,265.39109499298496
3006905,126.33792581273278
3006906,184.36408847849944
3006907,18.510026590832084
3006908,2.4118015910486954
3006909,34.638729715606935
3006910,30.14537283624598
3006911,1.5923975183542058
3006912,294.3358405017238
3006913,0.41126190669724383
3006914,7.322479526950576
3006915,7.188646659474748
3006916,123.99400035760237
3006917,1.1791051986940262
3006918,225.62962218283832
3006919,295.09515958275796
3006920,6.014844310481186
3006921,6.5811905481183
3006922,243.16998840607184
3006923,90.39405474375461
3006924,122.9090789192177
3006925,4.388945324491827
3006926,10.590817121580502
3006927,9.019957698024681
3006928,0.9609566740741297
3006929,3.2602829165348837
3006930,262.46577255846523
3006931,0.37836364770070924
3006932,355.12013847301364
3006933,15.222963892792336
3006934,262.669934029372
3006935,341.56575513874196
3006936,275.2132153673592
3006937,239.5218034945082
3006938,165.71961014879517
3006939,319.79395821909833
3006940,24.67467745461085
3006941,1.9885423146960268
3006942,27.91735007690102
3006943,28.43074077013375
3006944,0.41126190669724383
3006945,276.0757458344973
3006946,0.41126190669724383
3006947,7.8564925651686135
3006948,6.696393592919589
3006949,205.19364223708791
3006950,1.9885423146960268
3006951,125.11275475335044
3006952,247.71558101870576
3006953,6.014844310481186
3006954,6.3266699491916665
3006955,222.07962490823232
3006956,82.71418516837598
3006957,140.6981065178482
3006958,2.415149021435547
3006959,11.690727021330185
3006960,15.481419055738456
3006961,2.195939332051724
3006962,20.300562622478637
3006963,119.7061530258616
3006964,0.37836364770070924
3006965,229.20755037815832
3006966,49.08944669079328
3006967,106.17177714677187
3006968,288.5793383245802
3006969,341.7552112061461
3006970,346.587847670084
3006971,323.5132953648007
3006972,376.3896702585653
3006973,94.09374685310418
3006974,3.1458075361180975
3006975,65.06278014665017
3006976,65.56188000889566
3006977,0.4362959608442434
3006978,357.55456224953366
3006979,57.42759990918819
3006980,71.5142165250482
3006981,31.6276283573398
3006982,278.18888233449104
3006983,36.98780113474574
3006984,53.65669101952478
3006985,357.7820096547066
3006986,23.71092175885003
3006987,31.523978080293134
3006988,293.8665222386065
3006989,287.33770335043425
3006990,44.56678276705785
3006991,0.846570373303341
3006992,100.62479638098173
3006993,4.38288073355035
3006994,0.9035797731977591
3006995,1.3171381429168973
3006996,333.87394666847524
3006997,0.37836364770070924
3006998,174.60868588530974
3006999,5.79977297559728
3007000,314.225996766833
3007001,302.02662869461506
3007002,121.87330156442134
3007003,167.14803081066827
3007004,78.03794457967923
3007005,175.46948662851287
3007006,7.693102726324997
3007007,0.5951183629557436
3007008,12.338532375726428
3007009,10.800136901438131
3007010,0.5951183629557436
3007011,176.67728448416844
3007012,1.773952156136395
3007013,0.03754668302473986
3007014,4.584400181726076
3007015,58.95356915805462
3007016,1.4025855654121149
3007017,67.02579844853628
3007018,98.1454836683011
3007019,2.667163395480971
3007020,4.579401548234445
3007021,123.89516587213664
3007022,25.642402857276615
3007023,193.2698416396354
3007024,0.1642590435390582
3007025,6.493881716207373
3007026,10.291882164779372
3007027,0.49046263900689757
3007028,2.76158403729365
3007029,338.2730790672648
3007030,0.37836364770070924
3007031,340.5405300241595
3007032,13.672599377617638
3007033,139.1007696940416
3007034,317.18789014103686
3007035,281.1776367900315
3007036,300.5265503065119
3007037,157.6767824301984
3007038,228.6085036625915
3007039,17.233111964876606
3007040,0.5951183629557436
3007041,29.68192942042168
3007042,26.775474242719383
3007043,0.41126190669724383
3007044,299.27237810887345
3007045,2.0351033340542926
3007046,8.06838768280352
3007047,12.00245006570555
3007048,38.10920031735257
3007049,2.5440807869463122
3007050,326.64521960501895
3007051,279.75448065226186
3007052,4.547984184683469
3007053,9.861245772678394
3007054,141.36192445242122
3007055,78.97115277488483
3007056,122.46285269415561
3007057,2.595152055422473
3007058,9.634339881529113
3007059,2.6636050294207037
3007060,0.37836364770070924
3007061,1.2114909596260666
3007062,274.8960829210261
3007063,0.37836364770070924
3007064,122.09626798932533
3007065,5.225826771996316
3007066,338.0828080626334
3007067,176.87714865014502
3007068,95.23798150018949
3007069,160.08051809337067
3007070,34.12263155301707
3007071,167.4374959696119
3007072,3.678440371806449
3007073,0.5951183629557436
3007074,12.283052229379411
3007075,5.787535571897982
3007076,0.4162734175844812
3007077,104.48705012283783
3007078,0.41126190669724383
3007079,0.03754668302473986
3007080,0.9596111057885488
3007081,58.29622971796583
3007082,0.5951183629557436
3007083,75.98798854885572
3007084,91.10887373850288
3007085,0.6759095379128964
3007086,1.4298136639308432
3007087,69.07639416372882
3007088,12.657369118259858
3007089,232.75155329315416
3007090,0.15924753265182082
3007091,1.3714762374156853
3007092,8.835383417816352
3007093,0.37836364770070924
3007094,3.4610227513039113
3007095,228.94380913304164
3007096,0.37836364770070924
3007097,269.912545572439
3007098,13.798541578141695
3007099,139.2612653736897
3007100,331.5298119606294
3007101,206.35542787848107
3007102,151.19838706429738
3007103,151.12508048147728
3007104,154.1413920101942
3007105,5.182983132265471
3007106,1.154629083175892
3007107,34.82176547410828
3007108,26.107621026950877
3007109,0.6143179038823966
3007110,246.19550034922256
3007111,0.41126190669724383
3007112,0.03754668302473986
3007113,16.6204167076362
3007114,60.87644095777626
3007115,1.6278208221116848
3007116,287.08725115742214
3007117,252.39849723959898
3007118,2.7135422815385257
3007119,5.193874967679186
3007120,254.92999069391635
3007121,37.059174090948424
3007122,113.44326078420181
3007123,0.15924753265182082
3007124,3.9491389651654476
3007125,4.585745750011659
3007126,0.6707256463487028
3007127,1.8773015271066817
3007128,134.4103538088352
3007129,0.37836364770070924
3007130,176.41242093431842
3007131,11.037003420379968
3007132,267.3678675676881
3007133,230.42983215097388
3007134,243.93157852999926
3007135,140.20176095195464
3007136,109.09438358174141
3007137,152.49141795113164
3007138,8.4483253064476
3007139,6.083487490427486
3007140,36.62102713097063
3007141,48.22907062123972
3007142,0.4362959608442434
3007143,241.3733557332514
3007144,2.7107846860731084
3007145,6.444156258882115
3007146,3.985766164149741
3007147,60.612229487962615
3007148,2.74742547188647
3007149,187.02406333672388
3007150,298.0559019045714
3007151,4.635749753971872
3007152,7.684722907899623
3007153,157.55505764419146
3007154,37.75395162977181
3007155,121.90298451731584
3007156,4.921117257419515
3007157,7.574142095207266
3007158,5.21574606410203
3007159,0.37836364770070924
3007160,1.064147279854063
3007161,249.74512263208695
3007162,0.37836364770070924
3007163,113.74534952216459
3007164,4.637906449776883
3007165,352.63263462714315
3007166,205.51063180273337
3007167,103.09436012172803
3007168,175.3940091048534
3007169,108.31952962410392
3007170,169.94354000685843
3007171,10.140347993096242
3007172,1.0117718055537728
3007173,10.284280216708215
3007174,11.169934709735319
3007175,0.50831661164797
3007176,116.78981041789676
3007177,0.41126190669724383
3007178,0.03754668302473986
3007179,0.6758949635735925
3007180,125.92596946054182
3007181,1.1860464467268679
3007182,206.66678308341704
3007183,106.64100766212937
3007184,1.3801000342810321
3007185,1.8378036426513527
3007186,65.7048054952292
3007187,24.09648734497612
3007188,309.626890201413
3007189,0.1642590435390582
3007190,7.1460149707705405
3007191,5.7027197416304904
3007192,0.37836364770070924
3007193,0.4707700224543076
3007194,265.4936622929118
3007195,0.37836364770070924
3007196,341.9819235181105
3007197,12.785554598923742
3007198,361.76029680429673
3007199,319.3941946155854
3007200,229.522642865929
3007201,148.035214203048
3007202,190.05160121577225
3007203,325.3286266350398
3007204,10.90060885572421
3007205,0.5951183629557436
3007206,42.907086326011765
3007207,14.927804343315639
3007208,0.4362959608442434
3007209,250.25298293362115
3007210,0.41126190669724383
3007211,32.056542425104396
3007212,4.381535165264768
3007213,111.54545786382695
3007214,2.02527665303873
3007215,250.3379951204048
3007216,256.3754516301415
3007217,3.980993154286935
3007218,3.990670098495589
3007219,128.1690172167394
3007220,52.975294996480294
3007221,140.6981065178482
3007222,1.575764845573203
3007223,1.6564415720359025
3007224,4.653566389664749
3007225,0.4519239335610377
3007226,9.607443530534638
3007227,289.4702059939677
3007228,0.4519239335610377
3007229,314.2718084563162
3007230,9.738401712304
3007231,323.48623792337713
3007232,383.87880816212004
3007233,163.4377766428624
3007234,137.39669216842975
3007235,117.68770285394767
3007236,116.45780401008184
3007237,69.0430864499571
3007238,2.6738582743395303
3007239,31.513933182942576
3007240,31.11121793366953
3007241,0.9523802166917248
3007242,281.46201667009484
3007243,27.972086763181018
3007244,21.559277188887442
3007245,2.117520395286611
3007246,155.36517949892982
3007247,10.516765825715618
3007248,258.1996264786616
3007249,292.91448097702676
3007250,13.840660131655184
3007251,15.069320784445404
3007252,262.46387950118714
3007253,73.76204585829119
3007254,21.145367152818306
3007255,0.2328078185121494
3007256,14.64177022288617
3007257,7.1338879924164065
3007258,0.37836364770070924
3007259,12.8271971509556
3007260,282.4175953454205
3007261,0.37836364770070924
3007262,350.1992056989641
3007263,17.585946988705192
3007264,92.42223265150182
3007265,277.9742090264688
3007266,174.06353436677597
3007267,116.09128356108967
3007268,134.0423663541317
3007269,146.92547872926215
3007270,35.738165901310765
3007271,1.8063862791003769
3007272,54.278537924061546
3007273,91.95793528695133
3007274,0.41126190669724383
3007275,307.32359188862716
3007276,30.859103541963627
3007277,20.928231752811097
3007278,11.67017405494017
3007279,145.24202412653904
3007280,14.106711756123415
3007281,179.42685098666894
3007282,333.1427431546648
3007283,8.732582470735489
3007284,12.9102731750107
3007285,161.27521979680157
3007286,104.00250493769275
3007287,22.349762227358443
3007288,9.125202821716114
3007289,19.648004077903092
3007290,13.491273409178373
3007291,0.6700242171016532
3007292,5.676015762893658
3007293,139.47482007079927
3007294,0.4519239335610377
3007295,307.5373959032948
3007296,8.629662846097565
3007297,140.31160319447054
3007298,323.43803677348694
3007299,219.83865943336247
3007300,300.60189645165735
3007301,124.20503903039874
3007302,151.15304225581096
3007303,38.1027626937149
3007304,3.147626993883203
3007305,28.62626623342506
3007306,24.27239853736734
3007307,0.48983370344481003
3007308,323.5114572672878
3007309,7.256467299127838
3007310,16.346765036779175
3007311,17.10684070358997
3007312,90.73410679515094
3007313,4.652220821379166
3007314,195.8907619677774
3007315,308.08461432408365
3007316,7.567701824792146
3007317,13.609222290482917
3007318,273.98176058847264
3007319,68.32510288851061
3007320,122.84959339673237
3007321,15.207822420207323
3007322,21.815060837883678
3007323,4.812600583390189
3007324,1.2988812349340548
3007325,7.777005107864909
3007326,98.31961666870579
3007327,0.37836364770070924
3007328,343.33866307126226
3007329,10.329189217280552
3007330,302.95560069673957
3007331,321.06318861371466
3007332,229.48246769726956
3007333,167.60278647560546
3007334,128.08871199047525
3007335,129.89053984247684
3007336,38.04662571561129
3007337,3.448594386761283
3007338,18.36074078660754
3007339,17.75556065377766
3007340,0.4162734175844812
3007341,279.79778740430277
3007342,26.055652654090483
3007343,27.038586452348774
3007344,3.255406314508632
3007345,157.0237319695962
3007346,8.988894473595042
3007347,328.42951504043754
3007348,281.9313643336834
3007349,8.548440420508848
3007350,10.497553920323286
3007351,331.43579741536684
3007352,60.43255135846399
3007353,31.618703913235017
3007354,0.15924753265182082
3007355,30.229693850830408
3007356,4.111997006199482
3007357,0.511201814990153
3007358,5.531675021878432
3007359,344.04309075296703
3007360,0.4519239335610377
3007361,343.5050975140504
3007362,17.978211652377897
3007363,292.65085323340645
3007364,344.23802657199514
3007365,295.031424276689
3007366,216.4020299198037
3007367,127.56909656092739
3007368,144.74974950034854
3007369,12.84290840139038
3007370,3.569807021636109
3007371,33.14985170185918
3007372,30.702063925898944
3007373,0.5818768975082987
3007374,336.77674146906475
3007375,0.48482219255757264
3007376,0.13614102303206796
3007377,9.753817747132379
3007378,87.6676849059643
3007379,2.7871447348992837
3007380,152.02062087587964
3007381,310.4684023468159
3007382,3.495143462703453
3007383,11.583944238922172
3007384,207.9650133123142
3007385,77.27495947073423
3007386,113.51682107006215
3007387,0.2328078185121494
3007388,11.98327407418357
3007389,9.094715970512455
3007390,0.4519239335610377
3007391,10.424283947535981
3007392,246.7703464814924
3007393,0.4519239335610377
3007394,351.0934839134185
3007395,13.193028211344302
3007396,308.6344179605982
3007397,327.539449283282
3007398,243.08543064908878
3007399,162.51309779388725
3007400,216.78428611453413
3007401,210.4964873393171
3007402,66.57062720492021
3007403,2.1134275884601905
3007404,33.746225882699726
3007405,43.88764948440134
3007406,0.48482219255757264
3007407,290.1700798568195
3007408,26.605355089267338
3007409,25.754481015350322
3007410,10.6353829959848
3007411,214.9399476375108
3007412,14.811335899287277
3007413,250.7304463890792
3007414,302.4870424428577
3007415,15.633987175224215
3007416,9.753817747132379
3007417,227.56571652394254
3007418,84.31803674919973
3007419,12.453384572173556
3007420,0.8971800063787094
3007421,10.543512918837639
3007422,5.24229783940361
3007423,0.4519239335610377
3007424,8.300795268905716
3007425,214.3874964384774
3007426,0.4519239335610377
3007427,356.7609870456556
3007428,15.850958322768472
3007429,290.41845406691857
3007430,230.65616500512732
3007431,188.51407241479563
3007432,159.92735957868334
3007433,134.42456705792037
3007434,256.48837497883096
3007435,40.685549712548195
3007436,1.5714118960761911
3007437,37.999956920290266
3007438,31.079855933398303
3007439,0.48482219255757264
3007440,259.4658996019791
3007441,23.881201645178432
3007442,46.169839048061455
3007443,9.37337628150501
3007444,109.26349776095643
3007445,11.347114046074953
3007446,259.5614930360552
3007447,282.95182280666666
3007448,11.110897571424397
3007449,9.956177646293789
3007450,247.81323778493567
3007451,68.6406874461522
3007452,131.071061573337
3007453,0.25784187265914893
3007454,15.952946158335125
3007455,7.997019740484064
3007456,0.47404965124228554
3007457,7.4920934017473035
3007458,137.0915599759259
3007459,0.43479431307293276
3007460,141.07793062335423
3007461,20.746276115182376
3007462,137.97819481805695
3007463,167.99544914952554
3007464,299.5283158840784
3007465,238.41273954448576
3007466,112.26102862465886
3007467,192.49409628317875
3007468,12.779357727344289
3007469,0.4927266262164671
3007470,25.53914508300579
3007471,25.743873391718157
3007472,0.47270408295670485
3007473,276.0975782764795
3007474,0.46769257206946746
3007475,10.837621491289678
3007476,2.7859639490392003
3007477,182.19768861238833
3007478,5.823320167026208
3007479,231.5951257764998
3007480,309.3383736621182
3007481,4.63583221360667
3007482,4.099986430820502
3007483,268.58102380437333
3007484,136.322301853553
3007485,182.89493243471364
3007486,2.8366950804496027
3007487,1.8701459104455715
3007488,20.89877949641229
3007489,0.37836364770070924
3007490,26.069696497579542
3007491,136.0595462867903
3007492,0.37836364770070924
3007493,291.42610014832593
3007494,33.351972195102
3007495,111.37342588312592
3007496,264.6247211779975
3007497,357.0570813005675
3007498,260.36829971452084
3007499,350.17828567403285
3007500,366.0789474103083
3007501,104.81937691786864
3007502,5.128387426328658
3007503,150.19981573388188
3007504,162.67834097655307
3007505,0.50831661164797
3007506,338.2008950145411
3007507,54.70864331121878
3007508,37.49930643502846
3007509,46.10214338539461
3007510,315.26136604121206
3007511,35.354584032048884
3007512,51.11506208849763
3007513,352.7300742599868
3007514,60.70122147055846
3007515,46.072622427683335
3007516,272.1807378781388
3007517,323.47231769069504
3007518,61.66796354069767
3007519,268.5358052618654
3007520,118.25129927619754
3007521,20.289871149194507
3007522,0.37836364770070924
3007523,20.21268993363804
3007524,138.0789405096695
3007525,0.37836364770070924
3007526,140.13094238250508
3007527,35.05830260743223
3007528,142.65259794081584
3007529,180.5910400847726
3007530,340.47672323114176
3007531,330.08718638582803
3007532,330.7608241425973
3007533,349.9526015112356
3007534,199.67149512050108
3007535,2.562813972869002
3007536,88.12861044818875
3007537,98.1372799294815
3007538,1.4913925349098336
3007539,364.7031447768194
3007540,44.20868195081192
3007541,47.31210137781123
3007542,16.57057455616694
3007543,317.63678034082113
3007544,24.808080563282225
3007545,61.69679193009234
3007546,343.94908479519955
3007547,32.68916111938623
3007548,40.58353263970132
3007549,224.5456695952658
3007550,319.0954587912763
3007551,78.05067501411615
3007552,263.24845473730113
3007553,104.20907981810812
3007554,17.563615493221686
3007555,0.37836364770070924
3007556,27.87948136005902
3007557,121.7534324297794
3007558,0.43764152912982424
3007559,271.9225127533742
3007560,22.901505375760426
3007561,99.31243607623738
3007562,281.89410719745507
3007563,324.738078520661
3007564,215.90623832657192
3007565,326.3889589189455
3007566,342.71878769725316
3007567,67.25669652040055
3007568,4.557135125543285
3007569,59.73284493307596
3007570,38.06853087710948
3007571,0.9783442917112395
3007572,370.4378370223022
3007573,56.777713109156906
3007574,37.252750397482274
3007575,15.452310692053624
3007576,236.6154390109508
3007577,13.26594098695459
3007578,225.12248208117575
3007579,282.6024461680337
3007580,33.35331422827969
3007581,67.34968575583274
3007582,302.4583369355382
3007583,176.43496621082522
3007584,33.2683640724184
3007585,337.2656860396719
3007586,71.66311848737548
3007587,21.64681458949568
3007588,0.37836364770070924
3007589,29.743160826778144
3007590,110.04163593003567
3007591,0.37836364770070924
3007592,208.24754855368369
3007593,30.124517842784673
3007594,103.38346111183922
3007595,264.6247211779975
3007596,342.57644287719256
3007597,348.15196439619393
3007598,325.77535900742583
3007599,276.56861061050495
3007600,76.77920651244386
3007601,2.842763355759488
3007602,83.17354783221523
3007603,98.52377682631078
3007604,2.21061974836881
3007605,311.5172710446642
3007606,52.016443094607055
3007607,37.80030903879532
3007608,22.205657801897267
3007609,301.3384751337534
3007610,18.836321414564097
3007611,42.98919277144764
3007612,365.2190089746346
3007613,30.026080597794813
3007614,40.50591191542014
3007615,289.82014138698287
3007616,299.2920880546521
3007617,38.819870283982254
3007618,242.93816997235004
3007619,87.52753801431771
3007620,19.198392326629424
3007621,0.37836364770070924
3007622,28.530581167251167
3007623,140.877969753159
3007624,0.37836364770070924
3007625,361.8930645277905
3007626,29.573708849348623
3007627,83.59493973614381
3007628,335.91887351649984
3007629,375.3423749821251
3007630,165.45876506083874
3007631,267.8798505532056
3007632,254.9622110786598
3007633,67.67264662013673
3007634,1.0787120445525158
3007635,39.91653774220434
3007636,74.28794259252126
3007637,0.4362959608442434
3007638,370.07743419740535
3007639,47.34333394074254
3007640,17.900754594449722
3007641,15.549588856203444
3007642,228.38124287736193
3007643,9.31285761562794
3007644,272.1033148108028
3007645,361.0474697182438
3007646,24.45697218266323
3007647,37.03844070749806
3007648,298.59162442272356
3007649,129.69129167968742
3007650,27.955207365928445
3007651,246.43236218626726
3007652,28.50680373877016
3007653,15.112658985782561
3007654,0.37836364770070924
3007655,15.979948087195197
3007656,138.85730150564763
3007657,0.37836364770070924
3007658,273.91661397938475
3007659,32.50311288128394
3007660,70.03985285856886
3007661,264.6247211779975
3007662,355.4858755297662
3007663,352.58920700304725
3007664,335.4428138022692
3007665,363.47336240473146
3007666,82.29642488251756
3007667,2.929556346540286
3007668,64.11602001648181
3007669,103.19670102275417
3007670,0.8829268617423892
3007671,375.6994638166802
3007672,22.48237401066256
3007673,38.84702758052191
3007674,18.71535493924476
3007675,306.0014818731818
3007676,25.016585360859807
3007677,184.5958543285777
3007678,361.5876128533286
3007679,24.16017913671208
3007680,40.16471509460208
3007681,149.11697734953657
3007682,278.0427124519195
3007683,47.63026461095724
3007684,267.13560490436566
3007685,94.11548512639546
3007686,7.509085844881877
3007687,0.5441958283621062
3007688,10.190777135364646
3007689,274.69057334298606
3007690,0.37836364770070924
3007691,346.41076483242125
3007692,29.36671241650546
3007693,292.15379141034106
3007694,250.33128445216178
3007695,235.80653166288454
3007696,90.47572890499636
3007697,132.86690112364138
3007698,131.41265417834146
3007699,80.07174727507027
3007700,1.5436561397195783
3007701,34.625493322187126
3007702,25.692200305096108
3007703,0.4920445594822269
3007704,258.826163365829
3007705,16.045727722413634
3007706,11.09471725050606
3007707,13.443789236300873
3007708,89.84705058818953
3007709,8.63850473553569
3007710,276.78750106100387
3007711,289.12501806288157
3007712,3.7613155113285495
3007713,7.704123551376085
3007714,247.2628429106751
3007715,70.01884485480683
3007716,13.684335207195407
3007717,0.753480818563209
3007718,9.37679525030785
3007719,13.14308428698613
3007720,0.37836364770070924
3007721,19.751872909079022
3007722,116.14581573981553
3007723,0.37836364770070924
3007724,327.2138024130202
3007725,40.55320259354867
3007726,65.31720257069524
3007727,318.190068744502
3007728,347.8680807020137
3007729,143.34346976814385
3007730,215.88704062335245
3007731,205.0499527451642
3007732,164.257987228286
3007733,2.5440807869463122
3007734,79.84218400977237
3007735,46.962267880608046
3007736,0.4362959608442434
3007737,333.86638179226134
3007738,36.91079877240711
3007739,11.922407298645878
3007740,5.219951222059
3007741,208.77936531994155
3007742,12.888162598109645
3007743,335.92000299096696
3007744,358.8378392354862
3007745,19.513382357327323
3007746,32.54498149876403
3007747,336.55972090446295
3007748,116.27200226635573
3007749,30.102158926526702
3007750,306.04847544783377
3007751,26.258218430609134
3007752,8.518925766771137
3007753,0.3631810661424672
3007754,9.623843899963171
3007755,140.8059346100709
3007756,0.3631810661424672
3007757,288.2910269941992
3007758,12.421405006317901
3007759,62.83465517737332
3007760,263.8879134184561
3007761,300.59554008466165
3007762,340.7298770024017
3007763,291.03682641825657
3007764,322.3726654688039
3007765,60.24974542400591
3007766,2.651980813922729
3007767,48.45945886406052
3007768,51.48542041432161
3007769,0.6415128410886973
3007770,335.33815028125224
3007771,4.996552293899135
3007772,56.26896786375616
3007773,8.19826789144315
3007774,266.4255123649838
3007775,11.88016212441231
3007776,175.95172704803525
3007777,328.21584948778786
3007778,26.662774588864472
3007779,15.795077092603822
3007780,127.55016092428265
3007781,146.9943375299155
3007782,32.684392418242616
3007783,4.905934675861272
3007784,61.7280320928955
3007785,15.238794220664662
3007786,0.37836364770070924
3007787,13.502778671474815
3007788,263.49417343473556
3007789,0.37836364770070924
3007790,191.1767503093555
3007791,14.624334307201904
3007792,187.26549092889073
3007793,266.3659002904716
3007794,341.42208433634255
3007795,266.74725316311594
3007796,316.3837847634744
3007797,260.4223786826284
3007798,71.57356043024154
3007799,4.816253648596238
3007800,69.2024956386254
3007801,59.13487355401002
3007802,0.692345850656935
3007803,346.49825479191026
3007804,12.863253419720216
3007805,75.26115410307379
3007806,12.073159813186445
3007807,302.4619689646606
3007808,14.859299594819838
3007809,345.91686976697287
3007810,330.8228804962227
3007811,20.296026911264963
3007812,34.508904795071494
3007813,340.5169789678622
3007814,146.47794900539375
3007815,151.61141475594877
3007816,6.747625081644402
3007817,10.624476060435345
3007818,13.316536139471369
3007819,0.37836364770070924
3007820,6.263683957229067
3007821,234.59270970665008
3007822,0.37836364770070924
3007823,355.7702083406317
3007824,10.86770288000291
3007825,202.62667794679166
3007826,319.9624376060417
3007827,277.7932031852579
3007828,119.39813665686374
3007829,203.70107580552002
3007830,164.22357942284322
3007831,23.78500886097885
3007832,2.899016862351132
3007833,40.322404163154076
3007834,33.07701212818013
3007835,0.4162734175844812
3007836,271.34713859148627
3007837,8.146740027745476
3007838,20.997531646270918
3007839,10.222587256379402
3007840,193.35683187419795
3007841,5.348731591743455
3007842,297.8853749407262
3007843,296.58789872154836
3007844,6.482200605174726
3007845,9.487278653345435
3007846,243.12350205853392
3007847,85.62151904698477
3007848,10.491885890969732
3007849,0.44033147661151173
3007850,4.449511265716493
3007851,8.853073823895768
3007852,0.37836364770070924
3007853,2.825375738122379
3007854,316.55352719549114
3007855,0.37836364770070924
3007856,266.98115549608116
3007857,6.422812390362174
3007858,234.87516209809624
3007859,286.7361566186484
3007860,257.2677523474965
3007861,74.69352188610225
3007862,53.738716565207085
3007863,150.42027171839686
3007864,13.748671206399466
3007865,1.3552246001912065
3007866,27.101192788152897
3007867,13.10417908731576
3007868,0.4162734175844812
3007869,268.757170444541
3007870,0.41126190669724383
3007871,0.03754668302473986
3007872,5.767010043760721
3007873,56.05453774753041
3007874,1.3983963003798674
3007875,59.36607132407709
3007876,209.54715201655623
3007877,0.4362959608442434
3007878,3.0532929250249876
3007879,87.32082520330113
3007880,100.49317922564876
3007881,265.8862244288968
3007882,0.15924753265182082
3007883,6.22091267392136
3007884,9.674557675790572
3007885,0.37836364770070924
3007886,9.460777339477987
3007887,106.76363004648098
3007888,0.37836364770070924
3007889,374.598659887894
3007890,18.796312818059047
3007891,109.67360125035526
3007892,275.1599449794404
3007893,324.9095783050639
3007894,208.93328445628256
3007895,218.2804365333288
3007896,197.08823001415425
3007897,44.65778524199154
3007898,1.94861068716514
3007899,40.08286123510768
3007900,83.67008684754309
3007901,0.41126190669724383
3007902,316.32063400151077
3007903,30.630371524601756
3007904,21.905030197226818
3007905,17.92604727372953
3007906,189.34908726352427
3007907,8.818930484554537
3007908,341.0914303754941
3007909,322.42981943742177
3007910,12.107605632260151
3007911,16.874925345263442
3007912,350.40137419115115
3007913,133.22704032167036
3007914,36.407282310755626
3007915,0.15924753265182082
3007916,45.22088270389791
3007917,5.824071027088115
3007918,0.41761898587006197
3007919,8.226616170657985
3007920,140.57240320184252
3007921,0.41761898587006197
3007922,248.01929253871776
3007923,25.09651520817347
3007924,64.25674391690222
3007925,245.34534084258533
3007926,186.54573332555958
3007927,271.4654864285213
3007928,264.7716654453976
3007929,240.64760355765188
3007930,44.11437992031919
3007931,3.2204710950507534
3007932,36.392947536604595
3007933,44.62967627067105
3007934,1.0489919204239833
3007935,255.64487148330505
3007936,16.719049348802233
3007937,51.39364540722982
3007938,8.472576459492371
3007939,270.49935618449047
3007940,15.32125412460227
3007941,332.5876519074255
3007942,247.6622292004761
3007943,8.329419327222853
3007944,20.259869166158666
3007945,201.8176106600694
3007946,149.5119920925348
3007947,34.58341285245807
3007948,0.24003018543680418
3007949,48.4935241658537
3007950,6.405012360283141
3007951,1.5431515776281537
3007952,15.299541055690689
3007953,123.57196895059027
3007954,0.37836364770070924
3007955,335.14333860243056
3007956,23.63102449144451
3007957,69.15251895871391
3007958,287.36586285923755
3007959,304.53686114419287
3007960,304.69157158118526
3007961,195.1932227754652
3007962,218.8812717452087
3007963,52.75931398657626
3007964,5.44839556660582
3007965,50.39653384541793
3007966,84.4722234872242
3007967,0.41126190669724383
3007968,322.82484908016295
3007969,39.66880919317873
3007970,43.86183545921162
3007971,28.234754026881614
3007972,241.81735829361722
3007973,21.89030595999358
3007974,338.9022257524752
3007975,323.1771130964756
3007976,23.114393541632772
3007977,24.558548582493994
3007978,221.09620765813628
3007979,181.82758295730707
3007980,16.872770336229625
3007981,3.312041788741181
3007982,50.18881400520749
3007983,15.143222590139668
3007984,0.8993650400436299
3007985,10.976862912662227
3007986,140.07753519499093
3007987,0.37836364770070924
3007988,346.2300879610604
3007989,23.35600608104635
3007990,132.92736053485623
3007991,238.7012253110982
3007992,349.02349852634103
3007993,221.13116899110815
3007994,150.33904309981807
3007995,200.14150283569288
3007996,18.737142973402996
3007997,2.2587272297545735
3007998,57.87180405380309
3007999,50.72213092305745
3008000,0.41126190669724383
3008001,348.24938109665044
3008002,14.748393020077149
3008003,5.9683086257226945
3008004,10.864088916761611
3008005,96.84832436661594
3008006,4.6613970245319685
3008007,336.5507778854436
3008008,347.22063877051966
3008009,8.208742073684014
3008010,8.579517250604143
3008011,333.6746388666025
3008012,133.99976547340492
3008013,128.85488972933248
3008014,97.1544310384823
3008015,23.427810271240443
3008016,1.9931849658676755
3008017,0.0
3008018,4.048069178790152
3008019,188.34322949366137
3008020,0.0
3008021,247.14363039684167
3008022,7.592893001690048
3008023,210.1305719235724
3008024,331.3171662462798
3008025,57.54209705547283
3008026,61.56175692099542
3008027,48.52442489802793
3008028,122.55823414382897
3008029,13.85703651168008
3008030,0.0
3008031,13.940592447692168
3008032,18.58822593995987
3008033,0.0
3008034,93.13270643949973
3008035,9.39819280395597
3008036,14.285293743568337
3008037,4.576126487968562
3008038,52.5580367885624
3008039,4.129590400935188
3008040,125.64418994770894
3008041,98.64367642529437
3008042,0.7006130383661228
3008043,4.327477037433024
3008044,140.19670274295223
3008045,35.36417179600824
3008046,11.200765623324449
3008047,0.0
3008048,16.514762730564907
3008049,2.363819630000829
3008050,0.388411296534608
3008051,3.970028804909992
3008052,321.4456838094416
3008053,0.388411296534608
3008054,133.20128495486006
3008055,5.3601248088629365
3008056,215.03218815266294
3008057,305.1708043283429
3008058,284.0123259539622
3008059,70.75987557029273
3008060,41.96266268186665
3008061,148.9427184961179
3008062,11.42679637348113
3008063,0.8929745105762878
3008064,12.977328958849144
3008065,9.697635569341784
3008066,0.4213095555311426
3008067,194.25871279111792
3008068,5.607068564427341
3008069,0.04759433185863859
3008070,2.939603995374185
3008071,17.330854075566858
3008072,0.5963922072564071
3008073,206.09254292122176
3008074,213.12294525968
3008075,1.6433129337869106
3008076,5.358779240577354
3008077,185.33923340142792
3008078,31.696785454449557
3008079,288.81161542314686
3008080,18.790428392637065
3008081,3.8359158415804986
3008082,8.847835176271232
3008083,0.447689177963723
3008084,6.5449968741320825
3008085,140.24726812675632
3008086,0.388411296534608
3008087,268.42181146877857
3008088,14.88972321091348
3008089,141.0818529993103
3008090,321.61292358625155
3008091,351.8975896601507
3008092,279.0587960960876
3008093,95.23827625930873
3008094,180.43107574809463
3008095,41.06652429638102
3008096,1.0943773859392811
3008097,35.09853743867852
3008098,28.915577452886396
3008099,0.44634360967814213
3008100,340.3245390265597
3008101,13.33836701586145
3008102,2.54397402694917
3008103,10.723587594671132
3008104,43.42403221723842
3008105,3.0109090744057263
3008106,244.50591525160067
3008107,337.2616986563869
3008108,4.022186050731203
3008109,17.745886752338414
3008110,315.8461141148275
3008111,102.15731769811934
3008112,127.48476130130518
3008113,35.55360325003333
3008114,16.726678688703785
3008115,6.570059025672456
3008116,0.05552858855665801
3008117,1.564080910314148
3008118,285.6435347942948
3008119,0.05552858855665801
3008120,225.47640665319983
3008121,14.147867359385511
3008122,253.99269588258412
3008123,332.56048799858587
3008124,225.06754185897154
3008125,68.1343389402443
3008126,40.715868623684784
3008127,313.1739089380616
3008128,16.141111980707883
3008129,0.3530744787688447
3008130,11.784147652529743
3008131,23.744319918611943
3008132,0.1662820115772655
3008133,179.93262167264416
3008134,8.41519632154007
3008135,0.0
3008136,13.208934904211594
3008137,47.269692888417964
3008138,1.0605771708318463
3008139,154.93982996745112
3008140,203.0567010854363
3008141,1.4469459339762845
3008142,7.699477916326266
3008143,172.91478576568878
3008144,35.706531162242364
3008145,322.49093332240903
3008146,10.266388975249495
3008147,3.230053961731239
3008148,4.967935288658098
3008149,0.05552858855665801
3008150,7.533205312619555
3008151,274.0317924770583
3008152,0.05552858855665801
3008153,144.2548865292069
3008154,10.008563539281889
3008155,282.85100415309574
3008156,264.56592585538414
3008157,150.20626226998613
3008158,59.124451919867525
3008159,32.90538484417148
3008160,171.8513411588414
3008161,22.118188139260223
3008162,0.09343835844042994
3008163,19.494511378071465
3008164,11.515948638102772
3008165,0.08842684755319254
3008166,136.47276900554448
3008167,1.4420419996304363
3008168,0.0
3008169,3.2961390964763866
3008170,41.39678109320774
3008171,1.8113686271336285
3008172,136.81188064174486
3008173,208.21763466974835
3008174,0.3530744787688447
3008175,5.234836347425104
3008176,101.09460250250372
3008177,29.301029558823164
3008178,179.5612022045493
3008179,17.14681890748932
3008180,1.2002893905219436
3008181,4.491853446543352
3008182,0.05552858855665801
3008183,2.820253480899559
3008184,297.44521326201857
3008185,0.05552858855665801
3008186,153.212668189666
3008187,10.531710089056293
3008188,287.52756709603204
3008189,320.0326326113534
3008190,220.09283763320943
3008191,47.08823023539857
3008192,42.199544812203186
3008193,315.5809258514688
3008194,12.408895473260669
3008195,0.7060916496444308
3008196,10.437181656545286
3008197,20.45411113719771
3008198,0.11346090170019212
3008199,191.28723273557767
3008200,1.5146942214172159
3008201,0.0
3008202,3.1968782539537637
3008203,22.691642538025395
3008204,1.7045902593833133
3008205,221.4507009839401
3008206,229.35722106780693
3008207,1.1592726962706053
3008208,5.0187504201377395
3008209,83.62738843584118
3008210,88.31998617769034
3008211,311.8866068736309
3008212,11.238856430752158
3008213,4.244774030992883
3008214,7.138606451694377
3008215,0.41994353592644207
3008216,4.171465815275346
3008217,229.39781956663924
3008218,0.24975587651612038
3008219,157.43604660538344
3008220,4.77670475269702
3008221,140.2617317971183
3008222,314.2326203767474
3008223,267.46594195032895
3008224,91.10758655182943
3008225,67.8914740489065
3008226,151.84268521542774
3008227,14.24259139077876
3008228,1.909026735763562
3008229,10.515599389694861
3008230,22.58081648494943
3008231,0.36050929953672795
3008232,221.839089891833
3008233,8.798686904430564
3008234,0.0
3008235,5.413707187678331
3008236,23.35644925131003
3008237,1.4479851496830962
3008238,118.52952888582162
3008239,195.42704242287337
3008240,0.7752354096183883
3008241,5.1608170083319775
3008242,99.38824002100172
3008243,43.65096426888008
3008244,136.5974649532371
3008245,22.785928763647924
3008246,4.457059395702289
3008247,5.733510726678637
3008248,0.5197098287674495
3008249,5.103377869373076
3008250,326.8662243555796
3008251,0.388411296534608
3008252,233.71341678508605
3008253,7.552631791854727
3008254,299.84134269599883
3008255,307.63417134518585
3008256,221.92755860221476
3008257,151.13393938606373
3008258,43.01659462283248
3008259,258.2248523135053
3008260,12.373400065247822
3008261,0.5183642604818687
3008262,15.45083726714644
3008263,18.64564157122284
3008264,0.6243655527162952
3008265,210.54831513640985
3008266,0.4213095555311426
3008267,0.04759433185863859
3008268,3.0827174229463905
3008269,39.845006669590575
3008270,2.418004997638633
3008271,64.71597047126293
3008272,201.5510869295426
3008273,1.7002886534910229
3008274,3.8235000014282803
3008275,77.85202056860629
3008276,44.75163124935574
3008277,342.3164920028339
3008278,0.1692951814857195
3008279,2.314060183459679
3008280,11.846738626472149
3008281,1.2329413008325851
3008282,7.6356275100764
3008283,134.66695682584887
3008284,0.388411296534608
3008285,338.26507205559466
3008286,10.886281334262367
3008287,118.03159933250937
3008288,251.28327428201752
3008289,355.3253307475332
3008290,278.4719456861773
3008291,116.81915217965506
3008292,172.77271010375438
3008293,29.456295465154568
3008294,2.572861621702901
3008295,30.595925684704632
3008296,34.623312513490475
3008297,0.5963922072564071
3008298,313.7582572738563
3008299,1.0887596933864145
3008300,0.04759433185863859
3008301,16.08948643002635
3008302,61.20928203277461
3008303,5.358779240577354
3008304,296.6062206704461
3008305,307.522616796882
3008306,2.574748735985279
3008307,11.269000936458637
3008308,327.3639100601574
3008309,69.74173742922791
3008310,0.0
3008311,56.09178248653846
3008312,19.199131555476335
3008313,4.746308209728353
3008314,0.9722580540938249
3008315,9.268820508134414
3008316,261.7494913612574
3008317,0.37322871497636595
3008318,264.6687919038835
3008319,11.185312817341334
3008320,210.0900063106977
3008321,261.97433175349835
3008322,281.4050783571327
3008323,262.1595124651988
3008324,69.07107778303977
3008325,315.4369197128122
3008326,23.37438591484517
3008327,1.8142768517943095
3008328,26.68602863940161
3008329,24.91465975126052
3008330,0.4311610281199
3008331,271.93666727694125
3008332,15.939690370909073
3008333,4.969881435346606
3008334,7.350183633947272
3008335,64.40538721494217
3008336,2.588218524333813
3008337,123.44917358623138
3008338,228.58493583497506
3008339,5.598117257945745
3008340,9.439091327676957
3008341,258.46203413985774
3008342,63.15268624985315
3008343,112.54243966578159
3008344,75.96926072725661
3008345,17.822723645221387
3008346,7.205804622139447
3008347,0.4434164757782102
3008348,4.007988052197973
3008349,114.66443087841694
3008350,0.05552858855665801
3008351,229.6935066158503
3008352,6.951284023212813
3008353,262.9660048536206
3008354,321.6644094954932
3008355,280.7476389770946
3008356,81.06561963115678
3008357,46.456945192534675
3008358,176.93544201851975
3008359,42.97016740244598
3008360,1.663449875558299
3008361,13.74727045330541
3008362,23.947086284989815
3008363,0.11346090170019212
3008364,205.14521954981626
3008365,10.13167626083823
3008366,0.0
3008367,4.709813192315448
3008368,34.22543100932788
3008369,3.3393107966650475
3008370,127.28483683348546
3008371,202.0574382222484
3008372,1.4982955062220795
3008373,4.966589720372515
3008374,80.59913833658632
3008375,30.186763835146117
3008376,326.57300941643683
3008377,12.121734818956451
3008378,4.804946007673486
3008379,9.445271149530326
3008380,0.388411296534608
3008381,13.311292203176883
3008382,106.42252187829972
3008383,0.388411296534608
3008384,346.92939097906554
3008385,14.32416452662396
3008386,272.1576911557083
3008387,285.64919951939
3008388,258.54043533653027
3008389,229.50489880630573
3008390,125.77705790412413
3008391,140.2439224945056
3008392,61.11799298812161
3008393,5.235874743788834
3008394,22.630850404740883
3008395,41.384803042192516
3008396,0.5963922072564071
3008397,295.79537893015475
3008398,33.97645462400497
3008399,21.49216023168344
3008400,5.315618512182599
3008401,82.90650450568654
3008402,11.100680041265747
3008403,339.27486450139975
3008404,307.79656838169393
3008405,10.962933355963441
3008406,11.017498165349647
3008407,347.378583610926
3008408,127.82248741141991
3008409,23.44401284244501
3008410,0.1692951814857195
3008411,43.47880063636874
3008412,12.224534529501273
3008413,0.388411296534608
3008414,11.567786777767246
3008415,273.27729270856184
3008416,0.388411296534608
3008417,360.0370660019656
3008418,12.387396181093521
3008419,273.4814541794686
3008420,344.3615259885984
3008421,367.53194152882725
3008422,164.0453955581387
3008423,100.2845879896725
3008424,329.5993116081492
3008425,23.36914540281145
3008426,0.7315884266622454
3008427,29.53320972200149
3008428,28.015123537648194
3008429,0.4213095555311426
3008430,326.48415381645316
3008431,4.201190975925801
3008432,8.50253216888519
3008433,8.642616516501397
3008434,72.42864500784793
3008435,2.9424920250275655
3008436,306.77931168955706
3008437,327.0534096682359
3008438,5.458443215439718
3008439,8.964219624700306
3008440,315.5104828485838
3008441,108.56940148128743
3008442,123.10422543931939
3008443,58.25285402383166
3008444,17.117046919586613
3008445,15.667649588615138
3008446,0.8348808847664507
3008447,8.956439819086638
3008448,277.2292407143857
3008449,0.388411296534608
3008450,356.45820327007
3008451,8.33164192819036
3008452,273.3239615928737
3008453,371.0940258856677
3008454,319.1025992718859
3008455,293.1242134829488
3008456,96.58897516764559
3008457,326.0610569487253
3008458,26.706764069183752
3008459,1.1596332742692415
3008460,48.38856662322183
3008461,46.53371702950394
3008462,0.44634360967814213
3008463,328.10914856568644
3008464,6.3981277416295645
3008465,3.9858778907488466
3008466,14.722037508479017
3008467,82.82304050128228
3008468,2.4359122658282804
3008469,168.69142421736677
3008470,304.9708344015179
3008471,4.417230084658763
3008472,7.033620780667501
3008473,253.63247584790216
3008474,206.84790715322885
3008475,0.0
3008476,1.167237883356503
3008477,10.534179916924115
3008478,5.733510726678637
3008479,0.6257111210018761
3008480,3.3690722267220514
3008481,260.87329801892463
3008482,0.388411296534608
3008483,194.97028008064927
3008484,11.202943928892171
3008485,358.8216217588206
3008486,320.8259660772858
3008487,166.77113649512697
3008488,66.3152848013602
3008489,60.613715306563506
3008490,289.60352446936656
3008491,15.860334579864267
3008492,1.6509237160157182
3008493,28.521492201394576
3008494,23.473905358840206
3008495,0.4213095555311426
3008496,199.9442928303921
3008497,1.4349043654955513
3008498,0.04759433185863859
3008499,5.829218392359844
3008500,92.07515780571627
3008501,3.063069774170951
3008502,112.08067396713999
3008503,192.17903727068105
3008504,2.080490740681669
3008505,7.767885848811484
3008506,169.9129359932681
3008507,36.382734364155745
3008508,332.7086315512379
3008509,14.774123051303508
3008510,4.858741784004852
3008511,3.1209396487361114
3008512,0.388411296534608
3008513,6.497651423453588
3008514,286.935512653529
3008515,0.447689177963723
3008516,282.9788231189881
3008517,14.749722050687314
3008518,227.31177052374136
3008519,334.4802598501211
3008520,137.9616372768859
3008521,57.349437251954974
3008522,73.31362872977941
3008523,115.15588434571379
3008524,23.910568647066718
3008525,0.6859571867467951
3008526,18.881610002441253
3008527,22.91702759452561
3008528,0.6051660117896422
3008529,168.8358841005553
3008530,14.411534580697731
3008531,3.9866028579363157
3008532,7.178315870148392
3008533,68.82744397790975
3008534,5.086274375397332
3008535,308.1043729701067
3008536,193.7426615636968
3008537,4.558031833517368
3008538,7.459033279172694
3008539,304.78790410389047
3008540,36.43830935121866
3008541,16.984466511874626
3008542,0.1692951814857195
3008543,8.649182647537975
3008544,2.835950526557792
3008545,0.3618548678223086
3008546,5.284757813778774
3008547,251.14731904868495
3008548,0.24975587651612038
3008549,295.3151674356886
3008550,19.17493276974218
3008551,193.99330440635262
3008552,268.0606135221887
3008553,299.2971888662319
3008554,239.9242221456893
3008555,156.18695021560018
3008556,267.8875997465826
3008557,44.54771248473899
3008558,0.4491374518300155
3008559,24.037894068938783
3008560,40.132698028687734
3008561,0.28265413551265495
3008562,282.2830378361644
3008563,14.09531979470269
3008564,39.212810574072385
3008565,11.601617402698949
3008566,76.16670198758756
3008567,12.71238569716073
3008568,324.2142378988177
3008569,305.98139167340145
3008570,18.721765047214987
3008571,10.922939582779513
3008572,314.14410332365304
3008573,116.00743554120962
3008574,15.16215020584175
3008575,0.030639761467231866
3008576,24.876056233120963
3008577,3.8563407216056933
3008578,0.14817199535290396
3008579,6.939826079628723
3008580,232.88225902224394
3008581,0.10891665718355122
3008582,319.92895723322624
3008583,9.093736907384528
3008584,331.63779344920243
3008585,250.12786350526443
3008586,172.53820027456976
3008587,158.06591227752492
3008588,107.13434870795362
3008589,278.062923824911
3008590,28.561921815980998
3008591,1.8411891877454758
3008592,18.349936863566455
3008593,19.139464221730123
3008594,0.14181491618008582
3008595,143.62179893035287
3008596,0.14181491618008582
3008597,27.76178705905887
3008598,7.2389104203258166
3008599,131.17379507297144
3008600,12.485555464292297
3008601,208.854313509499
3008602,151.7308354462987
3008603,5.577195616490244
3008604,8.57462655848775
3008605,196.9216838432122
3008606,49.041298180339616
3008607,124.25487126009354
3008608,0.9987882051220804
3008609,5.65142775123509
3008610,5.852449931580147
3008611,0.472961209277876
3008612,1.0947784623108623
3008613,310.6321085553491
3008614,0.472961209277876
3008615,286.24288850575033
3008616,7.497189782669832
3008617,319.324495351263
3008618,308.4984789465929
3008619,111.55814663676992
3008620,47.752806263901036
3008621,43.728048797584435
3008622,144.3246943211982
3008623,25.36026417699077
3008624,0.8353850452697587
3008625,13.89332208582713
3008626,11.720716803819567
3008627,0.6897159245329103
3008628,123.15425627080275
3008629,0.5308935224214103
3008630,9.520143252637416
3008631,2.02170010242995
3008632,24.055520954433156
3008633,0.5108709791616481
3008634,291.185792456612
3008635,190.68456715515103
3008636,3.5587561447923077
3008637,2.1023767116163863
3008638,194.3856188592836
3008639,28.773446861857074
3008640,348.97575946475484
3008641,1.4053366870167459
3008642,4.588336218748205
3008643,10.729568477733192
3008644,0.7624688984479612
3008645,7.0657112023480835
3008646,134.95388059072607
3008647,0.5122165474472289
3008648,342.1061787589987
3008649,23.083452250208392
3008650,329.5759671482106
3008651,298.9927213068709
3008652,311.8357841368314
3008653,306.535720207563
3008654,185.83781698040067
3008655,149.1917904693659
3008656,41.408093047508686
3008657,4.426483839593977
3008658,28.569509483737033
3008659,39.296887275280035
3008660,0.6897159245329103
3008661,303.18683954578773
3008662,9.612215093094248
3008663,52.900427821002104
3008664,10.554481013296362
3008665,141.365858175287
3008666,5.225808587447805
3008667,309.71149431363267
3008668,327.41426360441613
3008669,14.327051931421812
3008670,11.796185996509552
3008671,348.5975830608777
3008672,116.81510464742601
3008673,23.843087285372295
3008674,2.2777685532594427
3008675,23.43468092412944
3008676,9.513088707093747
3008677,0.472961209277876
3008678,7.039279133757126
3008679,301.25662206155494
3008680,0.472961209277876
3008681,384.36377249523713
3008682,18.95058970118463
3008683,315.7118652333442
3008684,348.7396255305434
3008685,342.44259482214096
3008686,276.8525525949467
3008687,96.11549674953116
3008688,188.3026751228766
3008689,23.744314399481848
3008690,2.4272321912409978
3008691,39.68724869861425
3008692,29.770811612711466
3008693,1.5130438430219153
3008694,317.7165070495237
3008695,0.5058594682744108
3008696,7.479829188889268
3008697,8.261223494638413
3008698,76.40969533574452
3008699,1.3626893917073277
3008700,257.03429398853325
3008701,318.6279127309263
3008702,5.813000667537419
3008703,6.633867504101167
3008704,297.82538035272484
3008705,90.95120978340042
3008706,123.17598686498117
3008707,4.187101681548061
3008708,7.199697826924256
3008709,8.302351439407543
3008710,1.0555542356512961
3008711,4.603768905818309
3008712,262.13857838921314
3008713,0.472961209277876
3008714,383.84371856027246
3008715,13.78677304586461
3008716,262.3427398601199
3008717,358.40362232950054
3008718,289.0078233808404
3008719,268.99960560604467
3008720,84.98670488513058
3008721,323.91457007824283
3008722,28.30639722936798
3008723,2.0974727772705384
3008724,32.37141343470895
3008725,29.0854409348446
3008726,0.5058594682744108
3008727,307.7170832612482
3008728,0.5058594682744108
3008729,7.9091695211514805
3008730,6.62658058129098
3008731,88.60244435050134
3008732,2.1023767116163863
3008733,140.22193914567714
3008734,289.3280044013845
3008735,6.082201134748796
3008736,6.3793469051745335
3008737,256.8905570423451
3008738,80.44393304860054
3008739,140.7927040794254
3008740,2.4678259774184146
3008741,9.947563947682369
3008742,13.084757657223165
3008743,1.7865051949345214
3008744,21.04297498827179
3008745,118.23380552697236
3008746,0.388411296534608
3008747,230.72206394973566
3008748,40.38777937296582
3008749,106.27509212832156
3008750,288.5893859734141
3008751,333.690542780803
3008752,358.4582573596191
3008753,326.120388284035
3008754,355.1258505819297
3008755,105.45585038131311
3008756,3.1558551849519962
3008757,68.2727188312474
3008758,70.99932263805633
3008759,0.44634360967814213
3008760,353.91887143619994
3008761,57.75906114394001
3008762,64.88000075014831
3008763,34.351549703962014
3008764,255.578744208981
3008765,33.215868457314684
3008766,25.082274350998436
3008767,356.1831202628252
3008768,24.30323684155912
3008769,29.21933645020524
3008770,277.57002773958004
3008771,289.10108923537007
3008772,34.13408119637297
3008773,0.8566180221372396
3008774,101.97941453424761
3008775,4.095724157452182
3008776,1.0429168504175497
3008777,1.0393620306985338
3008778,324.19242203239594
3008779,0.3599560712028514
3008780,200.8871069030018
3008781,5.451458958561619
3008782,330.4134408707969
3008783,301.4891145224608
3008784,133.4884367447653
3008785,176.87579147245964
3008786,55.313825755305864
3008787,189.56032850189834
3008788,11.40011371638578
3008789,0.5767107864578856
3008790,16.575349453721877
3008791,10.451822884402471
3008792,0.5767107864578856
3008793,157.0394645593784
3008794,2.149312343187149
3008795,0.01913910652688198
3008796,4.038125082574955
3008797,46.65367905612443
3008798,1.155762695502459
3008799,67.42267951713875
3008800,106.02071087130523
3008801,2.683964772087143
3008802,4.231087531198784
3008803,122.25956478198113
3008804,24.244815960655558
3008805,203.43451506303637
3008806,0.14585146704120036
3008807,4.037878125883489
3008808,10.30192981361327
3008809,0.5005102878407963
3008810,6.500575475756504
3008811,279.58418843916604
3008812,0.388411296534608
3008813,366.6974987086455
3008814,11.80420062110273
3008815,140.20904931129778
3008816,241.4437661187981
3008817,298.47384472222456
3008818,313.20729329625857
3008819,101.83999771642003
3008820,185.41315473776086
3008821,26.111497926017847
3008822,0.6051660117896422
3008823,30.999067034726153
3008824,28.622284555570342
3008825,0.4213095555311426
3008826,315.2288913542538
3008827,1.7642732281690505
3008828,10.55739858762111
3008829,12.782780929139463
3008830,18.965544261879696
3008831,2.3963837820625624
3008832,334.05506818302945
3008833,301.053383271575
3008834,4.558031833517368
3008835,11.757390856355771
3008836,172.60468338785833
3008837,89.35565438069308
3008838,122.64521072717581
3008839,2.6051997042563717
3008840,6.046798014780144
3008841,2.376448453322536
3008842,0.3599560712028514
3008843,0.8114941874102778
3008844,287.06759732831154
3008845,0.3599560712028514
3008846,171.9583381904057
3008847,5.153882703129406
3008848,343.06986411961947
3008849,195.1421240229921
3008850,94.45716567246764
3008851,189.035461929334
3008852,20.919995170502446
3008853,168.15905663221187
3008854,8.554084609037242
3008855,0.5767107864578856
3008856,12.688550708938031
3008857,5.96746409674229
3008858,0.3978658410866234
3008859,95.91787183543101
3008860,0.392854330199386
3008861,0.01913910652688198
3008862,0.9412035292906908
3008863,31.364258892747632
3008864,0.5767107864578856
3008865,78.75503401832304
3008866,94.24128035479481
3008867,0.6575019614150385
3008868,1.038327946706522
3008869,71.10376147678973
3008870,12.595831869793866
3008871,250.61191858707286
3008872,0.14083995615396291
3008873,2.4123531440931902
3008874,8.928612942566351
3008875,0.388411296534608
3008876,3.47107040013781
3008877,246.89243096897232
3008878,0.388411296534608
3008879,309.18955514482127
3008880,12.608743959802378
3008881,122.36859658239322
3008882,339.1295985915817
3008883,208.57336021470235
3008884,167.62018262404098
3008885,65.63007754948514
3008886,160.20994062498417
3008887,7.198800394946295
3008888,0.8335353164808699
3008889,34.54762642104973
3008890,24.10140726426749
3008891,0.5183642604818687
3008892,275.53648545607837
3008893,0.4213095555311426
3008894,0.04759433185863859
3008895,16.3870530056071
3008896,47.45628943200273
3008897,1.6378684709455835
3008898,295.86837314415635
3008899,290.9619482006309
3008900,2.7542078871207627
3008901,5.458443215439718
3008902,259.3499921992466
3008903,30.856669533864075
3008904,113.625618817222
3008905,0.1692951814857195
3008906,0.9887564043377414
3008907,4.237431732975998
3008908,0.6588475297006193
3008909,3.0709517851200885
3008910,134.1035206750241
3008911,0.3599560712028514
3008912,258.84013841230757
3008913,9.474884506563836
3008914,255.72041955639796
3008915,224.8950401818949
3008916,244.8068757231716
3008917,148.39035111501823
3008918,72.68807843347699
3008919,184.93848272677437
3008920,13.76036715754323
3008921,5.450113390276036
3008922,34.52553971127505
3008923,47.937977735767795
3008924,0.3978658410866234
3008925,224.31993031927473
3008926,2.5633870229437576
3008927,5.307494938057762
3008928,3.5006485059361165
3008929,34.56200446134484
3008930,2.095153502146469
3008931,189.06600787834446
3008932,296.5730059291172
3008933,4.282662727073402
3008934,7.590929489790596
3008935,140.88944273508739
3008936,36.605779761223374
3008937,120.96085139585475
3008938,4.655985116299953
3008939,3.7861107085295402
3008940,4.451267281499017
3008941,0.3599560712028514
3008942,0.6143421156923997
3008943,246.11922330784927
3008944,0.3599560712028514
3008945,155.8614119358737
3008946,4.091631350625762
3008947,349.00303504871187
3008948,242.62073206676894
3008949,115.49955612380784
3008950,213.5364045584384
3008951,61.0594896461136
3008952,175.8011949805851
3008953,16.484701180258188
3008954,0.9933642290559151
3008955,13.650135859581246
3008956,14.616346765741673
3008957,0.48990903515011197
3008958,129.8042852563283
3008959,0.392854330199386
3008960,0.01913910652688198
3008961,0.6673177330140087
3008962,70.07766666260468
3008963,0.7362412825652044
3008964,242.14058703792338
3008965,119.36257448673335
3008966,1.0317860172453726
3008967,1.4894896256156926
3008968,76.01974528084637
3008969,27.625235761328693
3008970,311.7417083235851
3008971,0.14585146704120036
3008972,2.1323000168547
3008973,5.354405724594829
3008974,0.3599560712028514
3008975,1.8751572171735513
3008976,229.20282185549968
3008977,0.3599560712028514
3008978,357.52218317286344
3008979,10.862473851827142
3008980,263.8507679727905
3008981,314.84766579317716
3008982,248.0326579221131
3008983,158.7680509250049
3008984,113.11322485746916
3008985,300.4721442849393
3008986,15.43603470071758
3008987,0.5767107864578856
3008988,33.20094465098502
3008989,14.536451423295146
3008990,0.41788838434638553
3008991,268.6539163363005
3008992,0.392854330199386
3008993,26.21616291733351
3008994,4.094378589166599
3008995,69.25612033021227
3008996,1.7075021201922203
3008997,238.77062437099042
3008998,272.51421058944265
3008999,3.4700305491877783
3009000,3.642356081459932
3009001,141.2512487825013
3009002,51.0873889697471
3009003,140.67969894135035
3009004,1.4877496058519788
3009005,2.108509482794504
3009006,4.631935894755397
3009007,0.1657287832433891
3009008,11.201622580913794
3009009,272.17397314420964
3009010,0.1657287832433891
3009011,297.8335140562009
3009012,7.143527171190082
3009013,327.76885280397727
3009014,311.57888704099116
3009015,144.1938495966485
3009016,119.42365671542538
3009017,94.57260062500553
3009018,134.82204047672366
3009019,62.298124579725524
3009020,1.8752121917845128
3009021,19.899801127089805
3009022,26.64074174711723
3009023,0.48443038831704754
3009024,237.30059700091937
3009025,24.07982313010095
3009026,20.325828899575864
3009027,1.6391890819535537
3009028,88.92128823587822
3009029,9.665214052212233
3009030,217.70414474423674
3009031,257.780699870622
3009032,13.46846020086211
3009033,13.499715530991713
3009034,221.18903109003566
3009035,67.65271319153814
3009036,14.751853439720994
3009037,0.0
3009038,12.605991996989383
3009039,7.995296790691941
3009040,0.3599560712028514
3009041,13.036192459352847
3009042,276.0578663647655
3009043,0.3599560712028514
3009044,352.6646075056535
3009045,15.593336101191635
3009046,80.29361271440176
3009047,262.55010129827923
3009048,167.4935786275835
3009049,127.32163004942818
3009050,117.65954426490484
3009051,131.96938544358596
3009052,36.308188689749954
3009053,1.3967060051122324
3009054,52.81491253040201
3009055,86.83858557521091
3009056,0.392854330199386
3009057,296.1635743655133
3009058,32.91951904533408
3009059,18.94228492340754
3009060,10.881483263842307
3009061,140.81354168580512
3009062,15.562942035331066
3009063,168.87959768815747
3009064,328.57923891930477
3009065,8.71417489423763
3009066,14.69358228314726
3009067,154.31974235384422
3009068,96.2080080858597
3009069,16.19463948587985
3009070,11.71046633695405
3009071,18.739012547767025
3009072,10.080528151633015
3009073,0.3674246009135067
3009074,6.513047002357884
3009075,137.0080822502177
3009076,0.25532560960731837
3009077,333.8082795918597
3009078,6.851899000013654
3009079,137.2122437211244
3009080,319.36795897637046
3009081,230.37622981858098
3009082,300.6836121727716
3009083,70.04891194689208
3009084,184.33808616651893
3009085,44.482213517047704
3009086,2.9425399154630476
3009087,29.114120932888277
3009088,20.63670613032065
3009089,0.29323537949109024
3009090,325.98647839537836
3009091,6.452912095379066
3009092,14.776464068862825
3009093,8.35541519124916
3009094,66.87448095601908
3009095,4.131455703094883
3009096,181.91975412297904
3009097,316.9130592993612
3009098,7.3014573054344964
3009099,10.899217861452955
3009100,269.44981542964166
3009101,58.550467793830215
3009102,121.44866873973126
3009103,16.66392042313312
3009104,16.41551917379555
3009105,4.954678863539247
3009106,1.3089288837679536
3009107,9.849309435197977
3009108,106.85574135093204
3009109,0.388411296534608
3009110,340.4328008150593
3009111,9.417689678918007
3009112,292.706740962681
3009113,337.23427377071056
3009114,235.59324189883574
3009115,198.03699601844482
3009116,124.32809897078185
3009117,105.47382475012253
3009118,35.44373365349299
3009119,3.5554179808041666
3009120,17.423407944076388
3009121,14.337710555679491
3009122,0.42632106641837997
3009123,292.7865384776914
3009124,26.977220897832712
3009125,25.9364435481413
3009126,3.6868228635760074
3009127,94.65509155656576
3009128,8.744421523502309
3009129,331.9741645175334
3009130,293.84904555124785
3009131,8.558488069342747
3009132,10.507601569157185
3009133,342.09942320393867
3009134,61.47113887311351
3009135,20.73296873288486
3009136,0.1692951814857195
3009137,32.07106002479831
3009138,4.18496197114569
3009139,0.31460349103643326
3009140,6.332051035679541
3009141,317.33219388726025
3009142,0.25532560960731837
3009143,360.752854983388
3009144,11.241127988170296
3009145,282.5105278256702
3009146,321.343242078254
3009147,286.72803567323336
3009148,220.74445003160307
3009149,66.36354054440119
3009150,159.50954616493874
3009151,17.73384846506825
3009152,3.0490419033518275
3009153,33.47096486350392
3009154,28.43924355975604
3009155,0.4912798657890056
3009156,342.65672477197984
3009157,0.28822386860385285
3009158,0.0
3009159,9.668758741327666
3009160,37.38144107482533
3009161,2.2663796166150023
3009162,142.79299202800837
3009163,310.32294763614505
3009164,2.9694744100733232
3009165,11.985298000681773
3009166,222.89193733267848
3009167,67.25983446379176
3009168,113.4925331302947
3009169,0.03620949455842985
3009170,9.17238620357443
3009171,8.9610424520186
3009172,0.3745658403996502
3009173,12.465167230771746
3009174,254.8122589748168
3009175,0.3745658403996502
3009176,356.352340598577
3009177,13.451551075257912
3009178,296.1013427322319
3009179,351.4668471952127
3009180,265.2992034727417
3009181,199.88665109908575
3009182,162.58929879800124
3009183,178.37567805943087
3009184,62.71659229073509
3009185,1.7119027009682373
3009186,32.32926338575042
3009187,42.35115840957783
3009188,0.40746409939618466
3009189,308.4430267009313
3009190,30.05460394271546
3009191,26.122125525686446
3009192,10.647513448678541
3009193,132.10000010573043
3009194,15.180094226395333
3009195,275.79709255190284
3009196,320.6119073306785
3009197,16.441711430824878
3009198,9.857850077964637
3009199,257.76647321753194
3009200,83.28270443856292
3009201,19.31086244113492
3009202,0.7254201400181376
3009203,8.152316842288212
3009204,4.840772951911659
3009205,0.3745658403996502
3009206,8.871524110688126
3009207,229.2926685155304
3009208,0.3745658403996502
3009209,354.49425911601503
3009210,5.6433985103904
3009211,270.8845870994296
3009212,232.88082930458432
3009213,191.28854324048905
3009214,161.5112322462994
3009215,111.30445758325224
3009216,256.4110168856696
3009217,39.7670982948271
3009218,1.0810280774577439
3009219,32.57827593477904
3009220,29.855850495065248
3009221,0.40746409939618466
3009222,257.4818667431555
3009223,21.301218385323924
3009224,41.18071235042455
3009225,7.939989252736769
3009226,86.25530035709967
3009227,11.283291633425737
3009228,243.44151399671085
3009229,290.81009632529623
3009230,10.32493597340184
3009231,9.554652758801838
3009232,242.75649054063376
3009233,65.01037203045203
3009234,130.99370348017564
3009235,0.18048377949776132
3009236,16.73892295439322
3009237,7.6372356114925175
3009238,0.44417196278854243
3009239,7.01700842190024
3009240,140.32329105825474
3009241,0.4049166246191897
3009242,142.23012375814636
3009243,19.059883548522205
3009244,136.8121735415684
3009245,218.30205409270943
3009246,304.3657764562231
3009247,252.05490346149818
3009248,74.55017681109571
3009249,171.9460658603052
3009250,13.437919544788437
3009251,0.5156700476397976
3009252,21.05632784535597
3009253,25.58564615584081
3009254,0.4428263945029617
3009255,294.4784265025679
3009256,0.4378148836157243
3009257,9.771876498770705
3009258,2.4261798200476554
3009259,93.21068358085799
3009260,5.458632103688813
3009261,251.21204870959824
3009262,315.0843318193392
3009263,4.276048084615123
3009264,3.740202301828963
3009265,282.82545420193514
3009266,154.0081304605202
3009267,124.57834401689611
3009268,2.4769109514580574
3009269,1.9799157347922045
3009270,17.968504492721003
3009271,0.388411296534608
3009272,27.671549057024663
3009273,142.69069642010663
3009274,0.388411296534608
3009275,280.16331338716844
3009276,28.627296414080558
3009277,111.76389545497501
3009278,255.67866728099096
3009279,347.4448635816748
3009280,275.9771463381325
3009281,344.49734816536477
3009282,354.55633882943425
3009283,105.34038640332732
3009284,5.1384350751625565
3009285,175.28649083042114
3009286,160.16287031552142
3009287,0.5183642604818687
3009288,308.56368284955647
3009289,52.61126924208326
3009290,31.982116578204216
3009291,46.05308069867552
3009292,284.1314508835914
3009293,34.77263748982257
3009294,22.422602809741274
3009295,351.86080142636564
3009296,53.49194347484603
3009297,51.0212452023489
3009298,250.7992705747064
3009299,332.224277170422
3009300,39.4950812323373
3009301,271.15431303926823
3009302,118.29348125573183
3009303,22.293085869168653
3009304,0.388411296534608
3009305,24.442386911926803
3009306,136.91530045885824
3009307,0.388411296534608
3009308,147.47058302746717
3009309,28.617093217008907
3009310,134.09311951597013
3009311,181.62154624403104
3009312,377.7993595663774
3009313,321.9545436133491
3009314,325.49972961137183
3009315,333.10569602257965
3009316,188.88254901088752
3009317,2.572861621702901
3009318,92.49121708377099
3009319,110.61514884358714
3009320,1.5086830092823746
3009321,352.8787174998009
3009322,52.88148643849847
3009323,46.444460108233
3009324,18.381431597700097
3009325,290.7927035392112
3009326,26.125056466296023
3009327,34.04781134493234
3009328,347.77534252455837
3009329,33.937878008513074
3009330,39.97393805973182
3009331,161.5141729430271
3009332,320.31988331227933
3009333,49.657241202641224
3009334,230.4279283777609
3009335,130.46749993118402
3009336,17.965133726632992
3009337,0.388411296534608
3009338,31.79871216013034
3009339,144.7609371645597
3009340,0.4276666347039607
3009341,287.9413175851665
3009342,16.70743228249678
3009343,114.79889689209351
3009344,295.08554303013057
3009345,304.1197880522828
3009346,262.08963334217793
3009347,319.2487620189588
3009348,254.77247117010626
3009349,68.68829711122812
3009350,4.8263012974301365
3009351,56.705938733951754
3009352,39.139967683250006
3009353,1.1461365942627855
3009354,366.8741020595027
3009355,65.14587785499066
3009356,35.13980528990436
3009357,15.520228551216132
3009358,145.09977368912416
3009359,13.633715454716652
3009360,249.42661132728574
3009361,280.2049868730602
3009362,33.43908641463665
3009363,69.01050156796065
3009364,312.0359694742367
3009365,172.85238063196385
3009366,20.77801275086721
3009367,342.81024740682363
3009368,71.04474607010987
3009369,22.313969493589905
3009370,0.388411296534608
3009371,30.9913203681549
3009372,142.35726871920943
3009373,0.388411296534608
3009374,210.28800980014654
3009375,24.544676410419
3009376,84.2198360755793
3009377,255.67866728099096
3009378,337.39827776662213
3009379,346.3355006186116
3009380,330.843168108516
3009381,258.79716523331575
3009382,63.309562194274655
3009383,2.847907070247538
3009384,88.69651738453658
3009385,101.50711575990955
3009386,2.2206673972027087
3009387,298.88926009567524
3009388,52.041203841805924
3009389,38.032516876674414
3009390,19.382588789059163
3009391,295.40929741174745
3009392,17.821565249871345
3009393,16.972298865692032
3009394,338.8096281927521
3009395,33.31669530344217
3009396,45.807108709277045
3009397,273.8568454001293
3009398,291.0712544345852
3009399,23.418176126315377
3009400,198.11549681759996
3009401,89.76288101059747
3009402,18.848586342598022
3009403,0.388411296534608
3009404,35.48905440147977
3009405,108.93234743740398
3009406,0.388411296534608
3009407,349.04051233306956
3009408,20.181945441335753
3009409,99.77860260025437
3009410,281.461597153437
3009411,375.39835330790964
3009412,215.3211092373442
3009413,282.3718636622523
3009414,211.17742853703237
3009415,68.84768546160521
3009416,1.2770438312932182
3009417,48.7465754602314
3009418,63.7909054716706
3009419,0.5963922072564071
3009420,347.79041883686176
3009421,43.71369658257856
3009422,17.250332329644152
3009423,9.206326053518278
3009424,144.37815304954418
3009425,9.221417647295945
3009426,274.6606584303823
3009427,351.30168780502447
3009428,24.999471631518965
3009429,39.69046895894702
3009430,283.59670147520904
3009431,138.6512416606901
3009432,23.979535709171007
3009433,239.17975244853517
3009434,34.565323959404836
3009435,13.939093497696883
3009436,0.388411296534608
3009437,17.609686406475845
3009438,140.5370104032235
3009439,0.388411296534608
3009440,277.55565630726386
3009441,27.85242260075619
3009442,105.54348148348708
3009443,264.6347688268314
3009444,360.5816098990129
3009445,357.48713039436143
3009446,331.0404856375377
3009447,335.7222152419981
3009448,87.70542100928955
3009449,3.0410951425001893
3009450,68.02298752500951
3009451,55.3861875877761
3009452,0.8864450507265134
3009453,371.89599926519804
3009454,33.769829751898165
3009455,33.47617238893377
3009456,24.261172097622776
3009457,292.74760779790375
3009458,23.76600033144096
3009459,196.37862731159828
3009460,359.09942462866667
3009461,26.82362051110079
3009462,40.70489866487802
3009463,130.7634715016983
3009464,273.93370856100773
3009465,38.43116787381233
3009466,273.7210952401233
3009467,88.42183904494237
3009468,7.519133493715776
3009469,0.7425276151028075
3009470,11.336320489778034
3009471,269.3697335067615
3009472,0.388411296534608
3009473,339.6736604107308
3009474,27.25986354068002
3009475,264.69495876692963
3009476,271.10691152574725
3009477,246.21618264775262
3009478,120.00374555308446
3009479,104.73919271142894
3009480,120.25260068421223
3009481,73.73117068914331
3009482,1.6099572951451215
3009483,29.887116403078856
3009484,25.88174570140011
3009485,0.5020922083161258
3009486,281.60215384505415
3009487,16.728054948210712
3009488,11.286416564604309
3009489,14.586668628146704
3009490,65.20113182498005
3009491,8.73173426028569
3009492,277.7856329054395
3009493,304.6086232425634
3009494,3.771363160162448
3009495,7.96869179913662
3009496,255.57545487331276
3009497,63.860209344449515
3009498,12.953145519966732
3009499,0.9994175394296092
3009500,9.09836199875595
3009501,13.321442843830527
3009502,0.388411296534608
3009503,19.452567716043603
3009504,114.9821756890043
3009505,0.388411296534608
3009506,327.3356734607587
3009507,40.06408331031592
3009508,68.93561789935885
3009509,325.75226794228524
3009510,351.06690986640444
3009511,155.08358197839698
3009512,165.69249949542032
3009513,192.11595983421054
3009514,146.9482308270831
3009515,2.391479847716714
3009516,64.12232773564908
3009517,46.10255119087133
3009518,0.44634360967814213
3009519,335.67318281429124
3009520,33.979915379404375
3009521,10.364079682163473
3009522,5.4584994371975135
3009523,133.29244927741243
3009524,11.489561537401949
3009525,342.87463197583685
3009526,361.8404174292298
3009527,14.751769288660842
3009528,33.754518797431345
3009529,341.3498724539329
3009530,99.17896792220806
3009531,20.06631197950272
3009532,301.1149703993698
3009533,24.736511906084782
3009534,8.069124132569577
3009535,0.34477348964460935
3009536,10.62019314674402
3009537,142.16545990906025
3009538,0.34477348964460935
3009539,278.78947738182944
3009540,10.402076462024459
3009541,79.02776932977618
3009542,263.86950584195824
3009543,308.67341454678353
3009544,338.453231257336
3009545,292.09536300980557
3009546,257.9947739088405
3009547,57.75967133772939
3009548,2.303666796887069
3009549,41.625806666045776
3009550,53.66074453372278
3009551,0.8146902885861417
3009552,331.9478827841746
3009553,4.643334342517625
3009554,54.46185832898684
3009555,6.825150060880844
3009556,216.10245767667294
3009557,12.729709246749456
3009558,172.1807411195935
3009559,333.74660220348085
3009560,25.89533787952139
3009561,15.874341000340966
3009562,122.29636393959156
3009563,159.35997015800447
3009564,29.33087454533849
3009565,4.812141257752245
3009566,65.65404077440014
3009567,15.844396490692864
3009568,0.388411296534608
3009569,11.90272100534619
3009570,244.27021473029092
3009571,0.388411296534608
3009572,222.71692369255408
3009573,15.339104665914649
3009574,194.73425178545529
3009575,263.21802694684123
3009576,333.27231822413734
3009577,277.4252300064234
3009578,316.56912020048804
3009579,272.1605300119518
3009580,70.86737457512002
3009581,4.3646018455148035
3009582,61.529452809849
3009583,63.375569872226215
3009584,0.5963922072564071
3009585,342.1573223268781
3009586,11.068189748579014
3009587,63.55587835877635
3009588,11.895143333597668
3009589,286.57207314679084
3009590,12.823674676799875
3009591,344.27805507424347
3009592,333.1585086059513
3009593,19.27124645472376
3009594,35.18511341173449
3009595,348.5888096361086
3009596,146.77926557157826
3009597,146.09430942065364
3009598,7.704430656320512
3009599,9.963963640685233
3009600,11.591323574174806
3009601,0.388411296534608
3009602,7.444195026595707
3009603,191.10721509383703
3009604,0.388411296534608
3009605,352.5075486065761
3009606,11.152295471848872
3009607,196.82930969728
3009608,345.8071105027014
3009609,292.84271744649516
3009610,136.75595140196745
3009611,147.20433439461124
3009612,165.1897287827977
3009613,24.05909502841785
3009614,3.036191208154341
3009615,37.92712666515751
3009616,30.354444843346776
3009617,0.42632106641837997
3009618,292.7921302451107
3009619,8.156787676579375
3009620,17.518561792525016
3009621,9.269604416153204
3009622,111.0922139027542
3009623,5.984075016424113
3009624,300.4715344947635
3009625,307.7928258644555
3009626,6.492248254008625
3009627,8.134003481375604
3009628,264.33686052455005
3009629,84.49939631662455
3009630,9.96963089968176
3009631,0.4503791254454105
3009632,4.417084979661669
3009633,8.352816313798833
3009634,0.388411296534608
3009635,5.051217169607852
3009636,337.80098077665184
3009637,0.388411296534608
3009638,300.8783026845448
3009639,5.474963109951963
3009640,219.70901714222526
3009641,320.30171325297556
3009642,313.5624334151501
3009643,90.14463441190387
3009644,45.260097078785925
3009645,177.4614747489173
3009646,17.26489708370155
3009647,1.434157971616256
3009648,39.434099685547004
3009649,12.794661990028548
3009650,0.4213095555311426
3009651,319.1339834413022
3009652,0.4213095555311426
3009653,0.04759433185863859
3009654,5.77705769259462
3009655,35.601938972511164
3009656,1.2939374037992233
3009657,65.5684751983713
3009658,251.3346492692399
3009659,0.44634360967814213
3009660,3.0633405738588864
3009661,80.42328283062673
3009662,121.68430059735374
3009663,283.8984151890435
3009664,0.1692951814857195
3009665,3.7449922046359467
3009666,9.865790838177405
3009667,0.388411296534608
3009668,11.09377008988672
3009669,137.82610585356366
3009670,0.388411296534608
3009671,338.90738090215604
3009672,15.471170947104659
3009673,104.27011078086277
3009674,260.63423872351075
3009675,321.8873413633077
3009676,253.2608261247251
3009677,182.48865171167998
3009678,183.74913595670154
3009679,45.383095187850486
3009680,2.027544058590191
3009681,35.79177681166933
3009682,72.21185398949005
3009683,0.4213095555311426
3009684,320.9335592539448
3009685,35.55449783760668
3009686,21.66628337355336
3009687,19.18246523904234
3009688,104.98881018356752
3009689,8.898829239233075
3009690,340.14332279762067
3009691,317.6110178848055
3009692,12.11765328109405
3009693,19.103739654258145
3009694,307.22130065413563
3009695,128.61681075816077
3009696,32.92342622249338
3009697,0.1692951814857195
3009698,47.84912605346295
3009699,5.483412803297346
3009700,0.4276666347039607
3009701,10.339753353520216
3009702,106.21552841296962
3009703,0.4276666347039607
3009704,266.73453696857536
3009705,18.886614999555455
3009706,55.61585431341256
3009707,231.89972249410445
3009708,193.973244664301
3009709,273.82386275753936
3009710,252.2478921309046
3009711,198.04253487755796
3009712,40.6554191743431
3009713,3.230518743884652
3009714,34.16186881805251
3009715,37.48382146267688
3009716,0.9718328203575295
3009717,264.70164086690426
3009718,18.794255937261145
3009719,43.89971723134111
3009720,15.817881219689259
3009721,191.83822787157325
3009722,15.093578373165
3009723,327.29927317638874
3009724,252.36401754399057
3009725,8.339466976056752
3009726,16.80916570368974
3009727,194.0328791374632
3009728,127.00409126619236
3009729,27.66922445194268
3009730,0.2500778342707028
3009731,44.15173643361319
3009732,5.46340342855011
3009733,1.4211685951468942
3009734,16.538182623256834
3009735,140.04865030670825
3009736,0.388411296534608
3009737,262.71200198074257
3009738,24.24824033838099
3009739,104.53419131771624
3009740,285.48009423006977
3009741,314.1199791060554
3009742,307.42541398409224
3009743,195.61846165904254
3009744,185.3720769229854
3009745,46.28534560285016
3009746,5.2039226165130845
3009747,42.41080961284474
3009748,65.27766380929648
3009749,0.4213095555311426
3009750,322.36232176033263
3009751,40.105950637884256
3009752,41.0052092108274
3009753,29.838847265668605
3009754,134.3673756423367
3009755,22.217269178570042
3009756,335.3751613030141
3009757,325.98543506894276
3009758,25.99078133488262
3009759,22.641866042985964
3009760,172.71221939915097
3009761,179.52912218194805
3009762,16.977433811057853
3009763,3.558129257480898
3009764,44.107226265571754
3009765,16.642337874002102
3009766,1.0403199259079607
3009767,12.578329198059032
3009768,144.28692904987452
3009769,0.388411296534608
3009770,329.0476145048904
3009771,17.71516508910586
3009772,142.1212709530991
3009773,240.60713115443846
3009774,331.9949007144946
3009775,264.78035377077083
3009776,130.97795265312874
3009777,183.04027566349416
3009778,20.03343479027027
3009779,2.513284344887168
3009780,54.98663186202602
3009781,57.150252487644224
3009782,0.4213095555311426
3009783,344.590928313023
3009784,16.01417050203422
3009785,5.978356274556593
3009786,16.215205149219724
3009787,79.43947091396619
3009788,4.803475304681026
3009789,331.6711043585143
3009790,349.6375922473224
3009791,8.997150718496018
3009792,8.913936604209313
3009793,338.87343948882113
3009794,121.3862548593681
3009795,129.0372477623527
3009796,120.3461921864424
3009797,19.38563388032783
3009798,5.128932857452145
3009799,0.5119234121944289
3009800,6.931088823830913
3009801,278.0847895876563
3009802,0.5119234121944289
3009803,344.20453330822966
3009804,11.619907097784035
3009805,273.2558557906081
3009806,349.94842158083173
3009807,144.86643838304278
3009808,133.39028190029921
3009809,127.26090238899374
3009810,171.82738439979053
3009811,15.782722163898914
3009812,2.291337593418087
3009813,19.334875537033195
3009814,27.435438162390387
3009815,1.4644465143591108
3009816,197.04308784815677
3009817,14.113044879218414
3009818,16.12894527548665
3009819,7.749991285252181
3009820,79.41603417897714
3009821,6.555910237086757
3009822,258.94111931415006
3009823,176.73642915565608
3009824,3.308118388070633
3009825,11.904915771667499
3009826,265.1670596214458
3009827,60.213305803944905
3009828,13.281828613801327
3009829,0.29280729714554055
3009830,24.90378323037751
3009831,0.618840581506084
3009832,0.0
3009833,1.3996272373165248
3009834,329.4917766565828
3009835,0.0
3009836,106.01157744065733
3009837,3.190491425340935
3009838,258.965611437987
3009839,293.7291989365644
3009840,249.5046336626681
3009841,80.1200525422083
3009842,27.183789958369296
3009843,159.1600164048717
3009844,5.101875165743431
3009845,0.03513549367523325
3009846,8.17811436946642
3009847,6.578162665344754
3009848,0.0
3009849,182.05602426865363
3009850,3.2257101831632546
3009851,0.0
3009852,1.06451890674779
3009853,11.518523810530052
3009854,0.012632665604379471
3009855,181.89758803948695
3009856,184.86283780551378
3009857,0.26047537703008156
3009858,3.189145857055354
3009859,132.82876421418624
3009860,24.750865558854443
3009861,249.57427806210268
3009862,7.079135241540221
3009863,1.414437504417708
3009864,6.007516250831608
3009865,0.0
3009866,3.781847702822942
3009867,135.23121556125304
3009868,0.0
3009869,279.6056274166886
3009870,10.981051896365654
3009871,137.488463577137
3009872,329.7729208045444
3009873,357.3059141512452
3009874,248.8564271890954
3009875,71.39566751269717
3009876,167.58670471352622
3009877,24.31443221810727
3009878,0.49109003362618453
3009879,18.840326380175963
3009880,23.057892433105117
3009881,0.0
3009882,347.62260080221597
3009883,10.53497419652429
3009884,0.8229265049352665
3009885,8.131663975977313
3009886,29.010846631653546
3009887,1.3429335001536469
3009888,268.7797172532814
3009889,330.0643005229209
3009890,2.354210476479133
3009891,14.44681238238442
3009892,273.84549405939066
3009893,79.47830673296511
3009894,160.09375107602932
3009895,13.769063434192482
3009896,8.377405123856487
3009897,5.348251967619997
3009898,0.0
3009899,3.266326926467126
3009900,293.6048171515082
3009901,0.0
3009902,198.15771863983124
3009903,11.093475279961217
3009904,271.8246085267662
3009905,353.83943657738746
3009906,201.912546123707
3009907,84.02785198856552
3009908,31.65557000627174
3009909,303.75218958503
3009910,7.557675264800048
3009911,0.11522523938533623
3009912,8.154819538579611
3009913,19.242468152859864
3009914,0.040403825794302475
3009915,190.60289250295668
3009916,6.168585449960967
3009917,0.0
3009918,11.370973413219156
3009919,30.49038930070451
3009920,0.6559064731467321
3009921,146.20366378978642
3009922,177.57655622728487
3009923,0.7624365591077626
3009924,5.670232278613757
3009925,155.3300079575024
3009926,27.13478639562361
3009927,331.28273835460465
3009928,16.20551358765812
3009929,2.762545485043314
3009930,3.919929019699807
3009931,0.0
3009932,3.437048148997768
3009933,292.46213457628033
3009934,0.0
3009935,136.01528354824174
3009936,6.360140035753842
3009937,320.72670813342233
3009938,281.8097739465022
3009939,166.52087971220155
3009940,70.28484562107464
3009941,30.059432253052037
3009942,149.25286079200876
3009943,13.774080104108323
3009944,0.020381282534540267
3009945,18.536111611893933
3009946,9.900364431516103
3009947,0.015369771647302856
3009948,155.09626943960075
3009949,0.8186900656994068
3009950,0.0
3009951,2.5149796322247027
3009952,32.726761531304
3009953,0.7707184446418189
3009954,156.8214910680401
3009955,201.000132835802
3009956,0.10869577953556171
3009957,4.127880540257165
3009958,76.33692450663597
3009959,20.54523225492015
3009960,176.4733299387024
3009961,8.683199505130755
3009962,0.7048458957804951
3009963,3.3607311145262413
3009964,0.0
3009965,1.6227949638920833
3009966,326.6271034436843
3009967,0.0
3009968,174.06247527100214
3009969,9.305876458223564
3009970,296.5475922785326
3009971,349.7417993135515
3009972,247.51306020713858
3009973,54.65979246773613
3009974,34.03264847542766
3009975,303.50407310648745
3009976,8.362862662616958
3009977,0.3619960519246409
3009978,6.851199492357498
3009979,23.031259894151457
3009980,0.040403825794302475
3009981,200.52249635611304
3009982,0.6198792099175537
3009983,0.0
3009984,2.9589382344086004
3009985,15.962029842589649
3009986,0.766525075135808
3009987,193.6565533482369
3009988,253.9231792236072
3009989,0.6687903273765609
3009990,3.887628088120629
3009991,68.01016718554008
3009992,80.56287465136117
3009993,337.86057639542764
3009994,9.800238503383333
3009995,2.6091459370748145
3009996,2.7243961087290165
3009997,0.20585354235794454
3009998,4.619955346643889
3009999,249.74513264216876
3010000,0.0
3010001,159.83158377149215
3010002,3.353044906398038
3010003,139.25024291054538
3010004,328.66422726309264
3010005,265.64027546417174
3010006,118.07746910543449
3010007,53.75012864711727
3010008,167.8597230431471
3010009,8.166702421756373
3010010,0.796097909446779
3010011,13.613137620183169
3010012,14.602498717860557
3010013,0.0
3010014,211.74731261189896
3010015,6.873386160078742
3010016,0.0
3010017,2.773410845112996
3010018,18.10157567834997
3010019,0.7145902956499238
3010020,124.81139477606936
3010021,191.7267794946201
3010022,0.2605217918311305
3010023,3.8450231655538976
3010024,107.12051324890088
3010025,34.914090274100715
3010026,160.85423348227857
3010027,15.34806847723306
3010028,3.0111721244370764
3010029,3.8154133705458815
3010030,0.0
3010031,0.9682718393836806
3010032,306.9705573781598
3010033,0.0
3010034,176.97271756300952
3010035,5.367488865469405
3010036,264.0135930701209
3010037,261.0638946659742
3010038,166.0538190897385
3010039,152.60523331425065
3010040,27.815422596657463
3010041,232.0569600541918
3010042,4.2717748499916395
3010043,0.0
3010044,11.14395424826431
3010045,11.922363649610238
3010046,0.00473419818866007
3010047,167.13514741916003
3010048,0.0
3010049,0.0
3010050,1.2735671624972544
3010051,23.422595640747364
3010052,0.6929647892754793
3010053,51.279936419523224
3010054,143.44513310897165
3010055,0.36930154023954986
3010056,2.0984597930651323
3010057,64.73058337520209
3010058,32.58850210700962
3010059,301.9753099360668
3010060,0.0
3010061,0.0
3010062,8.013474080739037
3010063,0.3061343561449978
3010064,3.569653669142446
3010065,282.70475334011263
3010066,0.0
3010067,339.68876103150245
3010068,6.740449252371412
3010069,284.22566959070826
3010070,256.8014359385201
3010071,348.31729514257063
3010072,258.6530945648264
3010073,84.39060100315436
3010074,270.9282893728968
3010075,14.599459790643369
3010076,0.6011893202963495
3010077,22.94592965234075
3010078,25.70385439195261
3010079,0.0
3010080,293.4543355535697
3010081,0.35084085497027273
3010082,0.0
3010083,9.676679724622236
3010084,31.975386681045006
3010085,2.5954157738248607
3010086,268.6412579253114
3010087,275.18147197987605
3010088,0.8958174160815395
3010089,7.73129080338009
3010090,332.33952560417356
3010091,54.74027987412009
3010092,9.551846050035005
3010093,32.52307555367574
3010094,10.175218035603542
3010095,2.637832267143844
3010096,0.27459875279165125
3010097,7.94835841732191
3010098,270.47624053499584
3010099,0.0
3010100,199.9611981423551
3010101,6.947170575507425
3010102,202.03533186881666
3010103,257.40468524722326
3010104,204.13439667920667
3010105,224.42721010118737
3010106,44.00797854985957
3010107,293.866761319446
3010108,10.181322504969312
3010109,0.42000967086064245
3010110,15.1220656534668
3010111,18.00021989144471
3010112,0.0
3010113,179.42403580715325
3010114,10.109998181792868
3010115,3.425543827671367
3010116,7.769771379019738
3010117,38.71654729445678
3010118,0.5811028043922593
3010119,85.17410422632639
3010120,178.10690782860397
3010121,3.1739632754971123
3010122,5.9522078159238205
3010123,163.1499254062777
3010124,47.49516037032955
3010125,122.46114321663224
3010126,50.986525701793184
3010127,10.72752434567233
3010128,6.1185351822200085
3010129,0.45414444252612607
3010130,2.7039018190075175
3010131,135.4253247513138
3010132,0.0
3010133,183.53444571495848
3010134,5.729476965160356
3010135,298.6187482303503
3010136,327.4737216245672
3010137,286.77249911712767
3010138,93.78283812731081
3010139,36.31005804366019
3010140,166.85451581742953
3010141,26.78659448601688
3010142,0.6251205508086609
3010143,10.282079264261577
3010144,19.630541508389385
3010145,0.020381282534540267
3010146,181.97493177969608
3010147,7.945527748763123
3010148,0.0
3010149,3.4208803937234116
3010150,31.87415419507369
3010151,1.8649960424025647
3010152,142.64947947739194
3010153,187.96769290611476
3010154,1.0069742036062093
3010155,3.918583451414226
3010156,94.84942439071759
3010157,23.736785235898022
3010158,338.4916736359657
3010159,12.48222306989433
3010160,3.710028186144162
3010161,6.764301938022736
3010162,0.0
3010163,9.674446103446988
3010164,113.96464234334394
3010165,0.0
3010166,351.8267285871462
3010167,10.19709416763525
3010168,269.32002725146367
3010169,300.5671644922124
3010170,209.73914813843484
3010171,162.53311132574115
3010172,90.50427921966241
3010173,150.40731577359566
3010174,44.76753373674731
3010175,0.6317288044855038
3010176,14.035032991921367
3010177,29.91702846567601
3010178,0.0
3010179,247.26151545361574
3010180,19.863672884021288
3010181,12.81605165303602
3010182,6.978817240765538
3010183,66.13051080993505
3010184,6.779355923515736
3010185,333.4909373582218
3010186,266.0477191483717
3010187,6.837255041776752
3010188,6.862537799431835
3010189,330.5811626131609
3010190,113.88730044212558
3010191,12.650970416452905
3010192,0.0
3010193,31.578994628690577
3010194,7.03398538257802
3010195,0.0
3010196,6.2842404874089075
3010197,270.7523205388516
3010198,0.0
3010199,345.34427424699726
3010200,7.705275787963218
3010201,270.95648200975836
3010202,323.3424847701654
3010203,358.3549665013072
3010204,164.91185047199133
3010205,66.62428164209209
3010206,297.20093664570584
3010207,10.272370570171141
3010208,0.04166495352500772
3010209,18.69297968923326
3010210,16.303281448762732
3010211,0.0
3010212,304.2875528806216
3010213,3.5763267832007215
3010214,5.8390383907840295
3010215,3.7341283994162593
3010216,36.330621281378036
3010217,1.1966417286077704
3010218,281.19806705275477
3010219,319.51946215370833
3010220,3.285825260380332
3010221,5.565716629459831
3010222,259.3105473088226
3010223,62.31336432796065
3010224,133.02292899016982
3010225,53.93920553453199
3010226,11.782547603101971
3010227,9.936309276895152
3010228,0.2961726054970867
3010229,5.520367431041241
3010230,280.0379047169114
3010231,0.0
3010232,347.1632256418633
3010233,5.567062197745414
3010234,281.6272059922406
3010235,351.6639925369566
3010236,308.4955162003192
3010237,282.92105096596714
3010238,65.5155074987568
3010239,299.5196217964327
3010240,14.943687092756186
3010241,0.35084085497027273
3010242,29.40281630765529
3010243,32.64797437103419
3010244,0.0
3010245,293.95589092032213
3010246,4.1299446583230415
3010247,1.9179326416452758
3010248,9.934963708609574
3010249,59.1398744074549
3010250,0.7541222302129716
3010251,109.67365256683865
3010252,251.61281124971865
3010253,1.7555764589027911
3010254,6.9047603208847805
3010255,157.31431647635802
3010256,143.1514483441934
3010257,132.2093575748213
3010258,0.20070081033988582
3010259,5.353971306693554
3010260,3.8154133705458815
3010261,0.006079766474240944
3010262,1.648935952704747
3010263,269.57330312484845
3010264,0.0
3010265,174.6588737842212
3010266,7.77746653211192
3010267,359.3741216515899
3010268,322.7290663294562
3010269,155.8984464286807
3010270,84.12211683913507
3010271,44.754313205140534
3010272,285.1444279306188
3010273,10.0540678757581
3010274,0.5644460690629413
3010275,20.53582458222723
3010276,15.052919822628706
3010277,0.0
3010278,164.0219894949445
3010279,0.16255671706347016
3010280,0.0
3010281,3.91112103622709
3010282,63.749576330861345
3010283,1.3429335001536469
3010284,111.57360016201076
3010285,179.38349363614702
3010286,0.8156655636714853
3010287,5.242390750180488
3010288,149.50288299194747
3010289,22.677254149930604
3010290,332.6053788924879
3010291,15.520318691895962
3010292,3.8557797335899857
3010293,1.1625438783583488
3010294,0.0
3010295,5.4736572056986414
3010296,282.0863737927934
3010297,0.0
3010298,274.7972445010753
3010299,8.084315698215306
3010300,213.75226331360932
3010301,323.18776536567026
3010302,125.23383723026411
3010303,42.40366067882007
3010304,48.57389963047699
3010305,112.20152887570777
3010306,20.08082110249336
3010307,0.03513549367523325
3010308,11.238364113552173
3010309,15.473340809481813
3010310,0.00473419818866007
3010311,129.07402860522203
3010312,10.095099916418823
3010313,2.168779390713431
3010314,3.7689296399929937
3010315,42.67902096652316
3010316,3.2203377190298044
3010317,309.65077161523436
3010318,147.87403102079463
3010319,2.6920951771498385
3010320,5.242390750180488
3010321,297.7710530185545
3010322,26.78760924824599
3010323,9.798179417221471
3010324,0.0
3010325,6.565475440735564
3010326,1.6871624026015646
3010327,0.0
3010328,7.501661057056864
3010329,252.4646213510042
3010330,0.0
3010331,296.31269353681273
3010332,16.684945011495017
3010333,173.647744873151
3010334,275.51102165107517
3010335,269.70689401054995
3010336,222.84370499504834
3010337,145.90242877498875
3010338,267.6069429717065
3010339,31.635097909044553
3010340,0.1735526107787664
3010341,19.26309700195935
3010342,31.328750000161257
3010343,0.0
3010344,256.11568027332487
3010345,12.192275211709848
3010346,29.394834765622736
3010347,9.742886359642926
3010348,55.57097279577305
3010349,10.385097809290727
3010350,330.8912838547302
3010351,285.2772529355867
3010352,14.801845449217659
3010353,8.03075525197132
3010354,310.6206835665113
3010355,100.42277621440171
3010356,10.375124580783996
3010357,0.0
3010358,19.21985264223794
3010359,2.6984393789270507
3010360,0.0
3010361,5.149644738517637
3010362,248.2753602467025
3010363,0.0
3010364,315.6183501658665
3010365,6.8782714197176915
3010366,326.5812620766237
3010367,294.0772290462403
3010368,133.77088382281383
3010369,133.49127896596477
3010370,85.49236146307807
3010371,266.3943649714138
3010372,21.715335530476636
3010373,0.7797577800562778
3010374,14.283421736141257
3010375,19.125218805262644
3010376,0.0
3010377,103.4571271703683
3010378,0.0
3010379,17.307923727929392
3010380,4.041506055872871
3010381,109.79808488119204
3010382,9.230970604077658
3010383,182.9804624824066
3010384,105.24377419980591
3010385,3.8140678022603005
3010386,5.747368294724182
3010387,156.73411976009862
3010388,34.04372472659974
3010389,109.46988513015357
3010390,0.2817146617036452
3010391,4.311101751064963
3010392,3.912466604512671
3010393,0.0
3010394,0.31852094143500465
3010395,306.2819578126502
3010396,0.0
3010397,229.79460406956625
3010398,5.243736318466071
3010399,299.174698745753
3010400,240.61967925416167
3010401,93.04012535781847
3010402,36.654346717058054
3010403,29.951031730392934
3010404,122.21790546873063
3010405,17.921595115414792
3010406,0.10654289930470338
3010407,8.869725172775746
3010408,8.22260906733251
3010409,0.00473419818866007
3010410,95.33930143960566
3010411,0.0
3010412,5.815003089920667
3010413,0.5014671760438861
3010414,17.452621277737016
3010415,0.0
3010416,242.4729747992569
3010417,132.3342436735142
3010418,1.9487645311554427
3010419,0.8156655636714853
3010420,138.54787299174484
3010421,22.75139407308868
3010422,325.86356066122073
3010423,0.18282215298911778
3010424,2.8205999513937012
3010425,6.1891679160959585
3010426,0.29887329265956497
3010427,5.028169153322264
3010428,114.40027849673017
3010429,0.0
3010430,308.88617280777896
3010431,14.281258339213004
3010432,292.75115709297285
3010433,270.6497136005194
3010434,285.2013740583905
3010435,241.5891483714144
3010436,107.6974953639446
3010437,103.98119731756738
3010438,26.869263146608343
3010439,2.4104639830707772
3010440,16.299639920699068
3010441,25.947788363579637
3010442,0.06631125787985581
3010443,230.66264447260832
3010444,6.820734805311491
3010445,31.092527232169353
3010446,10.289495361675176
3010447,115.56281026350882
3010448,2.1033637274109807
3010449,284.6652690985716
3010450,249.66732038048346
3010451,9.960334587827163
3010452,8.101985140303793
3010453,318.0118958497256
3010454,83.0490252191299
3010455,13.388941777619566
3010456,0.4879906263084026
3010457,15.232414350504012
3010458,6.077367356676247
3010459,0.0
3010460,3.034220484749567
3010461,287.7860705873827
3010462,0.0
3010463,356.6085598539196
3010464,13.133437954985059
3010465,320.42940202880976
3010466,339.9783684817878
3010467,322.8405647824214
3010468,264.61137235376395
3010469,64.74621304866044
3010470,171.91873562378132
3010471,15.531220575852611
3010472,0.6352495531791854
3010473,29.4795715980847
3010474,20.26308672220219
3010475,0.533906584873787
3010476,262.62258265008677
3010477,0.0
3010478,4.911166998280761
3010479,5.298644256772132
3010480,35.57685774927205
3010481,0.43313411931782864
3010482,192.0275763435883
3010483,270.2761760104116
3010484,3.8140678022603005
3010485,4.439363578107053
3010486,210.38419326477842
3010487,84.35543743292595
3010488,133.02292899016982
3010489,2.4450794365960458
3010490,4.158595104357574
3010491,5.567062197745414
3010492,0.13842795177943854
3010493,2.6829976018045696
3010494,269.36889377797115
3010495,0.0
3010496,359.0107409681216
3010497,9.78921781918621
3010498,270.9581950533004
3010499,332.6632084475965
3010500,257.7027697143866
3010501,260.3347575916557
3010502,56.144483850589
3010503,302.017798805806
3010504,17.94644593529046
3010505,0.8670151359172814
3010506,22.679232028292287
3010507,16.576418764440383
3010508,0.0
3010509,255.8163075880349
3010510,0.0
3010511,5.3555319447537
3010512,4.7391035295075845
3010513,51.49188479534156
3010514,0.7091354777104547
3010515,119.96210855366495
3010516,200.1577151659471
3010517,3.8140678022603005
3010518,4.439363578107053
3010519,189.31884252846532
3010520,68.87939977380861
3010521,133.02292899016982
3010522,0.7258037324663907
3010523,5.437582738644531
3010524,9.06555410800907
3010525,0.44655923773782313
3010526,14.001364923615542
3010527,119.45978898771516
3010528,0.0
3010529,250.14682709909107
3010530,29.590321706607536
3010531,71.68993199567716
3010532,289.18340595233985
3010533,335.620123611552
3010534,342.0360113446996
3010535,312.36859209618666
3010536,245.78869439340954
3010537,74.12363464455186
3010538,1.6858168343159838
3010539,45.5056761446221
3010540,51.58486281504521
3010541,0.0
3010542,345.26631222403336
3010543,41.44765955266688
3010544,44.17970560467205
3010545,19.183872599556153
3010546,171.58682805471554
3010547,22.777559450812458
3010548,13.911734697021018
3010549,352.53930422470216
3010550,16.956901747827605
3010551,22.625659891503133
3010552,171.12569058733527
3010553,234.7518254673579
3010554,13.119038340666268
3010555,0.0
3010556,77.029862405386
3010557,2.886723516833853
3010558,0.3827259074450079
3010559,0.28716550341475855
3010560,303.19406581789815
3010561,0.0
3010562,170.25561866921757
3010563,3.912466604512671
3010564,306.7420360397533
3010565,298.25417981948584
3010566,113.62297237380405
3010567,187.73765166522267
3010568,35.985463944453684
3010569,165.98832707981558
3010570,5.265011039572366
3010571,0.0
3010572,11.151298452598379
3010573,8.967666449501154
3010574,0.00473419818866007
3010575,132.91236056493193
3010576,0.6297325682029844
3010577,0.0
3010578,2.6970938106414697
3010579,31.821916988826622
3010580,0.330643817543984
3010581,54.55844411140101
3010582,92.98740583278087
3010583,0.9778181065118143
3010584,2.6920951771498385
3010585,91.20228691475566
3010586,21.11532409170916
3010587,224.18795790472421
3010588,0.0
3010589,2.4519742192635086
3010590,7.116465526940245
3010591,0.0
3010592,1.5920383577859916
3010593,278.9807622885006
3010594,0.0
3010595,352.1570377286848
3010596,8.011996441137573
3010597,137.488463577137
3010598,254.99073963787941
3010599,228.47713113926562
3010600,322.3597678806626
3010601,64.04324868609919
3010602,179.57029493342156
3010603,11.906682247101756
3010604,0.00473419818866007
3010605,20.37353273323809
3010606,22.12203259821785
3010607,0.0
3010608,278.0650209359104
3010609,0.30041581764839875
3010610,5.440109541555634
3010611,8.292194157811085
3010612,13.575443137794721
3010613,0.6978687236213275
3010614,315.54988350452265
3010615,253.27117012497442
3010616,2.6920951771498385
3010617,6.187822347810376
3010618,120.81809174837485
3010619,57.98066886432255
3010620,133.02292899016982
3010621,0.707464836879012
3010622,3.7832439332169114
3010623,1.1625438783583488
3010624,0.0
3010625,0.4313428946144071
3010626,293.8816706381532
3010627,0.0
3010628,144.40301901770613
3010629,3.5059944507618694
3010630,349.8368239417952
3010631,174.75637750320098
3010632,85.11268794061489
3010633,194.95014425080078
3010634,16.649269046123653
3010635,150.49766878371366
3010636,1.395364999606807
3010637,0.00473419818866007
3010638,6.250534520941103
3010639,4.428471742693338
3010640,0.0
3010641,81.9113963347708
3010642,0.0
3010643,0.0
3010644,0.32536652140066
3010645,25.64109027060479
3010646,0.00473419818866007
3010647,68.5942456339743
3010648,75.91185556202547
3010649,0.04166495352500772
3010650,0.36930154023954986
3010651,60.42646982779231
3010652,10.050316723489498
3010653,190.9560542532195
3010654,0.0
3010655,0.33174055137064545
3010656,6.246600882645557
3010657,0.0
3010658,1.7509341261205054
3010659,252.82177173295307
3010660,0.0
3010661,238.10746722455156
3010662,7.656632415695792
3010663,104.68257748963175
3010664,328.6716403338713
3010665,175.03249827256786
3010666,192.3550422256768
3010667,37.702923781952954
3010668,159.90378382260585
3010669,3.2749334249666173
3010670,0.10654289930470338
3010671,29.16048820461345
3010672,15.7803956798955
3010673,0.0
3010674,206.04463076354688
3010675,0.0
3010676,0.0
3010677,9.66580626709758
3010678,24.933131602304176
3010679,0.5159474054578038
3010680,258.5470544327899
3010681,203.75206936634643
3010682,1.1661022444186162
3010683,3.2809213260344836
3010684,197.79132259402203
3010685,24.541563082171287
3010686,123.55711085515415
3010687,0.0
3010688,0.33402850584458976
3010689,2.6984393789270507
3010690,0.043010521810588655
3010691,1.2440812558291439
3010692,134.58288616279714
3010693,0.0
3010694,245.56061545392959
3010695,7.059032560390645
3010696,231.62267597711696
3010697,283.96565810373465
3010698,226.43324442106407
3010699,179.98731539293505
3010700,57.12922607661504
3010701,173.71510647796296
3010702,6.020233619694962
3010703,3.91112103622709
3010704,21.686792546477918
3010705,36.53461640313295
3010706,0.0
3010707,202.8142977555127
3010708,1.6141886217027637
3010709,4.243379750661224
3010710,2.2867439309719346
3010711,19.57537438551682
3010712,0.8861528615281303
3010713,158.17139168983542
3010714,269.6886530264632
3010715,2.915917432737426
3010716,5.623615747720847
3010717,138.79849726250663
3010718,26.001889789482842
3010719,106.89351766394742
3010720,2.804051593209626
3010721,1.5450668090357287
3010722,2.738802416613349
3010723,0.0
3010724,0.2858178791681739
3010725,300.6212862417066
3010726,0.0
3010727,116.86300484693048
3010728,2.6984393789270507
3010729,351.8080867197792
3010730,176.71273436516654
3010731,102.27304540533919
3010732,214.59603709651844
3010733,38.04114885381123
3010734,136.34190743130785
3010735,7.0436624662810905
3010736,0.13708238349385757
3010737,6.8426999561152915
3010738,7.90925693068674
3010739,0.0
3010740,103.86951570229884
3010741,0.0
3010742,0.0
3010743,0.2578962818751581
3010744,33.02989947718834
3010745,0.40453673167826376
3010746,182.08392947723274
3010747,93.56225832512673
3010748,0.2368092540761755
3010749,0.41467418526308797
3010750,48.123776514970835
3010751,18.855220623326787
3010752,304.3264141640174
3010753,0.0
3010754,0.9509403889243581
3010755,3.8154133705458815
3010756,0.0
3010757,0.6792611286219582
3010758,231.5737613857728
3010759,0.0
3010760,348.8721085970928
3010761,8.627407825706939
3010762,267.73906284464414
3010763,314.2255291932025
3010764,201.70783642953762
3010765,184.64625670570285
3010766,57.65923313970064
3010767,279.53602955475475
3010768,7.579201767611379
3010769,0.00473419818866007
3010770,29.146260009770213
3010771,11.567158333456021
3010772,0.0
3010773,219.133853490835
3010774,0.0
3010775,19.24960103894522
3010776,2.885377948548272
3010777,38.743281369167725
3010778,0.5881251623355067
3010779,205.79173243591558
3010780,205.2599186248058
3010781,2.1596172340026247
3010782,2.1033637274109807
3010783,116.4139411544993
3010784,42.42183789239988
3010785,150.5252950088446
3010786,0.19142348350430097
3010787,0.9301267989245044
3010788,3.3607311145262413
3010789,0.0
3010790,9.026909392517188
3010791,284.3596520660604
3010792,0.0
3010793,321.1994184668481
3010794,5.6985216018667595
3010795,273.23692996594315
3010796,340.2392083893197
3010797,161.90977720865754
3010798,122.445232212768
3010799,103.50535773534514
3010800,117.2838042345704
3010801,45.66014218754521
3010802,0.7714290094816562
3010803,19.71598575482993
3010804,26.847746325152205
3010805,0.3710880102343126
3010806,227.52201361831857
3010807,18.289332504549918
3010808,19.981509741307942
3010809,0.7314811958141656
3010810,78.02542155243792
3010811,7.131247277965392
3010812,195.5956250355785
3010813,264.34813111724264
3010814,10.679972827688628
3010815,12.197069703633458
3010816,238.8867504309389
3010817,59.31691876093013
3010818,9.78853934620419
3010819,0.0
3010820,9.22503463723478
3010821,5.243736318466071
3010822,0.0
3010823,6.4309278902309925
3010824,249.68277592785677
3010825,0.0
3010826,353.8171409960296
3010827,10.0964454847044
3010828,76.18875738629993
3010829,260.3978823636725
3010830,146.341422833626
3010831,83.53179359203195
3010832,93.8785138162861
3010833,104.63128675089288
3010834,24.39868238139879
3010835,0.36930154023954986
3010836,43.77213645770664
3010837,35.949503418361516
3010838,0.0
3010839,299.20631290597953
3010840,23.405588208007288
3010841,13.847824094340693
3010842,7.12414346260902
3010843,89.74340910885172
3010844,9.84745793236193
3010845,144.66498453230588
3010846,325.3126637542177
3010847,6.217135020938387
3010848,9.131131161938868
3010849,108.51607589309133
3010850,74.0900240605532
3010851,6.8089791443118965
3010852,8.930160897105653
3010853,11.921802279008602
3010854,7.132592846250975
3010855,0.05713722426371575
3010856,2.5905959310736013
3010857,134.6029596668282
3010858,0.0
3010859,238.30052896987857
3010860,5.3172966043264
3010861,135.59853085892692
3010862,324.32753261710724
3010863,192.10146703677506
3010864,317.3011812527448
3010865,56.86772321950501
3010866,173.15146517689513
3010867,31.62237393586116
3010868,1.6572094233739378
3010869,18.746530148100444
3010870,18.644718172164012
3010871,0.020381282534540267
3010872,321.2393478612012
3010873,4.6941093775203155
3010874,10.605185468521421
3010875,6.444416893951693
3010876,33.30628060312027
3010877,2.770654096501798
3010878,159.36013360507926
3010879,307.5777699716095
3010880,5.512334310820608
3010881,8.117646307903115
3010882,218.13629375519176
3010883,49.16343426984779
3010884,133.40966969274658
3010885,9.116089211353616
3010886,12.603260429567001
3010887,2.7239802296245736
3010888,0.3827259074450079
3010889,7.272451093513692
3010890,135.72587386983403
3010891,0.0
3010892,344.6957077542535
3010893,6.1891679160959585
3010894,271.4770847169512
3010895,241.74170597875585
3010896,192.67932005494725
3010897,140.20482923711685
3010898,82.42053588690882
3010899,117.77675594722768
3010900,20.901575345830775
3010901,1.395364999606807
3010902,10.233947207103885
3010903,9.118537392535211
3010904,0.0
3010905,199.47373116516363
3010906,17.686192376850467
3010907,17.382654112800726
3010908,1.2174518166644124
3010909,61.60826956059147
3010910,6.14725167672314
3010911,320.9758815148381
3010912,246.61345501213847
3010913,5.693466853565487
3010914,7.017116321017829
3010915,320.48800898705474
3010916,50.206818901843874
3010917,8.469032548500296
3010918,0.0
3010919,21.958882632693687
3010920,2.17826958155689
3010921,0.04174939407988341
3010922,2.3539299513273564
3010923,248.99523727252307
3010924,0.0
3010925,353.9664916048363
3010926,8.221007638937591
3010927,265.6368316162006
3010928,310.45658291700886
3010929,273.5886074469117
3010930,248.20504474565362
3010931,58.19593679941843
3010932,149.64569131940794
3010933,9.729600858646197
3010934,1.8340406791089676
3010935,25.480077065092722
3010936,21.408571570208686
3010937,0.055791655978134895
3010938,341.38201732774104
3010939,0.015369771647302856
3010940,0.0
3010941,7.090676606878159
3010942,26.33292031354972
3010943,0.7714290094816562
3010944,136.97936180117324
3010945,296.960202280092
3010946,1.8156306267679563
3010947,9.138234977295237
3010948,167.89612149526207
3010949,59.52219968257122
3010950,123.63067114101449
3010951,0.0
3010952,9.26720791258186
3010953,6.917336650931058
3010954,0.0
3010955,8.59449508211019
3010956,254.60550148473655
3010957,0.0
3010958,357.54058666270464
3010959,8.73825426114817
3010960,305.0287340888057
3010961,339.19875499820716
3010962,211.63266855241125
3010963,138.57225587450287
3010964,111.79713541956869
3010965,120.24190326374207
3010966,37.93184889643548
3010967,0.7009417116250113
3010968,18.149280561950846
3010969,31.82405117079938
3010970,0.015369771647302856
3010971,247.45479189105225
3010972,15.840581439393315
3010973,14.226023102968027
3010974,7.201098383810032
3010975,60.46794099303818
3010976,10.610121721843988
3010977,204.8878574367666
3010978,257.201616442972
3010979,12.429073378554804
3010980,9.442984793394398
3010981,190.39460100079862
3010982,57.30150495449937
3010983,9.629779477025993
3010984,0.14691243321556577
3010985,5.883326107660025
3010986,3.355827180180393
3010987,0.0
3010988,7.47230217884647
3010989,198.31687728827626
3010990,0.0
3010991,356.73460084708785
3010992,7.215774722167074
3010993,255.76336941863525
3010994,261.3633671408207
3010995,170.59462524327313
3010996,132.14853008057085
3010997,102.06301115122525
3010998,257.54140550149805
3010999,27.114561158150277
3011000,0.49092539618964826
3011001,21.236392743283538
3011002,23.21675301823481
3011003,0.015369771647302856
3011004,193.4669817599264
3011005,13.979006806768261
3011006,30.709154540908884
3011007,4.762701819269602
3011008,58.930207047079364
3011009,6.949595612701043
3011010,228.40072761424827
3011011,227.25070388134822
3011012,7.007494730962059
3011013,7.188680244514992
3011014,205.13580917652698
3011015,49.58477093389845
3011016,130.59569951374053
3011017,0.0
3011018,12.646618569493405
3011019,6.121846034464848
3011020,0.004597230332016257
3011021,5.236569098117473
3011022,137.65329540835447
3011023,0.0
3011024,180.24276723515885
3011025,13.626792769686174
3011026,135.90050808082114
3011027,234.21653358883862
3011028,298.997198652933
3011029,280.26603686541165
3011030,59.31420822928146
3011031,174.45305733044842
3011032,9.642620132313452
3011033,0.03866203549002993
3011034,14.198642499947718
3011035,19.50184251147245
3011036,0.0032516620464353267
3011037,264.64146718369915
3011038,0.0
3011039,6.740402433804782
3011040,1.30442196622579
3011041,57.223523596777156
3011042,4.214014225698243
3011043,222.04705215843708
3011044,296.52411986354605
3011045,2.159794392783204
3011046,2.4106411418513565
3011047,243.11871314233156
3011048,130.3642075823582
3011049,92.82239755162793
3011050,1.56489668457544
3011051,0.0
3011052,11.917633123115179
3011053,0.0
3011054,16.45622419867154
3011055,116.3202965398338
3011056,0.0
3011057,273.21037096464227
3011058,23.721443843040873
3011059,97.82281376575577
3011060,262.63011809283967
3011061,355.5035906648275
3011062,281.6003574248078
3011063,337.1336339480068
3011064,242.0918547715644
3011065,85.32036571166141
3011066,3.2203377190298044
3011067,91.63158184997182
3011068,109.98711213212485
3011069,0.0
3011070,338.94170585665
3011071,35.005501950074816
3011072,20.61633480022688
3011073,40.757344694357975
3011074,245.7155681546593
3011075,23.306947697987717
3011076,12.692919647956721
3011077,349.87595867237917
3011078,31.225737041494416
3011079,36.29897446647042
3011080,233.92122670239752
3011081,301.09964888454016
3011082,26.132486382137053
3011083,282.80388231991856
3011084,84.38509675712803
3011085,14.700072431263724
3011086,0.0
3011087,15.214608983831736
3011088,140.92061230577286
3011089,0.0
3011090,134.59096289615093
3011091,21.559679427508133
3011092,130.34687050740877
3011093,184.75863795398593
3011094,315.7654996097753
3011095,293.282170840056
3011096,280.23922218994943
3011097,193.33937582659505
3011098,142.03515097055
3011099,0.6929647892754793
3011100,55.76032644295287
3011101,79.22364463858541
3011102,0.33997546468653306
3011103,342.9586047726134
3011104,20.903152098946578
3011105,27.881028551987832
3011106,18.10591353982833
3011107,174.6883810127866
3011108,16.55082269904799
3011109,26.89093495599365
3011110,360.24466329595043
3011111,20.8611679302015
3011112,26.38096637092624
3011113,166.01446457244535
3011114,247.82209254838935
3011115,24.03476413382738
3011116,222.1988924753295
3011117,80.80192676234022
3011118,10.884372493040678
3011119,0.0
3011120,21.39663344487577
3011121,131.82409193504952
3011122,0.0
3011123,262.00887817846905
3011124,12.260756215479436
3011125,60.72996331884803
3011126,273.5220960853256
3011127,304.07679699997806
3011128,133.07665010722755
3011129,237.95223248402385
3011130,193.72209710731514
3011131,44.150637755030246
3011132,2.788698545223294
3011133,34.4635493464486
3011134,25.892469322025164
3011135,0.32536652140066
3011136,351.80631107476773
3011137,30.19509632694763
3011138,21.28250776959038
3011139,8.319385757412974
3011140,108.13764067386079
3011141,9.395573212882736
3011142,186.12302594774275
3011143,279.34607959541233
3011144,22.241768058708715
3011145,39.18904230720242
3011146,291.88225779417417
3011147,145.0884553765009
3011148,10.309467070785896
3011149,313.79350469292876
3011150,40.02161094672144
3011151,14.407520632483267
3011152,0.0
3011153,21.005552553175608
3011154,110.55699920116867
3011155,0.0
3011156,227.8849957948222
3011157,18.95192200952343
3011158,101.72075397122875
3011159,262.63011809283967
3011160,358.9737079900356
3011161,328.8271053031741
3011162,245.15041497068532
3011163,226.72002418555365
3011164,44.81416519459897
3011165,0.9373922097784808
3011166,57.694005113982875
3011167,61.158169501349654
3011168,0.574296751698994
3011169,286.9347320490614
3011170,33.16929315003
3011171,20.751588981986703
3011172,16.414340258612103
3011173,171.83125780454935
3011174,12.373228228242684
3011175,9.3715093176357
3011176,351.67349119853645
3011177,22.491411699693874
3011178,26.315541686595097
3011179,274.9604409823678
3011180,213.62070094917138
3011181,13.102351077396811
3011182,173.93324081098524
3011183,61.03259991708614
3011184,11.27840108574278
3011185,0.0
3011186,21.692282298059247
3011187,108.09136202657119
3011188,0.0
3011189,346.5089726545518
3011190,14.707985882106632
3011191,98.78920453075511
3011192,242.78684389377793
3011193,355.8687654009439
3011194,105.37078991275249
3011195,167.20488350369578
3011196,162.88425385067237
3011197,42.17907813682081
3011198,0.17671382599268362
3011199,27.249224510731672
3011200,45.72638044230505
3011201,0.0
3011202,343.50397563161613
3011203,31.281444355679504
3011204,10.436047213196945
3011205,6.801100228664421
3011206,87.3168694568167
3011207,5.087812228594494
3011208,227.47016486506172
3011209,346.1633521859814
3011210,17.410515126387395
3011211,23.1149048058049
3011212,165.44301999809514
3011213,95.69542966773021
3011214,5.109516768261272
3011215,198.15009019457722
3011216,22.21388515179013
3011217,10.759887871450646
3011218,0.0
3011219,10.632747132933263
3011220,112.02019616340024
3011221,0.0
3011222,272.7900836828085
3011223,23.163890559475114
3011224,56.63566978330833
3011225,263.9537033937776
3011226,352.8457551709811
3011227,346.21255445582835
3011228,308.58158775020513
3011229,253.35460294768865
3011230,63.249099470885966
3011231,1.0083575907009683
3011232,42.097797786831684
3011233,47.59380599548841
3011234,0.04166495352500772
3011235,347.8069345387896
3011236,19.065103831178032
3011237,23.701453503876593
3011238,7.715062703287964
3011239,211.17953760796385
3011240,17.395950731142236
3011241,175.38009925854053
3011242,349.37322790599353
3011243,17.719336779422807
3011244,26.93359214661307
3011245,159.3054308200786
3011246,203.59516660920093
3011247,18.61185057474903
3011248,275.85110223624883
3011249,76.6260370218795
3011250,5.243736318466071
3011251,0.13842795177943854
3011252,8.103138791787012
3011253,264.034406580119
3011254,0.0
3011255,341.96344166282523
3011256,20.802434360399936
3011257,294.94604583771115
3011258,263.6400698675448
3011259,208.615295782341
3011260,72.97788263460431
3011261,79.06556236159764
3011262,107.85794630185755
3011263,52.12908694775006
3011264,0.664115764107383
3011265,19.78759448523088
3011266,20.75524373153055
3011267,0.00473419818866007
3011268,198.82342513494478
3011269,12.217929021386805
3011270,7.7507194614205535
3011271,10.93963711725465
3011272,40.7960416031354
3011273,6.271004223726475
3011274,246.148202294743
3011275,257.5274321053495
3011276,2.1033637274109807
3011277,5.438774024960279
3011278,211.26994647300342
3011279,52.371153362393706
3011280,5.3443035485908945
3011281,0.24931779750928504
3011282,6.475793575499215
3011283,9.035797326899468
3011284,0.0
3011285,14.368363959035467
3011286,117.5228080271105
3011287,0.0
3011288,327.09034827824837
3011289,28.668495309737697
3011290,76.17325542205452
3011291,324.95536805347666
3011292,353.61415075932655
3011293,109.68415880533408
3011294,119.40208501940398
3011295,163.45242228006023
3011296,51.851476474163235
3011297,0.6574428268879937
3011298,42.65121976980778
3011299,37.297718551357534
3011300,0.0
3011301,333.20537659385076
3011302,14.969650589485802
3011303,6.44541869180627
3011304,3.5007873118508557
3011305,98.6760882952904
3011306,7.3885855135528855
3011307,340.3174461121388
3011308,357.6506489326791
3011309,11.00251057444514
3011310,21.994342639833814
3011311,331.43113020323716
3011312,81.55303575881221
3011313,12.06196037928105
3011314,313.0259304359001
3011315,15.335384210877306
3011316,6.2342533709593235
3011317,0.0
3011318,5.653441126913286
3011319,135.82680163354428
3011320,0.0
3011321,251.46951489304215
3011322,7.255990855678932
3011323,77.18563304520416
3011324,272.9497747706399
3011325,249.4381510710852
3011326,322.61283305064524
3011327,227.2789008200351
3011328,221.50207550376484
3011329,38.70931078048198
3011330,0.9886869539013209
3011331,27.715009267072368
3011332,36.73809290606501
3011333,0.09149850644904231
3011334,312.21903688630556
3011335,3.046628606307042
3011336,36.52931394981091
3011337,5.258163531915842
3011338,117.17517739410816
3011339,9.07998132145885
3011340,210.356347625441
3011341,298.0539206798783
3011342,20.473047636182432
3011343,9.202047305261903
3011344,106.53230226815282
3011345,125.68875186139701
3011346,12.61895961926372
3011347,3.2307691816231956
3011348,43.76051716944886
3011349,12.343018324244342
3011350,0.0
3011351,11.071297627307922
3011352,249.42647595478095
3011353,0.0
3011354,238.56244102177266
3011355,10.72476367106197
3011356,181.31927512124278
3011357,271.98028605835174
3011358,326.1489203441311
3011359,225.8174186172138
3011360,281.9890132560348
3011361,261.96464421705394
3011362,55.26986035978675
3011363,2.727633294830624
3011364,48.2478650835741
3011365,47.27967748150435
3011366,0.0
3011367,327.88088012872305
3011368,6.931644840139805
3011369,41.45482172445762
3011370,9.548181137465244
3011371,211.14126488633232
3011372,9.548181137465244
3011373,335.5608695681388
3011374,298.6765762499102
3011375,13.173589928204912
3011376,21.84378248655959
3011377,325.97194507831637
3011378,126.50586881010771
3011379,142.27170995799318
3011380,3.8996907926753344
3011381,6.6240209527952905
3011382,7.181842609330364
3011383,0.0
3011384,6.368597904193622
3011385,232.4956003445772
3011386,0.0
3011387,358.3437498824636
3011388,7.298427433521886
3011389,180.0659358695093
3011390,327.29096688733244
3011391,232.73421996428536
3011392,92.98870925091045
3011393,90.19499368555435
3011394,146.014625843105
3011395,15.639000050737033
3011396,0.9630277596217865
3011397,22.339280806705617
3011398,25.48523403509432
3011399,0.0
3011400,203.53268805173576
3011401,5.512201943569886
3011402,10.556881329613086
3011403,5.967390397482063
3011404,63.15694412027693
3011405,3.9956271464550444
3011406,258.86126967295337
3011407,237.33967157262455
3011408,3.7173883989353227
3011409,4.9848224444652045
3011410,163.8286376909662
3011411,59.047974746977424
3011412,7.782371852012563
3011413,0.0
3011414,2.5366841711778703
3011415,5.62496131600643
3011416,0.0
3011417,4.10295881812275
3011418,306.79840600554803
3011419,0.0
3011420,229.6484644017633
3011421,4.652434144134723
3011422,239.51796037147227
3011423,271.0434319078896
3011424,233.74439308024154
3011425,87.25304511971878
3011426,26.200013515285427
3011427,158.41054092223285
3011428,11.145570244203299
3011429,0.49642823720885976
3011430,21.318720632985922
3011431,10.39693131764383
3011432,0.0
3011433,220.63167164473109
3011434,0.0
3011435,0.0
3011436,3.91112103622709
3011437,22.495119958033325
3011438,0.0
3011439,48.95202093916667
3011440,195.20075866804032
3011441,0.0
3011442,1.395364999606807
3011443,57.13985624810534
3011444,86.19353450586057
3011445,247.37330449506206
3011446,0.0
3011447,2.020476771311147
3011448,4.902986136834688
3011449,0.0
3011450,6.798545374749564
3011451,137.13461456175432
3011452,0.0
3011453,315.5204316458225
3011454,11.41401653519431
3011455,72.94608812697268
3011456,270.66614056219515
3011457,318.32989509092965
3011458,168.7610383762496
3011459,133.56525150943966
3011460,105.22094232864232
3011461,29.387706299433827
3011462,0.40465276822973023
3011463,23.669723439332337
3011464,54.618022524944955
3011465,0.0
3011466,305.66794311940106
3011467,20.322508238409274
3011468,14.386341110345134
3011469,12.606400096767912
3011470,47.33225069156204
3011471,5.342094621635301
3011472,335.42583982775324
3011473,315.0871462687369
3011474,7.380009961132061
3011475,11.875799197625241
3011476,316.90940096170146
3011477,82.308935840289
3011478,13.07671145858624
3011479,0.0
3011480,34.97510149351875
3011481,3.8154133705458815
3011482,0.0
3011483,8.086287422394559
3011484,114.80578889166206
3011485,0.0
3011486,273.09189521778546
3011487,14.500399365978643
3011488,49.298731651963735
3011489,255.80005565795605
3011490,171.14315047012502
3011491,278.17413377007773
3011492,198.5495192441259
3011493,184.88119474682134
3011494,34.44490849730936
3011495,1.7555764589027911
3011496,25.751956874670793
3011497,36.85099278025893
3011498,0.22980611737041082
3011499,246.84250351058137
3011500,11.699136782215884
3011501,32.34018039527121
3011502,8.424528423784167
3011503,125.04438619361557
3011504,11.363450649821361
3011505,342.7021904767205
3011506,242.51347425694865
3011507,6.064069800807041
3011508,11.338518458916163
3011509,224.38603624368756
3011510,121.78487774380366
3011511,13.666620624703826
3011512,0.0
3011513,37.80573001963049
3011514,3.317710312855067
3011515,0.40564261113096733
3011516,12.814737062014068
3011517,115.82615342091404
3011518,0.0
3011519,273.3753789968174
3011520,15.614403481684974
3011521,77.8462871333596
3011522,295.34797863325565
3011523,288.46964574568466
3011524,300.363207951019
3011525,150.68105397694032
3011526,162.03005475456126
3011527,35.14906011273014
3011528,3.285825260380332
3011529,35.069273499391215
3011530,44.90220633016513
3011531,0.0
3011532,323.60951531697725
3011533,25.33900421988018
3011534,30.407966174739336
3011535,23.239394915803047
3011536,115.23040543335888
3011537,16.765671505268354
3011538,337.38246390016957
3011539,315.72114452187816
3011540,19.281768815521925
3011541,17.586013747067916
3011542,222.052975778043
3011543,133.00107983909768
3011544,9.110267342023361
3011545,1.8317124566830574
3011546,33.18199330328844
3011547,10.730839426433008
3011548,0.3663435321850669
3011549,8.762026726805143
3011550,136.53983496123715
3011551,0.0
3011552,319.4406527448993
3011553,12.275359942043343
3011554,139.80801899699065
3011555,271.66747537648376
3011556,336.8368692002701
3011557,257.0949732031096
3011558,87.5793046771731
3011559,173.09047806447052
3011560,10.574001981249829
3011561,0.7141744165454811
3011562,42.81574190298626
3011563,41.093600926775466
3011564,0.0
3011565,351.6049309202112
3011566,10.418470154639905
3011567,4.243379750661224
3011568,6.540122307950207
3011569,50.84688301404456
3011570,2.727633294830624
3011571,330.05519453650635
3011572,348.3422006722146
3011573,6.217135020938387
3011574,6.491647725579842
3011575,328.39737853116833
3011576,86.40653278315013
3011577,138.95595131320326
3011578,130.45192611880069
3011579,12.365788004387882
3011580,5.128932857452145
3011581,0.5119234121944289
3011582,3.019493696724304
3011583,250.85315285843632
3011584,0.5119234121944289
3011585,336.3077973174029
3011586,11.536725221867934
3011587,281.45442625391547
3011588,346.79794132279534
3011589,133.15898185774205
3011590,128.223602730086
3011591,118.72052959253888
3011592,284.210219022151
3011593,19.721087854015092
3011594,2.291337593418087
3011595,21.684421206045823
3011596,27.66609899065738
3011597,0.9413792371641984
3011598,182.89958886517744
3011599,12.419267966951605
3011600,17.486904060915922
3011601,9.99065272396763
3011602,71.83749503644528
3011603,6.555910237086757
3011604,256.81465665226887
3011605,166.4833664642888
3011606,3.308118388070633
3011607,13.033911732332218
3011608,270.87200959247167
3011609,58.63424491428408
3011610,10.676856099307408
3011611,0.29280729714554055
3011612,24.508938932521296
3011613,0.5076244881304935
3011614,0.0
3011615,1.7129979623927838
3011616,315.6060062212695
3011617,0.0
3011618,96.19855338513685
3011619,3.190491425340935
3011620,223.45712936758082
3011621,273.912262408369
3011622,223.44588129281746
3011623,41.876477152608054
3011624,29.206356832190743
3011625,147.50676362468974
3011626,5.101875165743431
3011627,0.04166495352500772
3011628,7.072882306029197
3011629,8.75420064020451
3011630,0.0
3011631,150.3782127073493
3011632,3.814441632902112
3011633,0.0
3011634,0.9679316939676347
3011635,11.619888163484147
3011636,0.019162125454153918
3011637,180.66310110112244
3011638,168.02720688901553
3011639,0.39250600834523985
3011640,3.189145857055354
3011641,136.9870684303255
3011642,23.620679704225715
3011643,301.7435320831078
3011644,8.357380132257765
3011645,1.0320083866481669
3011646,6.777799465431614
3011647,0.0
3011648,5.710972608460749
3011649,137.0274339684208
3011650,0.0
3011651,289.7558000749568
3011652,12.061296646275375
3011653,134.8631536981693
3011654,352.59781687620875
3011655,340.93309452896403
3011656,193.7582945935967
3011657,73.2538027322995
3011658,209.17807649893518
3011659,28.784541354737875
3011660,0.49109003362618453
3011661,20.709576553439593
3011662,21.023379817720183
3011663,0.0
3011664,341.2773738647855
3011665,10.954651813272354
3011666,4.132689843111124
3011667,7.325142844854025
3011668,32.121225248614735
3011669,0.9778181065118143
3011670,258.2777256371108
3011671,301.9358984103804
3011672,2.6970938106414697
3011673,14.535677963460314
3011674,256.9459491458789
3011675,96.80435469067757
3011676,305.31403266294353
3011677,14.248964316160759
3011678,8.916694119103642
3011679,6.1185351822200085
3011680,0.0
3011681,0.5832134100147841
3011682,294.190700604965
3011683,0.0
3011684,171.77868573082725
3011685,11.429640931453187
3011686,294.39486207587174
3011687,338.7657362757727
3011688,191.6895387746848
3011689,60.52188019185058
3011690,34.471203401910614
3011691,279.690268886301
3011692,7.307554890996511
3011693,0.07829448404898859
3011694,12.516332180874299
3011695,15.868569038627282
3011696,0.040403825794302475
3011697,167.3755152052094
3011698,6.168585449960967
3011699,0.0
3011700,10.399625547664305
3011701,33.21661635057854
3011702,0.6253669889575778
3011703,163.52800343185686
3011704,179.2237560678918
3011705,0.7318970749186083
3011706,5.670232278613757
3011707,155.0667511085356
3011708,28.435408505633273
3011709,370.86161815484235
3011710,15.401867603985998
3011711,2.0880549852351797
3011712,3.919929019699807
3011713,0.0
3011714,5.314208189322419
3011715,291.87401694893606
3011716,0.0
3011717,136.56517472896286
3011718,7.012458879766689
3011719,314.98574871481287
3011720,259.2537757177374
3011721,163.4401536542276
3011722,41.82439974173114
3011723,27.482872647825282
3011724,155.56617972391953
3011725,12.2861638338493
3011726,0.020381282534540267
3011727,14.732619040090313
3011728,6.551844861753678
3011729,0.015369771647302856
3011730,142.74772581324018
3011731,0.9201812128254111
3011732,0.0
3011733,2.6421063291940126
3011734,34.00069249157787
3011735,0.6251205508086609
3011736,160.08966218749455
3011737,169.89630616980494
3011738,0.11522523938533623
3011739,4.127880540257165
3011740,89.82347506590908
3011741,20.507479899955104
3011742,252.3146546730687
3011743,15.16680436076047
3011744,0.1450834048066827
3011745,3.247841105696768
3011746,0.0
3011747,1.465050310174435
3011748,322.92940858185005
3011749,0.0
3011750,168.3375492280758
3011751,9.789382904253898
3011752,273.8323508566517
3011753,350.3163663365367
3011754,225.08904564081266
3011755,34.3498145734613
3011756,37.083624399161565
3011757,286.53521840338857
3011758,8.959844191076265
3011759,0.3619960519246409
3011760,6.64162522624645
3011761,20.299262759361078
3011762,0.040403825794302475
3011763,190.9265496147078
3011764,0.7519098412327122
3011765,0.0
3011766,2.207463497460463
3011767,19.718114044056627
3011768,0.8227785817274522
3011769,207.10665952165292
3011770,236.84922589697265
3011771,0.5799313962500633
3011772,3.887628088120629
3011773,69.71165955670908
3011774,77.40101629300568
3011775,373.7601822332052
3011776,11.000085135634972
3011777,2.489134178978746
3011778,2.7243961087290165
3011779,0.2763914471752406
3011780,3.0477084718138956
3011781,246.18768024895778
3011782,0.0
3011783,146.08067638470052
3011784,3.6662610512661287
3011785,134.91664047999856
3011786,317.8607095474906
3011787,246.6868718202137
3011788,95.77698362896578
3011789,56.593021356018525
3011790,182.44544656808165
3011791,8.634784393375822
3011792,0.7398444028551349
3011793,8.913937921105699
3011794,18.424796497326167
3011795,0.0
3011796,201.13909600335882
3011797,6.578531610130969
3011798,0.0
3011799,2.9054414764281544
3011800,17.862565538908893
3011801,0.8466209269650824
3011802,119.49123075884435
3011803,178.0215230923461
3011804,0.2605217918311305
3011805,3.8450231655538976
3011806,104.90174202578635
3011807,43.38469105932938
3011808,289.42191568078454
3011809,17.60010418159274
3011810,2.786487660385183
3011811,3.8154133705458815
3011812,0.006079766474240944
3011813,0.9097973371410027
3011814,323.8386740518349
3011815,0.0
3011816,154.93750754536245
3011817,4.8336621606073455
3011818,267.1219043316874
3011819,232.75668396454444
3011820,148.6969808851931
3011821,120.35862714296339
3011822,29.480082569740006
3011823,219.31196073037003
3011824,4.2717748499916395
3011825,0.00473419818866007
3011826,9.155180217471864
3011827,11.796321497644982
3011828,0.00473419818866007
3011829,150.64663284373327
3011830,0.0
3011831,0.0
3011832,1.3882951713315763
3011833,23.8985358142464
3011834,0.7541222302129716
3011835,51.45752665389386
3011836,134.6915451025952
3011837,0.5013321715547081
3011838,2.1596172340026247
3011839,64.32922534853247
3011840,32.84400450984499
3011841,378.6446086502628
3011842,0.0
3011843,0.4056397715355707
3011844,7.483145752676901
3011845,0.14838970242734958
3011846,3.3314430409359317
3011847,282.83434618640734
3011848,0.0
3011849,308.89282901207855
3011850,7.180903305457606
3011851,259.73738278197635
3011852,244.42759410394353
3011853,334.6130856050079
3011854,178.6693212621415
3011855,88.9870960570548
3011856,268.7136485877731
3011857,13.699222665191083
3011858,0.6011893202963495
3011859,21.175883484123474
3011860,24.08531132201868
3011861,0.00473419818866007
3011862,266.7019858095067
3011863,0.19309620125262453
3011864,0.0
3011865,10.595806898298017
3011866,30.432391773167094
3011867,2.5954157738248607
3011868,237.77295448579662
3011869,245.33280356233865
3011870,0.8958174160815395
3011871,6.961007588780085
3011872,317.1921900713017
3011873,49.74814891591066
3011874,304.36316678910947
3011875,19.439024404009142
3011876,10.418615543171098
3011877,2.769862898459002
3011878,0.27459875279165125
3011879,5.500534989861382
3011880,269.22069357686803
3011881,0.0
3011882,199.7731862793147
3011883,7.017021681352064
3011884,213.80407799760815
3011885,257.53427809351797
3011886,199.98523049421283
3011887,168.14286186228824
3011888,48.52236779708303
3011889,293.4863628728653
3011890,12.179225349894804
3011891,0.21909331695433285
3011892,20.193021932914725
3011893,19.224613491330466
3011894,0.0
3011895,174.0926237514357
3011896,8.719797330129543
3011897,6.7424678318586135
3011898,11.449363928854268
3011899,41.2610566957409
3011900,0.9368883411149411
3011901,95.06582528784266
3011902,156.69961423058012
3011903,2.580233192266619
3011904,5.9522078159238205
3011905,160.26753226469373
3011906,48.08336906911693
3011907,291.3262945399112
3011908,59.876482006630184
3011909,12.484938476634648
3011910,5.729476965160356
3011911,0.29639978880847806
3011912,4.1047841827653615
3011913,114.05341980548641
3011914,0.0
3011915,162.25777896450674
3011916,7.960315093082246
3011917,323.01414909599305
3011918,326.47784487564655
3011919,255.70036020444545
3011920,54.86672702810034
3011921,35.7215525835078
3011922,148.05342333333064
3011923,27.37876562176865
3011924,0.7974804384294051
3011925,9.682440246569385
3011926,19.172482045890813
3011927,0.020381282534540267
3011928,161.60341500214773
3011929,7.682995236870222
3011930,0.0
3011931,3.3903409095342574
3011932,36.1935292265748
3011933,1.8649960424025647
3011934,145.65491361627542
3011935,170.4757730409853
3011936,0.9507206970145654
3011937,3.918583451414226
3011938,99.83439915786441
3011939,23.828474951085724
3011940,368.680900726831
3011941,16.417659819121088
3011942,3.6425777238787687
3011943,6.348087717118968
3011944,0.0
3011945,9.789927746111992
3011946,73.99124022813463
3011947,0.0
3011948,322.37583068693175
3011949,9.527150602145873
3011950,266.61614483682115
3011951,264.6748586469326
3011952,184.88447715712704
3011953,144.79146024367648
3011954,90.34871537863857
3011955,256.63484997610726
3011956,40.64031980873695
3011957,0.6011893202963495
3011958,19.335911172085197
3011959,29.143636068179397
3011960,0.0
3011961,216.3482290524976
3011962,21.192071383180433
3011963,13.322832650871703
3011964,2.8179909852671168
3011965,70.10651768597465
3011966,6.961007588780085
3011967,323.8722487962377
3011968,239.51797813374662
3011969,6.907106147621391
3011970,6.961007588780085
3011971,330.7997377686664
3011972,89.19652645877164
3011973,8.047718843108536
3011974,0.0
3011975,28.72735838729365
3011976,6.4556439808906925
3011977,0.0
3011978,6.597611212485167
3011979,269.92027835509515
3011980,0.0
3011981,329.83985909884973
3011982,7.546991200296371
3011983,271.50957963042435
3011984,325.4142982875497
3011985,354.2297095101719
3011986,102.2363266492377
3011987,68.92187102587663
3011988,268.7119355442311
3011989,10.835011539282743
3011990,0.04166495352500772
3011991,18.62771978579305
3011992,17.438819228582133
3011993,0.0
3011994,274.8205457389755
3011995,2.0196345670264506
3011996,13.296627106576109
3011997,5.837219758331111
3011998,39.346683469105166
3011999,1.0083575907009683
3012000,254.44402110016455
3012001,276.1977232619183
3012002,3.285825260380332
3012003,5.565716629459831
3012004,246.68553415481077
3012005,54.795221111205535
3012006,305.31403266294353
3012007,36.5067825169736
3012008,11.244228402092766
3012009,9.62908161137696
3012010,0.13842795177943854
3012011,5.946628164946973
3012012,280.6237881703682
3012013,0.0
3012014,336.6318360764658
3012015,5.636913303590053
3012016,280.8279496412749
3012017,345.75874454967266
3012018,276.7408684603623
3012019,212.97917073358187
3012020,66.3657062679813
3012021,271.305469494076
3012022,14.739117465893235
3012023,0.04166495352500772
3012024,36.841110671905696
3012025,31.510372070829142
3012026,0.0
3012027,256.946748588779
3012028,3.941660520416244
3012029,5.4767363106371745
3012030,11.62874062087638
3012031,68.38245061974098
3012032,0.8861528615281303
3012033,106.86300433709164
3012034,221.44664151156135
3012035,2.405560048724929
3012036,7.90810931392477
3012037,159.10319786610668
3012038,137.883051300951
3012039,301.73082532222975
3012040,0.012416672433083649
3012041,5.003244690676404
3012042,3.8154133705458815
3012043,0.006079766474240944
3012044,1.76182596153422
3012045,269.7028959711431
3012046,0.0
3012047,137.44253298685945
3012048,7.547215770515436
3012049,350.69730701804866
3012050,312.50137183498
3012051,142.0178287916632
3012052,47.878995107455424
3012053,43.41329757378225
3012054,272.09330553729984
3012055,11.641181036448065
3012056,0.6709761550239719
3012057,20.372169974987962
3012058,19.317621712811118
3012059,0.0
3012060,172.6976747979773
3012061,0.16255671706347016
3012062,0.0
3012063,4.092306549780021
3012064,42.77679566007179
3012065,1.3429335001536469
3012066,97.33760137325737
3012067,156.61072355892577
3012068,0.6579209099538369
3012069,5.242390750180488
3012070,148.54082891532667
3012071,25.118382436465524
3012072,372.48980177215975
3012073,11.644960390794372
3012074,2.2074080879300744
3012075,1.0659566655781927
3012076,0.0
3012077,2.8457274268190895
3012078,287.8267495066353
3012079,0.0
3012080,247.03055036794544
3012081,8.77949620106457
3012082,245.56014841376378
3012083,338.9631969858869
3012084,116.96281759368492
3012085,46.18954269875717
3012086,51.6044000812791
3012087,159.12522873368505
3012088,22.768053731190246
3012089,0.04166495352500772
3012090,9.980442560637709
3012091,13.77334832095362
3012092,0.00473419818866007
3012093,111.75323054706169
3012094,11.142050253819272
3012095,2.0110347369957826
3012096,4.249769714394005
3012097,45.67885637248366
3012098,3.2203377190298044
3012099,290.8908666582382
3012100,139.95454470505567
3012101,2.6920951771498385
3012102,5.242390750180488
3012103,283.4514315339506
3012104,28.30347360974801
3012105,9.526224260194306
3012106,0.0
3012107,6.454141033027271
3012108,1.3442790684392276
3012109,0.0
3012110,6.653756013830332
3012111,253.99117189551737
3012112,0.0
3012113,287.1292507583015
3012114,16.59757530001984
3012115,188.8850097671703
3012116,276.0969051045319
3012117,250.13905228368355
3012118,205.9730660066801
3012119,142.68925315500445
3012120,271.13348384855374
3012121,33.07156614349804
3012122,0.24409051559606254
3012123,18.783965533590546
3012124,30.633125381087854
3012125,0.0
3012126,231.4681652984509
3012127,13.197756258086953
3012128,31.938345724300838
3012129,9.574575451632429
3012130,79.36772177442788
3012131,11.077595948253139
3012132,320.7791215806866
3012133,266.787730915946
3012134,14.017108541670261
3012135,8.04408602204278
3012136,313.280450076091
3012137,95.94861755713983
3012138,7.232841569446755
3012139,0.0
3012140,20.416191720812332
3012141,2.6984393789270507
3012142,0.0
3012143,5.1374481601776525
3012144,236.68594471511923
3012145,0.0
3012146,290.56670929172975
3012147,7.656632415695792
3012148,324.066778189655
3012149,298.2644767525318
3012150,148.85780732320714
3012151,104.32155862758663
3012152,67.75196342613427
3012153,274.6222493043385
3012154,20.45979493678571
3012155,0.7346030619640277
3012156,13.77204807715989
3012157,20.944638846823583
3012158,0.0
3012159,99.72674586430861
3012160,0.0
3012161,19.035856558929588
3012162,3.8837614021552285
3012163,121.73761005999222
3012164,9.230970604077658
3012165,167.49486575717577
3012166,119.71262466499407
3012167,3.8140678022603005
3012168,6.187822347810376
3012169,140.97413525916858
3012170,33.8828932329438
3012171,108.94026672015904
3012172,0.12608859034503436
3012173,4.58030221827634
3012174,3.912466604512671
3012175,0.0
3012176,0.31852094143500465
3012177,276.16025371702796
3012178,0.0
3012179,207.5925761134906
3012180,5.243736318466071
3012181,269.00966391236693
3012182,218.13198712130122
3012183,69.95549557227562
3012184,30.578679767461622
3012185,27.638797062731307
3012186,134.86976621987662
3012187,17.880149373214586
3012188,0.2948270372115057
3012189,9.104892894066122
3012190,10.53751704780606
3012191,0.00473419818866007
3012192,64.24952123568018
3012193,0.0
3012194,6.503210627759604
3012195,0.6519690042228927
3012196,20.814204334604767
3012197,0.0
3012198,223.8175170927057
3012199,123.42135596824784
3012200,1.7910198774377935
3012201,0.7284082078104818
3012202,121.35646661229679
3012203,24.754491798624464
3012204,315.40819572756885
3012205,0.07814944703329252
3012206,2.2894324793245624
3012207,6.063125764130701
3012208,0.3294127768487193
3012209,1.2346819557312132
3012210,100.09715048723953
3012211,0.0
3012212,301.4467243376394
3012213,14.262988759327296
3012214,278.44311780091783
3012215,211.22784057267654
3012216,261.8006661142005
3012217,212.1885497824014
3012218,103.16828341179823
3012219,118.46006956424402
3012220,25.637386573831037
3012221,2.537590680040087
3012222,16.421157642007092
3012223,28.193287700312638
3012224,0.2884357660643124
3012225,200.2167597416237
3012226,6.811365346710948
3012227,28.666344774204223
3012228,7.217311137207534
3012229,108.43543762469967
3012230,2.1033637274109807
3012231,266.7398148888178
3012232,215.74714726672366
3012233,8.883023026170559
3012234,8.018803264387692
3012235,299.01475073300526
3012236,62.195100602033875
3012237,12.026014283561064
3012238,0.2402395064851656
3012239,14.179537095596569
3012240,6.007516250831608
3012241,0.0
3012242,4.706888625671396
3012243,274.4820798517193
3012244,0.0
3012245,352.0502984405725
3012246,13.305824245999498
3012247,319.1009850902353
3012248,328.56774732254945
3012249,300.8350726627659
3012250,193.66230209741664
3012251,65.55135717442447
3012252,215.93756667368913
3012253,15.309723716232257
3012254,0.7224563020795374
3012255,28.812912525917145
3012256,19.636455699207428
3012257,0.6465163072683128
3012258,231.71858830291558
3012259,0.0
3012260,7.848979436821693
3012261,5.430674888087291
3012262,42.70889718195496
3012263,0.43313411931782864
3012264,183.64290296416596
3012265,245.63259697508553
3012266,3.8140678022603005
3012267,4.439363578107053
3012268,193.92333688090778
3012269,75.49875141351286
3012270,323.0384459573424
3012271,2.4450794365960458
3012272,4.243601001940746
3012273,5.567062197745414
3012274,0.2961726054970867
3012275,4.30144268034771
3012276,269.4984866242658
3012277,0.0
3012278,353.1027053666261
3012279,11.857611604089852
3012280,269.70264809517255
3012281,329.0620496935275
3012282,232.56020194605856
3012283,191.29648281195165
3012284,59.14863902837692
3012285,301.6374003592253
3012286,16.640245127753865
3012287,0.9024585544522838
3012288,21.665069510415666
3012289,18.15371959733008
3012290,0.0
3012291,215.29656671498012
3012292,0.0
3012293,10.047656003925384
3012294,4.70856404531843
3012295,54.52000635431925
3012296,0.6579209099538369
3012297,115.61253595967717
3012298,202.04517586533345
3012299,3.8140678022603005
3012300,4.439363578107053
3012301,184.52715645683372
3012302,59.05409427474412
3012303,323.0384459573424
3012304,0.7258037324663907
3012305,5.191528828583206
3012306,10.772661790347337
3012307,0.4722732601403128
3012308,15.813598497819857
3012309,68.80080160087968
3012310,0.0
3012311,246.19867388555753
3012312,29.531370884469798
3012313,76.18368568107273
3012314,276.52319263372016
3012315,310.8423402886837
3012316,339.83141613854747
3012317,296.8385638691939
3012318,238.97341816645414
3012319,72.9118892168019
3012320,1.6858168343159838
3012321,45.52639286674005
3012322,50.03101125757492
3012323,0.0
3012324,348.6160696446406
3012325,32.74124691936402
3012326,50.44760522523899
3012327,22.68998755162776
3012328,153.62917134673964
3012329,22.468105715552028
3012330,12.278908817625592
3012331,342.34804464807024
3012332,17.78235459212197
3012333,21.026256888587007
3012334,152.06924779054916
3012335,217.989388662828
3012336,16.60276633347315
3012337,0.0
3012338,73.76449360166073
3012339,2.728978863116205
3012340,0.19444176953820538
3012341,0.49053097995579864
3012342,300.99849740081714
3012343,0.0
3012344,164.0489735598676
3012345,3.912466604512671
3012346,302.8697347841353
3012347,264.5750190982247
3012348,106.39741913588159
3012349,122.24353230908966
3012350,44.81470787635732
3012351,164.2479373647298
3012352,4.850691877364707
3012353,0.0
3012354,10.955517610200753
3012355,8.94238369184607
3012356,0.00473419818866007
3012357,129.4312467886434
3012358,0.6297325682029844
3012359,0.0
3012360,2.6970938106414697
3012361,30.611009251464786
3012362,0.27226641153022824
3012363,63.413053335688
3012364,86.59654668976373
3012365,0.6978687236213275
3012366,2.6920951771498385
3012367,99.84273816986259
3012368,21.782486974934013
3012369,335.7577612254104
3012370,0.0
3012371,1.633559671981119
3012372,7.018461889303412
3012373,0.0
3012374,2.355556044764714
3012375,277.58059723126615
3012376,0.0
3012377,341.4429330275256
3012378,8.078340874955444
3012379,135.48844947401608
3012380,280.45220943275837
3012381,208.5984110498261
3012382,259.97284967246463
3012383,73.51155213803347
3012384,173.71405324697932
3012385,12.433413063587896
3012386,0.00473419818866007
3012387,18.95540528036651
3012388,22.795326010790244
3012389,0.0
3012390,250.6069688736301
3012391,0.36930154023954986
3012392,7.777718757292132
3012393,9.049146602339638
3012394,17.182687077530073
3012395,0.6978687236213275
3012396,310.6617884210566
3012397,238.71822576035498
3012398,2.6920951771498385
3012399,6.958105562410384
3012400,134.68055225351162
3012401,52.457517375120496
3012402,323.98931183117645
3012403,0.7910762688299896
3012404,4.183855245011773
3012405,1.0659566655781927
3012406,0.0
3012407,0.273598240896759
3012408,286.7827817874028
3012409,0.0
3012410,109.72905847757583
3012411,3.317710312855067
3012412,335.2862562873892
3012413,140.24125781163264
3012414,88.15746076023781
3012415,143.5672610566343
3012416,15.200605963882065
3012417,145.5749011709063
3012418,0.6147492097651759
3012419,0.00473419818866007
3012420,6.6164002845921015
3012421,4.428471742693338
3012422,0.0
3012423,87.96552102985585
3012424,0.0
3012425,0.0
3012426,0.32536652140066
3012427,22.06397192655763
3012428,0.00473419818866007
3012429,67.23932758667871
3012430,75.67898518687313
3012431,0.04166495352500772
3012432,0.5013321715547081
3012433,55.15719753980371
3012434,9.804390463981045
3012435,303.0081158988706
3012436,0.0
3012437,0.8825006251680892
3012438,6.246600882645557
3012439,0.0
3012440,1.6380441172910323
3012441,235.14447323284224
3012442,0.0
3012443,201.76557165730512
3012444,10.742396422549135
3012445,115.71664782869765
3012446,316.1110942375656
3012447,165.50911012619042
3012448,139.76818006851374
3012449,47.02379936877615
3012450,149.9853997551523
3012451,3.2749334249666173
3012452,0.21625259377146147
3012453,24.080832259914125
3012454,13.286032231366764
3012455,0.0
3012456,176.52085272411196
3012457,0.0
3012458,0.0
3012459,12.523611077164693
3012460,26.306993954661248
3012461,0.5771048463952962
3012462,238.6254935457497
3012463,190.6084478739345
3012464,1.0083575907009683
3012465,3.342078766971976
3012466,185.02247567293472
3012467,24.405544319835478
3012468,319.05406946058434
3012469,0.0
3012470,0.20199787452943166
3012471,1.6871624026015646
3012472,0.043010521810588655
3012473,1.5574519809054028
3012474,259.328795566767
3012475,0.0
3012476,225.9072964463775
3012477,6.877380895126296
3012478,237.39600477414788
3012479,208.70680602309815
3012480,200.28342087594513
3012481,119.37400457306978
3012482,59.41586667318495
3012483,182.41449120478805
3012484,5.835673750612585
3012485,3.91112103622709
3012486,22.509941818725487
3012487,38.281884371900595
3012488,0.0
3012489,189.36092049479294
3012490,1.4259044837959611
3012491,8.027732542859976
3012492,2.190156718191779
3012493,26.26053069603638
3012494,0.7284082078104818
3012495,165.49680662453716
3012496,236.82627197183422
3012497,2.727633294830624
3012498,5.623615747720847
3012499,132.98228585383796
3012500,26.405263689907862
3012501,318.6324572530692
3012502,3.1174223182858856
3012503,1.5091624796885588
3012504,2.870833047928507
3012505,0.0
3012506,0.313177048994613
3012507,304.97335757941374
3012508,0.0
3012509,116.10093741089393
3012510,2.6984393789270507
3012511,342.1624309482971
3012512,150.4417324179702
3012513,85.04298755306893
3012514,122.37226140984104
3012515,35.35517367207404
3012516,157.19460513211476
3012517,5.406486959025566
3012518,0.10654289930470338
3012519,5.66164146440907
3012520,6.031956749568023
3012521,0.0
3012522,105.37124890225286
3012523,0.0
3012524,0.0
3012525,0.0
3012526,24.922795691988018
3012527,0.3788227092757738
3012528,177.4915485212804
3012529,85.99696058200962
3012530,0.36930154023954986
3012531,0.470927691854732
3012532,46.89068567550021
3012533,17.790142266771685
3012534,369.0800557181559
3012535,0.0
3012536,0.9509403889243581
3012537,3.8154133705458815
3012538,0.0
3012539,0.8213470628156133
3012540,248.28764636983055
3012541,0.0
3012542,339.69976926965745
3012543,8.143901379676604
3012544,238.20936506486046
3012545,320.94394463797823
3012546,190.7808072567601
3012547,138.89051108898178
3012548,61.936858469887234
3012549,278.9568359585616
3012550,9.384313087586483
3012551,0.00473419818866007
3012552,25.570284819413153
3012553,14.820318356861964
3012554,0.0
3012555,198.1744401826403
3012556,0.0
3012557,24.31419207764441
3012558,2.7227293604847755
3012559,48.42618138364554
3012560,0.5318716557438625
3012561,203.86998510562043
3012562,199.92375290712698
3012563,2.2867439309719346
3012564,2.1033637274109807
3012565,117.90868776877461
3012566,41.278338408428056
3012567,322.5067940178769
3012568,0.2817146617036452
3012569,0.3681151340999073
3012570,3.4439129904423402
3012571,0.0
3012572,7.6101710967531035
3012573,217.62898661169532
3012574,0.0
3012575,303.39597856898666
3012576,5.6985216018667595
3012577,273.3954825877825
3012578,297.8089230769012
3012579,157.3348386053365
3012580,111.43770386735834
3012581,114.44581992201881
3012582,248.8423400587806
3012583,49.37564912130721
3012584,0.7714290094816562
3012585,20.759131896155363
3012586,25.148433044265953
3012587,0.4016274944234669
3012588,203.30739102843805
3012589,20.469006458890778
3012590,21.633601021496933
3012591,0.7714290094816562
3012592,97.35048519946325
3012593,7.131247277965392
3012594,193.44828276390402
3012595,242.43879112221467
3012596,10.693303597760089
3012597,11.356935383188812
3012598,224.12729506101937
3012599,67.03833651850849
3012600,8.785789376951476
3012601,0.0
3012602,8.930310968324658
3012603,5.243736318466071
3012604,0.0
3012605,10.376381978396187
3012606,218.4034655826465
3012607,0.0
3012608,342.6844897814268
3012609,9.78921781918621
3012610,100.32678994130482
3012611,237.65031305370087
3012612,133.58119008499406
3012613,79.53239013125935
3012614,92.10481564168975
3012615,117.04604634667294
3012616,26.592419948570743
3012617,0.49642823720885976
3012618,34.95957155977437
3012619,26.156098723249908
3012620,0.0
3012621,264.0641388911852
3012622,18.958974686366403
3012623,14.567971278630429
3012624,7.12414346260902
3012625,74.58039769721007
3012626,9.791266886241313
3012627,130.6461012982725
3012628,294.9594764672759
3012629,6.217135020938387
3012630,9.088270885889711
3012631,110.85202232023848
3012632,71.10999973353944
3012633,9.478940889631497
3012634,8.930160897105653
3012635,11.982283926252698
3012636,8.937704166226064
3012637,0.07964005233456947
3012638,3.153786530114936
3012639,134.78718179150547
3012640,0.0
3012641,240.215604810503
3012642,5.3172966043264
3012643,134.3777793097692
3012644,325.4967980648744
3012645,187.54716514807726
3012646,245.09692928532994
3012647,63.44550005349421
3012648,183.04126837046888
3012649,25.999627864013682
3012650,1.4994647696562895
3012651,18.128955680507975
3012652,18.031008494533765
3012653,0.015369771647302856
3012654,302.3350035966833
3012655,4.512923863967383
3012656,14.395346884527914
3012657,5.164366136533955
3012658,31.357140307981282
3012659,2.770654096501798
3012660,153.1008807885656
3012661,270.7498468547463
3012662,6.907913301267377
3012663,8.216116097251355
3012664,194.24983443269502
3012665,46.92639797835149
3012666,323.24074138993564
3012667,9.047341194022646
3012668,12.75277868316759
3012669,2.6934407454354194
3012670,0.3827259074450079
3012671,4.990518229222824
3012672,100.67855843261317
3012673,0.0
3012674,326.8838887662296
3012675,6.0208570080854615
3012676,269.39258905581966
3012677,256.359070507899
3012678,166.95031665152698
3012679,121.04996786813945
3012680,74.4821356202425
3012681,148.03054110416355
3012682,21.69883171661054
3012683,1.3904610652609588
3012684,9.238820899076535
3012685,9.257647789708843
3012686,0.0
3012687,189.31430982089108
3012688,18.422353358440116
3012689,18.66214538086323
3012690,1.2479913008535666
3012691,70.68058344109073
3012692,6.245255314359974
3012693,307.26757562474137
3012694,212.6256512202876
3012695,4.617094974333729
3012696,7.017116321017829
3012697,315.37743843068955
3012698,51.53574601952578
3012699,8.1341828832581
3012700,0.0
3012701,21.33449310024882
3012702,2.17826958155689
3012703,0.021726850820121157
3012704,2.3539299513273564
3012705,243.98666772267825
3012706,0.0
3012707,339.1743881846472
3012708,8.221007638937591
3012709,260.1487930906653
3012710,305.36456621448207
3012711,251.18782774065244
3012712,175.6403040723535
3012713,61.38866966726854
3012714,175.46298280551952
3012715,11.691612899186211
3012716,1.8291367447631195
3012717,26.667776229774585
3012718,20.063162526098537
3012719,0.07829448404898859
3012720,327.6818548114413
3012721,0.015369771647302856
3012722,0.0
3012723,7.777777945562061
3012724,28.45408460936087
3012725,0.766525075135808
3012726,132.70570513703632
3012727,277.21321125056596
3012728,1.947661258083115
3012729,10.06155117365598
3012730,168.35355508594114
3012731,62.54544480792274
3012732,316.7765617046676
3012733,0.0
3012734,5.260033406437682
3012735,6.917336650931058
3012736,0.0
3012737,9.641589436459803
3012738,238.46706228698235
3012739,0.0
3012740,341.5821910784337
3012741,8.919439774701104
3012742,314.9852179644402
3012743,333.9867085665167
3012744,189.0898404230072
3012745,112.64196311077137
3012746,107.46757536064821
3012747,157.63173560238113
3012748,33.1344768602795
3012749,0.7009417116250113
3012750,21.60337619508475
3012751,41.974351709161375
3012752,0.015369771647302856
3012753,219.84303891873725
3012754,16.713618533650102
3012755,15.577056614236254
3012756,9.047655767308347
3012757,61.426637965964076
3012758,10.441810813833492
3012759,191.98011219197392
3012760,235.51314686344907
3012761,11.819524780559211
3012762,9.015406868621595
3012763,183.3051089573157
3012764,55.72798159401695
3012765,8.853973352595508
3012766,0.0
3012767,5.943807754904122
3012768,3.4169846211178854
3012769,0.0
3012770,4.523835669928319
3012771,222.6806141110191
3012772,0.0
3012773,349.89446540919784
3012774,8.217461665536932
3012775,215.09570554130494
3012776,238.63991200633362
3012777,153.47601461955776
3012778,117.25395766749342
3012779,113.97104174158868
3012780,260.2900016785418
3012781,28.39761926832998
3012782,0.4020664650631508
3012783,23.050463833037938
3012784,23.729645719005447
3012785,0.015369771647302856
3012786,175.53211531445825
3012787,13.48635461393653
3012788,28.08549910569149
3012789,3.610966098414915
3012790,51.53005143558349
3012791,7.2144291538814915
3012792,205.00575948119038
3012793,199.4324670964745
3012794,8.09236355024802
3012795,7.007494730962059
3012796,197.70480245159635
3012797,43.31457812966364
3012798,130.03329527095522
3012799,0.0
3012800,13.310335679689581
3012801,6.205027910380948
3012802,0.004597230332016257
3012803,3.3380365085320696
3012804,135.80421149978318
3012805,0.0
3012806,178.29862606720798
3012807,14.560547327213563
3012808,100.78430469948368
3012809,203.73512698219346
3012810,269.6945105947329
3012811,182.86836825576245
3012812,64.72424694407611
3012813,134.76104451395224
3012814,9.350996577886919
3012815,0.03866203549002993
3012816,14.440565980403457
3012817,17.860429049793204
3012818,0.0032516620464353267
3012819,244.62840372996283
3012820,0.0
3012821,11.747170322840299
3012822,1.3093259005716382
3012823,56.0337103466514
3012824,5.293097119796045
3012825,202.57557772521827
3012826,273.3761331370998
3012827,2.159794392783204
3012828,2.591826655404289
3012829,223.35557856933136
3012830,142.94115085050865
3012831,246.34788850961948
3012832,1.3351373914501583
3012833,0.7371158854524326
3012834,12.859732392667576
3012835,0.0
3012836,14.16569606254335
3012837,102.01716853034318
3012838,0.0
3012839,284.8551500879691
3012840,23.167855651820535
3012841,75.27553981872948
3012842,263.244209832877
3012843,340.06816778597863
3012844,301.3640237829493
3012845,330.7900023311299
3012846,240.7952956547149
3012847,84.66317520358194
3012848,3.2203377190298044
3012849,103.31526965463358
3012850,112.29833357087492
3012851,0.0
3012852,343.06069634522424
3012853,34.59200118686847
3012854,22.502677840619413
3012855,38.27202549641892
3012856,221.67671143904735
3012857,23.607645024355467
3012858,7.950921712682568
3012859,342.8727180015677
3012860,31.963560700909873
3012861,31.977060929615284
3012862,231.08088881087622
3012863,288.1217824725579
3012864,24.493438083210226
3012865,233.24556340926318
3012866,81.32636018284008
3012867,14.969204373632039
3012868,0.0
3012869,15.195701741674078
3012870,104.14957631128877
3012871,0.0
3012872,106.216800097191
3012873,22.239388151994703
3012874,166.44503700681886
3012875,187.8407337185824
3012876,335.957038162965
3012877,277.02680323990177
3012878,254.78257914401146
3012879,194.39766288587907
3012880,121.89608717263498
3012881,0.7541222302129716
3012882,53.441409072964895
3012883,66.95284832974377
3012884,0.45772169777603877
3012885,323.4896482653026
3012886,19.4319604311087
3012887,29.1370386118621
3012888,9.800568231009388
3012889,158.14301400629574
3012890,18.872675476233326
3012891,27.839971761570915
3012892,342.04654680030166
3012893,23.16194499313239
3012894,25.38768627278172
3012895,152.77936565112668
3012896,228.1922722481782
3012897,23.04110060709147
3012898,205.63981475624232
3012899,75.21670129788295
3012900,10.469315566756086
3012901,0.0
3012902,21.06313375742721
3012903,78.0981213411698
3012904,0.0
3012905,285.6853136340784
3012906,11.19454600767789
3012907,100.04068820113012
3012908,272.40672651721826
3012909,279.45256394073425
3012910,119.54507302814959
3012911,217.91962794409068
3012912,206.10347570382848
3012913,48.739927353433245
3012914,2.630953891505646
3012915,39.92718569560831
3012916,24.6936223869535
3012917,0.04166495352500772
3012918,348.48850525800407
3012919,26.36870102841968
3012920,20.379130309042328
3012921,8.634502385867775
3012922,101.85379799584967
3012923,8.967995288109933
3012924,181.166943103563
3012925,242.72806043652258
3012926,20.069099268831692
3012927,38.4198682195143
3012928,278.6869332419165
3012929,120.38976377571767
3012930,10.037511913758731
3012931,271.6916536131449
3012932,39.37727465662542
3012933,14.95660281200596
3012934,0.0
3012935,22.948323345187546
3012936,108.28097653368127
3012937,0.0
3012938,223.93684258128866
3012939,19.677340613046326
3012940,105.58300894441746
3012941,257.927726734534
3012942,333.0292981958105
3012943,307.1559755290836
3012944,220.41899693404073
3012945,179.80405291633824
3012946,43.99350298008256
3012947,1.0694228410936382
3012948,52.057409840158314
3012949,63.81000732335064
3012950,0.574296751698994
3012951,286.16194083317407
3012952,35.28969680131132
3012953,21.47584845115816
3012954,18.16839785943141
3012955,148.36171541864218
3012956,12.135066214387548
3012957,7.178890945037749
3012958,340.8634441451731
3012959,21.01535540956333
3012960,26.238521970257555
3012961,269.16105635988004
3012962,195.02870129856103
3012963,14.720476343217564
3012964,141.49472105014533
3012965,55.53926731563994
3012966,10.649678297253972
3012967,0.0
3012968,23.03227181399977
3012969,74.98866767465393
3012970,0.0
3012971,318.70802966527793
3012972,14.487941902468704
3012973,99.99981708521318
3012974,242.0199838407771
3012975,343.5393480979685
3012976,94.4566114958774
3012977,162.84064530544592
3012978,127.34876617298686
3012979,38.50171050048557
3012980,0.0
3012981,26.836774517589003
3012982,42.80620021995322
3012983,0.0
3012984,338.297784033326
3012985,18.826052139455857
3012986,10.310005061231688
3012987,11.091682592983824
3012988,102.43857667283032
3012989,5.469037226134853
3012990,208.36964905688288
3012991,349.41788794334434
3012992,15.04241427107367
3012993,23.13660640702048
3012994,142.6022803720365
3012995,83.64097648531177
3012996,8.122361847743205
3012997,193.88904588020517
3012998,19.372549342973194
3012999,12.151343851240055
3013000,0.0
3013001,11.876405751226441
3013002,78.19480074449478
3013003,0.0
3013004,244.59053665481164
3013005,23.7596337862822
3013006,69.24356432857388
3013007,263.244209832877
3013008,337.0064580617836
3013009,338.2677784691243
3013010,293.55056911700257
3013011,237.32480018929374
3013012,75.02401080439962
3013013,0.9778181065118143
3013014,45.7470078857072
3013015,40.718926727339934
3013016,0.04166495352500772
3013017,344.85064482946643
3013018,11.854182955734082
3013019,24.587014144042726
3013020,13.166533741546969
3013021,178.50015156929348
3013022,17.771094208211473
3013023,163.6505505314981
3013024,338.93083181588133
3013025,16.684876900806962
3013026,25.353596173757794
3013027,163.94869947863475
3013028,193.24016393218085
3013029,18.635183383246126
3013030,294.030489709169
3013031,68.29577516221634
3013032,5.62496131600643
3013033,0.2961726054970867
3013034,7.392410023510765
3013035,188.77117888024557
3013036,0.0
3013037,324.8543356238852
3013038,23.239224232909283
3013039,286.52396568204534
3013040,271.19551066240365
3013041,188.67459860210187
3013042,69.48092602544573
3013043,73.13678633148511
3013044,126.54831235147313
3013045,48.78842759937712
3013046,0.6384017417048932
3013047,24.170390376407664
3013048,18.661572145430444
3013049,0.0
3013050,178.94511591147554
3013051,12.76129587232837
3013052,7.7507194614205535
3013053,9.834957906034912
3013054,42.90563391778218
3013055,6.187822347810376
3013056,226.02203555219208
3013057,218.14375079244786
3013058,2.1033637274109807
3013059,5.438774024960279
3013060,199.73080046244343
3013061,50.31983436051123
3013062,8.650280114212153
3013063,0.0
3013064,6.5456446813438545
3013065,9.818580567826489
3013066,0.0
3013067,13.31883381309788
3013068,104.0528969079638
3013069,0.0
3013070,336.61370112991165
3013071,26.418615435058726
3013072,71.91457143271673
3013073,319.2654747742357
3013074,337.9229958292913
3013075,89.01699095377691
3013076,129.03614096113992
3013077,109.71739289280505
3013078,61.21805398294281
3013079,0.7894734582031524
3013080,45.59550986856415
3013081,30.916533506070433
3013082,0.0
3013083,319.3634760973238
3013084,13.55669783831618
3013085,7.530287511092239
3013086,3.4396298709133633
3013087,102.24948655251428
3013088,7.044189464696184
3013089,334.1849272969272
3013090,349.91343390953875
3013091,10.832174164290901
3013092,23.547360212173192
3013093,324.25911408096005
3013094,72.90811956779591
3013095,11.573372921619441
3013096,302.55092746255326
3013097,17.30862102717651
3013098,6.415438884512256
3013099,0.0
3013100,5.105988720756639
3013101,100.04503715034495
3013102,0.0
3013103,286.3419051755511
3013104,7.5023832668988
3013105,47.31524983560811
3013106,273.24610363225736
3013107,212.16592915464915
3013108,299.2751945161978
3013109,206.0733024011871
3013110,199.29236993809167
3013111,39.255634308548245
3013112,1.0498443948388128
3013113,29.863407444983494
3013114,37.57589274317794
3013115,0.24271370031691608
3013116,277.6244373691007
3013117,3.2349127442138443
3013118,33.876899011302186
3013119,5.258163531915842
3013120,99.04489841646904
3013121,9.07998132145885
3013122,238.0704687654233
3013123,252.73524885538183
3013124,19.824382798851676
3013125,9.164525314869165
3013126,86.81453741872902
3013127,107.82871932367074
3013128,18.28285592560534
3013129,3.0495836680702633
3013130,41.63077919419911
3013131,10.537907004269238
3013132,0.0
3013133,10.508470302291892
3013134,271.99672950388674
3013135,0.0
3013136,234.6470736410299
3013137,11.58634826858126
3013138,184.08694072425504
3013139,272.56616951180854
3013140,307.56729888946774
3013141,197.4821491966498
3013142,255.66295909458537
3013143,251.55754511390035
3013144,44.45899907089103
3013145,2.6970938106414697
3013146,39.63136289055429
3013147,44.122700247591034
3013148,0.0
3013149,313.311789857283
3013150,6.992126487383902
3013151,39.16993794071853
3013152,10.93963711725465
3013153,190.4517983004907
3013154,7.960904146126681
3013155,329.36209568282726
3013156,278.2689681394972
3013157,14.675648191651273
3013158,21.419527966367436
3013159,323.19903939215465
3013160,116.34269035965075
3013161,142.81332621631455
3013162,4.2130615177515915
3013163,6.6240209527952905
3013164,7.028809627569625
3013165,0.0
3013166,1.9708992142492467
3013167,234.49050014532025
3013168,0.0
3013169,338.10171408377863
3013170,6.962353157065667
3013171,151.17287275116058
3013172,318.37042355191136
3013173,192.0582148242689
3013174,83.43699614204417
3013175,95.0577676147605
3013176,150.258770306727
3013177,15.862590056893836
3013178,1.1256763476852825
3013179,23.77700010490436
3013180,24.727692826828157
3013181,0.0
3013182,169.0824587169107
3013183,5.392173870954446
3013184,12.307471219716483
3013185,5.967390397482063
3013186,45.801133777558114
3013187,3.814441632902112
3013188,236.06872403603055
3013189,200.93671837822149
3013190,3.986588866146699
3013191,4.520415571008751
3013192,154.0452985170048
3013193,55.5160076413762
3013194,5.108843057846309
3013195,0.0
3013196,2.9676709671990844
3013197,4.818440184883137
3013198,0.0
3013199,3.307131331623671
3013200,236.23404936679952
3013201,0.0
3013202,198.4327763251704
3013203,3.8154133705458815
3013204,244.9700753263575
3013205,230.22710939325316
3013206,191.7453133812696
3013207,68.97151506544476
3013208,28.23156151204736
3013209,136.3893628389105
3013210,11.062388368287198
3013211,0.3998410244287042
3013212,16.689165298485783
3013213,8.56359863261128
3013214,0.0
3013215,203.7690375959047
3013216,0.0
3013217,0.0
3013218,3.91112103622709
3013219,23.68061398337723
3013220,0.4299973263288262
3013221,48.375379869314244
3013222,172.8588058370056
3013223,0.0
3013224,1.395364999606807
3013225,56.349025920090796
3013226,76.79125206907682
3013227,379.6281830368257
3013228,0.0
3013229,2.6017763292977447
3013230,5.343440189920884
3013231,0.0
3013232,6.798545374749564
3013233,135.94745262836014
3013234,0.0
3013235,331.9099006763579
3013236,11.998823635117903
3013237,54.55725209988302
3013238,274.14350776563765
3013239,281.89383765302233
3013240,146.20411671117535
3013241,136.2677579393441
3013242,117.46429745058948
3013243,29.43429499474126
3013244,0.2347613546275916
3013245,18.803295062283226
3013246,53.72674773258992
3013247,0.0
3013248,271.9276320107827
3013249,20.89246337530028
3013250,13.492029963810197
3013251,11.592328920187914
3013252,54.98532195544775
3013253,5.342094621635301
3013254,329.5723476260677
3013255,282.55327813596404
3013256,7.296828085215962
3013257,12.55812009420653
3013258,280.96915132316127
3013259,77.24504768034465
3013260,12.435300529832572
3013261,0.0
3013262,30.201276740424095
3013263,3.8154133705458815
3013264,0.0
3013265,8.201769065059567
3013266,102.3965202816945
3013267,0.0
3013268,247.78389317178892
3013269,19.15554007477485
3013270,47.72486407703767
3013271,242.11799500551564
3013272,175.40781919309777
3013273,248.07760555927473
3013274,193.19919135765414
3013275,209.66042404827945
3013276,34.59464183710032
3013277,2.4104639830707772
3013278,24.61985355640698
3013279,30.80336653541497
3013280,0.3503044152974937
3013281,213.58184954047582
3013282,10.630209906516646
3013283,36.07145042045872
3013284,7.970863067092432
3013285,115.8771960684135
3013286,11.50505976911023
3013287,324.9265436004278
3013288,239.0529775763126
3013289,6.187356196098958
3013290,11.819016752257241
3013291,108.00511713880891
3013292,113.36034250803743
3013293,15.638893093755746
3013294,0.0
3013295,34.920586882156385
3013296,3.287170828665913
3013297,0.3041514640049635
3013298,11.790273045249247
3013299,101.3918727544964
3013300,0.0
3013301,261.1550855394376
3013302,17.959767548472115
3013303,60.35523940626216
3013304,295.6443074948731
3013305,254.3838141523987
3013306,272.2318920755178
3013307,139.80041397819653
3013308,166.24380244087197
3013309,30.44729336581786
3013310,2.6970938106414697
3013311,35.65545319457512
3013312,53.52187645372317
3013313,0.0
3013314,298.9421359307012
3013315,23.964609704839894
3013316,27.989695120746457
3013317,24.94247448050786
3013318,116.22893664599016
3013319,15.162385423074566
3013320,329.9302491447596
3013321,292.2260761217107
3013322,15.178890713639992
3013323,20.222910185559584
3013324,219.32232225654258
3013325,120.55726318600908
3013326,8.80777270080704
3013327,1.5183417316067984
3013328,29.870510822592053
3013329,12.861642471142279
3013330,0.3663435321850669
3013331,8.681436484724577
3013332,135.89785195575234
3013333,0.0
3013334,347.49644962304325
3013335,13.999537679554146
3013336,137.62085725496166
3013337,272.7228070311203
3013338,299.3556636176087
3013339,190.84635887930023
3013340,89.82723973743038
3013341,194.65188097608066
3013342,10.793169790865072
3013343,0.8156655636714853
3013344,43.52650231565786
3013345,41.37242660813941
3013346,0.0
3013347,337.9119505117987
3013348,10.523310163589953
3013349,8.779276645791903
3013350,9.751704175531207
3013351,46.43074502280456
3013352,2.6970938106414697
3013353,315.88866237252165
3013354,338.8803865432459
3013355,6.217135020938387
3013356,6.064069800807041
3013357,326.9830737218238
3013358,80.13356727800735
3013359,306.957463532218
3013360,112.74628497354304
3013361,13.763678451864758
3013362,4.6006903155721774
3013363,0.5119234121944289
3013364,6.5262352668914385
3013365,256.56928652621474
3013366,0.5119234121944289
3013367,342.6746682806366
3013368,10.211471541703402
3013369,282.01704700703846
3013370,340.22156827370304
3013371,123.55806712078717
3013372,134.51840676307884
3013373,137.12991601745918
3013374,266.3029984423812
3013375,17.017241769401334
3013376,2.0064842761817507
3013377,19.671197772038713
3013378,23.122053838538946
3013379,1.0925944310320712
3013380,178.60059415692604
3013381,12.95217462187806
3013382,23.896496619363063
3013383,6.905334788790922
3013384,106.91345255897488
3013385,6.639092113002857
3013386,256.66405531712337
3013387,165.4856964861656
3013388,3.308118388070633
3013389,7.643482981063669
3013390,259.9022262135099
3013391,61.79589462229436
3013392,163.8253943921319
3013393,0.0
3013394,23.487631094835976
3013395,0.6139366471602359
3013396,0.0
3013397,0.9240098992675352
3013398,287.721744040171
3013399,0.0
3013400,80.40976074566235
3013401,3.190491425340935
3013402,212.33794202883075
3013403,293.0776518515763
3013404,217.48930832482154
3013405,32.15614504376572
3013406,28.73067657224051
3013407,261.2309776863446
3013408,5.101875165743431
3013409,0.03513549367523325
3013410,9.085695521456941
3013411,7.417740518411258
3013412,0.0
3013413,135.56837421576793
3013414,3.814441632902112
3013415,0.0
3013416,0.0
3013417,12.269934219375445
3013418,0.0
3013419,164.23482602839258
3013420,153.48401730273503
3013421,0.30529925944488767
3013422,3.189145857055354
3013423,129.3200541739218
3013424,24.256292884225815
3013425,216.60972089252837
3013426,5.575878923638439
3013427,1.8079900335823051
3013428,6.785877246809712
3013429,0.0
3013430,5.626174570688002
3013431,265.231414877691
3013432,0.0
3013433,298.0302536718578
3013434,12.15500968278873
3013435,275.906784281646
3013436,327.5763754755071
3013437,329.68674064727594
3013438,180.90853715320853
3013439,71.44365605050693
3013440,292.0698835311912
3013441,40.26856618498899
3013442,0.436857717245415
3013443,21.522462107220555
3013444,21.556259979861018
3013445,0.0
3013446,332.7327620937401
3013447,11.627674184985143
3013448,0.0
3013449,9.576314118715484
3013450,30.156438111123425
3013451,0.9778181065118143
3013452,277.26531606105317
3013453,310.80400808614115
3013454,2.6970938106414697
3013455,12.200007207895203
3013456,243.75100430128484
3013457,94.94210941931331
3013458,146.66017963340457
3013459,20.14403922698203
3013460,9.465525904487935
3013461,4.722956191773238
3013462,0.0
3013463,0.10759607196579343
3013464,265.28231894393684
3013465,0.0
3013466,156.06798815011572
3013467,11.261786187971714
3013468,288.78760529018126
3013469,339.20166399204476
3013470,172.43554988509302
3013471,63.28948710515581
3013472,35.161354584580515
3013473,252.38476148120932
3013474,9.126824726874004
3013475,0.07829448404898859
3013476,9.211774383072235
3013477,16.7573379111568
3013478,0.040403825794302475
3013479,148.40074038918794
3013480,6.168585449960967
3013481,0.0
3013482,8.247778114702822
3013483,29.388109813990294
3013484,0.6204630546117297
3013485,148.03195791204755
3013486,161.02083654834075
3013487,0.7318970749186083
3013488,6.168585449960967
3013489,129.0615983673682
3013490,27.680654000919098
3013491,319.2374762947099
3013492,14.85092149267304
3013493,1.9412021669312438
3013494,4.545224795546562
3013495,0.0
3013496,4.639257078920626
3013497,282.83134071021044
3013498,0.0
3013499,103.45372536611886
3013500,7.072940527010786
3013501,305.94307247608725
3013502,282.2716068216112
3013503,131.87271267330325
3013504,38.26707631977759
3013505,26.608753833451775
3013506,261.947791182263
3013507,12.577959554983833
3013508,0.020381282534540267
3013509,12.14828694728421
3013510,6.392633485772302
3013511,0.015369771647302856
3013512,130.34002035645878
3013513,0.7624365591077626
3013514,0.0
3013515,2.1692621694173564
3013516,37.48001866529465
3013517,0.5709019733469411
3013518,136.64614605793489
3013519,164.26085383314413
3013520,0.11522523938533623
3013521,4.127880540257165
3013522,72.98736966719923
3013523,20.551802778548794
3013524,150.18487140936656
3013525,80.34776013043532
3013526,0.0
3013527,3.3607311145262413
3013528,0.0
3013529,0.5408500569042057
3013530,309.5307935926001
3013531,0.0
3013532,144.515385861113
3013533,9.305876458223564
3013534,269.1898416936456
3013535,347.0534630507095
3013536,205.48335926725764
3013537,33.33430260630912
3013538,37.431594356218916
3013539,274.4541655386286
3013540,7.595755960067407
3013541,0.3619960519246409
3013542,7.04033363450404
3013543,18.874833847694397
3013544,0.055791655978134895
3013545,169.3144043878758
3013546,0.5815329715155572
3013547,0.0
3013548,2.399301083851146
3013549,15.149922682992727
3013550,1.0159666539801022
3013551,193.4408961072996
3013552,222.0818021170705
3013553,0.6814225433760676
3013554,3.887628088120629
3013555,69.82489902240752
3013556,85.67777142896732
3013557,326.72968997159705
3013558,8.675541475666035
3013559,2.331389525261098
3013560,2.7243961087290165
3013561,0.2485535253506396
3013562,2.8898637201569697
3013563,234.28149458625882
3013564,0.0
3013565,121.85830860153885
3013566,3.327330883995548
3013567,275.906784281646
3013568,324.5248429551531
3013569,221.77902366736575
3013570,91.11181134318868
3013571,55.210629242605805
3013572,292.0698835311912
3013573,8.416069604799144
3013574,0.7593635711040788
3013575,10.91821178842924
3013576,15.449646575874691
3013577,0.0
3013578,186.93963745476478
3013579,5.469729388253875
3013580,0.0
3013581,1.6468377210569785
3013582,26.59116448296759
3013583,0.688876273247434
3013584,119.1075408232063
3013585,171.35977287259237
3013586,0.2605217918311305
3013587,3.8450231655538976
3013588,106.00833803389017
3013589,40.03627937451755
3013590,160.35430668185182
3013591,43.007462064209136
3013592,2.9437216621716837
3013593,1.6243100452799863
3013594,0.006079766474240944
3013595,0.0
3013596,294.42028576454925
3013597,0.0
3013598,127.41585571470613
3013599,3.1763855402035164
3013600,257.1030942860661
3013601,257.5602383655294
3013602,135.21100835824205
3013603,134.09203003438037
3013604,25.793137066634497
3013605,206.80716832302429
3013606,2.7104487671489563
3013607,0.0
3013608,10.079883621083143
3013609,8.158174065624978
3013610,0.00473419818866007
3013611,135.55559565733495
3013612,0.0
3013613,0.0
3013614,0.0
3013615,18.752260334852348
3013616,0.07472779605898937
3013617,46.13147003230719
3013618,128.58650175808893
3013619,0.0
3013620,1.4851267341944874
3013621,58.41047427899176
3013622,28.908516502867727
3013623,299.39424205698737
3013624,0.0
3013625,0.0
3013626,7.483145752676901
3013627,0.11785021823819537
3013628,3.4089558686122614
3013629,279.10954001959124
3013630,0.0
3013631,279.98967795164833
3013632,7.180903305457606
3013633,244.3465405497275
3013634,220.42444257204943
3013635,332.27871473081046
3013636,142.0505985872919
3013637,82.57655238090076
3013638,257.2206875934826
3013639,13.591088944544513
3013640,0.6011893202963495
3013641,19.999252630920427
3013642,24.492775193629143
3013643,0.0
3013644,248.1470620788047
3013645,0.10654289930470338
3013646,0.0
3013647,14.969539220058577
3013648,30.030598235538896
3013649,3.189145857055354
3013650,221.40336593166916
3013651,247.31967901347116
3013652,0.7892873301205074
3013653,6.961007588780085
3013654,305.854056504127
3013655,46.997439825425566
3013656,144.89622666952542
3013657,28.470945751886273
3013658,10.890571786426365
3013659,2.612118244741354
3013660,0.31423019529047713
3013661,4.474702229042439
3013662,263.4741100056225
3013663,0.0
3013664,180.56831479891773
3013665,6.942266641161576
3013666,203.8001604756165
3013667,257.4338792307529
3013668,165.9977964876691
3013669,149.3041646205471
3013670,42.68915187925954
3013671,260.55813893248575
3013672,13.361863818214237
3013673,0.25743955535632973
3013674,16.13019879100031
3013675,15.652642009010634
3013676,0.0
3013677,147.88771357300038
3013678,10.880281396392874
3013679,1.2677010679338323
3013680,11.916013228290208
3013681,48.28804792978963
3013682,1.068918972430099
3013683,84.33777350580927
3013684,144.89486650029573
3013685,2.580233192266619
3013686,5.9522078159238205
3013687,137.60827281286797
3013688,47.75520870400129
3013689,152.06325409070223
3013690,34.25877169913665
3013691,10.67803029210227
3013692,5.729476965160356
3013693,0.11004134782114262
3013694,4.019986144992615
3013695,265.38271576164897
3013696,0.0
3013697,136.56233054055417
3013698,5.729476965160356
3013699,294.20103130595703
3013700,328.5148771565667
3013701,249.85821476244914
3013702,38.87843397360251
3013703,33.822704798702034
3013704,261.947791182263
3013705,27.363807809801983
3013706,0.8586378793668974
3013707,11.713804507098247
3013708,17.200586466388064
3013709,0.040403825794302475
3013710,157.15974878449632
3013711,8.688252725071486
3013712,0.0
3013713,3.0189878968836052
3013714,30.39404109507704
3013715,1.8649960424025647
3013716,121.99546163428695
3013717,165.8488076189086
3013718,0.7624365591077626
3013719,4.187783918625597
3013720,102.08713228654044
3013721,21.808430283467573
3013722,319.5969466683213
3013723,3.5937096074217467
3013724,3.642040614793967
3013725,5.91083684750663
3013726,0.0
3013727,7.977275080201092
3013728,271.6433067666977
3013729,0.0
3013730,318.6770202424367
3013731,9.548600879220517
3013732,251.95194202015742
3013733,248.9685345520528
3013734,186.04588364184062
3013735,145.48409461695204
3013736,100.54794326909848
3013737,235.76778255993082
3013738,31.483977303484
3013739,0.6011893202963495
3013740,17.979972244475842
3013741,31.258539600991295
3013742,0.0
3013743,213.6675149207904
3013744,19.96093655230205
3013745,19.012271917302186
3013746,4.371256397588433
3013747,62.5732051376804
3013748,8.04587640806605
3013749,318.172843484561
3013750,228.80102195404748
3013751,6.837255041776752
3013752,7.814472679296189
3013753,334.18397667098196
3013754,109.12184603294484
3013755,153.10863187067378
3013756,0.0
3013757,28.858662046982182
3013758,6.96842487785686
3013759,0.0
3013760,4.714020057062265
3013761,274.6573117372459
3013762,0.0
3013763,307.28073379758104
3013764,7.819478096768585
3013765,275.2060728238335
3013766,319.7201396244069
3013767,338.6916938799954
3013768,65.44116324808766
3013769,68.66906990255139
3013770,303.1384500230538
3013771,12.058058247364995
3013772,0.04166495352500772
3013773,21.83242413599308
3013774,14.612344109520253
3013775,0.0
3013776,264.2463043605171
3013777,1.9890950828372937
3013778,2.435048387505113
3013779,2.4070721863184246
3013780,44.424817458396454
3013781,1.2480415952129993
3013782,254.41510309018165
3013783,269.8140643380977
3013784,3.285825260380332
3013785,5.565716629459831
3013786,252.5027229175307
3013787,54.44371871291894
3013788,140.0566760953961
3013789,49.82024514182227
3013790,10.53950569221392
3013791,9.772745134537157
3013792,0.2961726054970867
3013793,4.373691692457033
3013794,274.499819150651
3013795,0.0
3013796,312.0335625261758
3013797,5.62496131600643
3013798,275.0485802372386
3013799,335.9580563988095
3013800,258.9337640323264
3013801,186.94169515159956
3013802,77.18744244299391
3013803,274.61636958806855
3013804,15.740773568836225
3013805,0.00473419818866007
3013806,28.93636891590546
3013807,29.366121815324433
3013808,0.0
3013809,244.4373502270845
3013810,3.285825260380332
3013811,0.16553582723143226
3013812,8.249007165252891
3013813,76.11318457771746
3013814,1.0083575907009683
3013815,100.98158753523843
3013816,210.9158129584179
3013817,2.5987481209775796
3013818,4.316118842948668
3013819,145.54449901808294
3013820,133.0166767947573
3013821,157.04830465813177
3013822,0.0
3013823,4.6232722848343055
3013824,3.8154133705458815
3013825,0.006079766474240944
3013826,1.559233980586152
3013827,263.7519030530203
3013828,0.0
3013829,105.39318322140879
3013830,7.891035857629524
3013831,344.09035939803397
3013832,330.5012904000367
3013833,125.2302190947029
3013834,47.13874565527887
3013835,47.19272566389706
3013836,260.97497219548023
3013837,10.60587757160401
3013838,0.682508488412047
3013839,19.765464020456378
3013840,13.847497575331603
3013841,0.0
3013842,145.27336270478608
3013843,0.10654289930470338
3013844,0.0
3013845,3.7134329896248697
3013846,40.29213759239665
3013847,1.3429335001536469
3013848,103.45264244303432
3013849,146.86054522587176
3013850,0.6273814257646826
3013851,5.242390750180488
3013852,117.6912589700983
3013853,22.290588626358236
3013854,328.6120270392424
3013855,5.290482321915
3013856,2.25593331286806
3013857,1.15481559670469
3013858,0.0
3013859,3.088035898537525
3013860,286.7986761717741
3013861,0.0
3013862,241.33269347370543
3013863,8.723161402501615
3013864,325.3848106092631
3013865,308.00566947435453
3013866,113.32792231309935
3013867,41.232775293399136
3013868,56.355864333508784
3013869,257.9247634097537
3013870,22.883528748391672
3013871,0.1032420132162035
3013872,7.7492391221415415
3013873,14.732929878518764
3013874,0.00473419818866007
3013875,125.62262637329384
3013876,11.555705594004968
3013877,0.0
3013878,0.8501616265704651
3013879,42.20587088365901
3013880,3.2203377190298044
3013881,295.91270156431585
3013882,145.3442799387918
3013883,2.6920951771498385
3013884,5.242390750180488
3013885,286.66441384599375
3013886,29.835973000301674
3013887,156.02427298750635
3013888,0.0
3013889,5.408211080130565
3013890,1.6871624026015646
3013891,0.0
3013892,3.0974129712352734
3013893,270.71284331525817
3013894,0.0
3013895,255.93929524073172
3013896,14.61507398718778
3013897,187.1216124368113
3013898,271.28228332318
3013899,253.56664983729888
3013900,211.89191905982986
3013901,154.05588467808434
3013902,267.64679270485664
3013903,33.22371341427082
3013904,0.2694375598692368
3013905,13.634932427377773
3013906,30.53308106733363
3013907,0.0
3013908,229.42073947344187
3013909,11.306844650583667
3013910,40.198724605269256
3013911,8.406426237849674
3013912,74.81280355603067
3013913,10.53656143598366
3013914,325.12040715437485
3013915,268.2315340483383
3013916,14.400119293004527
3013917,9.214693806757024
3013918,324.3271326055948
3013919,105.28893581531608
3013920,171.45562947759407
3013921,0.0
3013922,22.63746396505788
3013923,2.6984393789270507
3013924,0.0
3013925,2.2705291643292056
3013926,265.55883458827213
3013927,0.0
3013928,301.8080205818336
3013929,7.656632415695792
3013930,330.1561096475793
3013931,303.79195748240306
3013932,147.99540003545155
3013933,105.24376013348721
3013934,70.61590199657557
3013935,261.68672267413035
3013936,22.81658351501726
3013937,0.9117884113714365
3013938,15.476345216347575
3013939,19.425020126285986
3013940,0.0
3013941,99.71913483959351
3013942,0.0
3013943,30.644847328596683
3013944,2.5167617961728217
3013945,136.6005526466282
3013946,9.230970604077658
3013947,164.6319247795728
3013948,111.54966615964412
3013949,4.439363578107053
3013950,6.187822347810376
3013951,155.31257539263552
3013952,36.9811217641205
3013953,306.7199518341339
3013954,0.0
3013955,4.58030221827634
3013956,3.912466604512671
3013957,0.0
3013958,0.12083289483278464
3013959,298.33118386659845
3013960,0.0
3013961,186.24116348712096
3013962,5.243736318466071
3013963,265.44301464550114
3013964,207.92180541241805
3013965,67.16316464481402
3013966,29.871124469490194
3013967,28.150289643789147
3013968,270.33247104351346
3013969,16.99730058410475
3013970,0.32536652140066
3013971,9.08057650353747
3013972,7.136807487082496
3013973,0.00473419818866007
3013974,59.60993444599927
3013975,0.0
3013976,8.282320898927019
3013977,0.0
3013978,21.532416950891157
3013979,0.0
3013980,219.5108730436007
3013981,112.9311806043125
3013982,1.7604803932486393
3013983,0.6929647892754793
3013984,119.36164912478075
3013985,21.277434256495525
3013986,372.73408765295824
3013987,0.0
3013988,2.6017763292977447
3013989,6.123607411374798
3013990,0.3294127768487193
3013991,3.243156254363446
3013992,265.1370428574428
3013993,0.0
3013994,231.15291729909788
3013995,13.652651581495402
3013996,269.5259891783127
3013997,206.2406833283609
3013998,262.7365061869062
3013999,212.24546420883578
3014000,109.87136698409738
3014001,252.92791759237338
3014002,26.42841619593404
3014003,1.8472733840294375
3014004,17.64117527125939
3014005,24.334658044625005
3014006,0.2884357660643124
3014007,184.5959795218128
3014008,6.876925851432109
3014009,39.81072821509038
3014010,5.787683340815769
3014011,141.48920653230468
3014012,2.6970938106414697
3014013,268.04283572536866
3014014,211.24514919787202
3014015,9.653306240770561
3014016,8.018803264387692
3014017,303.81021899180934
3014018,72.90800463117505
3014019,172.6706640665644
3014020,0.0
3014021,16.633146654674377
3014022,5.567062197745414
3014023,0.0
3014024,1.3800443440502368
3014025,260.13999167589054
3014026,0.0
3014027,346.6885568057553
3014028,14.06840329747907
3014029,299.0963199385493
3014030,326.5670157843746
3014031,292.0129491988455
3014032,189.37994051479555
3014033,58.498984473028756
3014034,297.1270956140767
3014035,15.412316163196701
3014036,0.7088890395615378
3014037,25.64274836986291
3014038,13.948497270767716
3014039,0.5759784024510164
3014040,232.15627523726872
3014041,0.0
3014042,2.710832766770457
3014043,4.901577221718991
3014044,50.26200912284618
3014045,0.43313411931782864
3014046,178.224102663591
3014047,243.5450166647556
3014048,3.8140678022603005
3014049,4.439363578107053
3014050,184.28408189560133
3014051,71.24916054870977
3014052,140.0566760953961
3014053,0.2872366768585124
3014054,5.336332469162539
3014055,5.636913303590053
3014056,0.326712089686241
3014057,3.946009980027842
3014058,262.2265729797942
3014059,0.0
3014060,344.3261827622504
3014061,9.915259971151466
3014062,262.77533406638184
3014063,314.2698817071721
3014064,220.74888871085383
3014065,170.5383718668128
3014066,51.301945983124035
3014067,295.9463651565315
3014068,14.435439913626297
3014069,0.8462050478606397
3014070,20.108533295675212
3014071,20.00776384988807
3014072,0.0
3014073,210.2273881805219
3014074,0.0
3014075,3.6381432381023626
3014076,4.871037737529836
3014077,68.49368982035126
3014078,0.6273814257646826
3014079,106.96488861959708
3014080,185.38466090377193
3014081,3.8140678022603005
3014082,4.439363578107053
3014083,162.66989836043606
3014084,56.287485266413164
3014085,140.0566760953961
3014086,0.0
3014087,5.094265822109655
3014088,9.06555410800907
3014089,0.6654613323929639
3014090,13.79838951610125
3014091,272.17828777840384
3014092,0.0
3014093,255.55146941406915
3014094,31.232146413428705
3014095,240.3702004042616
3014096,270.0616061331207
3014097,313.63843287687115
3014098,333.9878748817135
3014099,288.52656188292434
3014100,271.0414232187614
3014101,76.92286634047439
3014102,1.6858168343159838
3014103,40.69322885332215
3014104,47.933846241263524
3014105,0.0
3014106,348.8383238489916
3014107,35.40630991439881
3014108,64.4035017833653
3014109,17.998663088436846
3014110,181.87183391641415
3014111,22.03431231947488
3014112,0.10206403658679435
3014113,350.7228873009674
3014114,16.58253964436247
3014115,22.733085945037562
3014116,131.54235584988882
3014117,222.12861613353707
3014118,117.34552473944575
3014119,0.0
3014120,71.33846817154547
3014121,2.6984393789270507
3014122,0.16390228534905107
3014123,0.05020991081109932
3014124,304.1807702801209
3014125,0.0
3014126,148.28928274064887
3014127,4.440709146392636
3014128,278.44687298224466
3014129,279.66136700624645
3014130,104.36454582919619
3014131,104.38871601846424
3014132,40.410808725585674
3014133,161.78872302715018
3014134,5.180311563512847
3014135,0.0
3014136,10.4083331420351
3014137,5.371986476932049
3014138,0.0
3014139,138.63915776219042
3014140,0.4414484302961815
3014141,0.0
3014142,2.3257407979908176
3014143,32.36683412103117
3014144,0.4741040730359798
3014145,63.1499636264239
3014146,84.27743846632468
3014147,0.6978687236213275
3014148,2.274548284054846
3014149,95.21068095614913
3014150,20.03035995602379
3014151,227.91836934378594
3014152,0.0
3014153,1.79079367376762
3014154,6.935280013387312
3014155,0.0
3014156,1.3513468670391982
3014157,262.88826568332496
3014158,0.0
3014159,330.2103875115655
3014160,8.034057898879881
3014161,263.95606452392707
3014162,327.56034269619045
3014163,187.4551570951278
3014164,248.19351611151296
3014165,63.01243655178963
3014166,272.05733451455643
3014167,9.862640204980964
3014168,0.00473419818866007
3014169,18.35556473871628
3014170,22.640237652997246
3014171,0.0
3014172,245.23868130007486
3014173,0.6078622575157389
3014174,5.123847802311376
3014175,7.837659269244334
3014176,16.794982423081397
3014177,0.9729141721659662
3014178,302.5061627107907
3014179,213.85028834071028
3014180,2.6920951771498385
3014181,6.187822347810376
3014182,111.99305090826893
3014183,67.51476161460752
3014184,141.8206290592753
3014185,0.0
3014186,4.183855245011773
3014187,1.167447812704197
3014188,0.0
3014189,0.04537071010538449
3014190,288.3511541403724
3014191,0.0
3014192,107.54182038622253
3014193,3.287170828665913
3014194,320.47792622501254
3014195,171.48669828151804
3014196,83.23697543421859
3014197,120.0286183518698
3014198,14.796895084972485
3014199,260.60188710499045
3014200,0.36930154023954986
3014201,0.00473419818866007
3014202,6.992249830968661
3014203,3.0920116209000916
3014204,0.0
3014205,70.40364914566412
3014206,0.0
3014207,0.0
3014208,0.0
3014209,27.269166138095308
3014210,0.00473419818866007
3014211,60.93675925203585
3014212,78.94370565258609
3014213,0.03513549367523325
3014214,0.33095530183755306
3014215,48.920601068800146
3014216,9.635238825043713
3014217,160.20162663792055
3014218,0.0
3014219,0.8240261229254114
3014220,6.148597245008723
3014221,0.0
3014222,1.5532460795182854
3014223,220.0073038389656
3014224,0.0
3014225,189.51108671053893
3014226,7.682575559291215
3014227,230.37404338757906
3014228,324.6177389270369
3014229,156.4352048167158
3014230,119.54400245084118
3014231,48.301383312478535
3014232,259.92098780391746
3014233,3.2749334249666173
3014234,0.2948270372115057
3014235,24.866427395294426
3014236,14.932460443295346
3014237,0.0
3014238,176.15492084413492
3014239,0.0
3014240,0.0
3014241,10.358811991429342
3014242,37.13733146327063
3014243,0.6378006324845722
3014244,225.9308642753543
3014245,185.17306650030693
3014246,0.9778181065118143
3014247,3.4741093982871343
3014248,181.14254328369813
3014249,24.372129557443046
3014250,130.5908579603802
3014251,0.0
3014252,0.31987139691537647
3014253,1.6871624026015646
3014254,0.1045875815017844
3014255,2.3035885750875944
3014256,253.9068956762637
3014257,0.0
3014258,170.83094958579633
3014259,6.877380895126296
3014260,216.97818106938124
3014261,246.54167290519015
3014262,185.37883046037047
3014263,87.43616697941242
3014264,61.35555498562091
3014265,262.55692675348087
3014266,6.020233619694962
3014267,3.91112103622709
3014268,23.235114531316153
3014269,31.598367281921558
3014270,0.0
3014271,165.03134015719507
3014272,1.395364999606807
3014273,2.0855369909236963
3014274,0.9551877435245286
3014275,27.812006225299697
3014276,1.3429335001536469
3014277,163.52458048793818
3014278,229.85309817323449
3014279,2.6921898762956213
3014280,5.623615747720847
3014281,142.58203946304369
3014282,24.878222759762295
3014283,128.84279940593044
3014284,1.064252264504175
3014285,1.640656001918915
3014286,0.4914455847558089
3014287,0.0
3014288,0.0
3014289,233.79178358937241
3014290,0.0
3014291,88.12891301990739
3014292,3.3678044813707686
3014293,328.3200900617431
3014294,200.63289439159237
3014295,84.78279128947152
3014296,115.04386406316267
3014297,40.43298252360358
3014298,247.8194315178375
3014299,6.791412800077767
3014300,0.0
3014301,4.044407857540564
3014302,2.230253272791793
3014303,0.0
3014304,83.73679187883191
3014305,0.0
3014306,0.0
3014307,0.0
3014308,26.86903956689301
3014309,0.24679207796061586
3014310,167.55485121315868
3014311,79.54151954605861
3014312,0.0
3014313,0.0
3014314,40.62384960690655
3014315,14.780047597211336
3014316,300.7763271168344
3014317,0.0
3014318,0.680716900223172
3014319,3.8154133705458815
3014320,0.0
3014321,0.0
3014322,254.42125518314197
3014323,0.0
3014324,333.7242470887894
3014325,8.227083255592705
3014326,254.3607674433061
3014327,335.8623759143404
3014328,174.74393779994375
3014329,115.54224364972481
3014330,72.46747742581222
3014331,274.5316491703812
3014332,7.760387281164312
3014333,0.00473419818866007
3014334,31.93882485124138
3014335,8.645575156180392
3014336,0.0
3014337,191.9128117719486
3014338,0.0
3014339,20.385854562513213
3014340,1.416887195439859
3014341,40.550727334056596
3014342,0.3386835834912117
3014343,198.68998197134871
3014344,186.49731641054453
3014345,2.190156718191779
3014346,2.1033637274109807
3014347,105.92902587829752
3014348,45.21959012301659
3014349,140.98194768385673
3014350,0.0
3014351,0.7723821452068554
3014352,2.771999664787379
3014353,0.0
3014354,8.192897403022144
3014355,207.97488254386153
3014356,0.0
3014357,331.8599921564174
3014358,5.6985216018667595
3014359,288.1252048788222
3014360,293.27306822006744
3014361,151.05008155912986
3014362,118.6433252721907
3014363,106.5062786125262
3014364,248.03391161795665
3014365,52.94589142095655
3014366,0.7714290094816562
3014367,23.161832396781318
3014368,22.881689206744102
3014369,0.4016274944234669
3014370,197.0754433883194
3014371,22.066896103705965
3014372,29.695348011744954
3014373,0.0
3014374,108.65700361357246
3014375,7.2144291538814915
3014376,188.9836324564804
3014377,251.58887511965457
3014378,13.71233616018438
3014379,13.630128674783364
3014380,226.32745825912374
3014381,72.31794699978882
3014382,173.6558233257951
3014383,0.0
3014384,8.67962795598131
3014385,5.62496131600643
3014386,0.0
3014387,8.545382409654088
3014388,199.73066088608263
3014389,0.0
3014390,339.9825229875176
3014391,9.932881342346406
3014392,220.71925597888068
3014393,234.64736479661286
3014394,122.82646022910941
3014395,78.39078258110317
3014396,123.25487293632136
3014397,244.77305349291123
3014398,29.356138831983046
3014399,0.3998410244287042
3014400,37.356002481365
3014401,42.65501267595823
3014402,0.0
3014403,275.2199197203864
3014404,19.17928879828572
3014405,17.720569084389066
3014406,5.787683340815769
3014407,79.24193398012686
3014408,9.86507930355687
3014409,138.5633413599055
3014410,299.7697332594372
3014411,5.438774024960279
3014412,11.156664670793354
3014413,122.18011840660594
3014414,70.52837289285648
3014415,170.3893385011967
3014416,5.304734699457083
3014417,12.501884128509356
3014418,7.132592846250975
3014419,0.07964005233456947
3014420,3.989030781699017
3014421,255.1107321487938
3014422,0.0
3014423,240.16460591052214
3014424,5.3172966043264
3014425,254.70132966705748
3014426,309.03071251262253
3014427,163.92094436551977
3014428,231.50715601761092
3014429,56.450719422068886
3014430,262.2709477182215
3014431,27.107309645498535
3014432,1.4689252854671353
3014433,18.18584123785213
3014434,20.03373278413849
3014435,0.015369771647302856
3014436,286.4231445992324
3014437,3.887628088120629
3014438,8.807256273480805
3014439,6.794620853644935
3014440,39.762799897585296
3014441,2.7657501621559497
3014442,140.74895035241593
3014443,272.0093316738015
3014444,5.512334310820608
3014445,8.216116097251355
3014446,202.9150581074766
3014447,46.43606457302461
3014448,142.5634726415589
3014449,8.626508429814088
3014450,10.242208831899488
3014451,2.275893852340427
3014452,0.3827259074450079
3014453,5.780779047107523
3014454,255.55146941406915
3014455,0.0
3014456,335.8429045721944
3014457,6.272349792012058
3014458,269.3331062257321
3014459,231.24144895240303
3014460,163.1045904821241
3014461,116.94399458651053
3014462,77.46569285680198
3014463,261.547347335644
3014464,24.247005027886587
3014465,1.451618506198451
3014466,15.232224364690284
3014467,9.532326623997228
3014468,0.0
3014469,179.60447542989104
3014470,17.818284268642394
3014471,27.746131306596613
3014472,0.0
3014473,70.04606304229046
3014474,6.064069800807041
3014475,313.74649377203235
3014476,210.1157081104442
3014477,5.242390750180488
3014478,6.9339344451017295
3014479,321.7242904566193
3014480,51.514111053195
3014481,146.2484003736086
3014482,0.0
3014483,21.6256030070537
3014484,2.17826958155689
3014485,0.04174939407988341
3014486,1.230509889120997
3014487,213.91316227511493
3014488,0.0
3014489,317.4839764581299
3014490,8.88569959852086
3014491,241.4238361751376
3014492,318.9076570730628
3014493,240.06489284789103
3014494,154.62518496878397
3014495,53.23002526578104
3014496,251.0306542176199
3014497,10.128912147711091
3014498,1.8902941857006117
3014499,25.84694084978319
3014500,20.8056645404106
3014501,0.07829448404898859
3014502,305.6599743771144
3014503,0.015369771647302856
3014504,0.0
3014505,6.636141718311407
3014506,34.858404297897685
3014507,0.8276825160733003
3014508,126.94138459211068
3014509,268.43316093600157
3014510,1.7899166043654664
3014511,9.138234977295237
3014512,145.0786910544482
3014513,50.733787474371034
3014514,131.33370154266382
3014515,0.0
3014516,5.4556853127196385
3014517,7.687619865531061
3014518,0.0
3014519,9.557612182972209
3014520,221.7122962907514
3014521,0.0
3014522,340.3189587231663
3014523,10.00986956275548
3014524,303.25457630977417
3014525,324.23323027542983
3014526,177.38344872263465
3014527,111.36331605006626
3014528,110.80982724879743
3014529,236.89206911611882
3014530,32.193737554614856
3014531,0.7009417116250113
3014532,18.878515592064723
3014533,35.52236028149039
3014534,0.015369771647302856
3014535,214.5495237001759
3014536,16.705591701384996
3014537,21.162173076129932
3014538,5.853746426603065
3014539,76.75039264544922
3014540,10.441810813833492
3014541,184.8595946544593
3014542,241.14176364922068
3014543,12.42141199209466
3014544,6.894604722132587
3014545,179.36655112165485
3014546,61.14089524448667
3014547,169.56459741149914
3014548,0.0
3014549,6.009368259625282
3014550,4.174311028279799
3014551,0.0
3014552,4.822537993338851
3014553,248.32909048918899
3014554,0.0
3014555,345.37437738607815
3014556,7.480791640258292
3014557,221.12382758926532
3014558,255.27101755094995
3014559,147.28475933431906
3014560,123.38978481351103
3014561,109.67739388229887
3014562,261.5370003355123
3014563,29.70472816257643
3014564,0.5035576121891548
3014565,20.921613349139513
3014566,28.52952756262915
3014567,0.015369771647302856
3014568,174.6472734739057
3014569,12.694633569642573
3014570,37.89272688238586
3014571,10.545457536895396
3014572,72.86481941138535
3014573,7.131247277965392
3014574,215.4404046109936
3014575,182.19150067137932
3014576,9.015679746608773
3014577,7.188680244514992
3014578,198.6893114425021
3014579,50.38174822785984
3014580,295.48181162076486
3014581,0.0
3014582,11.85115920752204
3014583,6.121846034464848
3014584,0.024619773591778436
3014585,5.33660698373996
3014586,121.54852601033038
3014587,0.0
3014588,157.01632395875933
3014589,12.587125099227965
3014590,121.5254781029005
3014591,200.2361757048424
3014592,254.5995170252765
3014593,165.1905397735368
3014594,61.595126237217784
3014595,145.5188520190708
3014596,9.642620132313452
3014597,0.03866203549002993
3014598,14.330429947281843
3014599,19.528798563944235
3014600,0.0032516620464353267
3014601,237.52164770055822
3014602,0.0
3014603,4.649016144571209
3014604,0.0
3014605,53.55753592335828
3014606,3.662196943966262
3014607,188.31256973730456
3014608,265.90904722737224
3014609,2.159794392783204
3014610,2.4106411418513565
3014611,220.20612467058663
3014612,114.59806664570436
3014613,128.08814990836822
3014614,0.0
3014615,0.0
3014616,12.761512491254072
3014617,0.0
3014618,14.73454877211166
3014619,256.59479866469115
3014620,0.0
3014621,270.2943229997547
3014622,25.613499212966172
3014623,226.1671846380972
3014624,251.46064253500484
3014625,348.9888334711038
3014626,276.85107099253776
3014627,336.92914205487403
3014628,249.05864376050107
3014629,87.67257084675072
3014630,3.2203377190298044
3014631,96.76912699545868
3014632,108.33777756930884
3014633,0.0
3014634,334.27953470784445
3014635,33.724102133892536
3014636,28.114649852872844
3014637,40.648877220231185
3014638,239.30505214903394
3014639,22.602152167669338
3014640,0.10206403658679435
3014641,349.98317431306026
3014642,34.48001865975528
3014643,33.81517644780617
3014644,163.4439713775713
3014645,297.20317743043233
3014646,149.05775262999452
3014647,269.36391040130354
3014648,76.99719009248281
3014649,15.210871534429069
3014650,0.0
3014651,15.331984019540494
3014652,255.6366350963672
3014653,0.0
3014654,136.0128647204536
3014655,23.66428788053884
3014656,154.33875294676997
3014657,173.78267964678702
3014658,324.892623935954
3014659,282.0817692984246
3014660,261.95167224587385
3014661,249.05864376050107
3014662,118.85540305767181
3014663,0.8156655636714853
3014664,59.779583147780876
3014665,71.77304338363247
3014666,0.4483900506334902
3014667,328.93214823909875
3014668,24.150822207555297
3014669,37.598224337971075
3014670,8.292683525423733
3014671,176.8097624333219
3014672,16.9490535648228
3014673,27.553310181614982
3014674,356.5741264498661
3014675,21.544298338540635
3014676,25.06523520230473
3014677,144.65107877905095
3014678,252.6985641932374
3014679,141.5959866157872
3014680,194.40701122248467
3014681,74.0187889901569
3014682,12.45893646591022
3014683,0.0
3014684,20.143275310759925
3014685,250.19217924790306
3014686,0.0
3014687,325.0138372988132
3014688,12.05448389068446
3014689,255.84079656727394
3014690,262.79627309480924
3014691,272.99854586999373
3014692,115.061585457537
3014693,223.52975040920438
3014694,247.37556878758426
3014695,41.122030674236605
3014696,2.600414407316492
3014697,42.270867470170344
3014698,23.94424025141383
3014699,0.1032420132162035
3014700,350.2812406203142
3014701,33.17791349562953
3014702,33.70715372139222
3014703,7.859407966466906
3014704,104.63389961361969
3014705,9.051177164026033
3014706,203.0194719261972
3014707,256.29280071735747
3014708,22.534554176412172
3014709,39.20269606027581
3014710,273.0657305358669
3014711,122.31260503292798
3014712,164.0888263430254
3014713,260.29855033267074
3014714,38.73307471017185
3014715,13.403343461012096
3014716,0.0
3014717,22.26968236865707
3014718,250.19217924790306
3014719,0.0
3014720,255.6366350963672
3014721,20.20196596402725
3014722,220.8736356265035
3014723,251.46064253500484
3014724,338.4263796185841
3014725,310.036236162695
3014726,221.3064601578395
3014727,249.05864376050107
3014728,44.68818198196792
3014729,0.9116781873759909
3014730,72.40411007538084
3014731,59.56268840732222
3014732,0.574296751698994
3014733,287.5090694248087
3014734,25.688676784589862
3014735,38.74127385814355
3014736,18.89009537095411
3014737,154.68853006561042
3014738,11.790670165530845
3014739,0.46957122045530714
3014740,333.0763855331994
3014741,20.17982159543064
3014742,26.53713754658706
3014743,285.88387538396756
3014744,203.70399942513583
3014745,167.846352989593
3014746,215.56111951222945
3014747,56.886985431452175
3014748,10.80146132741735
3014749,0.0
3014750,21.780975520979307
3014751,250.19217924790306
3014752,0.0
3014753,330.3380633437056
3014754,15.57657241298234
3014755,234.30450336618125
3014756,219.54908624546212
3014757,347.15894162984694
3014758,97.0545376863777
3014759,170.8938016784372
3014760,239.36184391953046
3014761,35.315660568085576
3014762,0.0
3014763,28.520178768327625
3014764,37.367254278782625
3014765,0.0
3014766,336.4095672405094
3014767,13.130958923046025
3014768,12.60752994454933
3014769,8.228062888264871
3014770,104.85309193868002
3014771,5.469037226134853
3014772,226.8559100786136
3014773,338.30964589891147
3014774,15.48695721961193
3014775,22.67759727939594
3014776,177.18177026800458
3014777,78.38449118979777
3014778,178.544501494303
3014779,198.77112805845883
3014780,20.71127563070939
3014781,10.029989014200442
3014782,0.0
3014783,11.513630435131583
3014784,249.26414804252806
3014785,0.0
3014786,247.04771609452632
3014787,22.320549493974728
3014788,214.0710461512736
3014789,257.45190662870084
3014790,324.7182001759514
3014791,334.32334230797875
3014792,300.46588568244636
3014793,249.05864376050107
3014794,69.66792655686496
3014795,0.9778181065118143
3014796,42.76231703789856
3014797,54.92262720643979
3014798,0.1032420132162035
3014799,353.2584018378922
3014800,13.837805736556302
3014801,32.67546944325978
3014802,13.416067576930974
3014803,181.14914887046268
3014804,17.654856697991736
3014805,186.81234633997892
3014806,330.02073725608483
3014807,15.337034819328183
3014808,26.722489293017013
3014809,167.42577311399796
3014810,199.45317161745655
3014811,138.6253246468904
3014812,295.9796052091209
3014813,74.70090812711689
3014814,5.62496131600643
3014815,0.326712089686241
3014816,4.027414740243189
3014817,187.35865904156583
3014818,0.0
3014819,321.685993264704
3014820,21.151303938964805
3014821,284.5887795989974
3014822,246.6447619797656
3014823,185.128256463158
3014824,68.75389386795594
3014825,73.4159073045653
3014826,266.1037988816225
3014827,40.720249608409674
3014828,0.4452136694522423
3014829,22.93225253627147
3014830,19.110453607991147
3014831,0.0
3014832,175.51247186621873
3014833,10.368250527973164
3014834,7.292121461309056
3014835,8.693321678784258
3014836,46.21129927670287
3014837,6.187822347810376
3014838,224.41590643988565
3014839,210.8137595625589
3014840,2.1033637274109807
3014841,5.438774024960279
3014842,202.9576821825697
3014843,48.70130312135008
3014844,150.8385866012929
3014845,0.0
3014846,7.3292586660153125
3014847,11.623691887801593
3014848,0.0
3014849,12.85388059373538
3014850,255.6366350963672
3014851,0.0
3014852,320.55068502313355
3014853,27.46851066157125
3014854,215.9572404267886
3014855,293.7004284812791
3014856,331.2801336478306
3014857,91.43003389909073
3014858,140.30584896568917
3014859,242.4899996475597
3014860,59.27108772076595
3014861,0.6317288044855038
3014862,51.37676298919452
3014863,31.618503082133234
3014864,0.0
3014865,310.28425538776725
3014866,12.236150584273563
3014867,10.602367328549935
3014868,1.976043052150801
3014869,115.68973412641347
3014870,8.12905828398215
3014871,326.25964557251694
3014872,335.13940514366215
3014873,10.827883563167422
3014874,21.366357945023278
3014875,330.5219385735265
3014876,73.73207514746038
3014877,164.9065334913272
3014878,326.9357152518064
3014879,18.801486513345942
3014880,6.2342533709593235
3014881,0.0
3014882,5.986686520172624
3014883,256.3170056172933
3014884,0.0
3014885,271.8426600327328
3014886,8.159674161411962
3014887,181.81594662957752
3014888,259.46947057064347
3014889,220.99241111879243
3014890,318.10543965737725
3014891,221.62777074622974
3014892,242.2122066001619
3014893,37.80264776586262
3014894,1.1818750261539712
3014895,28.171640685901114
3014896,34.45353663044195
3014897,0.2732531845060703
3014898,294.6647063180817
3014899,3.270356162748847
3014900,46.012255540030814
3014901,3.8638042918615727
3014902,121.9809261110442
3014903,8.898795807905916
3014904,217.6996398390102
3014905,278.20162398977703
3014906,20.739814835477684
3014907,9.146903943674225
3014908,106.61448572061845
3014909,117.81050539835186
3014910,148.85987067954684
3014911,0.8917409083327275
3014912,44.44925429877592
3014913,12.412869430088982
3014914,0.0
3014915,7.3159187910056875
3014916,266.8866433962737
3014917,0.0
3014918,226.3259683084545
3014919,10.925908534777976
3014920,225.9377870897423
3014921,266.07094359977305
3014922,308.3154674401809
3014923,207.80543965495715
3014924,264.3396243181818
3014925,253.31650317309496
3014926,49.32550793731312
3014927,2.1033637274109807
3014928,46.31377626085282
3014929,42.87597609737224
3014930,0.0
3014931,328.0632271110614
3014932,6.8760353268407135
3014933,68.37850635177217
3014934,7.771202798740381
3014935,177.33450552682785
3014936,8.883023026170559
3014937,332.01816796600957
3014938,294.9103986238605
3014939,13.467942988180665
3014940,23.72034872221816
3014941,329.25882892350285
3014942,122.58536460087268
3014943,302.4308959486227
3014944,2.1598914639698874
3014945,9.12011444682177
3014946,7.028809627569625
3014947,0.0
3014948,4.475354996202155
3014949,177.2588899094171
3014950,0.0
3014951,341.63142028156244
3014952,6.962353157065667
3014953,202.51785262140785
3014954,321.8433976217781
3014955,188.90636092959835
3014956,81.85461651473099
3014957,101.25096867875189
3014958,144.96079697803785
3014959,14.725111632343786
3014960,1.0999623252827924
3014961,24.04635659304881
3014962,29.599496113963966
3014963,0.0
3014964,176.53888915744426
3014965,5.416520503477041
3014966,15.323005920408265
3014967,4.6309302756888115
3014968,75.5524593876144
3014969,3.814441632902112
3014970,242.8191350063132
3014971,201.5993595410064
3014972,4.520415571008751
3014973,4.901640568549105
3014974,159.60566185284736
3014975,64.94842461909354
3014976,179.49395765098672
3014977,0.0
3014978,2.348400033271068
3014979,6.065415369092624
3014980,0.0
3014981,0.7705837927814604
3014982,245.168653982036
3014983,0.0
3014984,180.87803629348818
3014985,3.8154133705458815
3014986,235.40891873557564
3014987,257.02668581869204
3014988,174.33665361100623
3014989,46.457365781557954
3014990,27.16415441285095
3014991,238.82809394890072
3014992,11.832671582887205
3014993,0.5013321715547081
3014994,15.631347163556738
3014995,6.932582483864772
3014996,0.0
3014997,180.7262863619081
3014998,0.0
3014999,0.0
3015000,3.5397680235764377
3015001,24.210662886979033
3015002,0.2722526726111781
3015003,45.01887013189353
3015004,152.7327684219045
3015005,0.0
3015006,1.395364999606807
3015007,47.96456847286017
3015008,77.36881854684593
3015009,278.1034804747616
3015010,0.0
3015011,1.4523718640121128
3015012,6.739019180367652
3015013,0.0
3015014,5.950640331523033
3015015,277.08776261516175
3015016,0.0
3015017,336.8611408941586
3015018,12.068674740962543
3015019,249.02000183789713
3015020,234.8001002338457
3015021,283.99350727575865
3015022,149.0915024408383
3015023,122.18564684954418
3015024,259.9034333085402
3015025,27.69173743285702
3015026,0.19268953705036193
3015027,22.15908119411922
3015028,52.933880069331146
3015029,0.0
3015030,271.98935994125384
3015031,19.979065792448665
3015032,25.329803867349302
3015033,13.927536036949107
3015034,69.52372721018041
3015035,5.342094621635301
3015036,331.2398643665502
3015037,282.92370791567896
3015038,8.762258181507368
3015039,13.789209526164859
3015040,319.2397859791822
3015041,82.98914422630129
3015042,151.08372626129605
3015043,0.0
3015044,31.847066857216248
3015045,3.8154133705458815
3015046,0.0
3015047,5.614838700009917
3015048,277.08776261516175
3015049,0.0
3015050,205.82762686932207
3015051,14.797394959122853
3015052,187.6210906053565
3015053,222.77973758460453
3015054,170.36250423229313
3015055,250.81476249283304
3015056,199.0479676440904
3015057,271.87538229260696
3015058,33.96539085403055
3015059,2.5424946143859355
3015060,27.203069815832652
3015061,30.291564552565326
3015062,0.24679207796061586
3015063,203.23628989048308
3015064,13.712029416204157
3015065,41.02561790713847
3015066,9.31754603122591
3015067,137.41348570604143
3015068,11.407056131473396
3015069,334.9885346965641
3015070,210.10840587315087
3015071,6.006170682546025
3015072,13.27056789663932
3015073,155.87235598332862
3015074,117.91348943137106
3015075,128.31583510947664
3015076,0.0
3015077,39.70653303071623
3015078,3.287170828665913
3015079,0.4618961177226113
3015080,10.921494154022598
3015081,277.08776261516175
3015082,0.0
3015083,261.9864015798865
3015084,18.045326671367654
3015085,238.29916968403288
3015086,290.1544926826761
3015087,248.9836570855604
3015088,282.07091357885815
3015089,149.22205493232465
3015090,270.66833812827167
3015091,33.5423841412389
3015092,3.285825260380332
3015093,32.40090167129035
3015094,59.43163618614383
3015095,0.0
3015096,287.978863469685
3015097,26.288028438057395
3015098,37.151206250940106
3015099,20.72475128996142
3015100,120.90144319033021
3015101,17.06697915669642
3015102,329.34732873360736
3015103,296.383792495101
3015104,15.92064137043218
3015105,17.738244364475452
3015106,240.32417113018957
3015107,138.95577424025404
3015108,154.42179394200664
3015109,0.0
3015110,33.561481551521815
3015111,10.254426402351186
3015112,0.3663435321850669
3015113,8.890713969334236
3015114,275.4462754227005
3015115,0.0
3015116,318.37132733601925
3015117,11.695669780428576
3015118,275.906784281646
3015119,264.11541856542743
3015120,318.5456441589237
3015121,153.36208535495004
3015122,95.15488597920933
3015123,292.0698835311912
3015124,10.259129227071528
3015125,0.6579209099538369
3015126,39.16496113689948
3015127,36.55025759872294
3015128,0.0
3015129,318.57063282659277
3015130,7.759665101269229
3015131,1.5517102860616394
3015132,13.084664035922021
3015133,48.9684527505685
3015134,2.6970938106414697
3015135,310.2914575826476
3015136,316.86455713609257
3015137,6.217135020938387
3015138,6.245255314359974
3015139,310.2576119760413
3015140,85.9899182805074
3015141,162.8589192342046
3015142,110.36345874729277
3015143,13.621710111957313
3015144,5.128932857452145
3015145,0.5119234121944289
3015146,2.785026421064969
3015147,277.16322638515805
3015148,0.5119234121944289
3015149,304.81935148133283
3015150,10.670859848415704
3015151,267.01037848337546
3015152,337.08275658047666
3015153,114.98096942573964
3015154,116.47724442423987
3015155,112.505168202647
3015156,268.05678253189313
3015157,17.436381498149753
3015158,2.067641717119244
3015159,23.55120012332774
3015160,24.42827308985845
3015161,1.01271408239008
3015162,147.851874655232
3015163,13.083606319480648
3015164,14.531013960397289
3015165,8.567323910116102
3015166,85.08104919473166
3015167,6.555910237086757
3015168,237.34494955071804
3015169,141.02798034845202
3015170,3.308118388070633
3015171,7.5736318752190295
3015172,251.01192270216458
3015173,58.15629185851718
3015174,29.999211058544134
3015175,0.29280729714554055
3015176,26.738015318142004
3015177,0.7765852352237325
3015178,0.0
3015179,0.8510632833226345
3015180,275.48493822449717
3015181,0.0
3015182,79.4127752985633
3015183,3.7187339672209037
3015184,217.4524094636297
3015185,238.716061306225
3015186,201.14649213839152
3015187,38.40095623478577
3015188,31.659135927711766
3015189,248.78919107522523
3015190,5.101875165743431
3015191,0.04166495352500772
3015192,10.158690095249684
3015193,6.578162665344754
3015194,0.0
3015195,130.828774841364
3015196,3.814441632902112
3015197,0.0
3015198,0.9067742530301428
3015199,11.907254497457744
3015200,0.0
3015201,236.18427722445708
3015202,146.92106308006893
3015203,0.26047537703008156
3015204,3.189145857055354
3015205,122.40811412231265
3015206,24.070039514068778
3015207,197.51906341688408
3015208,8.259117914926343
3015209,1.8079900335823051
3015210,6.785877246809712
3015211,0.0
3015212,3.1822110090080202
3015213,262.85937829425205
3015214,0.0
3015215,269.4408120327804
3015216,12.22486078863337
3015217,266.70321155051477
3015218,331.2716323423745
3015219,331.62908544405224
3015220,162.5539097982886
3015221,65.53540373239703
3015222,272.05733451455643
3015223,33.64317180030748
3015224,0.31635941931833195
3015225,22.05905414759034
3015226,21.860675773301807
3015227,0.0
3015228,329.9637563278969
3015229,7.50072178591188
3015230,0.739458983355862
3015231,8.142555811391027
3015232,32.72096527544618
3015233,0.9778181065118143
3015234,370.14868787368994
3015235,291.7539331769616
3015236,2.6970938106414697
3015237,13.24892362111621
3015238,245.13115931798652
3015239,93.93550177821773
3015240,124.77654243356939
3015241,25.317163687527334
3015242,9.50176382101122
3015243,5.104181189313592
3015244,0.0
3015245,0.2522121708061902
3015246,244.75730976305357
3015247,0.0
3015248,142.31871607941545
3015249,11.566605842564352
3015250,258.3923389736382
3015251,324.18335629574216
3015252,162.7081297718488
3015253,62.39858347660249
3015254,39.6676900844932
3015255,259.5863379156995
3015256,7.061070383647532
3015257,0.10869577953556171
3015258,13.185375661313788
3015259,18.583590884775308
3015260,0.040403825794302475
3015261,149.20627377814418
3015262,6.946946445939072
3015263,0.0
3015264,9.516958513130511
3015265,30.670976292873004
3015266,0.681620495549222
3015267,209.29112434748725
3015268,153.89435642323826
3015269,0.7318970749186083
3015270,6.110686331699951
3015271,136.77630335498
3015272,31.590929910068624
3015273,314.5921249539623
3015274,7.280224846093224
3015275,2.7171838138653848
3015276,4.814425262757939
3015277,0.0
3015278,2.483770537438047
3015279,270.012634446539
3015280,0.0
3015281,87.47435129822522
3015282,7.908784246331951
3015283,295.4986621922588
3015284,214.5040099814132
3015285,118.39270616577623
3015286,37.11571093056345
3015287,28.677029071866443
3015288,252.57827194687025
3015289,14.508890865448784
3015290,0.020381282534540267
3015291,14.051144106028659
3015292,10.131768160285969
3015293,0.015369771647302856
3015294,126.65434644043941
3015295,0.7318970749186083
3015296,0.0
3015297,2.703263770131505
3015298,34.8782469988251
3015299,0.6459306388653027
3015300,187.07276240027429
3015301,152.28049557877986
3015302,0.10869577953556171
3015303,4.127880540257165
3015304,82.50397859575757
3015305,20.41925834982023
3015306,144.00804874846776
3015307,13.954705876374152
3015308,0.4653036726761578
3015309,3.355827180180393
3015310,0.0
3015311,3.6334541113811603
3015312,315.8798666393707
3015313,0.0
3015314,119.50082272250638
3015315,9.305876458223564
3015316,262.0957002524404
3015317,317.3037770145444
3015318,191.8100305652518
3015319,31.49164533113387
3015320,39.77029405188321
3015321,274.003108201245
3015322,6.2349324413531875
3015323,0.21987281636643893
3015324,8.11528172046253
3015325,19.936084873217748
3015326,0.055791655978134895
3015327,173.6800876502137
3015328,0.8871963768085331
3015329,0.0
3015330,2.176924013271309
3015331,20.40678333005093
3015332,0.9902526315776133
3015333,243.5610685943425
3015334,202.38734785631982
3015335,0.5236778896584193
3015336,3.887628088120629
3015337,71.013578667804
3015338,83.64055550097709
3015339,319.00295688759786
3015340,0.0
3015341,3.264605173981737
3015342,2.7243961087290165
3015343,0.3805841566657975
3015344,3.0793344638855413
3015345,249.23278622638205
3015346,0.0
3015347,134.96034035864633
3015348,3.473539130724897
3015349,268.4329509706182
3015350,290.6512127462256
3015351,206.96788634901029
3015352,72.49130014661802
3015353,53.754199900247464
3015354,263.6519643359602
3015355,5.586317266424515
3015356,0.6159340780854513
3015357,8.862137293897494
3015358,17.589319008493344
3015359,0.0
3015360,174.3646474341318
3015361,5.469729388253875
3015362,0.0
3015363,2.773410845112996
3015364,21.357716038108144
3015365,0.6583367890582796
3015366,153.67547324061692
3015367,146.84105105710412
3015368,0.4023945418743086
3015369,5.8529353032134335
3015370,105.72345963011381
3015371,42.09701398819832
3015372,162.21914653035137
3015373,3.0894331882378148
3015374,3.7497056842101726
3015375,3.8154133705458815
3015376,0.006079766474240944
3015377,1.1625438783583488
3015378,295.5356094955
3015379,0.0
3015380,120.01540037370432
3015381,4.8336621606073455
3015382,270.61725437423706
3015383,187.85374668620742
3015384,119.9587443466552
3015385,106.61079084227185
3015386,29.6985519522626
3015387,210.90436374047695
3015388,4.2717748499916395
3015389,0.00473419818866007
3015390,14.333884502666303
3015391,10.134327205259217
3015392,0.00473419818866007
3015393,118.9636550422538
3015394,0.0
3015395,0.0
3015396,1.373472984342801
3015397,27.6759600244464
3015398,0.784661714402126
3015399,66.1255395052581
3015400,120.2535794262456
3015401,0.3130480336479056
3015402,2.133903211600135
3015403,61.23341701007687
3015404,31.043713483574727
3015405,305.8533309489138
3015406,0.0
3015407,0.40073583718972244
3015408,7.651456660687398
3015409,0.11785021823819537
3015410,3.9389863895282087
3015411,270.2505669041409
3015412,0.0
3015413,254.86059291828076
3015414,10.101411769619139
3015415,247.1536034997098
3015416,187.20704087287172
3015417,327.37722697787825
3015418,144.51785251762868
3015419,89.71674297842067
3015420,260.5222018145546
3015421,14.083743090798714
3015422,0.6011893202963495
3015423,20.040407945567704
3015424,23.15645749280512
3015425,0.00473419818866007
3015426,236.41951677969658
3015427,0.10654289930470338
3015428,0.0
3015429,15.335529083412963
3015430,38.93642059996063
3015431,3.184241922709506
3015432,274.41599931617543
3015433,212.6964672979458
3015434,0.7892873301205074
3015435,8.04587640806605
3015436,293.8856419298058
3015437,50.99066078679296
3015438,124.88943244239886
3015439,27.487370525874702
3015440,11.502849296423705
3015441,2.5815787605522
3015442,0.31423019529047713
3015443,5.90104501644628
3015444,254.27053727449098
3015445,0.0
3015446,132.64826173657522
3015447,7.773707296699074
3015448,209.8343751768428
3015449,176.23900294570075
3015450,170.11363614264798
3015451,128.9540909475027
3015452,44.32057387664553
3015453,288.9760581277167
3015454,11.430710346273882
3015455,0.3845662523256399
3015456,22.659408244203565
3015457,18.01312966119706
3015458,0.0
3015459,150.16247591938344
3015460,8.719797330129543
3015461,3.425543827671367
3015462,6.263183046074433
3015463,54.894560395834574
3015464,0.5460589250706168
3015465,173.31875146492217
3015466,140.377091456846
3015467,3.1739632754971123
3015468,6.730568811901925
3015469,133.75073028363445
3015470,45.87424843492688
3015471,127.3963648060833
3015472,46.045869016047384
3015473,10.859913056938549
3015474,5.729476965160356
3015475,0.1944528989898535
3015476,4.693515632504218
3015477,233.22261777086078
3015478,0.0
3015479,125.74712882886116
3015480,5.67157784689934
3015481,289.1552741350797
3015482,282.0077551492511
3015483,232.5892020575455
3015484,43.22805809242025
3015485,36.848593784199394
3015486,261.1236487543897
3015487,27.03027106406053
3015488,1.2706178935725416
3015489,14.652099396950948
3015490,16.818602834387487
3015491,0.040403825794302475
3015492,142.2714446304929
3015493,7.851306144880719
3015494,0.0
3015495,3.3903409095342574
3015496,41.508875321593706
3015497,1.8649960424025647
3015498,167.50961032915242
3015499,148.79639166045007
3015500,0.7318970749186083
3015501,4.187783918625597
3015502,139.08223946676037
3015503,23.940908366285974
3015504,316.3608948976109
3015505,3.175339781814413
3015506,4.45945358133097
3015507,7.212031173859223
3015508,0.0
3015509,5.385679660290407
3015510,270.2403777095929
3015511,0.0
3015512,297.94870550473746
3015513,9.909480979414814
3015514,269.9671390063852
3015515,200.02341997199238
3015516,165.6915232002554
3015517,122.99963531876674
3015518,93.55017112919731
3015519,246.86540903234624
3015520,29.91414866790662
3015521,0.8811387031868365
3015522,18.41362746950042
3015523,37.95499430930386
3015524,0.0
3015525,189.39535019449318
3015526,23.029962857262568
3015527,13.782335227259413
3015528,4.84864078247018
3015529,65.67608185587392
3015530,8.04587640806605
3015531,299.9892135536141
3015532,203.45524658037561
3015533,6.862537799431835
3015534,6.961007588780085
3015535,317.2745159257115
3015536,91.66772242723131
3015537,28.12685438471263
3015538,0.0
3015539,28.08700100727049
3015540,6.924141901781297
3015541,0.0
3015542,7.169835040570099
3015543,265.7983386217955
3015544,0.0
3015545,302.85219230527525
3015546,7.7481360640123755
3015547,266.00250009270223
3015548,285.076456168813
3015549,339.4448806267226
3015550,75.05026372699189
3015551,71.00199845980285
3015552,282.88383804009146
3015553,11.868006121207918
3015554,3.288372558071344
3015555,21.44738519357175
3015556,14.132646691640646
3015557,0.0
3015558,249.8257773634472
3015559,2.2593185715384823
3015560,4.558930845783473
3015561,5.806680274141956
3015562,45.862943248824465
3015563,1.0291676787576096
3015564,313.7830819647197
3015565,256.39603307593575
3015566,3.2809213260344836
3015567,5.747368294724182
3015568,235.51267762714605
3015569,58.5166137421072
3015570,119.93699185943998
3015571,31.525184434986173
3015572,11.913649020412604
3015573,11.198346738072521
3015574,0.3663435321850669
3015575,4.280815320433826
3015576,265.6408460352006
3015577,0.0
3015578,298.9027191405076
3015579,5.62496131600643
3015580,265.8450075061073
3015581,318.58577024241396
3015582,248.75050296281896
3015583,171.83272862274293
3015584,70.37858265890395
3015585,263.08294993160877
3015586,14.019811226699664
3015587,0.1032420132162035
3015588,29.765806210170485
3015589,28.336294237873737
3015590,0.0
3015591,234.02723050604985
3015592,3.8140678022603005
3015593,1.4998892106131914
3015594,9.627736043091383
3015595,69.90924212355814
3015596,0.9778181065118143
3015597,126.17238131776519
3015598,202.9984780513085
3015599,1.979304015344595
3015600,3.960023534313285
3015601,135.0351685856133
3015602,136.94588407920116
3015603,136.86784546495653
3015604,0.17016132615073157
3015605,5.495353920678759
3015606,3.8154133705458815
3015607,0.006079766474240944
3015608,1.818079468125864
3015609,256.27806974199234
3015610,0.0
3015611,106.64809246158308
3015612,8.147447353077263
3015613,339.469581624117
3015614,283.0018729223954
3015615,121.56720878187768
3015616,48.19587753532259
3015617,49.71728751209536
3015618,269.0936497090854
3015619,12.008331200558832
3015620,0.633497807359045
3015621,18.392562269552627
3015622,17.67136190820528
3015623,0.0
3015624,147.19542248515685
3015625,0.10654289930470338
3015626,0.0
3015627,3.91112103622709
3015628,45.34017871552001
3015629,1.7604803932486393
3015630,122.67571980671423
3015631,129.11427596816833
3015632,0.6273814257646826
3015633,6.012673964780499
3015634,121.61806767608087
3015635,26.389326283407772
3015636,313.1058340139268
3015637,6.0767869205536575
3015638,3.3421679273691827
3015639,1.586571276883659
3015640,0.33175515361851754
3015641,0.25744579245926247
3015642,272.1409007515988
3015643,0.3910330350476324
3015644,219.02750341503082
3015645,9.821701466223253
3015646,295.62430865688424
3015647,297.85174524892926
3015648,109.85755725185702
3015649,43.628856943004195
3015650,63.61666793984106
3015651,248.6710025638603
3015652,26.69443017289974
3015653,0.5622795648304744
3015654,10.615331050869177
3015655,19.68617346333274
3015656,0.5253488094941268
3015657,109.49222208818757
3015658,10.434529014171353
3015659,2.5011098641120952
3015660,6.254592906199959
3015661,47.71335507482254
3015662,3.7409523303352707
3015663,263.16614254104564
3015664,131.28093352843217
3015665,3.212709788455305
3015666,5.7630053614859555
3015667,262.07806209131365
3015668,30.63395121400198
3015669,31.708867161385378
3015670,0.11263903856962902
3015671,8.595481296895711
3015672,1.3393751340933795
3015673,0.0
3015674,3.2951010178374935
3015675,270.7084858912203
3015676,0.0
3015677,255.73238138128946
3015678,20.317942489182602
3015679,226.71445413087514
3015680,233.6543618818898
3015681,228.58981514661846
3015682,183.3136574600706
3015683,152.14194458211912
3015684,269.91737448368974
3015685,36.995734130246234
3015686,0.3503044152974937
3015687,19.665352857574305
3015688,35.39885280487886
3015689,0.0
3015690,209.2047168338673
3015691,11.18080249861841
3015692,30.903383705916053
3015693,10.513169574242928
3015694,69.41683141382977
3015695,11.392644938111848
3015696,318.85791725235237
3015697,233.98129818973706
3015698,13.179842122322693
3015699,7.115119958654662
3015700,314.05306872719365
3015701,106.46939562027809
3015702,26.80463683820662
3015703,0.0
3015704,23.702890473999833
3015705,2.6984393789270507
3015706,0.0
3015707,6.581666092684893
3015708,258.06225990688284
3015709,0.0
3015710,273.1631894249257
3015711,7.656632415695792
3015712,319.8559247361609
3015713,282.7354163836515
3015714,138.4904539533177
3015715,104.63010214159873
3015716,75.46690726427144
3015717,254.7176738456737
3015718,22.869135071323978
3015719,0.7797577800562778
3015720,15.409338972267191
3015721,17.36606591627284
3015722,0.0
3015723,87.51055577275373
3015724,0.0
3015725,20.46648672619257
3015726,4.376560525500189
3015727,114.86742244356988
3015728,10.153089484121534
3015729,144.33244868728525
3015730,100.24525501750911
3015731,4.439363578107053
3015732,6.074932338980903
3015733,148.70527434204257
3015734,34.73458028571844
3015735,126.17174531711792
3015736,0.35584788347031593
3015737,6.581712361049436
3015738,3.912466604512671
3015739,0.0
3015740,5.072155395406922
3015741,291.9549571613602
3015742,0.0
3015743,170.08937515283253
3015744,5.243736318466071
3015745,242.96840703634678
3015746,187.24188197858845
3015747,54.018474723347
3015748,27.642115821044754
3015749,37.82956696394431
3015750,256.9126237408633
3015751,12.536597663899887
3015752,0.13708238349385757
3015753,9.427309170363914
3015754,6.890098263989649
3015755,0.03577177369070164
3015756,56.8994664198319
3015757,0.0
3015758,7.281571623737703
3015759,0.42643851052552495
3015760,22.555222173048378
3015761,0.0
3015762,196.67389043358853
3015763,95.96925208462551
3015764,1.7555764589027911
3015765,0.7492182958671235
3015766,109.73277803711875
3015767,18.765575465035617
3015768,321.58110870710516
3015769,0.14948429225917484
3015770,2.6017763292977447
3015771,6.1891679160959585
3015772,0.14765809879169137
3015773,3.6132611247056006
3015774,259.3622644908849
3015775,0.0
3015776,207.1356416745493
3015777,14.28137436998421
3015778,256.92876293329095
3015779,184.0114887720508
3015780,235.93151634264754
3015781,185.10350125341978
3015782,106.92284409136018
3015783,263.6193676903095
3015784,26.003209339853512
3015785,1.9487645311554427
3015786,19.59009714104833
3015787,27.848928154492917
3015788,0.2884357660643124
3015789,170.12204981953147
3015790,7.655286847410209
3015791,31.99279981055476
3015792,8.142555811391027
3015793,94.6474602108263
3015794,2.6970938106414697
3015795,246.27058750604627
3015796,180.29893144179653
3015797,8.883023026170559
3015798,8.101985140303793
3015799,289.4602871928865
3015800,66.88819295172374
3015801,31.156241589603553
3015802,0.38638736765947024
3015803,16.981528615657904
3015804,5.567062197745414
3015805,0.0
3015806,2.2713635129462797
3015807,259.38949760316115
3015808,0.0
3015809,335.07554993335367
3015810,13.098316630931135
3015811,296.52597383941014
3015812,276.59561158223073
3015813,267.23322646075127
3015814,180.82316955973664
3015815,60.85604947589329
3015816,272.05733451455643
3015817,14.929646136817128
3015818,0.5079726856552285
3015819,25.490726608118106
3015820,18.717972636299358
3015821,0.6262549818204028
3015822,206.4040811435182
3015823,0.0
3015824,5.3197516298929814
3015825,5.242390750180488
3015826,45.08866635808209
3015827,0.1807954363174086
3015828,248.767894021925
3015829,215.10721566886804
3015830,3.8140678022603005
3015831,4.434459643761205
3015832,165.57056327181135
3015833,66.84610475847191
3015834,117.82178022403828
3015835,2.4450794365960458
3015836,4.159989569989769
3015837,5.567062197745414
3015838,0.1045875815017844
3015839,1.6776334297157869
3015840,253.3675998643436
3015841,0.0
3015842,337.571785305058
3015843,9.985111076996105
3015844,253.57176133525027
3015845,307.1967417169045
3015846,204.91040499486678
3015847,152.47664957730913
3015848,57.7147856524524
3015849,295.9463651565315
3015850,15.744121963664474
3015851,0.6579209099538369
3015852,24.95634576417726
3015853,19.2611392587185
3015854,0.0
3015855,194.09450820063321
3015856,0.0
3015857,5.611426128757517
3015858,5.242390750180488
3015859,75.08250218529092
3015860,0.6224774914188345
3015861,155.9686717005701
3015862,173.83997510063
3015863,3.8140678022603005
3015864,4.439363578107053
3015865,159.54552939707102
3015866,53.09243808162303
3015867,118.0777685160756
3015868,0.7258037324663907
3015869,6.093041975551453
3015870,8.75832644249088
3015871,0.639747309990474
3015872,14.391049883224548
3015873,269.5021459473354
3015874,0.0
3015875,198.90061627529158
3015876,46.41849184399886
3015877,236.4207021255692
3015878,227.62061188132236
3015879,293.9510311238602
3015880,325.9889067952814
3015881,280.83964843415805
3015882,291.2958920838562
3015883,66.50326262949285
3015884,2.1033637274109807
3015885,47.19346293249576
3015886,44.32354697760639
3015887,0.0
3015888,343.3427042561497
3015889,32.73865787967989
3015890,39.92280568471319
3015891,24.235980956383365
3015892,160.0189480806539
3015893,23.169909241502335
3015894,0.17174565952762075
3015895,332.93178732420074
3015896,17.62261935564368
3015897,22.270323903823538
3015898,135.9373311070565
3015899,204.4130893217019
3015900,27.952403254688278
3015901,0.061033659602482804
3015902,68.83536183620582
3015903,2.6984393789270507
3015904,0.3521864232558536
3015905,0.2736119798158092
3015906,302.5675595444919
3015907,0.0
3015908,138.7113580142032
3015909,4.38281002813162
3015910,270.39335270557655
3015911,216.41858895101456
3015912,92.07508860892462
3015913,110.47806460292225
3015914,41.79223935292402
3015915,145.77105619698065
3015916,6.152132309809898
3015917,0.0
3015918,12.543280673218575
3015919,6.5955565898958275
3015920,0.0
3015921,128.6019162898087
3015922,0.6526492718889438
3015923,0.0
3015924,2.1033637274109807
3015925,33.432920699720555
3015926,0.5197248958593722
3015927,125.30728462039843
3015928,80.30297086078814
3015929,0.6978687236213275
3015930,2.274548284054846
3015931,93.55516213315873
3015932,21.289925667778114
3015933,245.9184918081075
3015934,0.0
3015935,2.5967776958061135
3015936,6.935280013387312
3015937,0.006079766474240944
3015938,2.355556044764714
3015939,248.40772121528374
3015940,0.0
3015941,323.1675603013682
3015942,9.149202135636587
3015943,254.75249179279547
3015944,276.4867938587193
3015945,183.1855059248089
3015946,231.9853300677115
3015947,74.61967800294586
3015948,297.1270956140767
3015949,11.816250664604587
3015950,0.00473419818866007
3015951,21.602834124205376
3015952,21.83510569913315
3015953,0.0
3015954,238.28305202753407
3015955,0.4501176037980905
3015956,7.2148626259698725
3015957,10.409186336290142
3015958,16.72275761401572
3015959,1.0291676787576096
3015960,346.78129382935725
3015961,195.6053535383001
3015962,2.6920951771498385
3015963,6.187822347810376
3015964,121.3407545861864
3015965,55.72672058299003
3015966,119.93699185943998
3015967,1.1560477521002497
3015968,4.990376376135065
3015969,1.0097031589865495
3015970,0.0
3015971,0.24305875670760468
3015972,283.1870303494049
3015973,0.0
3015974,109.84108877954097
3015975,3.287170828665913
3015976,305.6398324387019
3015977,121.0133637606901
3015978,71.28355917009185
3015979,143.2419434183358
3015980,16.419659981972
3015981,260.779920348961
3015982,0.5013321715547081
3015983,0.00473419818866007
3015984,6.634104872230937
3015985,3.900229200813375
3015986,0.0
3015987,71.97262124155283
3015988,0.0
3015989,0.0
3015990,0.14617434180352926
3015991,34.190062973672866
3015992,0.00473419818866007
3015993,108.95458415583354
3015994,72.08651085489446
3015995,0.07270252902704924
3015996,0.36930154023954986
3015997,44.06928387535648
3015998,9.788271806804453
3015999,152.00573542336744
3016000,0.0
3016001,0.9387541317597338
3016002,6.843776365070728
3016003,0.0
3016004,1.6380441172910323
3016005,213.6456521370365
3016006,0.0
3016007,173.79739251558982
3016008,7.61718997770127
3016009,233.18110633756135
3016010,280.31863171063844
3016011,143.87265184401457
3016012,132.51764316755546
3016013,51.88846449998629
3016014,261.15300543945074
3016015,3.2749334249666173
3016016,0.32536652140066
3016017,24.67208833962393
3016018,14.63529809112516
3016019,0.0
3016020,166.1614363394426
3016021,0.0
3016022,0.0
3016023,9.927765645641061
3016024,33.540534925744794
3016025,0.4800559787669236
3016026,309.0316895312415
3016027,180.81265301816393
3016028,0.9729141721659662
3016029,3.316364744569486
3016030,180.0491238851375
3016031,19.270115334582176
3016032,110.47117372442409
3016033,0.0
3016034,0.16212674319772832
3016035,1.6871624026015646
3016036,0.09805812165200997
3016037,0.3026779101152924
3016038,245.04792256081322
3016039,0.0
3016040,122.49375326063472
3016041,6.877380895126296
3016042,222.45041275285695
3016043,165.91293220461304
3016044,187.83831582294698
3016045,87.6327721797801
3016046,60.8612032513764
3016047,262.55692675348087
3016048,6.798594615673067
3016049,3.91112103622709
3016050,23.444456595490564
3016051,35.105430124674584
3016052,0.0
3016053,170.98250762587213
3016054,1.395364999606807
3016055,4.243379750661224
3016056,2.133903211600135
3016057,28.54721531227538
3016058,1.062984117263161
3016059,227.06597082474232
3016060,236.54082760226208
3016061,2.7533473172331138
3016062,5.623615747720847
3016063,122.73201257462412
3016064,22.90237229778511
3016065,129.4321230076134
3016066,3.0643503705240622
3016067,2.300324314738277
3016068,1.6871624026015646
3016069,0.0
3016070,0.026126335631901462
3016071,227.16282923393058
3016072,0.0
3016073,74.93460016870709
3016074,2.6935354445812023
3016075,318.97474553176943
3016076,135.21474761615926
3016077,70.68028599328606
3016078,104.23775188770931
3016079,44.06573910790828
3016080,250.49185515755542
3016081,6.865051086177024
3016082,0.13708238349385757
3016083,6.2739894180037155
3016084,7.033448665694502
3016085,0.0
3016086,87.41285884986107
3016087,0.0
3016088,0.0
3016089,0.0
3016090,33.74565101152963
3016091,0.40453673167826376
3016092,255.84241788800432
3016093,70.78384363951592
3016094,0.2722526726111781
3016095,0.633497807359045
3016096,51.37011561840951
3016097,16.267743675849214
3016098,288.28844584770457
3016099,0.0
3016100,0.6195594592856797
3016101,3.8154133705458815
3016102,0.0
3016103,0.001468652092847968
3016104,178.18734559105573
3016105,0.0
3016106,325.2825267198082
3016107,8.143901379676604
3016108,264.21296489356007
3016109,314.0213736298015
3016110,166.53820990305334
3016111,140.97967165088545
3016112,78.51408865422628
3016113,274.5316491703812
3016114,8.538028434932095
3016115,0.00473419818866007
3016116,24.041305599228938
3016117,11.71936716575183
3016118,0.0
3016119,175.33790236586805
3016120,0.0
3016121,23.264089298380185
3016122,2.8804740142024237
3016123,48.774374960240046
3016124,0.3643976058937016
3016125,270.89018278379365
3016126,174.10896316621498
3016127,2.291647865317783
3016128,2.6970938106414697
3016129,116.55092142867922
3016130,37.72152869077751
3016131,118.0777685160756
3016132,0.2817146617036452
3016133,1.0767726641427582
3016134,3.3607311145262413
3016135,0.0
3016136,6.724766254172626
3016137,207.9935234341603
3016138,0.0
3016139,293.09620786996305
3016140,5.781703477782859
3016141,275.5235424794763
3016142,291.05746217336866
3016143,147.99828655460848
3016144,107.10248648253922
3016145,102.02675980141706
3016146,254.41127634169354
3016147,46.34874006321235
3016148,0.6883094956255046
3016149,26.586596144945997
3016150,25.859115633850095
3016151,0.4016274944234669
3016152,184.69458036141103
3016153,22.02523715200249
3016154,20.751677331958092
3016155,0.7714290094816562
3016156,96.29883749561164
3016157,7.131247277965392
3016158,171.39408599985
3016159,217.96530375006685
3016160,12.886416448243931
3016161,13.231897809008556
3016162,204.9476271465092
3016163,67.4134702331279
3016164,28.81828918334838
3016165,0.0
3016166,8.680094107692726
3016167,5.62496131600643
3016168,0.0
3016169,5.871099255166429
3016170,205.22280767581054
3016171,0.0
3016172,326.4253406023368
3016173,10.854525349195754
3016174,184.08541361216965
3016175,203.95303051979306
3016176,113.28023118245224
3016177,65.59919283188373
3016178,99.98310241980437
3016179,251.011214493111
3016180,26.44971131524292
3016181,0.5013321715547081
3016182,36.12104929261364
3016183,32.019211715601124
3016184,0.0
3016185,243.93655296607346
3016186,19.16205349623943
3016187,14.91124533784529
3016188,7.12414346260902
3016189,73.81582209087499
3016190,9.84745793236193
3016191,130.36768804326783
3016192,272.3192555356038
3016193,5.438774024960279
3016194,9.312316675491802
3016195,110.63250620155111
3016196,71.11443188277464
3016197,25.230414620559092
3016198,8.28106820205875
3016199,15.988727810145955
3016200,8.987744880136946
3016201,0.07964005233456947
3016202,4.667558902702253
3016203,241.751979180886
3016204,0.0
3016205,212.06290196656147
3016206,5.883984926272836
3016207,245.49775693592602
3016208,314.18671014772536
3016209,144.00445493715972
3016210,211.80218304600555
3016211,57.738224734604835
3016212,255.62953050350436
3016213,28.600147800250753
3016214,1.4689252854671353
3016215,19.884370907074835
3016216,18.572184083133564
3016217,0.015369771647302856
3016218,276.1345199202363
3016219,4.512923863967383
3016220,11.443758693391809
3016221,10.143387499384668
3016222,41.419295274064595
3016223,2.826907603093442
3016224,224.43389492727343
3016225,247.99516817872848
3016226,5.512334310820608
3016227,8.216116097251355
3016228,194.1231652025338
3016229,45.054868829891205
3016230,120.12344215412979
3016231,3.612851975572703
3016232,11.683601567056982
3016233,2.275893852340427
3016234,0.19444176953820538
3016235,3.915888969734411
3016236,268.22878949971147
3016237,0.0
3016238,319.21337166194303
3016239,7.11716725849412
3016240,273.4283316079835
3016241,192.30506644043604
3016242,145.81230178882117
3016243,108.97467213206758
3016244,72.08120608358776
3016245,270.2172807908881
3016246,21.995921890002474
3016247,1.5836491375136095
3016248,14.245344428681838
3016249,8.509307802498057
3016250,0.0
3016251,165.39663722561528
3016252,17.71630445367802
3016253,17.96360032488591
3016254,1.1966417286077704
3016255,64.80649400444132
3016256,6.064069800807041
3016257,288.1030146547757
3016258,184.9770909315322
3016259,5.242390750180488
3016260,7.003785550946369
3016261,304.17033298183156
3016262,44.87529961161349
3016263,28.10921517361131
3016264,0.0
3016265,22.172483070251797
3016266,2.17826958155689
3016267,0.04174939407988341
3016268,1.6286786519700027
3016269,211.23511747898422
3016270,0.0
3016271,308.68597299722364
3016272,8.129503990621009
3016273,244.7734719356914
3016274,281.9035451416213
3016275,219.33327457061966
3016276,134.51891952592226
3016277,52.79014761778112
3016278,284.50578549573663
3016279,9.933018889901195
3016280,2.616054900246264
3016281,26.259836869584706
3016282,17.528701137439352
3016283,0.07829448404898859
3016284,296.48461683297967
3016285,0.015369771647302856
3016286,0.0
3016287,8.09236355024802
3016288,42.36814051796649
3016289,0.9548092130426109
3016290,147.46997507125548
3016291,243.02578690227838
3016292,1.7593771201763122
3016293,9.90851819189524
3016294,138.8366270836446
3016295,49.05569839200941
3016296,128.33376160891487
3016297,0.0
3016298,5.832881850690962
3016299,6.917336650931058
3016300,0.0
3016301,5.692685642192269
3016302,222.30162067511625
3016303,0.0
3016304,328.3499210106776
3016305,9.828684049202545
3016306,314.67107180567064
3016307,308.166724309538
3016308,164.20371252314905
3016309,105.43142087757376
3016310,132.35077146039637
3016311,248.8532593273236
3016312,31.496444279521008
3016313,0.5895076913181326
3016314,18.564582866871497
3016315,30.213926212518025
3016316,0.015369771647302856
3016317,188.9220277373715
3016318,15.92495364031518
3016319,15.388719281933588
3016320,7.512358240265424
3016321,63.93739555590197
3016322,10.791307235396923
3016323,168.6152932370223
3016324,200.2956669869161
3016325,11.120292827356005
3016326,7.007494730962059
3016327,151.728239149663
3016328,58.693618318554265
3016329,26.305000838238804
3016330,0.11637294902641142
3016331,6.092550135541382
3016332,4.016566374562154
3016333,0.0
3016334,5.02022603994107
3016335,254.52510750064437
3016336,0.0
3016337,348.8392631719035
3016338,8.685543637156382
3016339,241.07952835903197
3016340,217.31660384369115
3016341,139.41394146698565
3016342,105.01645417694098
3016343,102.61478599323269
3016344,256.99889129605623
3016345,24.889142942063113
3016346,0.3458129584715066
3016347,22.556387579750496
3016348,23.51321848623925
3016349,0.015369771647302856
3016350,159.99699565085527
3016351,12.80358866669817
3016352,28.686697323946586
3016353,5.367834792985001
3016354,55.93716651627121
3016355,8.216116097251355
3016356,188.70989453985163
3016357,171.51194453219003
3016358,8.09236355024802
3016359,7.433102058731371
3016360,185.53769578865854
3016361,44.94553656340771
3016362,149.4749136679329
3016363,0.0
3016364,13.29271533529807
3016365,6.121846034464848
3016366,0.024619773591778436
3016367,6.184512026966491
3016368,129.07728393198914
3016369,0.0
3016370,161.01061024574744
3016371,12.629393855273205
3016372,129.05423602455923
3016373,147.74883826647937
3016374,238.64931987729364
3016375,157.808610256767
3016376,61.78615398805603
3016377,145.21730765980783
3016378,9.642620132313452
3016379,0.03866203549002993
3016380,13.486816130352302
3016381,18.26694299092957
3016382,0.0032516620464353267
3016383,228.94452224613858
3016384,0.0
3016385,7.347382825783461
3016386,1.0647882560731914
3016387,62.38365393888541
3016388,3.569029269367748
3016389,250.4171981946585
3016390,254.63725276985278
3016391,2.748525842522062
3016392,2.4106411418513565
3016393,201.16982037074035
3016394,125.65904918157221
3016395,145.23992265831862
3016396,1.753180822482242
3016397,0.9303039577050837
3016398,13.265693663812673
3016399,0.0
3016400,15.557402416416187
3016401,249.83971218347332
3016402,0.0
3016403,267.078961576296
3016404,23.302929977124645
3016405,223.68069857648578
3016406,207.4742829643441
3016407,345.5151605455547
3016408,297.8840050112394
3016409,329.9185977200657
3016410,284.6776135969262
3016411,84.0292062851166
3016412,3.4015232325827367
3016413,102.30329363610251
3016414,111.81728730111611
3016415,0.00473419818866007
3016416,325.1118528208678
3016417,26.816026282661138
3016418,22.992259494118617
3016419,40.540872087790795
3016420,223.1827101972868
3016421,21.16368781946453
3016422,0.17174565952762075
3016423,335.8377974910438
3016424,33.994763325652656
3016425,31.70455452241039
3016426,135.7457467548197
3016427,289.16354929373887
3016428,42.76363713737477
3016429,261.50904361053824
3016430,79.76770480472308
3016431,12.928228591683498
3016432,0.0
3016433,13.060395377790098
3016434,246.63401790268983
3016435,0.0
3016436,101.03989630040262
3016437,27.095181483370574
3016438,153.67307539755876
3016439,156.9591563798053
3016440,340.6778329473902
3016441,257.73359671484445
3016442,242.31324108463713
3016443,284.6776135969262
3016444,110.425867550293
3016445,0.6579209099538369
3016446,63.095783341570574
3016447,72.09075992575313
3016448,0.330643817543984
3016449,336.28886428762416
3016450,27.58854326988339
3016451,32.11406930804108
3016452,10.827037385728191
3016453,179.54889700031734
3016454,16.440979218251268
3016455,26.849548570040795
3016456,329.47660701698373
3016457,21.523999035288316
3016458,24.981156650869835
3016459,137.10290576206168
3016460,226.80339698865444
3016461,36.48565280993413
3016462,163.97536005600304
3016463,68.05408993714985
3016464,10.719385650656276
3016465,0.0
3016466,20.385774147664105
3016467,248.7892501907981
3016468,0.0
3016469,302.03287449299137
3016470,13.018044417711687
3016471,225.4455302507309
3016472,266.4915704563018
3016473,253.39139135356706
3016474,107.65078351594963
3016475,200.38764293030647
3016476,259.59737051348174
3016477,38.203163004061885
3016478,2.600414407316492
3016479,35.324264746129785
3016480,26.50632273733798
3016481,0.1032420132162035
3016482,341.4928477871968
3016483,24.114070873517676
3016484,19.029766278364477
3016485,10.739979368734755
3016486,113.77106091645143
3016487,9.149180801662867
3016488,198.4388846534004
3016489,252.46691114508116
3016490,22.533941424523746
3016491,37.14217939531133
3016492,245.78321680575456
3016493,124.01750767014792
3016494,31.24445794662202
3016495,242.8083213795934
3016496,39.77297620150291
3016497,16.518318738357742
3016498,0.0
3016499,20.47913755110429
3016500,248.0510184285406
3016501,0.0
3016502,211.65612139252366
3016503,21.152124931972757
3016504,223.68069857648578
3016505,162.85769302256213
3016506,312.6850898606712
3016507,284.2492442871469
3016508,208.11888318982415
3016509,259.59737051348174
3016510,49.259875937773124
3016511,0.8811387031868365
3016512,60.2488233734356
3016513,69.92262476860166
3016514,0.6447840495556386
3016515,281.46057899058
3016516,27.830903701623896
3016517,26.018723065344144
3016518,20.39984934027148
3016519,160.68083488755465
3016520,11.875799197625241
3016521,0.46957122045530714
3016522,321.47298408462126
3016523,21.46598869274497
3016524,26.801502283067293
3016525,256.93512896198047
3016526,200.6011608954857
3016527,36.73946137199434
3016528,270.13621405076094
3016529,59.808306617449475
3016530,11.254497732793043
3016531,0.0
3016532,21.71826872227184
3016533,246.07740509880833
3016534,0.0
3016535,311.9082399790237
3016536,13.580238373441551
3016537,246.98182345182332
3016538,204.48294172447024
3016539,338.1816085374406
3016540,88.7133794185099
3016541,159.0701401412591
3016542,267.0216177891731
3016543,39.43772886260292
3016544,0.0
3016545,25.887468166907063
3016546,25.582795879001747
3016547,0.0
3016548,328.68500465087334
3016549,27.195489234799226
3016550,11.374119366858041
3016551,5.9472082229827885
3016552,105.62476213310546
3016553,5.469037226134853
3016554,241.589042946933
3016555,338.4145891957097
3016556,16.347998601534126
3016557,21.707808174559297
3016558,206.8761090788806
3016559,79.67643153329412
3016560,32.08823460205926
3016561,198.71769343916202
3016562,21.59838555951254
3016563,12.780031834667803
3016564,0.0
3016565,10.974046628414847
3016566,248.0510184285406
3016567,0.0
3016568,227.86044871608254
3016569,21.50839962319958
3016570,223.68069857648578
3016571,214.43302795490837
3016572,314.838024953624
3016573,324.2336296791409
3016574,281.769902833455
3016575,258.27964113741155
3016576,62.023473964930815
3016577,1.395364999606807
3016578,56.26360329536144
3016579,72.7663075326493
3016580,0.09671255336642909
3016581,343.93482769007824
3016582,13.592283802839487
3016583,28.483681406007516
3016584,13.556767630003312
3016585,166.43398800404088
3016586,16.367575925401052
3016587,168.12225635890582
3016588,312.48260262113126
3016589,17.074576930720795
3016590,24.648818557274662
3016591,154.4508353658134
3016592,183.95853919852922
3016593,36.428965472342895
3016594,297.08424430096005
3016595,65.03964074409325
3016596,5.62496131600643
3016597,0.13842795177943854
3016598,4.439264816498229
3016599,184.27331084452052
3016600,0.0
3016601,307.524307613658
3016602,21.996799536342742
3016603,257.19521875975846
3016604,276.7848807436481
3016605,168.36795121935052
3016606,58.68535343656244
3016607,73.72351360118
3016608,262.1654048427599
3016609,31.082285459266995
3016610,0.470927691854732
3016611,24.583393793207808
3016612,18.19596018539179
3016613,0.0
3016614,148.97960711997578
3016615,10.591704797571339
3016616,8.234225907450885
3016617,9.93063980827803
3016618,60.647924913324545
3016619,6.187822347810376
3016620,199.34236471865438
3016621,177.1750180442774
3016622,2.1033637274109807
3016623,5.591807006721018
3016624,179.58706465814478
3016625,51.52917623997074
3016626,23.842679764748542
3016627,0.24944762434989018
3016628,9.039143559468995
3016629,10.68040057706475
3016630,0.33175515361851754
3016631,13.18637703090429
3016632,247.1056748386878
3016633,0.33175515361851754
3016634,249.19908090265352
3016635,31.267500739616793
3016636,210.26541726920075
3016637,262.3464998578111
3016638,317.11052251304295
3016639,90.25790743974746
3016640,155.2213131073416
3016641,238.29642276213164
3016642,80.14623327044686
3016643,1.4630093295346127
3016644,61.259524946399665
3016645,40.5029659113511
3016646,0.3696649235022894
3016647,308.4132761284357
3016648,15.227012185358825
3016649,8.3921075203305
3016650,4.864545780047173
3016651,129.1513356829419
3016652,8.907696417304312
3016653,321.95403481117694
3016654,325.30726972681236
3016655,11.689703572405683
3016656,21.818522054104847
3016657,315.6225534851124
3016658,76.32657056560173
3016659,36.30247511134229
3016660,264.349731402829
3016661,24.029106642479736
3016662,6.2342533709593235
3016663,0.0
3016664,4.638725096554741
3016665,246.58812116116098
3016666,0.0
3016667,255.80287430952947
3016668,8.587252086184765
3016669,155.40868592880946
3016670,216.65366542872266
3016671,180.24975481231095
3016672,282.5440416893525
3016673,191.63173767966447
3016674,230.12705000096958
3016675,40.40541389838403
3016676,1.0241303724363229
3016677,27.08398279842034
3016678,31.21245051366079
3016679,0.2732531845060703
3016680,247.29232767982535
3016681,3.214102656157203
3016682,45.03385936370603
3016683,5.328014637760481
3016684,103.40144836847561
3016685,8.898795807905916
3016686,195.8100843686005
3016687,232.8793638304299
3016688,19.10111230582068
3016689,12.477646782264284
3016690,107.11105046484677
3016691,110.24026603974504
3016692,37.54090367378501
3016693,3.0495836680702633
3016694,45.393253026001716
3016695,12.343018324244342
3016696,0.0
3016697,6.2181900683462485
3016698,260.03925849070487
3016699,0.0
3016700,222.48262491805878
3016701,12.441906140855245
3016702,197.31558558305503
3016703,169.99282606146087
3016704,292.99235705884246
3016705,188.1922328202486
3016706,236.07540196476813
3016707,250.47798840281243
3016708,46.05571030042104
3016709,2.6970938106414697
3016710,43.24524319628106
3016711,41.009181080948544
3016712,0.00473419818866007
3016713,307.23174728502835
3016714,7.0576869921050625
3016715,51.53744866328896
3016716,8.142555811391027
3016717,165.71806572182007
3016718,8.883023026170559
3016719,320.87613191528413
3016720,258.07108766917077
3016721,14.860235387620838
3016722,23.83525297270726
3016723,319.430639736358
3016724,108.48758988849406
3016725,160.28808721276414
3016726,4.341641235254118
3016727,6.6240209527952905
3016728,7.111991503485724
3016729,0.0
3016730,4.610209222346418
3016731,143.4858855936282
3016732,0.0
3016733,324.35062929876153
3016734,7.815818247581772
3016735,120.91216989959575
3016736,284.733026525609
3016737,183.29757321471183
3016738,74.65635244132561
3016739,107.93664504940793
3016740,145.72001281966956
3016741,16.358933252849788
3016742,0.561241506628859
3016743,26.430994065630106
3016744,21.766685710154693
3016745,0.0
3016746,157.38689359008254
3016747,5.429088038961316
3016748,10.436047213196945
3016749,5.967390397482063
3016750,73.02804366755927
3016751,3.814441632902112
3016752,223.88999432481833
3016753,173.47676726296675
3016754,3.986588866146699
3016755,4.901640568549105
3016756,137.1872240230782
3016757,57.20340850529372
3016758,35.173190693311284
3016759,0.0
3016760,2.878656980767252
3016761,6.065415369092624
3016762,0.0
3016763,0.9682718393836806
3016764,290.33728321569725
3016765,0.0
3016766,164.4280867890641
3016767,3.8154133705458815
3016768,240.06179238888498
3016769,191.9212833171023
3016770,160.51456734398528
3016771,55.64578508901869
3016772,28.460981355855434
3016773,221.1276531072673
3016774,11.062388368287198
3016775,0.34358751783705993
3016776,17.62806614493659
3016777,8.156152596828553
3016778,0.0
3016779,168.70872568172373
3016780,0.0
3016781,0.0
3016782,4.439363578107053
3016783,25.204017270767114
3016784,0.3130480336479056
3016785,54.291016724596524
3016786,133.83505426899325
3016787,0.0
3016788,1.395364999606807
3016789,57.44674653379238
3016790,70.20688764236445
3016791,255.90510386183524
3016792,0.0
3016793,2.269784830549123
3016794,5.343440189920884
3016795,0.0
3016796,6.798545374749564
3016797,269.5021459473354
3016798,0.0
3016799,301.6142151321789
3016800,13.600340062439434
3016801,233.3114103822249
3016802,221.2578539147061
3016803,255.42313215954846
3016804,126.93375509025762
3016805,114.31078582323191
3016806,258.6586639503747
3016807,29.051725090490198
3016808,0.26771820256872375
3016809,22.16466901219529
3016810,42.059287452560326
3016811,0.0
3016812,242.12160299973175
3016813,21.65233723182094
3016814,14.405812028732324
3016815,13.900720823063724
3016816,72.08003025992058
3016817,5.342094621635301
3016818,320.4199178853984
3016819,237.21700532081908
3016820,7.296828085215962
3016821,12.754013352016425
3016822,331.52514706348796
3016823,89.12326055617663
3016824,31.415539762649896
3016825,0.0
3016826,32.574829200005325
3016827,3.8154133705458815
3016828,0.0
3016829,5.572350691681321
3016830,275.2725668898553
3016831,0.0
3016832,185.51358001210284
3016833,15.609517095305588
3016834,179.49569263284272
3016835,231.27230837079478
3016836,139.96641451528137
3016837,215.81086767837277
3016838,177.8806318468194
3016839,276.10059174223744
3016840,31.88819344674417
3016841,2.3847499606682874
3016842,29.05104946697134
3016843,32.07501387791269
3016844,0.40453673167826376
3016845,187.21689181872318
3016846,12.11367173955107
3016847,32.58314735748684
3016848,10.742240668557631
3016849,141.43985898342618
3016850,11.393725361401936
3016851,332.42944432033175
3016852,175.95269969295276
3016853,6.006170682546025
3016854,11.173531616531761
3016855,118.17248913235379
3016856,107.14776959783822
3016857,30.69063322338039
3016858,0.0
3016859,37.34570097306322
3016860,3.287170828665913
3016861,0.4924356019117652
3016862,11.056348380166861
3016863,273.9992104422313
3016864,0.0
3016865,228.488352147459
3016866,18.7935630987293
3016867,170.41290808548152
3016868,197.39822525321085
3016869,231.21458650882644
3016870,239.01617762531953
3016871,124.66119456809919
3016872,293.24299338025065
3016873,33.90569412301644
3016874,2.6970938106414697
3016875,36.218327836758654
3016876,41.60370164943719
3016877,0.0
3016878,270.88395232003455
3016879,25.317716509397084
3016880,25.18209722243288
3016881,23.47276170671359
3016882,139.24946942232233
3016883,16.281271467685528
3016884,317.05375069746293
3016885,256.2512729585562
3016886,15.620164139353243
3016887,16.579671743265397
3016888,180.62063972469792
3016889,128.16952157034896
3016890,28.744570559928434
3016891,1.9253648466986708
3016892,33.61418461918795
3016893,12.04191635113135
3016894,0.3827259074450079
3016895,8.772940133041159
3016896,262.77112606660995
3016897,0.0
3016898,320.6373230094657
3016899,12.057006045151896
3016900,266.70321155051477
3016901,208.33634670266966
3016902,297.239164550418
3016903,139.7393991849865
3016904,89.82241523255139
3016905,293.955377366793
3016906,12.174084027843355
3016907,0.6273814257646826
3016908,36.54142194153131
3016909,41.416555425766916
3016910,0.0
3016911,317.09911124880983
3016912,7.746790495726793
3016913,4.065648354434548
3016914,5.0928124275256685
3016915,39.96109356255751
3016916,2.6970938106414697
3016917,344.12016943262563
3016918,310.53845808970704
3016919,6.842430796785146
3016920,6.064069800807041
3016921,305.1858795827066
3016922,89.7955487556445
3016923,147.29447552525517
3016924,110.41958373646276
3016925,15.036141816100022
3016926,5.444973119147153
3016927,0.7366878793578312
3016928,3.101066682759976
3016929,257.11253865788467
3016930,0.7366878793578312
3016931,316.47321113536094
3016932,12.497996609534255
3016933,272.80876174105254
3016934,343.764679079265
3016935,150.5746753896833
3016936,135.23883204517222
3016937,119.6893507978899
3016938,262.6291675625685
3016939,14.73385235457484
3016940,2.4403213779269186
3016941,21.69621715631071
3016942,27.191749965191562
3016943,1.0081829967502083
3016944,151.97388042481938
3016945,12.252697695841727
3016946,15.979867207239305
3016947,8.655920437313585
3016948,116.15648375585087
3016949,6.871950498781764
3016950,310.5311936013055
3016951,139.47420849975893
3016952,3.6241586497656395
3016953,7.763451358013104
3016954,307.08264032575624
3016955,67.11383957690762
3016956,5.264274307016728
3016957,0.5175717643089427
3016958,31.868514766305438
3016959,1.0669114745162502
3016960,0.13367569395384124
3016961,1.2494540696579601
3016962,270.92947921194514
3016963,0.13367569395384124
3016964,84.37463704526066
3016965,4.034774228915906
3016966,214.84030104568367
3016967,229.68328483813207
3016968,248.25528962221446
3016969,50.71757282184787
3016970,33.905722077396966
3016971,261.70417858726154
3016972,5.417915427438438
3016973,0.266429420688409
3016974,8.962276936113962
3016975,6.78131291821029
3016976,0.16657395295037566
3016977,124.65223450899153
3016978,4.125577960251265
3016979,0.0
3016980,1.2485285371276391
3016981,13.23593640441071
3016982,0.20699583728120766
3016983,134.7432389175718
3016984,149.78629435778728
3016985,0.7206930299247378
3016986,3.505186118750363
3016987,149.8936154199659
3016988,25.035634861634964
3016989,195.36521768947011
3016990,15.213001064694307
3016991,2.124030295277315
3016992,6.531227085368464
3016993,0.19295357538295618
3016994,5.718067828392322
3016995,258.0361296546656
3016996,0.13367569395384124
3016997,246.68824520979425
3016998,13.904775545829995
3016999,269.6509602367869
3017000,285.3535892773955
3017001,350.60044146408774
3017002,166.52210193516504
3017003,88.25380326185017
3017004,293.2362047358191
3017005,28.30687457448825
3017006,0.7338908281393433
3017007,24.64910425212786
3017008,23.88125395524096
3017009,0.17158546383761306
3017010,317.5507689598655
3017011,6.6850481230583165
3017012,1.3688699701271276
3017013,8.402405026965424
3017014,55.49005123913828
3017015,1.2938583682068212
3017016,241.1677866884587
3017017,280.96422552615775
3017018,3.0131340723364763
3017019,12.951534165895197
3017020,262.62819536542065
3017021,92.27761961318679
3017022,142.0820919313604
3017023,21.95422241622442
3017024,9.583036704191779
3017025,5.420221451008599
3017026,0.20723597981417
3017027,0.26707828576492165
3017028,280.65044198566676
3017029,0.20723597981417
3017030,139.2757167168386
3017031,14.806549203761586
3017032,257.55347858123565
3017033,301.869808029113
3017034,218.52790368579736
3017035,69.98010588932671
3017036,44.43758211164691
3017037,270.27360826709435
3017038,8.003152313800998
3017039,0.3399897065487375
3017040,11.577015579324407
3017041,17.92675550694869
3017042,0.26516829295770383
3017043,141.17934118600257
3017044,7.205087589373064
3017045,0.0
3017046,12.157432591686577
3017047,43.102715519685745
3017048,1.1296913885593882
3017049,116.80171686335179
3017050,144.84289920552138
3017051,1.1184246344702609
3017052,6.426726593394959
3017053,154.33502451991959
3017054,31.720495965480357
3017055,312.1414517404845
3017056,6.14715021623352
3017057,3.0332240755603914
3017058,5.130465524452946
3017059,0.20723597981417
3017060,4.813500861265264
3017061,297.3229972738134
3017062,0.20723597981417
3017063,90.86703692786875
3017064,7.388084822922997
3017065,299.51458633145074
3017066,216.73379931635722
3017067,161.96893181260015
3017068,47.99032393844123
3017069,34.23565160555766
3017070,242.0314588565912
3017071,16.317041865042764
3017072,0.2451457496979415
3017073,11.813684848631127
3017074,10.840561463872774
3017075,0.24013423881070414
3017076,135.363155259516
3017077,1.0479373366136153
3017078,0.0
3017079,2.993590009424022
3017080,50.34615465090237
3017081,1.1551589728129614
3017082,122.11625547229494
3017083,154.49923465758863
3017084,0.3334602466989631
3017085,4.4439208019521725
3017086,107.96784034094024
3017087,21.217686930287364
3017088,154.7195850517011
3017089,12.522437029894071
3017090,0.811961891119504
3017091,3.7330248828128942
3017092,0.20723597981417
3017093,3.320493812146007
3017094,295.415271377899
3017095,0.20723597981417
3017096,130.4968301536507
3017097,9.555460249414619
3017098,263.021671534283
3017099,318.55782397098955
3017100,245.55863252352128
3017101,38.491804123063886
3017102,47.371232419546175
3017103,274.92907948308766
3017104,6.344908050215807
3017105,0.6871282719293204
3017106,6.890193901961663
3017107,22.021382476897504
3017108,0.2805561231415362
3017109,164.27225051306624
3017110,1.399249058064002
3017111,0.0
3017112,3.0866943581968047
3017113,19.821799516117384
3017114,1.118008755365818
3017115,172.77584702196376
3017116,192.29853610075887
3017117,0.8747620306750694
3017118,4.203668349815631
3017119,88.90814924344599
3017120,86.80920540484576
3017121,313.1687855226383
3017122,4.446180041555955
3017123,4.108887977556709
3017124,3.040436370424023
3017125,0.5038574767031945
3017126,3.3505200806923754
3017127,237.48033419647862
3017128,0.13367569395384124
3017129,132.4238291678788
3017130,3.850736833357395
3017131,236.06893910043888
3017132,282.3623212975067
3017133,249.61927338656602
3017134,90.37898439196907
3017135,61.16415101274504
3017136,264.5762225742608
3017137,5.331667104983265
3017138,1.0399604142640844
3017139,10.612862544990094
3017140,14.64310887530865
3017141,0.19160800709737527
3017142,185.4200856068474
3017143,6.494247301711745
3017144,0.0
3017145,3.2461891117965824
3017146,27.090176081169794
3017147,0.9694731164074395
3017148,101.38070217075445
3017149,141.66253331986826
3017150,0.7746883101609604
3017151,4.161063427248898
3017152,116.2478277204127
3017153,42.97507778484945
3017154,165.25818269174786
3017155,5.063234340887792
3017156,4.691041721751932
3017157,4.131453632240884
3017158,0.23084423363764248
3017159,1.3693647112736935
3017160,179.4779282050341
3017161,0.13367569395384124
3017162,109.1232375504884
3017163,5.683529127164412
3017164,262.52506825698845
3017165,190.56319240650808
3017166,137.547480641959
3017167,98.10972070813128
3017168,35.23204689928967
3017169,204.38107359213012
3017170,4.587815111686647
3017171,0.2294986653520614
3017172,10.390120239144867
3017173,10.383910996450272
3017174,0.2294986653520614
3017175,135.82187169303253
3017176,0.16657395295037566
3017177,0.0
3017178,1.6589737618486544
3017179,39.70106667626582
3017180,1.202193123223138
3017181,43.456099129439274
3017182,119.90962796948746
3017183,0.6290882953429131
3017184,2.4194039891059873
3017185,68.46329932176452
3017186,32.073418931236205
3017187,298.6577383929311
3017188,0.0
3017189,0.777933539822223
3017190,8.734426487650916
3017191,0.4338904799332026
3017192,3.1502541229607006
3017193,280.0601694657797
3017194,0.13367569395384124
3017195,253.39130314985698
3017196,8.20884809262676
3017197,280.6089305523674
3017198,186.9263374881219
3017199,337.47890669203724
3017200,147.88329365035966
3017201,95.08463070971209
3017202,272.9054802468284
3017203,15.352345770833509
3017204,0.9172295819913585
3017205,19.28062558098716
3017206,23.36749140179673
3017207,0.2294986653520614
3017208,224.83834597505546
3017209,0.30090607098153144
3017210,0.0
3017211,10.190310843873084
3017212,56.811582758288104
3017213,3.561439625342007
3017214,195.05973936592758
3017215,218.01700485284775
3017216,1.1053275918155152
3017217,8.361916669761063
3017218,298.02555997692406
3017219,59.947933668378255
3017220,125.03760430699317
3017221,26.834112319436436
3017222,12.513571953502908
3017223,2.480072129152214
3017224,0.6302704569854847
3017225,5.950626736847401
3017226,251.46858454333548
3017227,0.11849311239559919
3017228,128.3767095469682
3017229,8.64485678465189
3017230,231.86701619729288
3017231,154.30559579957696
3017232,207.7055033023868
3017233,125.89617809312419
3017234,53.9036976750869
3017235,269.88948039292455
3017236,11.53534031986955
3017237,0.5991153668946434
3017238,29.519774896476115
3017239,16.001409754111208
3017240,0.15640288227937096
3017241,142.68348959883176
3017242,8.969381121320598
3017243,3.741584089366373
3017244,7.008220884700734
3017245,54.009672119993645
3017246,0.9020470004331164
3017247,73.16516541040528
3017248,139.3613723382721
3017249,3.490003537192121
3017250,6.2682480776188285
3017251,200.64297749852415
3017252,53.86662191620282
3017253,127.54453667067763
3017254,33.90302769603886
3017255,11.1699784953737
3017256,6.045517226855363
3017257,0.4192173661532549
3017258,4.813500861265264
3017259,236.17036645713284
3017260,0.20723597981417
3017261,133.4717542044091
3017262,5.987618108594347
3017263,276.40864019857025
3017264,291.6354242350904
3017265,270.3257647842411
3017266,48.70478108175579
3017267,41.940002202783646
3017268,262.0479069926903
3017269,37.195605979429246
3017270,1.4240095672040527
3017271,14.821396874649885
3017272,20.380954372634697
3017273,0.26516829295770383
3017274,157.5705801366558
3017275,8.10088993607177
3017276,0.0
3017277,3.7063811712292662
3017278,58.802800008615
3017279,2.7747663873280652
3017280,124.24076740686888
3017281,161.09654461645573
3017282,1.0479373366136153
3017283,4.5038241803206045
3017284,142.6800600031907
3017285,22.26990606633891
3017286,314.41437041602336
3017287,10.409291342686451
3017288,4.775493843025977
3017289,6.408528774465989
3017290,0.13367569395384124
3017291,7.921536479674715
3017292,273.27637862350707
3017293,0.13367569395384124
3017294,233.39153646731472
3017295,12.034758949916167
3017296,283.1556165213101
3017297,232.2101976366383
3017298,237.02863003730616
3017299,173.4067207712902
3017300,116.89874109627662
3017301,264.5762225742608
3017302,30.709581390002093
3017303,1.1971789648818432
3017304,21.00578463296123
3017305,34.36268109546397
3017306,0.16657395295037566
3017307,209.16445385395346
3017308,21.419527475243616
3017309,15.031832467886943
3017310,6.07734852861895
3017311,103.46407167313205
3017312,8.250116110341352
3017313,359.1789511420592
3017314,226.38156702017903
3017315,7.153295303471759
3017316,7.760554296505425
3017317,351.7393590494443
3017318,99.2084658256427
3017319,2.3751784673746514
3017320,0.0
3017321,36.88348179494546
3017322,7.375072822085653
3017323,0.13367569395384124
3017324,7.942218262811601
3017325,262.99638589064006
3017326,0.13367569395384124
3017327,286.04934814452065
3017328,8.150752836964159
3017329,266.92847137454487
3017330,286.42776257358656
3017331,357.3963355540308
3017332,95.16958719181257
3017333,91.63320339626334
3017334,283.80980932193427
3017335,11.918198274313411
3017336,0.25989996083863465
3017337,25.2839783786572
3017338,13.703333543258221
3017339,0.16657395295037566
3017340,256.95705327009694
3017341,2.356484916778099
3017342,5.547819659445373
3017343,4.059572569806678
3017344,64.80598638404696
3017345,1.5257637967057611
3017346,223.62293254466985
3017347,253.15727941242395
3017348,3.658119028666985
3017349,6.322210944241033
3017350,283.4107922020627
3017351,76.50474696557642
3017352,0.0
3017353,53.59598304698035
3017354,12.670288208722141
3017355,11.5577740100603
3017356,0.3327911234562666
3017357,7.328550276008169
3017358,252.0106767349677
3017359,0.13367569395384124
3017360,293.0697447037971
3017361,5.883102459440421
3017362,252.21483820587437
3017363,318.6171390665318
3017364,287.96099384031294
3017365,168.5217194711493
3017366,91.87208904004717
3017367,256.93784470359196
3017368,13.40965298681455
3017369,0.5501309885640616
3017370,38.29346761991603
3017371,29.941208959478015
3017372,0.19160800709737527
3017373,232.61291036797675
3017374,4.130108063955301
3017375,2.718031647123319
3017376,9.937801481526535
3017377,93.13349019366926
3017378,1.2938583682068212
3017379,94.55303836908548
3017380,199.25395230272952
3017381,2.1070601391328037
3017382,4.666617960854926
3017383,174.98459607417658
3017384,146.82774702484494
3017385,126.0749107516444
3017386,0.32845693412809096
3017387,5.811394182373766
3017388,4.131453632240884
3017389,0.23084423363764248
3017390,2.2661503611360327
3017391,256.857728364612
3017392,0.13367569395384124
3017393,139.33061431080662
3017394,8.397031144268318
3017395,331.41736332201714
3017396,289.02860361592786
3017397,146.7761565399163
3017398,62.02644425262694
3017399,62.61695453354392
3017400,261.07508800590745
3017401,7.206138525684657
3017402,0.8224113720847426
3017403,22.642261455875452
3017404,14.75593513256402
3017405,0.16657395295037566
3017406,157.2034771664598
3017407,0.260536240854103
3017408,0.0
3017409,4.227161297922091
3017410,76.79953039259743
3017411,2.0765206549436495
3017412,121.63777052459422
3017413,150.50448941588243
3017414,0.9385177531138423
3017415,5.558431011875496
3017416,135.09668305627815
3017417,31.128383128076045
3017418,312.61911191650347
3017419,14.772086917210089
3017420,1.8458032374677613
3017421,1.4785841400533564
3017422,0.13367569395384124
3017423,2.4035906982445145
3017424,263.2497910738629
3017425,0.19295357538295618
3017426,230.48472950075308
3017427,8.459941641371618
3017428,280.77586811011855
3017429,313.65156616569504
3017430,132.71028051109747
3017431,52.95711123546165
3017432,74.36919878566998
3017433,250.86929380784
3017434,22.96051208771774
3017435,0.266429420688409
3017436,10.629052399939596
3017437,31.789629162260674
3017438,0.2294986653520614
3017439,105.45183275916507
3017440,10.634681600481782
3017441,2.066776221376354
3017442,4.407871837735146
3017443,52.82788312132953
3017444,3.536377980724812
3017445,342.4549868153724
3017446,136.56793308000383
3017447,3.008135438844845
3017448,5.558431011875496
3017449,314.026870748446
3017450,34.46448350684468
3017451,6.107188894201685
3017452,0.0
3017453,11.326842148001855
3017454,1.7165728367258792
3017455,0.17293103212319397
3017456,5.830957837221795
3017457,266.6905202204426
3017458,0.13367569395384124
3017459,263.0616619188144
3017460,19.935603058269287
3017461,224.61419537114503
3017462,228.3821205488018
3017463,319.50914713543733
3017464,245.44380844350468
3017465,174.44041438367123
3017466,272.6126685860566
3017467,39.94754340473919
3017468,0.47155654512401646
3017469,18.76155336611353
3017470,35.641135001882404
3017471,0.16657395295037566
3017472,223.95478109674605
3017473,11.94872057340694
3017474,31.548916671594824
3017475,9.99247015083398
3017476,107.18456950874999
3017477,11.968609514032048
3017478,365.09432052457964
3017479,252.96018095048802
3017480,12.99528130103604
3017481,7.431160220349669
3017482,374.602252671087
3017483,126.93489371871576
3017484,2.17078483234707
3017485,0.0
3017486,34.99476020145326
3017487,3.0144796406220573
3017488,0.19295357538295618
3017489,5.085316571398808
3017490,261.44825926581444
3017491,0.13367569395384124
3017492,288.87717975646945
3017493,7.906216206886848
3017494,333.82118626778845
3017495,303.9944979323202
3017496,199.04161444739503
3017497,136.1190729941517
3017498,86.8968788684366
3017499,264.2976554220097
3017500,24.137611684485055
3017501,1.2584466298147823
3017502,22.332041672125893
3017503,18.84896576988383
3017504,0.16657395295037566
3017505,107.57255894135795
3017506,0.16657395295037566
3017507,22.374576863060252
3017508,4.753758228132688
3017509,147.15863309234047
3017510,10.53954364488014
3017511,273.56593504512347
3017512,111.88846646428688
3017513,5.024604307013437
3017514,8.984002877920641
3017515,239.5551872031379
3017516,46.87850495464462
3017517,0.0
3017518,0.5141434914476758
3017519,8.406525229540865
3017520,4.228506866207674
3017521,0.13367569395384124
3017522,0.538590678645282
3017523,293.8044344774962
3017524,0.13367569395384124
3017525,191.27365904868952
3017526,5.559776580161079
3017527,248.73240263825994
3017528,192.68942050466148
3017529,93.06234770168024
3017530,42.063427679009564
3017531,33.81885518212312
3017532,250.3313194705628
3017533,12.494549719100068
3017534,0.5195915043749073
3017535,10.65579408823448
3017536,9.360543253798932
3017537,0.260536240854103
3017538,76.84452732392305
3017539,0.17158546383761306
3017540,9.93989347755105
3017541,0.8502630328283943
3017542,21.827158046787588
3017543,0.17158546383761306
3017544,317.82235108972185
3017545,112.16976992725266
3017546,2.1327741615352935
3017547,1.2584466298147823
3017548,198.68242347704847
3017549,22.255691377183002
3017550,317.40349842986103
3017551,0.5396577757208534
3017552,1.5155235892495496
3017553,6.5052081777909665
3017554,0.6312959296145134
3017555,4.367523220649125
3017556,261.96541356147617
3017557,0.17293103212319397
3017558,214.9895734193534
3017559,14.297660325230282
3017560,236.86598461136242
3017561,180.48246817465767
3017562,302.0918542979121
3017563,245.79770732596702
3017564,145.1396420160664
3017565,272.3504108494875
3017566,28.522484108105186
3017567,2.1070601391328037
3017568,17.885696848138075
3017569,31.477868776576898
3017570,0.513200233227714
3017571,184.94920474749028
3017572,7.904870638601265
3017573,39.02333645865698
3017574,8.45859607308604
3017575,113.34938177778515
3017576,3.0131340723364763
3017577,349.4330249373195
3017578,201.15595561417146
3017579,9.199063287865572
3017580,8.404694631927345
3017581,364.4915273093503
3017582,83.61310676507873
3017583,9.510440023480578
3017584,0.7219467976034221
3017585,27.09884386376475
3017586,5.883102459440421
3017587,0.13367569395384124
3017588,2.70029378347076
3017589,243.4824362030416
3017590,0.13367569395384124
3017591,338.6045881866693
3017592,14.453386606699462
3017593,261.15996259059295
3017594,217.26003671794507
3017595,330.8633938228712
3017596,185.07235169767804
3017597,81.66778627346416
3017598,264.5762225742608
3017599,14.826056235066583
3017600,1.142308568642719
3017601,28.20532571354143
3017602,24.556676285045175
3017603,0.8245490104259044
3017604,215.97310705377222
3017605,0.16657395295037566
3017606,5.184715788202991
3017607,5.558431011875496
3017608,62.19467919080833
3017609,0.5976245814487342
3017610,157.85780884773115
3017611,235.4273806833393
3017612,4.130108063955301
3017613,4.811657346393704
3017614,228.96448542663938
3017615,79.04108541404055
3017616,0.0
3017617,2.761119698291053
3017618,4.445490347495621
3017619,5.883102459440421
3017620,0.32282258881541137
3017621,3.589816860448021
3017622,250.5656471331881
3017623,0.13367569395384124
3017624,333.8778967286474
3017625,11.116312490495462
3017626,254.49773261709288
3017627,295.22484503783363
3017628,275.91548420322005
3017629,152.89875737290393
3017630,83.59092637709075
3017631,263.3972051602576
3017632,16.020900832855567
3017633,0.9434216874596905
3017634,22.5061079650415
3017635,22.675892492743895
3017636,0.16657395295037566
3017637,201.91534044647705
3017638,0.16657395295037566
3017639,6.112026259534902
3017640,5.558431011875496
3017641,105.67211632636572
3017642,0.9996751940513346
3017643,97.82172159925838
3017644,172.51521133674729
3017645,4.130108063955301
3017646,4.75540383980206
3017647,208.13501544225787
3017648,66.76925055599202
3017649,137.55662722189112
3017650,1.0418439941613984
3017651,7.187443233224566
3017652,9.31650001669434
3017653,0.8258945787114853
3017654,15.815474309853668
3017655,271.87452341394436
3017656,0.13367569395384124
3017657,197.01349482022096
3017658,42.05063410227744
3017659,239.36845081184126
3017660,226.95470178779811
3017661,345.22645378534963
3017662,359.3878359992101
3017663,303.72925912541325
3017664,294.8796356050936
3017665,75.45651691017736
3017666,2.4194039891059873
3017667,55.20743458985398
3017668,57.55659136576541
3017669,0.16657395295037566
3017670,333.3061507966331
3017671,42.47181760712152
3017672,57.270616323838624
3017673,27.988139877080542
3017674,186.2663508306082
3017675,29.585042501079446
3017676,286.9076307569295
3017677,327.81507743599724
3017678,19.74396268786685
3017679,20.43943786251507
3017680,284.52626282696184
3017681,220.4066072863018
3017682,16.643810325910376
3017683,0.37707392129749034
3017684,109.70697788677488
3017685,3.0144796406220573
3017686,0.6987661691400153
3017687,0.7216828728259748
3017688,232.80874326640244
3017689,0.13367569395384124
3017690,122.3611756947908
3017691,4.698850289826627
3017692,259.1261497237092
3017693,220.911011734074
3017694,129.39010424024954
3017695,137.75015442662496
3017696,49.85680467878031
3017697,163.07333462333645
3017698,5.704356655703924
3017699,0.20699583728120766
3017700,12.715037783104536
3017701,6.911596851590835
3017702,0.19160800709737527
3017703,129.23964223078562
3017704,0.8671983864579477
3017705,0.0
3017706,2.4194039891059873
3017707,38.72488776988987
3017708,0.5625926508227456
3017709,54.38082221309388
3017710,82.11585289393574
3017711,1.3790243789581687
3017712,2.5905885457498528
3017713,120.90604910461407
3017714,20.695681047564758
3017715,238.74503342358992
3017716,0.0
3017717,2.91281795750112
3017718,8.104785365598415
3017719,0.23084423363764248
3017720,2.671596306459721
3017721,247.06919391379506
3017722,0.13367569395384124
3017723,320.3992270629151
3017724,9.45191162726014
3017725,257.7002404790677
3017726,202.0133820631569
3017727,244.03178880140456
3017728,241.1775494603392
3017729,91.46184374447355
3017730,298.0513538523773
3017731,12.862918717794178
3017732,0.2294986653520614
3017733,24.993455432949915
3017734,22.91433009556057
3017735,0.16657395295037566
3017736,227.79222122765165
3017737,0.7119392880313786
3017738,5.565940785743349
3017739,8.45859607308604
3017740,20.726264308095896
3017741,1.1879593319581376
3017742,297.125881933755
3017743,201.49210012442066
3017744,3.008135438844845
3017745,6.503862609505384
3017746,144.22283694549827
3017747,67.79454988750862
3017748,0.0
3017749,1.2838038758884547
3017750,5.1935266290006
3017751,1.707846895241547
3017752,0.13367569395384124
3017753,0.5590990184026118
3017754,272.4310956037009
3017755,0.13367569395384124
3017756,94.36271020433664
3017757,3.603211090360922
3017758,317.51291538962124
3017759,120.74328644722544
3017760,102.39936618326865
3017761,128.85953278776282
3017762,16.71258458456955
3017763,256.28695750777155
3017764,0.6596277795320674
3017765,0.2294986653520614
3017766,10.319369921119648
3017767,4.744512004388345
3017768,0.17158546383761306
3017769,73.35492380022737
3017770,0.16657395295037566
3017771,0.0
3017772,0.6504987414053393
3017773,62.68525078210094
3017774,0.2294986653520614
3017775,67.73156797501262
3017776,82.81591158882634
3017777,0.3280064803796049
3017778,0.8173724332497158
3017779,67.33120814900235
3017780,10.021130192583366
3017781,143.21986060662513
3017782,0.0
3017783,1.3868250247698992
3017784,7.159816626765736
3017785,0.13367569395384124
3017786,4.452248618839002
3017787,204.3793763825492
3017788,0.13367569395384124
3017789,175.65043467643054
3017790,10.05725110711906
3017791,224.4628189584008
3017792,265.96291467849903
3017793,194.56414579740797
3017794,106.75243656699215
3017795,81.52784498554004
3017796,260.39418870483445
3017797,3.590973686661626
3017798,0.36184685065725886
3017799,27.88915572906154
3017800,15.449025174158486
3017801,0.20699583728120766
3017802,165.6141045677095
3017803,0.16657395295037566
3017804,0.0
3017805,10.30428755458017
3017806,44.13653287137066
3017807,0.7655567562727775
3017808,206.83237645052264
3017809,172.25384276581897
3017810,1.3501118747984653
3017811,3.601865522075341
3017812,232.7832151374719
3017813,26.067429014828566
3017814,108.5041339536167
3017815,0.0
3017816,0.5038810272952254
3017817,2.003202664296573
3017818,0.5209370726604882
3017819,0.5881786876211458
3017820,244.26774723408718
3017821,0.13367569395384124
3017822,125.35252406569847
3017823,7.444923927930293
3017824,226.51351235157642
3017825,212.22829115853756
3017826,233.744511599313
3017827,113.16185247995998
3017828,78.03998401596282
3017829,255.07581481318513
3017830,7.114634877368075
3017831,4.227161297922091
3017832,30.754918145841355
3017833,39.824059986939595
3017834,0.16657395295037566
3017835,181.82373077590594
3017836,1.7114052613018145
3017837,4.559420012356231
3017838,2.4194039891059873
3017839,31.6116854051542
3017840,1.6589737618486544
3017841,141.02676464667735
3017842,229.7757272857817
3017843,3.201418210243279
3017844,5.939656009415854
3017845,173.0651584916428
3017846,28.593979389632025
3017847,144.4903729573652
3017848,3.349851148029917
3017849,2.5858250922441295
3017850,2.3119847311449515
3017851,0.13367569395384124
3017852,0.3606004972620608
3017853,204.33349260015737
3017854,0.13367569395384124
3017855,92.25185379723666
3017856,3.0707331472137014
3017857,325.13848876739956
3017858,130.76827147682783
3017859,102.32045350606329
3017860,117.21736376297258
3017861,60.47930434281315
3017862,245.4765598642687
3017863,7.114634877368075
3017864,0.6504987414053393
3017865,8.855164064013552
3017866,7.673347264536236
3017867,0.17158546383761306
3017868,90.48180170730288
3017869,0.16657395295037566
3017870,0.0
3017871,0.19160800709737527
3017872,62.27437318109873
3017873,0.6035871764391754
3017874,143.33703852107845
3017875,87.00119388822799
3017876,0.5451212341175242
3017877,0.8175074377388944
3017878,78.93212774846303
3017879,17.728868636357774
3017880,288.3643970988892
3017881,0.0
3017882,0.8084730240113773
3017883,4.131453632240884
3017884,0.13367569395384124
3017885,0.4331972991581174
3017886,178.1978085964467
3017887,0.13367569395384124
3017888,326.91576044457616
3017889,8.529792747216257
3017890,202.3427110143947
3017891,292.6722455038761
3017892,231.35319302264875
3017893,117.651752812364
3017894,116.43938452193399
3017895,267.0522502736274
3017896,11.155811631722933
3017897,0.2294986653520614
3017898,26.727278187455134
3017899,12.16623350024731
3017900,0.20699583728120766
3017901,199.48583517111496
3017902,0.16657395295037566
3017903,26.453440330884234
3017904,3.0999270631172746
3017905,71.57430578058865
3017906,1.1438494285425458
3017907,180.9684073365882
3017908,178.3312598066645
3017909,2.4499434732951415
3017910,3.601865522075341
3017911,131.66153484170115
3017912,44.47610023454115
3017913,118.22594038066991
3017914,0.6718881451653239
3017915,1.2962257130576098
3017916,3.67677137622125
3017917,0.20723597981417
3017918,7.567204966786062
3017919,213.53815686483276
3017920,0.20723597981417
3017921,289.0219129427173
3017922,6.084412969406406
3017923,271.12695936609396
3017924,218.43145219443056
3017925,169.78575109725307
3017926,130.25372541066008
3017927,125.90807846169122
3017928,262.8825415526928
3017929,51.09120986500912
3017930,1.0732354799116628
3017931,32.60975381962796
3017932,26.508880762511268
3017933,0.5522954533213874
3017934,205.56967140510608
3017935,21.817134433521183
3017936,22.049882279359935
3017937,1.0825653368308157
3017938,120.52785722846974
3017939,7.4472875396604
3017940,286.2233031512878
3017941,231.2029166255434
3017942,11.739513085495032
3017943,12.030439938948904
3017944,291.83537230536433
3017945,70.09877583766561
3017946,6.324045382425942
3017947,0.0
3017948,15.662003851095232
3017949,5.941001577701437
3017950,0.13367569395384124
3017951,8.338689143866238
3017952,203.81184402778652
3017953,0.13367569395384124
3017954,332.8076411271564
3017955,10.648350208372856
3017956,210.10152593750632
3017957,184.77644422404438
3017958,155.88940801464065
3017959,88.13181263542916
3017960,117.64726489715903
3017961,259.1045502807917
3017962,26.750268551021538
3017963,0.6596277795320674
3017964,40.10873331450398
3017965,63.09445519364374
3017966,0.16657395295037566
3017967,263.4915583854325
3017968,19.627450511618143
3017969,13.863460472583476
3017970,8.639781586638975
3017971,104.94315960996619
3017972,10.163498194056944
3017973,218.3110411537518
3017974,299.2474086409057
3017975,6.533175282633395
3017976,10.647004640087278
3017977,177.07217498334694
3017978,103.21976629436664
3017979,4.785471775884692
3017980,7.518444135842813
3017981,19.150715020759645
3017982,9.303785141831959
3017983,0.30440451949797087
3017984,4.7875441314632985
3017985,244.5134201382933
3017986,0.20723597981417
3017987,222.91475189045812
3017988,4.205013918101214
3017989,248.44550562219808
3017990,287.6858505260245
3017991,175.94745514792888
3017992,209.01009275175568
3017993,71.98139628066058
3017994,263.19520595652216
3017995,28.540073643438852
3017996,1.7849655471621428
3017997,22.422314874331413
3017998,17.465036430351425
3017999,0.24013423881070414
3018000,287.4057781733564
3018001,4.82896412566239
3018002,13.348946227524667
3018003,9.184162590622394
3018004,70.28352920775812
3018005,3.270074561757759
3018006,126.1394142625378
3018007,263.18475642775735
3018008,5.828374572515616
3018009,8.602007464791008
3018010,245.46065130082042
3018011,56.769520922995824
3018012,120.15872400989464
3018013,5.554408176070295
3018014,13.16051208609235
3018015,3.1201766559153947
3018016,0.668226684950861
3018017,5.904893284404695
3018018,271.1765381859835
3018019,0.13367569395384124
3018020,330.90831877032696
3018021,7.7670756197993995
3018022,278.38004997938447
3018023,206.22888775982636
3018024,196.97947077817716
3018025,136.64507273558038
3018026,98.46832669249898
3018027,269.76570056268685
3018028,25.60932038753494
3018029,1.7370408111451205
3018030,15.220659471941682
3018031,11.269061163780536
3018032,0.17158546383761306
3018033,189.45136818112786
3018034,18.38135791669635
3018035,21.182303024293354
3018036,1.6895132460378086
3018037,135.47358811517014
3018038,6.380110062502049
3018039,358.13015938088466
3018040,202.4248099813749
3018041,5.31436023356909
3018042,8.02025792139674
3018043,347.62183664220686
3018044,57.4514999080426
3018045,5.218410573700797
3018046,0.0
3018047,32.62414925617559
3018048,2.4894059089060483
3018049,0.24649131798352264
3018050,2.0493916196208377
3018051,213.45827021736022
3018052,0.20723597981417
3018053,311.8399277657321
3018054,9.110245441170173
3018055,246.68236736509226
3018056,270.4612061938501
3018057,269.6464685388647
3018058,151.49428584355022
3018059,76.60139501876724
3018060,260.36028263451686
3018061,10.177351075186142
3018062,2.7743505082236224
3018063,23.827056852356833
3018064,20.66282697527558
3018065,0.3030589512123899
3018066,293.86625592987934
3018067,0.24013423881070414
3018068,0.0
3018069,8.408403811943034
3018070,50.702865340404564
3018071,1.174262261957462
3018072,127.3793594010335
3018073,252.79057059807133
3018074,2.0754173818713224
3018075,9.45427523899025
3018076,194.437126334426
3018077,58.23244923828411
3018078,110.69290587487875
3018079,0.0
3018080,6.173767024801294
3018081,7.233376912626066
3018082,0.20723597981417
3018083,5.924155719899507
3018084,215.5007129973402
3018085,0.20723597981417
3018086,335.22979454901395
3018087,12.036412142129441
3018088,272.6508156382758
3018089,266.66471608532873
3018090,206.91813337165232
3018091,132.1148005054122
3018092,151.19065499085067
3018093,257.76649730700143
3018094,45.18701372871764
3018095,0.9667053939506332
3018096,23.050943900381704
3018097,35.117955124950086
3018098,0.24013423881070414
3018099,209.54460269469993
3018100,16.39673274757875
3018101,18.11287613318572
3018102,6.442778512948664
3018103,124.29481800544589
3018104,10.859705513035044
3018105,302.9109118003204
3018106,215.61731443371073
3018107,11.61907420372513
3018108,7.323534992657066
3018109,241.85318341720077
3018110,72.3259041403364
3018111,2.7751774496852395
3018112,0.18339276247216443
3018113,10.37965933549404
3018114,4.302067152068004
3018115,0.20723597981417
3018116,3.8228908974767553
3018117,246.76857570942016
3018118,0.20723597981417
3018119,348.8389930603385
3018120,8.113325067529248
3018121,219.009660685649
3018122,178.00984249292233
3018123,177.66487469644727
3018124,119.66064308408346
3018125,118.1487195656944
3018126,268.64399919470566
3018127,29.081623426660297
3018128,0.6313137359773596
3018129,27.056747320385522
3018130,24.911926017124216
3018131,0.24013423881070414
3018132,175.37779556387312
3018133,12.629373462345338
3018134,34.11966462622465
3018135,10.158153359865704
3018136,68.5965211647978
3018137,8.532156358946368
3018138,293.8907631410596
3018139,176.65022149285085
3018140,8.408403811943034
3018141,7.323534992657066
3018142,270.10960475143276
3018143,48.75179846967041
3018144,101.5625026182084
3018145,0.013153918912280925
3018146,19.048276925934182
3018147,6.437886296159856
3018148,0.2293616974954177
3018149,3.764625178871514
3018150,128.98841834941823
3018151,0.19010635932606498
3018152,131.28662498286783
3018153,18.10601959365664
3018154,128.62077082630742
3018155,153.61161014625986
3018156,300.4089118272032
3018157,166.69655828855906
3018158,84.46208213731244
3018159,136.5034600248653
3018160,9.892203923504507
3018161,0.2280161292098368
3018162,14.951371618081986
3018163,23.68281038689552
3018164,0.2230046183225994
3018165,235.0419400273235
3018166,0.2230046183225994
3018167,7.140054127450767
3018168,1.3502890335790447
3018169,95.84393271770969
3018170,3.8186130605587962
3018171,183.29014887019932
3018172,262.7548058019359
3018173,3.0645661042170684
3018174,1.767835926674038
3018175,250.2073861457558
3018176,127.8799414630227
3018177,128.54412245792935
3018178,1.5463610368177692
3018179,1.0885995656824428
3018180,13.718872347657298
3018181,0.13367569395384124
3018182,16.39421883646087
3018183,252.44286125406458
3018184,0.13367569395384124
3018185,202.96872437485536
3018186,24.708954662046395
3018187,214.96241119732522
3018188,221.7846059293602
3018189,363.7174251443353
3018190,354.1820996473332
3018191,331.28744557206136
3018192,288.26135711816363
3018193,92.81496956462026
3018194,3.536377980724812
3018195,96.25968173435166
3018196,113.39028892568624
3018197,0.2294986653520614
3018198,338.24804465666915
3018199,37.26942816451289
3018200,25.97996889253687
3018201,46.076565395386034
3018202,239.2030626137791
3018203,25.580887462363354
3018204,294.8219957861766
3018205,344.3360001033245
3018206,41.93332743392781
3018207,34.436741686962414
3018208,273.6795873199802
3018209,297.3408434050287
3018210,34.624804652948846
3018211,261.652655530718
3018212,121.93025495637318
3018213,14.184856025230793
3018214,0.13367569395384124
3018215,14.62643103315583
3018216,250.1667526935751
3018217,0.13367569395384124
3018218,101.35495362703338
3018219,26.287539505631
3018220,153.9518358235046
3018221,159.79123594958762
3018222,374.0075453671713
3018223,324.60233371969315
3018224,289.85253340809857
3018225,288.26135711816363
3018226,110.82515769175647
3018227,1.0139089853163354
3018228,79.6680783346275
3018229,79.66840457873344
3018230,0.6723981016414812
3018231,352.93180545112
3018232,23.91095120294756
3018233,41.647171698628476
3018234,12.410117125469391
3018235,223.47422688156965
3018236,20.172511847210355
3018237,153.23682141432258
3018238,350.2628431504971
3018239,20.72548645366377
3018240,31.88550419277731
3018241,273.1673271938138
3018242,270.20260971916593
3018243,32.835317504709614
3018244,188.8875100150274
3018245,106.31649757613981
3018246,12.307914070654808
3018247,0.13367569395384124
3018248,19.37608532273843
3018249,249.32541920092314
3018250,0.17293103212319397
3018251,243.71129370168342
3018252,14.946411426402381
3018253,228.39327893700298
3018254,265.95854930426447
3018255,323.9179486396455
3018256,139.56633911372649
3018257,249.16580893386916
3018258,262.949533052316
3018259,48.62961597750291
3018260,2.9164546690114985
3018261,44.838276190038684
3018262,26.203734343109552
3018263,0.5501309885640616
3018264,355.01588074528473
3018265,25.233232912330045
3018266,22.570972918866406
3018267,9.091649810069521
3018268,162.61526533850255
3018269,9.284035549804946
3018270,337.18352817237553
3018271,265.8549603133953
3018272,22.364068632280887
3018273,51.87369967380651
3018274,334.0223410899469
3018275,141.0930147168998
3018276,11.530147825102155
3018277,272.30634172189036
3018278,63.55601002004342
3018279,15.471369342249712
3018280,0.13367569395384124
3018281,21.712870329121706
3018282,249.32541920092314
3018283,0.13367569395384124
3018284,164.95202435208947
3018285,21.788053559925363
3018286,214.8080315497024
3018287,202.7882622158409
3018288,372.7100944344666
3018289,337.31670489851683
3018290,250.6951273293811
3018291,254.54416287371956
3018292,61.66238252056363
3018293,1.1971789648818432
3018294,68.33582846785029
3018295,80.87601811302194
3018296,0.9795994701773649
3018297,299.7632541737186
3018298,23.355186111515238
3018299,27.698723128605597
3018300,23.45413333848264
3018301,204.28463639419525
3018302,13.515256121030008
3018303,299.0693256472299
3018304,267.57073206798657
3018305,22.11745272485759
3018306,28.99047439743329
3018307,335.98313994681126
3018308,231.50438975388766
3018309,16.887390094760505
3018310,257.2408641765563
3018311,82.67772628229
3018312,11.587263399900198
3018313,0.13367569395384124
3018314,20.93377395734294
3018315,251.08701934245497
3018316,0.13367569395384124
3018317,229.74400760305133
3018318,13.801669632840412
3018319,214.8080315497024
3018320,216.858743851364
3018321,370.8465759664444
3018322,109.53375496951674
3018323,195.5662325592235
3018324,262.949533052316
3018325,51.50802111552189
3018326,0.20699583728120766
3018327,34.30570645822842
3018328,50.074506343195104
3018329,0.20699583728120766
3018330,341.84490852627573
3018331,28.547733447824374
3018332,12.695712745049628
3018333,12.7408603432145
3018334,159.42499165055287
3018335,6.225531540916055
3018336,344.08276448734404
3018337,359.01667398629894
3018338,16.276149162141262
3018339,27.579797738027143
3018340,301.32156585718843
3018341,95.07138755304727
3018342,4.56625298552347
3018343,186.55584943055774
3018344,33.756591915871915
3018345,11.501815298888962
3018346,0.13367569395384124
3018347,11.874414965985533
3018348,249.32541920092314
3018349,0.13367569395384124
3018350,232.13827072755907
3018351,24.831520074306226
3018352,214.96241119732522
3018353,227.77587002305597
3018354,359.40504438787684
3018355,356.3723374632193
3018356,327.7298029942234
3018357,259.98584824684497
3018358,70.65353307561914
3018359,1.7114052613018145
3018360,57.059971186484525
3018361,89.62736724313149
3018362,0.2974669961904506
3018363,339.97563306061744
3018364,25.561208414146343
3018365,31.872992413917533
3018366,13.755831251684066
3018367,216.65012322900714
3018368,17.613373119489633
3018369,313.86065188208727
3018370,336.22544589927395
3018371,16.967669419204867
3018372,32.32954972153817
3018373,275.81750094915344
3018374,209.89701663686284
3018375,24.3471791392794
3018376,327.4020985128128
3018377,103.3818073063923
3018378,5.941001577701437
3018379,0.5209370726604882
3018380,5.583952429388824
3018381,182.11009931370324
3018382,0.13367569395384124
3018383,330.69536622598196
3018384,26.922251433611372
3018385,203.04181833373303
3018386,205.26315540637427
3018387,218.08789273886066
3018388,84.59364804127287
3018389,118.54600348440029
3018390,260.9684906242303
3018391,41.12579263623603
3018392,1.1879593319581376
3018393,26.956445693762358
3018394,19.918523886512748
3018395,0.16657395295037566
3018396,168.6008762153085
3018397,11.490867937053562
3018398,7.385962584082864
3018399,10.163498194056944
3018400,69.93244083519835
3018401,7.282223605483488
3018402,290.3213138388466
3018403,199.30827206986638
3018404,2.4194039891059873
3018405,5.754814286655287
3018406,266.13786853964865
3018407,60.77505594324585
3018408,4.094035512915292
3018409,0.49603356302313395
3018410,12.51813642737916
3018411,11.817084632872032
3018412,0.13367569395384124
3018413,11.770366027842144
3018414,250.9987671148128
3018415,0.13367569395384124
3018416,225.2467606684887
3018417,35.02880540603719
3018418,215.466055741517
3018419,288.01813193033763
3018420,352.83715582726234
3018421,91.57993318322362
3018422,151.08848503003824
3018423,259.7336408621458
3018424,94.77660073769898
3018425,0.9123256476455104
3018426,75.13972262334451
3018427,34.02157912028048
3018428,0.17158546383761306
3018429,324.26266897385375
3018430,20.983187178279653
3018431,7.554704218360719
3018432,4.161021378786268
3018433,139.57409254115825
3018434,8.543102183313998
3018435,385.6334786561104
3018436,336.6983327256978
3018437,11.50273595569852
3018438,22.445162356613416
3018439,365.77561856831994
3018440,84.46630896957545
3018441,6.854473334254197
3018442,278.721858149725
3018443,28.662898564038414
3018444,7.945872623101099
3018445,0.11849311239559919
3018446,4.924225874060594
3018447,249.10301800410997
3018448,0.11849311239559919
3018449,211.36804198483821
3018450,10.280825743082083
3018451,136.7507141818506
3018452,218.58913020516403
3018453,295.67748993505774
3018454,346.61965539204124
3018455,235.79284448993667
3018456,242.38725436804353
3018457,45.791330407373025
3018458,1.3096311499421762
3018459,35.19743230030809
3018460,41.09545543510163
3018461,0.3162629736124436
3018462,296.272256655919
3018463,3.6120822686465934
3018464,49.489299625833986
3018465,5.57420379361085
3018466,157.84269410004782
3018467,9.21483606960093
3018468,328.91767751586707
3018469,272.10618913649313
3018470,21.452621846878717
3018471,9.385595899451566
3018472,237.7230423344262
3018473,124.14737138341799
3018474,14.531207120135488
3018475,3.365623929765272
3018476,63.5622514941457
3018477,10.787490795460293
3018478,0.13367569395384124
3018479,5.850595434039177
3018480,261.1177777242935
3018481,0.13367569395384124
3018482,190.11481749700718
3018483,11.658331477428533
3018484,218.75187241098917
3018485,217.14190580274385
3018486,343.23511004946175
3018487,262.07439906894587
3018488,283.69116640729715
3018489,296.1258888817699
3018490,50.58116742043023
3018491,3.0131340723364763
3018492,63.47173811302716
3018493,52.965025390746995
3018494,0.2294986653520614
3018495,332.50306355180055
3018496,8.45859607308604
3018497,59.46956552307304
3018498,9.380714953129923
3018499,224.26817579857405
3018500,9.199063287865572
3018501,377.6652703882319
3018502,292.968804241241
3018503,14.686794380025658
3018504,28.374662947514665
3018505,364.6085598411849
3018506,143.39636547758488
3018507,113.12901727323167
3018508,4.896342479971348
3018509,11.378762876229578
3018510,7.278393418760675
3018511,0.13367569395384124
3018512,4.3402617785899
3018513,178.56019542838342
3018514,0.13367569395384124
3018515,337.92310977951905
3018516,7.278393418760675
3018517,143.72682828655482
3018518,300.14552518012897
3018519,259.0417511576819
3018520,96.06951929926475
3018521,152.85533672389917
3018522,148.60350438403893
3018523,15.461813309617545
3018524,0.8418383497888644
3018525,30.42827426634295
3018526,23.291633027961684
3018527,0.16657395295037566
3018528,176.37815177254757
3018529,5.585504155553852
3018530,11.618837875608083
3018531,6.283430659177071
3018532,127.63639502187269
3018533,4.130481894597113
3018534,328.53179230803534
3018535,196.6532375681603
3018536,4.3026291278417
3018537,5.217680830244112
3018538,243.72715591099026
3018539,65.70249087490826
3018540,9.176413518443265
3018541,0.0
3018542,6.697471032624305
3018543,6.381455630787632
3018544,0.13367569395384124
3018545,1.2843121010786873
3018546,272.2139688086558
3018547,0.13367569395384124
3018548,167.3154197549895
3018549,4.400654099452261
3018550,220.7187371098434
3018551,202.69001880265276
3018552,214.4505160368052
3018553,67.5717763774578
3018554,31.935620499355107
3018555,221.88736200839185
3018556,12.08225537407826
3018557,0.6290882953429131
3018558,17.096606380188167
3018559,8.29100734497063
3018560,0.16657395295037566
3018561,161.82275977683614
3018562,0.16657395295037566
3018563,0.0
3018564,4.75540383980206
3018565,36.02550103742867
3018566,0.624184360997065
3018567,50.98297635207774
3018568,147.95858388678337
3018569,0.20699583728120766
3018570,2.0765206549436495
3018571,71.55826462700618
3018572,78.43718841802243
3018573,234.41209507938234
3018574,0.0
3018575,2.5858250922441295
3018576,5.659480451615892
3018577,0.13367569395384124
3018578,6.805640594681137
3018579,272.10529501792655
3018580,0.13367569395384124
3018581,244.82409852765608
3018582,12.311510247481424
3018583,236.25915906849696
3018584,220.36845325855973
3018585,329.2610525713243
3018586,170.10418571508112
3018587,138.75383230866646
3018588,254.30958132044384
3018589,33.386000054877975
3018590,0.8353376814491881
3018591,26.533986700281496
3018592,63.52049170038652
3018593,0.16657395295037566
3018594,267.2822227433023
3018595,22.894305360043358
3018596,14.024792182297498
3018597,7.293460736831308
3018598,125.67529577483722
3018599,5.839320396883242
3018600,359.40176789263114
3018601,272.7766622348444
3018602,7.612868346910969
3018603,12.92041526729138
3018604,365.0269044539041
3018605,104.38597636796499
3018606,8.514441111466171
3018607,0.0
3018608,47.76749432656082
3018609,4.131453632240884
3018610,0.13367569395384124
3018611,5.3579502319247165
3018612,271.78627118630226
3018613,0.19295357538295618
3018614,177.61903111205766
3018615,17.9216092622012
3018616,206.60717133617274
3018617,234.5680193568285
3018618,203.372788101812
3018619,281.621761146381
3018620,206.7899953364512
3018621,278.180382777236
3018622,34.06525502168468
3018623,3.0131340723364763
3018624,32.16698230592996
3018625,35.979155323918455
3018626,0.6035871764391754
3018627,210.55721722558732
3018628,13.055448427913745
3018629,38.94337562734177
3018630,10.27955787270068
3018631,194.46567911089403
3018632,12.056964492778686
3018633,362.52058059347223
3018634,188.6446225658775
3018635,6.322210944241033
3018636,16.001263743295517
3018637,283.3299942333043
3018638,125.88587259282524
3018639,17.632231879046515
3018640,0.0
3018641,52.530472809923275
3018642,3.603211090360922
3018643,0.8084758636067733
3018644,12.69969193154157
3018645,274.56241200239606
3018646,0.13367569395384124
3018647,272.7515430084776
3018648,20.101762369267206
3018649,231.6607429175705
3018650,242.35525876035902
3018651,301.1077043328412
3018652,299.47581007989066
3018653,158.53250041242893
3018654,269.76570056268685
3018655,43.371319465462705
3018656,3.0131340723364763
3018657,39.206679561471525
3018658,45.53936140961144
3018659,0.16657395295037566
3018660,285.1609918455329
3018661,28.612623904944154
3018662,32.215820293697526
3018663,20.703058553120517
3018664,174.93008688128484
3018665,16.902907607701774
3018666,363.19107627139624
3018667,284.06606352821177
3018668,15.979591411341008
3018669,16.85890672747938
3018670,294.83709776278573
3018671,146.31253989368201
3018672,4.652166633244945
3018673,1.8539011615507497
3018674,53.74970640099599
3018675,12.371044141909081
3018676,0.5104820312332127
3018677,8.780035352972739
3018678,265.7188747528821
3018679,0.13367569395384124
3018680,295.9358928612522
3018681,13.859673503860432
3018682,269.6509602367869
3018683,176.26753801368517
3018684,261.00110221556685
3018685,140.79999455001362
3018686,100.53815904082244
3018687,272.981592752857
3018688,10.618556499059306
3018689,0.9434216874596905
3018690,46.65452481812976
3018691,44.95266520938314
3018692,0.16657395295037566
3018693,303.8239193798422
3018694,9.164424982119916
3018695,4.650889083340932
3018696,8.205404243490294
3018697,61.599068739395896
3018698,3.0131340723364763
3018699,281.3915688867284
3018700,299.3305260660503
3018701,7.158471058480154
3018702,6.322210944241033
3018703,316.34149847193856
3018704,104.34395544058764
3018705,144.1973035667621
3018706,125.69742638871433
3018707,13.490869724516916
3018708,3.4666193155837632
3018709,0.0
3018710,4.965898615002424
3018711,185.752448264959
3018712,0.0
3018713,306.04484359722966
3018714,8.70882963357866
3018715,280.32260410601464
3018716,347.3460960913565
3018717,118.73490691612056
3018718,130.57134594591787
3018719,124.70789122225273
3018720,278.73733618684105
3018721,13.83849823215366
3018722,0.372381355655909
3018723,21.80442877181598
3018724,27.435850044574817
3018725,0.0
3018726,173.5922973468265
3018727,11.816643726623282
3018728,13.8325217362522
3018729,7.542697028117458
3018730,114.783123208546
3018731,5.676359836024976
3018732,229.1643893377324
3018733,159.0764705942987
3018734,2.1740473880822133
3018735,5.9316501418325585
3018736,252.23740372323488
3018737,66.67501339425763
3018738,2.239003575510715
3018739,0.0
3018740,24.326862158987154
3018741,2.096795925814486
3018742,0.20367865180347475
3018743,2.7203534646383685
3018744,301.2430958047166
3018745,0.20367865180347475
3018746,119.03926895796
3018747,6.028006410783046
3018748,249.43333590903214
3018749,299.58777330435174
3018750,270.26407664427217
3018751,74.98353351530503
3018752,59.32670196097507
3018753,264.25899757986855
3018754,9.712472273868244
3018755,0.7017124059953799
3018756,15.665861954199721
3018757,9.872426198440667
3018758,0.23657691080000912
3018759,204.61663375892317
3018760,5.8506919439387755
3018761,0.0
3018762,2.9126160043606997
3018763,21.67497584465702
3018764,0.6022405736107279
3018765,206.64157452879618
3018766,216.8639300676233
3018767,1.1099844848665836
3018768,5.17404659584622
3018769,151.28936028645848
3018770,35.32127778874263
3018771,275.4595156070083
3018772,19.019281689091123
3018773,5.591927413315834
3018774,11.425976123983911
3018775,0.2629565332325894
3018776,7.114256479976683
3018777,240.30257390648922
3018778,0.20367865180347475
3018779,219.85075697386668
3018780,18.6693431347405
3018781,264.2590120862027
3018782,298.6095763997254
3018783,342.3939555474747
3018784,268.2637821512231
3018785,117.94348790459951
3018786,298.41874709899884
3018787,36.275201480117836
3018788,1.147472524910902
3018789,38.40364538121528
3018790,28.978193975884135
3018791,0.24158842168724645
3018792,336.5942211570202
3018793,9.060433143562586
3018794,2.640745343908891
3018795,11.441227495656564
3018796,64.3162348621706
3018797,2.4610610360327603
3018798,260.4154509138602
3018799,326.3638184894309
3018800,4.180336740162405
3018801,18.51337863921185
3018802,298.74850049285806
3018803,103.76778348413936
3018804,142.02987510916407
3018805,34.2089536904523
3018806,18.11587242877002
3018807,7.5792041199410605
3018808,0.277238937663803
3018809,0.6784753962806624
3018810,256.2061440068428
3018811,0.277238937663803
3018812,202.69362311743896
3018813,14.174698033431824
3018814,241.85587242387143
3018815,321.37432330243996
3018816,213.3914577305109
3018817,74.04463406799184
3018818,70.07428569779717
3018819,257.52599693923486
3018820,11.306153465821945
3018821,0.5682553680262158
3018822,20.38545146940372
3018823,24.734375782435308
3018824,0.3351712508073371
3018825,183.33580914501007
3018826,9.360279607959253
3018827,0.0
3018828,11.512305850074357
3018829,59.12520921780091
3018830,1.5307526138424432
3018831,160.27626907801718
3018832,215.5949749982669
3018833,2.280349656346339
3018834,8.327398013054518
3018835,146.72096250751648
3018836,40.11716292099477
3018837,322.78030816016224
3018838,12.883598181828518
3018839,7.747379805141621
3018840,7.329136850675846
3018841,0.277238937663803
3018842,6.3460424569969245
3018843,299.4145948850055
3018844,0.277238937663803
3018845,133.20654599069343
3018846,10.93620708922696
3018847,337.49127082270627
3018848,279.49236080740377
3018849,184.63617534668296
3018850,58.26680969220584
3018851,54.16015068745547
3018852,251.7478988473581
3018853,17.241249055068874
3018854,0.31013719666033746
3018855,21.616501925847754
3018856,10.863262683210884
3018857,0.31013719666033746
3018858,184.9438844501592
3018859,1.8865818927977271
3018860,0.0
3018861,4.135784190946716
3018862,62.3507559200768
3018863,2.2787377562870432
3018864,203.96174871540123
3018865,255.68103191365572
3018866,0.5747848278759903
3018867,5.8627564441533515
3018868,125.52863022805745
3018869,27.708550245705123
3018870,217.83586135590403
3018871,16.79555728727744
3018872,5.332978588954043
3018873,5.308057681178402
3018874,0.277238937663803
3018875,5.240106237554016
3018876,301.54309740200927
3018877,0.277238937663803
3018878,189.64367062287388
3018879,12.432563133493188
3018880,258.3488350823064
3018881,326.0949848438658
3018882,263.64573654212086
3018883,43.83769169259472
3018884,71.15703437040489
3018885,277.11081338520495
3018886,7.777274915615339
3018887,1.0415543325472985
3018888,13.735896121122321
3018889,32.78783438565865
3018890,0.40719190161106356
3018891,284.23345853672
3018892,2.667101345534397
3018893,0.0
3018894,4.5296965252471555
3018895,30.060612260140637
3018896,2.3325103561115634
3018897,274.2572895043311
3018898,300.5871340339516
3018899,2.180960556547464
3018900,6.229341121213642
3018901,143.99546157550532
3018902,118.05348625739516
3018903,340.3659200207543
3018904,14.581723735064127
3018905,9.752329986815969
3018906,4.406062120622793
3018907,0.90390981711216
3018908,4.685606346701988
3018909,248.96519689781354
3018910,0.20367865180347475
3018911,175.26775435474806
3018912,6.115073452023612
3018913,268.472694879159
3018914,306.38845268438985
3018915,266.36746228499203
3018916,99.89728402718237
3018917,86.60518077514396
3018918,278.16413511603673
3018919,7.878082590746151
3018920,1.667211453580537
3018921,16.740555947696155
3018922,21.453398345194774
3018923,0.26161096494700853
3018924,244.0170914711748
3018925,7.950491965088584
3018926,0.0
3018927,4.625357733923198
3018928,34.90623074109012
3018929,1.8750147597362827
3018930,120.58978118351261
3018931,232.79481975250923
3018932,1.4569800684584104
3018933,5.854839182868694
3018934,111.09501424455254
3018935,49.06493434080238
3018936,204.1401339925705
3018937,16.471853815732825
3018938,7.850476473783165
3018939,5.803298680874137
3018940,0.4409784762707424
3018941,3.176651841677005
3018942,195.2204475321325
3018943,0.20367865180347475
3018944,177.45244812989765
3018945,8.38523229801599
3018946,298.2190595284941
3018947,270.4277452067903
3018948,171.19496555091877
3018949,126.69042276322898
3018950,61.47820530400436
3018951,212.69277755173704
3018952,6.005139561393266
3018953,0.4396329079851613
3018954,17.173670388537484
3018955,16.842552172051043
3018956,0.4396329079851613
3018957,187.30672455482207
3018958,0.23657691080000912
3018959,0.0
3018960,3.221220463602154
3018961,50.92636339218066
3018962,2.263811837096653
3018963,60.51435671185747
3018964,168.4223794340432
3018965,1.2404285857128554
3018966,3.836728438812606
3018967,76.20808627982518
3018968,43.70458982240958
3018969,321.261339382712
3018970,0.0
3018971,1.594402424228179
3018972,13.698041706187952
3018973,1.3180531072981785
3018974,4.652178419584066
3018975,269.9975940173645
3018976,0.20367865180347475
3018977,305.6660563136429
3018978,11.098796558796854
3018979,270.5463551039522
3018980,200.40258623406942
3018981,339.83750461652545
3018982,239.4046191352899
3018983,201.36395424395224
3018984,282.86596198343335
3018985,24.414310479406144
3018986,2.383225042625919
3018987,32.349581839317125
3018988,37.72897390387726
3018989,0.5176608547597001
3018990,298.85855391636505
3018991,0.5486984302617418
3018992,0.0
3018993,17.969292496323742
3018994,81.23900153326888
3018995,5.362330733753023
3018996,278.70725442948253
3018997,297.95362217718895
3018998,1.973107843920551
3018999,12.837313050125802
3019000,323.27855752680654
3019001,74.36289228516529
3019002,123.9677071049348
3019003,28.890615371242273
3019004,21.07746906200284
3019005,4.148932606248075
3019006,1.1441628513402164
3019007,7.4520474421391105
3019008,251.5636915541452
3019009,0.18849607024523254
3019010,131.77512834821303
3019011,12.746911340234785
3019012,227.9304851187267
3019013,165.61041047840078
3019014,260.48097097645564
3019015,221.7206938441718
3019016,105.8564775384289
3019017,296.38468820899135
3019018,18.709194601832092
3019019,1.6295442070631758
3019020,45.56023314754862
3019021,27.538494054929764
3019022,0.22640584012900447
3019023,241.427445898325
3019024,13.801405376099652
3019025,4.1964173408766134
3019026,7.890202922362307
3019027,78.58948375892194
3019028,2.3442940255067506
3019029,107.44959429537482
3019030,210.14464055219642
3019031,5.158864014287977
3019032,10.032719678923927
3019033,226.8747894619462
3019034,61.88638376403324
3019035,125.83440988168121
3019036,87.39183814298138
3019037,25.07512236378177
3019038,7.833724718867694
3019039,0.5696009363117966
3019040,6.091521858070291
3019041,234.5641911591958
3019042,0.277238937663803
3019043,245.26014773654774
3019044,8.14281012718053
3019045,265.9602119827378
3019046,325.4198458220394
3019047,303.5900728741224
3019048,73.23191683201435
3019049,67.69902333974287
3019050,265.78662778186754
3019051,28.260905121029747
3019052,2.336603162937983
3019053,17.534149181049216
3019054,26.18725096075449
3019055,0.3351712508073371
3019056,271.7252290934772
3019057,15.073644304709402
3019058,0.0
3019059,5.320787874147427
3019060,69.60619546159565
3019061,3.3429613259736493
3019062,207.3855957467742
3019063,286.72547000327046
3019064,1.8739496767982204
3019065,5.9226598225217835
3019066,230.24778667178532
3019067,30.889588718650213
3019068,344.70797191022564
3019069,12.137744146279601
3019070,8.797726367571132
3019071,9.57997224110248
3019072,0.20367865180347475
3019073,11.569098982085563
3019074,272.3592155848894
3019075,0.20367865180347475
3019076,229.15028976873663
3019077,15.08858614603607
3019078,263.58814321401024
3019079,248.1382056918732
3019080,267.1275770144594
3019081,188.55535626831715
3019082,143.45284207532444
3019083,310.89039453735063
3019084,43.35035609259365
3019085,2.6631744255164045
3019086,28.37055955831313
3019087,47.129549185168635
3019088,0.23657691080000912
3019089,284.0894447023699
3019090,29.033406830336258
3019091,20.707427836991872
3019092,7.945353548052773
3019093,143.20627519472194
3019094,12.353340452384051
3019095,327.34534229414004
3019096,309.80549319003086
3019097,11.316271966648845
3019098,10.848051817076948
3019099,338.75856318131116
3019100,127.25531962930657
3019101,5.715128209100201
3019102,0.0
3019103,46.739041209701746
3019104,10.889080789328249
3019105,0.20367865180347475
3019106,10.719628661438446
3019107,263.0932059449918
3019108,0.20367865180347475
3019109,331.1946804171798
3019110,13.158511374519604
3019111,263.2973674158985
3019112,288.46917589034484
3019113,353.460453900758
3019114,116.16364119212355
3019115,159.2218655162788
3019116,310.30673018154306
3019117,18.94344872438878
3019118,0.5533852417808864
3019119,26.598491793814528
3019120,24.952345421181537
3019121,0.23657691080000912
3019122,317.6146178205398
3019123,3.7690363566219096
3019124,7.572541851650226
3019125,9.347062279713585
3019126,89.02108290668185
3019127,2.7756666484860792
3019128,304.60964672482703
3019129,316.0108203813681
3019130,5.207474109688754
3019131,8.965420434128735
3019132,296.1073919076382
3019133,101.28324855264619
3019134,137.6493392471782
3019135,56.36023607184418
3019136,26.641752052033937
3019137,16.361130681604656
3019138,0.8078928937529656
3019139,8.282450029165862
3019140,252.10749678931944
3019141,0.20367865180347475
3019142,335.91174657885057
3019143,8.599180882990403
3019144,252.31165826022612
3019145,341.07130797258657
3019146,306.8493960620754
3019147,268.6938338833156
3019148,150.03947988431125
3019149,291.45310812677013
3019150,21.074475208377272
3019151,0.8370868096565391
3019152,51.84554902012198
3019153,45.901505652562115
3019154,0.26161096494700853
3019155,306.94089312091023
3019156,6.1727282895086795
3019157,4.833758886016248
3019158,13.715962031159401
3019159,138.77335986796183
3019160,2.5083178014521366
3019161,132.28579479168513
3019162,294.44285261240066
3019163,3.2909800881889617
3019164,7.372360114469515
3019165,215.06500983894742
3019166,186.0747000921867
3019167,124.36649700618996
3019168,0.7942211007185667
3019169,12.31244145112408
3019170,5.548778081947503
3019171,0.4409784762707424
3019172,3.327769075009545
3019173,255.59615268235578
3019174,0.20367865180347475
3019175,159.6965984785272
3019176,13.174684407560173
3019177,351.63980553447414
3019178,316.44827754734945
3019179,146.78798360296756
3019180,55.20953056189362
3019181,106.37820000854623
3019182,265.44289937643885
3019183,11.324546681596033
3019184,2.0902089098111305
3019185,33.19560032157142
3019186,21.827458119118536
3019187,0.23657691080000912
3019188,214.46608990927552
3019189,0.4396329079851613
3019190,0.0
3019191,5.639581813282862
3019192,114.67332138702481
3019193,3.2832518065353034
3019194,106.7799902262593
3019195,179.03581988706188
3019196,1.895758095950532
3019197,7.58315320408035
3019198,141.67144396475473
3019199,33.59269137669587
3019200,338.170046664714
3019201,33.81364651410126
3019202,2.6742904862040526
3019203,2.5491995950991395
3019204,0.20367865180347475
3019205,1.9369333594872569
3019206,259.31574757670853
3019207,0.2629565332325894
3019208,283.91248614082036
3019209,13.60212179299328
3019210,233.85559024857557
3019211,330.79233246446444
3019212,139.47321186065997
3019213,50.39677818854049
3019214,85.2237687239369
3019215,272.6015947749407
3019216,26.189118923528827
3019217,0.5012245420156616
3019218,16.072233860022063
3019219,24.08009053462492
3019220,0.4820104267497044
3019221,131.19054075031423
3019222,14.771493938803586
3019223,3.547349614278548
3019224,2.8700080990970815
3019225,75.77607865836609
3019226,5.1560623295928325
3019227,290.1699611131733
3019228,168.91964740646713
3019229,4.373299188786234
3019230,7.27430063444156
3019231,290.0933090467937
3019232,38.601781686325616
3019233,2.996769557698429
3019234,0.0
3019235,7.450420423045335
3019236,3.047223499417952
3019237,0.2429339899728274
3019238,7.728344447875316
3019239,267.18219730504285
3019240,0.20367865180347475
3019241,266.05110318982923
3019242,21.844635416598916
3019243,230.51900246552896
3019244,225.88566474297784
3019245,289.353098872373
3019246,244.77221719714368
3019247,206.99178922708603
3019248,278.1492712290221
3019249,55.15462094492145
3019250,0.959200751064409
3019251,25.589020030965944
3019252,39.3405034380602
3019253,0.23657691080000912
3019254,266.79274683550904
3019255,13.506983576898577
3019256,45.134119065011
3019257,15.00208108754078
3019258,136.2178222542886
3019259,14.387110272295306
3019260,327.77403926523294
3019261,312.88453344904474
3019262,19.66998663270558
3019263,9.640336925369766
3019264,327.47294641010586
3019265,143.17807703146022
3019266,7.159214756981139
3019267,0.0
3019268,30.239515913752943
3019269,4.781603939661006
3019270,0.2429339899728274
3019271,4.329244781041625
3019272,257.8149077341115
3019273,0.20367865180347475
3019274,323.68463148499154
3019275,10.907147308270366
3019276,349.6879580120532
3019277,319.0330222741181
3019278,200.6191696965992
3019279,127.16934165819052
3019280,128.43417619326758
3019281,265.48680908840834
3019282,34.289375553611734
3019283,2.8067997586816382
3019284,21.62438834841444
3019285,27.696036022420614
3019286,0.23657691080000912
3019287,124.69347670586443
3019288,0.23657691080000912
3019289,33.48495695188025
3019290,7.460973883597487
3019291,185.48857839503205
3019292,13.924748949770592
3019293,227.2932865435932
3019294,151.02347429729448
3019295,7.40185901194954
3019296,11.623811548331503
3019297,227.7567579689677
3019298,50.387318167140194
3019299,0.0
3019300,1.7343906928359012
3019301,9.880442015561314
3019302,6.649891793226685
3019303,0.20367865180347475
3019304,1.019664384996034
3019305,320.47751194775407
3019306,0.20367865180347475
3019307,265.3771454610616
3019308,8.062419685132895
3019309,310.2323960078222
3019310,270.29667291136735
3019311,111.65661239271277
3019312,39.188944880622536
3019313,45.45005128473884
3019314,259.6761451946976
3019315,17.845045435072045
3019316,0.7849261098913142
3019317,15.21969083496997
3019318,10.265806203308943
3019319,0.7041349349341613
3019320,121.52415046537321
3019321,0.24158842168724645
3019322,8.405645845870886
3019323,2.1257190801885253
3019324,29.18613495762867
3019325,0.24158842168724645
3019326,260.34051494028836
3019327,185.71102223272314
3019328,3.4634248242273635
3019329,2.2336645921869867
3019330,177.02204039198097
3019331,29.146071723032335
3019332,343.0482637308323
3019333,0.9909675341036951
3019334,4.183581964375016
3019335,8.697095205877988
3019336,1.062117945197267
3019337,2.6636622521803606
3019338,262.9645508043518
3019339,0.2429339899728274
3019340,223.68147902551613
3019341,24.680935453089447
3019342,225.04547399552166
3019343,175.27323004476963
3019344,301.61640388970153
3019345,269.9237873749972
3019346,224.7601407755645
3019347,281.26268699299516
3019348,42.64814889688522
3019349,3.2751406863205608
3019350,27.340545854049946
3019351,41.975355863934546
3019352,0.5223802568771332
3019353,268.4532766609678
3019354,12.73525502243586
3019355,53.63845030892095
3019356,12.211396783650507
3019357,145.21114688021336
3019358,4.998446635567703
3019359,302.09840265251125
3019360,296.51604377719684
3019361,12.029745118386156
3019362,10.685650821199962
3019363,318.36435095424474
3019364,96.68600913967498
3019365,9.589197847844835
3019366,1.5667468790992158
3019367,23.286517452623283
3019368,8.074989487527441
3019369,0.20367865180347475
3019370,4.5727163378725155
3019371,197.0299002391541
3019372,0.20367865180347475
3019373,347.1778561844538
3019374,22.570937887951825
3019375,242.3381316837023
3019376,237.70940722494092
3019377,328.0847018890655
3019378,260.2605873362882
3019379,126.89808642732767
3019380,304.7777886616787
3019381,23.436081315980516
3019382,2.743182720035979
3019383,41.73703471448013
3019384,30.556631916639713
3019385,1.667211453580537
3019386,285.9837558261386
3019387,0.23657691080000912
3019388,6.640246439905008
3019389,7.1288129144620305
3019390,109.5543056872267
3019391,1.11580827157828
3019392,226.2625602933807
3019393,300.2610396954062
3019394,5.840159314583951
3019395,6.922939695548889
3019396,254.69407272718243
3019397,90.84827061110506
3019398,117.55988522168448
3019399,3.9597397296679646
3019400,10.56758261981142
3019401,8.14484059337208
3019402,0.5674480560809381
3019403,3.6743293703765065
3019404,250.68921125535445
3019405,0.20367865180347475
3019406,343.77794056915525
3019407,17.431958003208095
3019408,250.89337272626113
3019409,296.13120060693393
3019410,279.1677888618108
3019411,239.57646588070622
3019412,192.48943224824785
3019413,303.3567082813481
3019414,22.41413522750422
3019415,2.0889847418458247
3019416,28.917927649962653
3019417,29.73914972223779
3019418,0.23657691080000912
3019419,268.5924660480086
3019420,0.23657691080000912
3019421,10.109024607597034
3019422,7.1288129144620305
3019423,183.0407188664428
3019424,2.007045391051441
3019425,133.075196937994
3019426,265.0308997823419
3019427,5.526689177447673
3019428,6.210934491504076
3019429,229.8300530058018
3019430,81.15414367176545
3019431,135.03134871954128
3019432,2.0107047324130303
3019433,13.234408797164948
3019434,12.900491164203448
3019435,1.4270556748145848
3019436,21.19984468846325
3019437,271.8026027810079
3019438,0.20367865180347475
3019439,185.15775276936645
3019440,46.607410444618594
3019441,271.9265862381842
3019442,230.74084959283735
3019443,337.25302533797884
3019444,336.97824645666844
3019445,330.0446981642207
3019446,300.0621779682733
3019447,93.80755635220132
3019448,3.388669433315855
3019449,79.26231739396786
3019450,70.38215020368239
3019451,0.23657691080000912
3019452,349.4744587873289
3019453,50.36621806125163
3019454,68.22482341453225
3019455,28.835782385418028
3019456,273.69996190652233
3019457,36.58057894772589
3019458,25.1648434065465
3019459,352.1198505203239
3019460,27.66908346032423
3019461,34.80529993003291
3019462,104.86097776000751
3019463,281.72100662281207
3019464,23.055247443367996
3019465,0.7432202226319886
3019466,92.46143741810187
3019467,4.213099671998964
3019468,1.0259598274734996
3019469,1.2156926142015112
3019470,217.57327422808322
3019471,0.20367865180347475
3019472,173.87405089029173
3019473,6.4624159298928525
3019474,318.28946602605805
3019475,283.4142185356751
3019476,126.9758981538445
3019477,168.93072397154828
3019478,77.30503386640953
3019479,202.77865174597656
3019480,3.428953401407166
3019481,0.42043336705850853
3019482,15.59673975717259
3019483,10.084154538044592
3019484,0.24158842168724645
3019485,142.9604851313478
3019486,2.503512454442997
3019487,0.0
3019488,3.6180240204828973
3019489,67.74042961371062
3019490,1.2571635971635329
3019491,70.22096212248927
3019492,106.95329789986225
3019493,1.8187612531446387
3019494,4.241690258168851
3019495,131.63381582068456
3019496,24.968743426710084
3019497,234.5451523018422
3019498,0.0
3019499,6.005295667744908
3019500,10.187048274726777
3019501,0.4217789353440895
3019502,3.8387989742856554
3019503,278.9198797154786
3019504,0.20367865180347475
3019505,340.303992489505
3019506,13.477657825670716
3019507,253.61012180827757
3019508,194.24000555504423
3019509,273.18494567154175
3019510,300.1290893188549
3019511,154.91036924419532
3019512,304.7777886616787
3019513,14.06560845866878
3019514,0.4820104267497044
3019515,30.84550213436512
3019516,27.00688976342798
3019517,0.23657691080000912
3019518,294.9859397724964
3019519,1.906017578730747
3019520,7.8475876864958165
3019521,11.933541775685605
3019522,29.697008753547294
3019523,2.0061675116896205
3019524,328.3731079055159
3019525,270.88517697423435
3019526,4.373299188786234
3019527,9.326915074549202
3019528,162.0696819256236
3019529,85.33095020072638
3019530,141.91923002808997
3019531,2.190707766399956
3019532,8.888985425639257
3019533,2.4326992530555884
3019534,0.20367865180347475
3019535,1.154599906904152
3019536,273.93671255715793
3019537,0.20367865180347475
3019538,120.56330234470569
3019539,4.999792203853286
3019540,344.5612897255183
3019541,187.09989038460768
3019542,100.43553701122062
3019543,186.27010059945414
3019544,29.91408120347183
3019545,248.14689421823678
3019546,1.2245891838444543
3019547,0.42043336705850853
3019548,11.19393369740828
3019549,6.141093117880716
3019550,0.24158842168724645
3019551,114.33271653907981
3019552,0.23657691080000912
3019553,0.0
3019554,0.9158333469217461
3019555,65.59596146440147
3019556,0.42043336705850853
3019557,76.70012465112377
3019558,96.40915644177376
3019559,0.5966419719845115
3019560,1.2551286680336082
3019561,65.4809901877608
3019562,12.597291424177316
3019563,231.00787736164574
3019564,0.0
3019565,4.040918906032735
3019566,9.184538818970587
3019567,0.20367865180347475
3019568,3.366724107045816
3019569,225.1920553324969
3019570,0.20367865180347475
3019571,271.5922980372249
3019572,12.415802961278809
3019573,222.31096276825772
3019574,313.4090690329187
3019575,201.26066045298506
3019576,142.5626100845452
3019577,151.63536327110137
3019578,265.5608270596628
3019579,5.008298136368236
3019580,0.6182631875605822
3019581,39.09971814387951
3019582,22.245521897675705
3019583,0.4396329079851613
3019584,264.8426693149049
3019585,0.23657691080000912
3019586,0.0
3019587,14.640154240052434
3019588,56.5455969999322
3019589,1.3768970466427193
3019590,283.97537892771413
3019591,271.3140787336176
3019592,2.7015058737047877
3019593,4.425459888551458
3019594,273.3382527816986
3019595,34.054895104046615
3019596,108.09406708666859
3019597,0.0
3019598,3.8022918910928216
3019599,3.201822695673486
3019600,0.5979875402700924
3019601,4.309519085244541
3019602,243.23626927987203
3019603,0.20367865180347475
3019604,123.18509560810045
3019605,10.378811978452402
3019606,240.34737077173318
3019607,185.06277357389789
3019608,243.24483594457476
3019609,125.52419777398315
3019610,94.2102808576095
3019611,269.2962735383322
3019612,11.111633225430205
3019613,5.6237424114144625
3019614,38.00870166811864
3019615,49.68204215342582
3019616,0.23657691080000912
3019617,232.38930622987453
3019618,2.90512135833288
3019619,5.805495663967462
3019620,3.815985102598357
3019621,49.33657314446961
3019622,2.8575937932255684
3019623,181.32808677602551
3019624,296.94758964885557
3019625,4.49681418682917
3019626,8.53484172552903
3019627,144.5603024709869
3019628,33.1826324839089
3019629,159.31949011298664
3019630,4.74643226152228
3019631,7.3084373103646225
3019632,3.7607265444025466
3019633,0.20367865180347475
3019634,0.8054437156914483
3019635,181.17902014134398
3019636,0.20367865180347475
3019637,109.18029535030219
3019638,3.516931092278169
3019639,350.28200451284073
3019640,206.68417408123452
3019641,102.8951331338791
3019642,198.81118940155864
3019643,108.49673379339139
3019644,240.7394858381933
3019645,9.587668452324026
3019646,0.7797099087801684
3019647,13.40882454135941
3019648,10.729287987905565
3019649,0.24158842168724645
3019650,121.34836960492052
3019651,0.23657691080000912
3019652,0.0
3019653,0.26161096494700853
3019654,124.80093489817197
3019655,0.9845240341424181
3019656,219.06888890789054
3019657,111.05464797684962
3019658,1.2616685449754412
3019659,1.9076562912525643
3019660,67.95409604053768
3019661,22.06143111859424
3019662,322.96752365564765
3019663,0.0
3019664,2.3278042763405336
3019665,5.5280347457332555
3019666,0.20367865180347475
3019667,3.3020372608616304
3019668,231.70611572834522
3019669,0.20367865180347475
3019670,334.2159069240557
3019671,12.54441313252255
3019672,250.6061002247737
3019673,296.7588097337013
3019674,236.0931089136088
3019675,162.75781642062827
3019676,194.93395452177097
3019677,306.34247009829477
3019678,11.449823234730273
3019679,0.42043336705850853
3019680,38.28078270039788
3019681,16.52274369013315
3019682,0.3144320748240821
3019683,265.5834127986942
3019684,0.23657691080000912
3019685,33.673159896321565
3019686,5.47781569850904
3019687,123.12254197177774
3019688,1.499666312532055
3019689,239.54531831456544
3019690,278.6762239893747
3019691,3.613120086137049
3019692,4.998446635567703
3019693,126.73832094978782
3019694,52.35240750311963
3019695,115.70066187832009
3019696,1.1597237640073423
3019697,7.136583237276632
3019698,5.067612843506375
3019699,0.277238937663803
3019700,10.850430838783142
3019701,238.79497891515007
3019702,0.277238937663803
3019703,318.4882614838703
3019704,8.00678204471386
3019705,236.89012025353614
3019706,275.2911768032741
3019707,163.86741005572998
3019708,134.93960434651393
3019709,121.17826739881657
3019710,259.2953284015355
3019711,55.891294035813075
3019712,2.0748660307045332
3019713,27.384533189056533
3019714,32.59619845332078
3019715,0.9220385005258331
3019716,280.3180823576958
3019717,25.650292154301344
3019718,21.945266429122636
3019719,2.336603162937983
3019720,123.10652048401627
3019721,13.162209863234821
3019722,246.87464318619757
3019723,295.5258791311497
3019724,14.062799408360847
3019725,15.075821302101104
3019726,258.01986959927945
3019727,74.71545732000341
3019728,2.6163307253518173
3019729,0.05812282261491436
3019730,12.824377261278993
3019731,7.9657237699062895
3019732,0.20367865180347475
3019733,10.02242268823456
3019734,245.58814936533443
3019735,0.20367865180347475
3019736,343.6374874932827
3019737,14.106429654357928
3019738,212.14127171075887
3019739,216.18473240451786
3019740,170.6588562392141
3019741,119.08584039490107
3019742,133.2937914977611
3019743,268.7646215988667
3019744,37.39825775598216
3019745,1.2453325200587035
3019746,50.845486824379186
3019747,101.84049457906971
3019748,0.23657691080000912
3019749,308.67532960297194
3019750,31.765032803590394
3019751,22.032347880734132
3019752,12.227124639255278
3019753,156.17670277931927
3019754,15.594162459496445
3019755,185.65602632278345
3019756,334.02416812734253
3019757,7.964167391607759
3019758,15.980600377892605
3019759,153.75747403511627
3019760,99.77266232490577
3019761,6.07458845578756
3019762,9.950835554797965
3019763,20.99392906458622
3019764,11.587429958648992
3019765,0.49533922120441787
3019766,5.898559409446461
3019767,243.48194218407815
3019768,0.277238937663803
3019769,214.54432952422314
3019770,5.679037261302445
3019771,243.68610365498483
3019772,300.80351892551346
3019773,227.6798383269318
3019774,292.11520848809823
3019775,112.79022860086995
3019776,294.32211856892053
3019777,39.98994693485093
3019778,3.5715760155623024
3019779,33.63546835108931
3019780,26.38862135969322
3019781,0.31013719666033746
3019782,325.5775619579507
3019783,6.474326191874155
3019784,15.148624777132637
3019785,14.723179314145732
3019786,75.2395708460871
3019787,5.1896245921094915
3019788,189.59869159149983
3019789,315.61963512820483
3019790,8.272833203668313
3019791,12.197232863704366
3019792,269.6744396322427
3019793,63.64032483231425
3019794,117.99129555229662
3019795,6.6613962732220156
3019796,21.196808675517655
3019797,4.164115187806318
3019798,1.1616423060771102
3019799,7.307979682220155
3019800,272.7225736163519
3019801,0.20367865180347475
3019802,345.9390159999095
3019803,11.194585315451775
3019804,239.04637339742797
3019805,222.67175925065231
3019806,213.12520438230297
3019807,161.00549111359652
3019808,129.12075591934808
3019809,263.51197931529043
3019810,34.28144860781839
3019811,3.1418787595488893
3019812,21.91560005068993
3019813,14.816648623421216
3019814,0.24158842168724645
3019815,272.53053544632013
3019816,26.226813816453287
3019817,27.103820323701395
3019818,3.033193753504085
3019819,139.08587007622376
3019820,9.338049874749277
3019821,327.5566857831188
3019822,287.87543812814107
3019823,7.493939049838212
3019824,10.322868924426052
3019825,330.3541978680652
3019826,72.91061687278182
3019827,10.973861344883042
3019828,0.0
3019829,31.0955703544229
3019830,4.587295600124382
3019831,0.3164942758331557
3019832,5.387529510170352
3019833,222.37803269056124
3019834,0.277238937663803
3019835,332.1953467571695
3019836,11.836776611967252
3019837,262.58526811403686
3019838,279.37130380901635
3019839,296.0662837264854
3019840,232.85861075876295
3019841,119.45045383726111
3019842,266.17537118106765
3019843,16.978525121782724
3019844,3.988852108969363
3019845,36.28932492673914
3019846,29.122218067364447
3019847,0.5131931938454903
3019848,335.35444087475014
3019849,0.31013719666033746
3019850,0.0
3019851,11.688805384047761
3019852,65.23851866136779
3019853,2.8007438769088515
3019854,172.05647312500108
3019855,316.5809461481258
3019856,3.238470166031196
3019857,12.40122922891346
3019858,196.76982192663579
3019859,79.38872625423365
3019860,108.16762737252893
3019861,0.05812282261491436
3019862,9.986884353340574
3019863,9.834998918447356
3019864,0.277238937663803
3019865,8.26455151625033
3019866,239.12418167581015
3019867,0.277238937663803
3019868,352.4744809394072
3019869,14.941667558000205
3019870,280.5905008508609
3019871,244.7536293502366
3019872,253.12390963885775
3019873,158.98140212244041
3019874,209.95821504390565
3019875,261.2340149058307
3019876,64.46164161878659
3019877,1.7406579673253166
3019878,39.364026351546336
3019879,41.301314805071165
3019880,0.31013719666033746
3019881,279.30910348465727
3019882,23.33151767524385
3019883,20.787552534745643
3019884,9.092463063997924
3019885,154.27403949189977
3019886,17.63942928255699
3019887,237.74801678364182
3019888,306.6214846927876
3019889,14.195264063332141
3019890,9.579132751235145
3019891,218.10862164419643
3019892,83.66063750395683
3019893,4.639740496892101
3019894,0.6280932372822908
3019895,9.920943035789243
3019896,6.717712432879775
3019897,0.277238937663803
3019898,5.187883865198781
3019899,250.75799562442828
3019900,0.277238937663803
3019901,349.1184079714967
3019902,10.756615586578237
3019903,227.35316499464963
3019904,200.24115416192112
3019905,189.68730335836827
3019906,155.24543034875103
3019907,128.7216099918103
3019908,267.3429725732704
3019909,38.091526482398244
3019910,1.2210749782716595
3019911,36.51989214668207
3019912,31.471314516027743
3019913,0.31013719666033746
3019914,272.2663314628056
3019915,20.23522772734261
3019916,42.18262257461789
3019917,5.256687798112238
3019918,104.49954059145911
3019919,11.357098543259713
3019920,252.9480057482004
3019921,265.9304857588645
3019922,10.866361469682523
3019923,9.781492650396554
3019924,247.96846324993732
3019925,62.20975666882033
3019926,0.0
3019927,0.08315687676191397
3019928,16.963324298000096
3019929,8.78662919472449
3019930,0.260109317175698
3019931,5.302836882461042
3019932,126.04214753432332
3019933,0.260109317175698
3019934,120.41700743201156
3019935,17.442729730832472
3019936,128.3741587238545
3019937,159.17758708013105
3019938,294.91453577161946
3019939,237.76154630999778
3019940,130.29570648316763
3019941,152.40816562623874
3019942,12.722885754025091
3019943,0.2980190870594699
3019944,19.529270238276844
3019945,30.576439774602743
3019946,0.2930075761722325
3019947,278.4796997710519
3019948,0.2930075761722325
3019949,11.105741232225881
3019950,2.544005130610111
3019951,127.70556064512989
3019952,5.783913329087991
3019953,238.428696587572
3019954,308.5611989274495
3019955,4.461147217709435
3019956,2.585760935839267
3019957,277.273751480003
3019958,131.67609925560518
3019959,143.31472201383622
3019960,2.484682290880246
3019961,5.3661304491761985
3019962,17.78060975281247
3019963,0.20367865180347475
3019964,26.654405185000645
3019965,251.3845455755161
3019966,0.20367865180347475
3019967,226.16590427924888
3019968,32.958834878427474
3019969,247.97196909160135
3019970,219.82700288286617
3019971,353.1361308320957
3019972,328.72125891349725
3019973,346.58137045759474
3019974,294.0764456647144
3019975,116.14837075724505
3019976,4.953702430431423
3019977,146.9206003634072
3019978,156.72267216589825
3019979,0.4396329079851613
3019980,336.5492898078781
3019981,45.308316850677876
3019982,38.66395224987471
3019983,57.41385768715536
3019984,294.95735890917365
3019985,34.94478719732279
3019986,25.981708163441883
3019987,351.4685842283462
3019988,52.61596966398287
3019989,44.68012713031564
3019990,79.94218910203884
3019991,322.4663091983403
3019992,41.81852822160195
3019993,315.3060277288451
3019994,130.203871860791
3019995,18.71775787800855
3019996,0.20367865180347475
3019997,21.1780881623964
3019998,251.376912042474
3019999,0.20367865180347475
3020000,101.63539890264967
3020001,32.96713988999492
3020002,191.64905640412928
3020003,170.96611456552634
3020004,339.0006836951123
3020005,325.24995136722316
3020006,330.0543540886687
3020007,294.0764456647144
3020008,171.84775831469022
3020009,1.9894572790773088
3020010,101.58998058306503
3020011,105.36241796974791
3020012,1.5733919433955355
3020013,365.62011599288047
3020014,42.69981997638704
3020015,53.458656003894845
3020016,15.827912485658615
3020017,295.0903705701052
3020018,26.82289915242502
3020019,55.157005450907235
3020020,354.62168837898605
3020021,33.90090529771992
3020022,40.783822389565714
3020023,96.68698797439806
3020024,315.87497207402316
3020025,37.21564220638797
3020026,260.419841833798
3020027,128.17989191497804
3020028,19.286957572966873
3020029,0.20367865180347475
3020030,31.1152078262184
3020031,255.10483605547213
3020032,0.2429339899728274
3020033,241.52350247802622
3020034,17.901582583278806
3020035,247.97196909160135
3020036,260.67629951995747
3020037,258.92593158133565
3020038,214.8221591487663
3020039,321.3587126320816
3020040,294.0764456647144
3020041,66.72848922824609
3020042,4.585315146107359
3020043,69.779778261725
3020044,36.864578213612965
3020045,0.8036592958140043
3020046,365.58117297050114
3020047,55.63077226970216
3020048,34.5041981887387
3020049,20.988855285551853
3020050,237.8809671461947
3020051,13.35910736005545
3020052,268.15825333052095
3020053,283.0240228010044
3020054,32.412308946812665
3020055,66.9847352607352
3020056,233.55044233832385
3020057,171.90010198428118
3020058,12.990146640274846
3020059,326.4074123686441
3020060,77.9542793263932
3020061,22.47758029303903
3020062,0.20367865180347475
3020063,30.00309615634984
3020064,250.203900299224
3020065,0.20367865180347475
3020066,202.83096129551336
3020067,31.166957163971578
3020068,247.97196909160135
3020069,218.06217120862104
3020070,360.06480626244496
3020071,348.0735366445145
3020072,319.14862099416086
3020073,260.3592514202705
3020074,69.93399587080219
3020075,2.6631744255164045
3020076,92.86987002952775
3020077,110.01432477150577
3020078,2.725626288204809
3020079,308.75044030786944
3020080,44.518723564930916
3020081,38.46172597131666
3020082,23.137157726739893
3020083,291.4510710831335
3020084,20.69140274522296
3020085,25.981708163441883
3020086,278.73527566373957
3020087,32.86884236275396
3020088,42.88697680058848
3020089,246.5322222988892
3020090,287.95638107735004
3020091,21.623761649593547
3020092,260.69487239901173
3020093,86.30553552407599
3020094,17.04811749276269
3020095,0.20367865180347475
3020096,33.99963562128045
3020097,251.6209008250748
3020098,0.20367865180347475
3020099,211.1339334781853
3020100,21.377934519455803
3020101,250.22231729013654
3020102,226.3803929763618
3020103,363.34696734115187
3020104,171.70334665931742
3020105,291.92883625112916
3020106,294.0764456647144
3020107,67.07453211884328
3020108,0.41165956252527336
3020109,46.27663391674448
3020110,77.32509249364483
3020111,0.5176608547597001
3020112,352.8290538642148
3020113,46.64934535405354
3020114,16.64125881795666
3020115,12.30438168912602
3020116,228.08573765173418
3020117,9.578626672816902
3020118,219.85539692792318
3020119,364.2870732247066
3020120,24.299012592178133
3020121,40.29390297547602
3020122,173.3698153098166
3020123,123.63486486113892
3020124,2.6605602762205476
3020125,187.64525198421492
3020126,31.502620154866023
3020127,13.604722506545691
3020128,0.20367865180347475
3020129,16.152643689502224
3020130,253.72664153591168
3020131,0.20367865180347475
3020132,228.6345538649811
3020133,29.62495461582055
3020134,214.36487584147932
3020135,219.82700288286617
3020136,360.13120701279433
3020137,349.559608822778
3020138,347.7876690018068
3020139,293.83438269838706
3020140,79.25434100479835
3020141,3.085625252957245
3020142,68.7397606877063
3020143,101.44673862728303
3020144,0.9919434337208072
3020145,359.11097548065953
3020146,24.076603523581035
3020147,37.325309948820774
3020148,22.882292191523792
3020149,309.7477144483653
3020150,23.208163989061678
3020151,167.31398989780996
3020152,361.0741400631904
3020153,24.95467274904352
3020154,39.37937906856402
3020155,142.89828609908992
3020156,269.7159266847363
3020157,29.088653922539674
3020158,368.4685241891898
3020159,89.22125706525799
3020160,7.715625846525
3020161,0.5883344545608284
3020162,8.270895945671883
3020163,203.77262159837866
3020164,0.20367865180347475
3020165,341.6104362177604
3020166,31.35801235230825
3020167,251.00188814462513
3020168,272.34255835195347
3020169,242.20676560721657
3020170,79.32435631727846
3020171,131.18534053147147
3020172,262.1203870667717
3020173,66.53076458508441
3020174,1.9941947454664168
3020175,33.33868908690546
3020176,24.512295955303017
3020177,0.23657691080000912
3020178,233.66019258120116
3020179,14.419819574673275
3020180,9.835163435322857
3020181,13.268273496659196
3020182,96.83619053438107
3020183,9.678352999807544
3020184,267.08057891853343
3020185,284.27074816305264
3020186,3.5866305154313145
3020187,7.783959154405484
3020188,241.87070380224222
3020189,72.85189889138356
3020190,1.9488559375601675
3020191,0.4645478967636769
3020192,8.503479393190158
3020193,13.96866197835423
3020194,0.20367865180347475
3020195,19.135109008636654
3020196,251.07363388528907
3020197,0.20367865180347475
3020198,253.91963908478468
3020199,45.42266518132306
3020200,227.12020189446986
3020201,273.89976713789724
3020202,346.2690607566307
3020203,145.6880033129044
3020204,196.10774678411897
3020205,262.12320438414963
3020206,138.9128714820233
3020207,2.2324612253880707
3020208,74.40862686941007
3020209,42.09230813526253
3020210,0.24158842168724645
3020211,327.6976062906078
3020212,27.306696062339014
3020213,11.334066962562948
3020214,5.84684564679012
3020215,200.33144197587782
3020216,13.839191374909861
3020217,312.87512604084964
3020218,342.4324879573576
3020219,19.57868088577113
3020220,38.21076239025829
3020221,329.8043789884017
3020222,111.37449861257628
3020223,8.094636066458897
3020224,341.7309766201258
3020225,28.687961487193657
3020226,8.089720171947269
3020227,0.18849607024523254
3020228,7.014599972047777
3020229,249.37884031204032
3020230,0.18849607024523254
3020231,218.9480399640904
3020232,13.108644141180982
3020233,205.11674233235246
3020234,227.83854851195898
3020235,292.6754741224619
3020236,331.1667427032671
3020237,303.0115462604686
3020238,258.7256387072847
3020239,67.28882277579521
3020240,2.4772958180254943
3020241,50.45347724151827
3020242,52.64997675549852
3020243,0.6584128691867649
3020244,326.96369424727345
3020245,4.878120804593544
3020246,55.77858511075457
3020247,7.565467403965704
3020248,251.44911121470898
3020249,11.82989304374592
3020250,196.0239906582699
3020251,327.1490443038713
3020252,26.20536762540903
3020253,16.12853085005046
3020254,105.45828948885202
3020255,145.50108819674955
3020256,18.961448574819226
3020257,5.611066054737431
3020258,67.49057784223851
3020259,15.481159200293805
3020260,0.20367865180347475
3020261,13.32042628783224
3020262,261.6545242265933
3020263,0.20367865180347475
3020264,215.72091967925633
3020265,13.350201907619057
3020266,222.55620760281855
3020267,220.90442274761182
3020268,342.3056340662818
3020269,267.3049070984007
3020270,323.16511415430693
3020271,304.90466223379167
3020272,65.6789642740877
3020273,4.585315146107359
3020274,70.9453203728886
3020275,57.48125599938469
3020276,0.5176608547597001
3020277,350.2303849352094
3020278,12.477340254135049
3020279,74.30945794041368
3020280,12.890444803177733
3020281,279.2903703892523
3020282,12.708793137913382
3020283,342.91346811769495
3020284,332.9779968030274
3020285,19.28653715518143
3020286,37.00469619710003
3020287,332.44719429113803
3020288,159.55238435715287
3020289,127.97481959575794
3020290,7.7200406578028185
3020291,13.10325589752726
3020292,12.524073013725413
3020293,0.20367865180347475
3020294,6.3444707609495
3020295,183.50235892620998
3020296,0.20367865180347475
3020297,350.0913055279186
3020298,13.158576548986277
3020299,154.59118456807457
3020300,261.3642743162911
3020301,272.15889033576633
3020302,113.90740478554477
3020303,231.17850694746738
3020304,168.56797227406324
3020305,23.582218308473955
3020306,2.045710785668955
3020307,44.03482905475135
3020308,32.74884283073608
3020309,0.23657691080000912
3020310,271.47155054120077
3020311,9.065303686068424
3020312,20.060895046864193
3020313,9.08487177142207
3020314,206.31130734840482
3020315,5.79934237169298
3020316,293.4900969734242
3020317,277.614649444455
3020318,6.322195477562234
3020319,8.203791435571102
3020320,236.58321007296277
3020321,92.7245778639285
3020322,4.100258828690964
3020323,0.265646480714277
3020324,5.1103163597076
3020325,8.423868229071902
3020326,0.20367865180347475
3020327,2.4751105048673203
3020328,289.5577340680061
3020329,0.20367865180347475
3020330,260.84429518341403
3020331,6.650350426880381
3020332,236.29602473164002
3020333,283.19426981888876
3020334,258.77021461826627
3020335,73.66849824190703
3020336,60.7221823298012
3020337,254.74155637947436
3020338,15.587510777254867
3020339,1.1931718202934785
3020340,32.27615008582884
3020341,12.515838751232831
3020342,0.23657691080000912
3020343,266.10284961833855
3020344,0.23657691080000912
3020345,0.0
3020346,6.120567589743455
3020347,52.455931095231854
3020348,1.2445213925392746
3020349,64.8092176583881
3020350,216.75423819599004
3020351,0.23657691080000912
3020352,3.2310911067700787
3020353,87.70377876410615
3020354,96.34321805687196
3020355,286.96824772579674
3020356,0.0
3020357,5.702807234776987
3020358,9.169431453994354
3020359,0.20367865180347475
3020360,9.990588429512679
3020361,272.3592155848894
3020362,0.20367865180347475
3020363,248.4389517263577
3020364,16.45532380352828
3020365,237.23294205524596
3020366,221.02889080874365
3020367,316.5883014459638
3020368,201.24697075967907
3020369,215.81022669389782
3020370,295.21299932720046
3020371,45.38896286080904
3020372,1.6515871795380064
3020373,35.428506908784286
3020374,86.08670735755038
3020375,0.23657691080000912
3020376,310.62019791711117
3020377,30.918593567491367
3020378,22.262065067028725
3020379,17.980304469050036
3020380,167.285255720056
3020381,8.644245488657303
3020382,335.0574984824253
3020383,320.82512004807467
3020384,11.418959268224457
3020385,18.291450571509223
3020386,331.1124391316987
3020387,127.41526734532378
3020388,18.482325350317137
3020389,0.0
3020390,45.931041269492205
3020391,5.298680158566213
3020392,0.20367865180347475
3020393,8.061699647915123
3020394,272.46622622831313
3020395,0.2629565332325894
3020396,169.1876677728628
3020397,21.58974836366065
3020398,191.4532493226217
3020399,248.30383026908024
3020400,189.36075333044514
3020401,270.01377917402795
3020402,263.5712022662253
3020403,270.6706747137923
3020404,42.115441318185546
3020405,3.9823995165463417
3020406,37.320043337829816
3020407,48.9409107626087
3020408,0.5721015101797187
3020409,267.0639378763664
3020410,17.54763680424051
3020411,47.67962763107085
3020412,9.943627844717255
3020413,255.81688136175075
3020414,14.83940053994584
3020415,320.4181138746182
3020416,257.75132892558975
3020417,8.718340338565088
3020418,17.758375806895206
3020419,137.3887689586136
3020420,139.2059579964077
3020421,20.089987002231716
3020422,0.04474348450439734
3020423,49.34423131628893
3020424,5.2750561389941675
3020425,1.5096084571473947
3020426,16.924346279797625
3020427,277.2601513411376
3020428,0.20367865180347475
3020429,295.055474422026
3020430,22.518236265825823
3020431,196.47596513163398
3020432,235.1484253551915
3020433,304.46805312437004
3020434,297.5672478510358
3020435,206.7565506010912
3020436,278.16413511603673
3020437,48.23274660149795
3020438,4.430458522043089
3020439,47.867694062531434
3020440,56.627151941414745
3020441,0.23657691080000912
3020442,316.829668166716
3020443,36.144275185023425
3020444,42.38474356681929
3020445,27.842413148936
3020446,207.2386412795591
3020447,24.91091082268953
3020448,337.0311501016799
3020449,328.918466119774
3020450,26.39714308996283
3020451,26.499920397516824
3020452,127.08561350149158
3020453,180.55386655669471
3020454,4.701497012545597
3020455,3.3560957700290173
3020456,48.646562880956566
3020457,17.36895076251711
3020458,1.1645303357304908
3020459,12.096082374754607
3020460,264.51386532743953
3020461,0.20367865180347475
3020462,298.8525065682626
3020463,20.82486430356686
3020464,264.7180267983463
3020465,169.1000705503066
3020466,267.0725470584263
3020467,226.19932507144958
3020468,155.32437802396274
3020469,300.0621779682733
3020470,14.754544204848848
3020471,1.8346006550130398
3020472,59.967365384197684
3020473,56.68464429516438
3020474,0.23657691080000912
3020475,338.42521020112
3020476,14.241227652162463
3020477,6.418919405672218
3020478,13.169209779133677
3020479,86.06457933606876
3020480,4.430458522043089
3020481,326.8829069509056
3020482,343.63343718528233
3020483,9.18319325068501
3020484,10.517082472524486
3020485,327.38509496792807
3020486,149.5594404755595
3020487,142.80297568596782
3020488,156.09557528334048
3020489,25.98535213158892
3020490,1.8184999699704376
3020491,0.0
3020492,4.04265733320715
3020493,92.88743562068854
3020494,0.0
3020495,251.4123106261535
3020496,5.888288201532994
3020497,219.45528432049994
3020498,314.33340551752906
3020499,62.21678614799279
3020500,57.40140233704818
3020501,39.68976150496604
3020502,244.3287546089919
3020503,12.246569932660952
3020504,0.0
3020505,15.450278239107396
3020506,15.438871904046845
3020507,0.0
3020508,101.22535469195763
3020509,9.255054975191612
3020510,12.201758435758565
3020511,5.800242888180198
3020512,38.30137799993753
3020513,3.7737198914850256
3020514,130.93586110168644
3020515,101.13517134677954
3020516,0.8058774253593695
3020517,4.141900206122075
3020518,125.43673151469241
3020519,33.10495682473157
3020520,0.0
3020521,0.0
3020522,17.168828651495815
3020523,2.0620079371342825
3020524,0.21372630063737344
3020525,3.908233817842235
3020526,317.9611716266169
3020527,0.21372630063737344
3020528,125.54127871887594
3020529,4.591709729735209
3020530,234.5579178712492
3020531,301.3960715970385
3020532,285.70202782212516
3020533,72.92290471021035
3020534,41.9224854296402
3020535,278.3745447872268
3020536,10.261626499246406
3020537,0.718289514679053
3020538,13.577226543444366
3020539,9.995363856104039
3020540,0.24662455963390784
3020541,203.91711819196587
3020542,6.308448263951959
3020543,0.0
3020544,2.8969496307921085
3020545,17.21575476113092
3020546,0.4217072113591721
3020547,213.56354979757722
3020548,228.60433911031703
3020549,1.012817728861666
3020550,4.590364161449626
3020551,173.99085472634184
3020552,33.887135560410876
3020553,275.4707257839357
3020554,12.656336734786478
3020555,3.600073404745771
3020556,11.511143095253836
3020557,0.27300418206648813
3020558,8.605618640288256
3020559,246.1596075727864
3020560,0.21372630063737344
3020561,242.9432968358401
3020562,14.738457194442358
3020563,273.49729063051376
3020564,311.23575577442057
3020565,356.33275806425905
3020566,265.63521796749615
3020567,109.40404540397606
3020568,313.0392496046079
3020569,34.656918666970434
3020570,1.02079907047885
3020571,35.031647616327184
3020572,26.286959672844954
3020573,0.2516360705211451
3020574,337.73763384849514
3020575,8.667056671481795
3020576,2.4930483390251412
3020577,10.971011925815942
3020578,38.58756283373567
3020579,2.471108684866659
3020580,276.1177617966781
3020581,334.49989189860986
3020582,4.1903843889963035
3020583,17.339487733260047
3020584,303.17257035538404
3020585,93.42347482298551
3020586,142.03992275799797
3020587,26.211755917928382
3020588,13.245293300807427
3020589,6.776599027315578
3020590,0.0
3020591,1.5748770392571525
3020592,277.3460418629311
3020593,0.0
3020594,231.80708296903376
3020595,13.757346317966604
3020596,242.0373615008612
3020597,325.05125838615385
3020598,218.07407794068968
3020599,72.97657429640552
3020600,41.67354117128719
3020601,266.5771064159461
3020602,12.555512519350021
3020603,0.17186002302183553
3020604,14.673216875735086
3020605,24.270214900396237
3020606,0.0
3020607,175.89226165504493
3020608,8.373005022251778
3020609,0.0
3020610,9.612851272988191
3020611,35.26849388840931
3020612,0.6927041026819613
3020613,147.89796797023743
3020614,218.972341443967
3020615,1.083976800172247
3020616,7.524792920429034
3020617,160.2342465097025
3020618,35.73833585228284
3020619,317.74869854904114
3020620,8.018886375318576
3020621,3.392544004810986
3020622,4.793250292760863
3020623,0.0
3020624,4.422034506039598
3020625,266.43234694067945
3020626,0.0
3020627,148.03861396503834
3020628,10.369762143620115
3020629,236.21652338887637
3020630,262.79313763402445
3020631,166.21639905400818
3020632,62.751810340592016
3020633,31.923854071116725
3020634,278.9409207801714
3020635,16.547395779007456
3020636,0.0
3020637,16.73466957904079
3020638,8.531837248724873
3020639,0.0
3020640,127.41622405515338
3020641,1.083976800172247
3020642,0.0
3020643,3.1903398231703024
3020644,30.049787647263532
3020645,1.6240514152368843
3020646,149.58483703616128
3020647,215.3923502276546
3020648,0.17186002302183553
3020649,5.060151351527869
3020650,105.06038387635489
3020651,24.380239605316213
3020652,190.74384524021767
3020653,16.935078190148
3020654,0.8222873322756461
3020655,3.7589764850964147
3020656,0.0
3020657,5.275269217576055
3020658,283.6538127673002
3020659,0.0
3020660,157.81566221234007
3020661,13.616254874395747
3020662,242.7947482940167
3020663,304.02775903017215
3020664,222.31859865296158
3020665,49.117899342063794
3020666,43.023677612038625
3020667,278.41092193105123
3020668,7.474524405972923
3020669,0.17837490853230617
3020670,11.394807161585925
3020671,25.578187814600923
3020672,0.01079655660668372
3020673,191.91875918095602
3020674,1.1912645625848364
3020675,0.0
3020676,3.727091432621682
3020677,13.096759380223794
3020678,1.136137499937472
3020679,208.14803359247657
3020680,217.4581808383616
3020681,0.7253456341982426
3020682,5.1722154296615255
3020683,74.19077565733775
3020684,80.42531540705046
3020685,313.8000576154859
3020686,4.310441959454726
3020687,4.5920510501950815
3020688,3.335068053685401
3020689,0.4640821621251643
3020690,6.833310584294386
3020691,233.90737281426416
3020692,0.07507088061888575
3020693,141.5099091296702
3020694,5.939926837010108
3020695,252.30810078936054
3020696,308.5407703316544
3020697,263.91098648527094
3020698,86.49583218368505
3020699,65.52876850051175
3020700,278.35381705043227
3020701,9.858231120034313
3020702,1.453856010039005
3020703,12.093549717040194
3020704,18.208011548761284
3020705,0.13300319376241984
3020706,240.1899403145929
3020707,9.88466378425479
3020708,0.0
3020709,3.848589241193544
3020710,26.175332821332916
3020711,1.4615842916926638
3020712,108.88619218436432
3020713,224.2841381449563
3020714,0.8058205122181604
3020715,5.939577793702522
3020716,103.48388650928702
3020717,44.63817044304163
3020718,213.70300795582273
3020719,13.710113958791695
3020720,5.527002142351492
3020721,5.030583188901432
3020722,0.45102612510464113
3020723,6.416735448167398
3020724,225.9737003777365
3020725,0.21372630063737344
3020726,231.6953431356103
3020727,6.493206914940999
3020728,293.3136064701128
3020729,275.0308596592012
3020730,218.18360491552463
3020731,130.25198822714967
3020732,39.25738788305302
3020733,241.8515201691699
3020734,7.903930327326314
3020735,0.44968055681906005
3020736,13.38545729377751
3020737,16.538267742452827
3020738,0.44968055681906005
3020739,229.6341327548578
3020740,0.24662455963390784
3020741,0.0
3020742,3.231268112436053
3020743,35.26473481598844
3020744,2.2433200017413983
3020745,64.45537444514277
3020746,191.10931073174373
3020747,1.3116336754842466
3020748,3.846776087646505
3020749,76.6023182788591
3020750,48.987180315842856
3020751,324.0141597754746
3020752,0.0
3020753,2.2615799167352812
3020754,13.708089355021851
3020755,1.316568422744002
3020756,6.030650571066166
3020757,278.21204084071496
3020758,0.21372630063737344
3020759,329.25278604594104
3020760,9.938877695894936
3020761,278.4162023116217
3020762,273.90015581141415
3020763,346.6027704628474
3020764,282.9451996759509
3020765,126.01073440353257
3020766,294.37504612427176
3020767,25.24661902047907
3020768,2.4417979163978036
3020769,34.290625014814175
3020770,32.80598422007225
3020771,0.2716586137809073
3020772,289.4477174843741
3020773,0.5587460790956404
3020774,0.0
3020775,19.612659698909592
3020776,58.909847353099295
3020777,5.2146337288692735
3020778,295.675227175908
3020779,307.4458875651373
3020780,1.9831554927544497
3020781,11.097333768379047
3020782,323.7469609083915
3020783,68.4822453074486
3020784,123.99701062119104
3020785,51.47646981365465
3020786,18.261322010764196
3020787,4.576527148176966
3020788,1.1542105001741152
3020789,7.716615689899643
3020790,250.39300874543392
3020791,0.19854371907913124
3020792,255.581821967308
3020793,5.241688373353264
3020794,242.94049942305577
3020795,164.35765332689607
3020796,275.8854219491117
3020797,264.3458128663612
3020798,70.35715027654378
3020799,299.2383066543053
3020800,22.389432088969336
3020801,1.6138778334945847
3020802,23.22372810872689
3020803,26.31485335670315
3020804,0.23645348896290316
3020805,276.0327960764942
3020806,15.49837407331101
3020807,4.831760765557271
3020808,18.765722511319897
3020809,52.62201922426855
3020810,1.9892262806988135
3020811,126.57998221043549
3020812,252.24217264171037
3020813,5.168911663121876
3020814,10.042767327757826
3020815,262.66543847496155
3020816,66.2197308023999
3020817,125.8444575305151
3020818,127.08091451686134
3020819,18.116507293320552
3020820,6.776599027315578
3020821,0.1797350511571907
3020822,3.3225196764781337
3020823,266.6971515850062
3020824,0.0
3020825,216.36473636909852
3020826,7.0856844356284165
3020827,183.7617287667568
3020828,309.8390648899794
3020829,277.96342302467025
3020830,75.23574163064318
3020831,43.87694159723934
3020832,280.24275025996565
3020833,20.022081608711098
3020834,1.666028701627656
3020835,11.08537821648272
3020836,33.63736744394092
3020837,0.0
3020838,195.31069923408236
3020839,10.3202442305204
3020840,0.0
3020841,4.2636621825953105
3020842,34.60163642429571
3020843,3.12918238223281
3020844,132.82484438001958
3020845,199.7505395793146
3020846,1.140230306763891
3020847,5.823628447313311
3020848,94.90871176194749
3020849,32.14931636179529
3020850,324.10303356036053
3020851,13.533146233298764
3020852,7.182208062724404
3020853,9.585115955590531
3020854,0.21372630063737344
3020855,11.723414054896278
3020856,288.28768391426456
3020857,0.21372630063737344
3020858,232.4164301226582
3020859,12.95395321975079
3020860,248.69138520888228
3020861,272.2444509387558
3020862,242.83046467059472
3020863,218.02157416603598
3020864,129.67335847210023
3020865,313.387310020375
3020866,45.831008987948074
3020867,2.616585572112474
3020868,24.195969907407054
3020869,38.46896012732996
3020870,0.24662455963390784
3020871,286.0268650545822
3020872,30.853435120943523
3020873,22.88180694101272
3020874,4.925829381721354
3020875,79.09422397544532
3020876,13.13413746752938
3020877,330.6065637580032
3020878,301.1329926410037
3020879,10.788248360066207
3020880,12.593359680041308
3020881,341.4459710776351
3020882,119.05031082390558
3020883,1.5991261529965388
3020884,0.0
3020885,45.999242430978605
3020886,10.773230176080778
3020887,0.21372630063737344
3020888,10.393769257613512
3020889,252.27503702474823
3020890,0.21372630063737344
3020891,355.9177958741508
3020892,9.64452343864912
3020893,252.4791984956549
3020894,296.30708381715385
3020895,349.4323472441757
3020896,160.9750445438222
3020897,111.11662436480748
3020898,303.51286251532497
3020899,21.36922518007751
3020900,0.5569034307650106
3020901,30.75759907627081
3020902,27.51995039718974
3020903,0.24662455963390784
3020904,323.95642889594154
3020905,3.5171181226661306
3020906,7.582589500484125
3020907,9.291503290280817
3020908,63.39202241732882
3020909,2.7934425789736363
3020910,302.9198099159787
3020911,318.7018745756484
3020912,5.059777104805004
3020913,8.044276956299246
3020914,310.73291876526196
3020915,112.21928324014513
3020916,137.6593868960121
3020917,127.72568568800261
3020918,21.358956106361127
3020919,16.80423979609679
3020920,0.6601958888692159
3020921,9.279120841939202
3020922,262.9457610072308
3020923,0.21372630063737344
3020924,351.38186555675253
3020925,7.594546421199832
3020926,263.1499224781375
3020927,360.51745165248263
3020928,323.9647705507212
3020929,291.48750707935284
3020930,81.78158844312144
3020931,290.7902754083437
3020932,24.65875077999824
3020933,0.8471344584904378
3020934,46.07253466081633
3020935,45.949762469438895
3020936,0.2716586137809073
3020937,310.00509786723853
3020938,6.5204784131853115
3020939,4.097330431393638
3020940,16.425941316092786
3020941,61.75509689528001
3020942,2.5795228912235277
3020943,176.26473319960704
3020944,310.4851370006363
3020945,3.7050685121226894
3020946,7.768958993545207
3020947,244.82504921162501
3020948,195.91015649729593
3020949,135.3176512329303
3020950,0.8042687495524653
3020951,9.046534585758847
3020952,5.558825730781402
3020953,0.48206370060668263
3020954,7.201521226340649
3020955,252.30178109256283
3020956,0.21372630063737344
3020957,157.02804087731974
3020958,8.670746070753017
3020959,363.47959199618066
3020960,319.699455333674
3020961,155.3224447001531
3020962,52.41518370445807
3020963,59.22445647301012
3020964,269.477248279298
3020965,11.955341793702463
3020966,1.7285419228178391
3020967,29.14559936507809
3020968,23.299220362942968
3020969,0.24662455963390784
3020970,214.53670492310394
3020971,0.44968055681906005
3020972,0.0
3020973,5.710786903054253
3020974,69.85242592637596
3020975,3.7050685121226894
3020976,124.93004990090697
3020977,190.86105489226307
3020978,2.037836376099593
3020979,7.974425850454606
3020980,162.106925697774
3020981,31.684717208245164
3020982,335.34742560633515
3020983,15.010836959930053
3020984,2.9126441383885098
3020985,2.6607383910590428
3020986,0.21372630063737344
3020987,6.53876419635754
3020988,246.7010016456194
3020989,0.3258252919435617
3020990,286.2028264950147
3020991,10.370153249406846
3020992,249.201524956907
3020993,323.3782657796098
3020994,126.5630430001657
3020995,56.639514869501475
3020996,73.7123606954043
3020997,280.30546484837527
3020998,25.0364737143769
3020999,0.5047427309997855
3021000,11.890032019388185
3021001,16.199551567821644
3021002,0.49205807558360315
3021003,146.00988318095955
3021004,16.166141703537562
3021005,3.662069969068272
3021006,5.531349018265198
3021007,45.97570344761908
3021008,5.505319462730595
3021009,307.0911476297114
3021010,178.63038187829343
3021011,4.383346837620133
3021012,7.284348283275459
3021013,293.3103692691901
3021014,38.58008019149557
3021015,4.34447435523195
3021016,0.0
3021017,7.794140293299463
3021018,2.06897229779689
3021019,0.11432621878823855
3021020,8.22856260411815
3021021,261.30217507288876
3021022,0.07507088061888575
3021023,272.74352252085
3021024,16.619733564808612
3021025,225.3853513790285
3021026,223.73356652382176
3021027,278.24341949172987
3021028,239.92733253397884
3021029,157.56545386647167
3021030,275.61803326008965
3021031,47.9740400122209
3021032,0.31715243892547573
3021033,24.316427406444582
3021034,35.24584037001031
3021035,0.10796913961542019
3021036,259.24505603528587
3021037,14.562738624763629
3021038,36.57291736344712
3021039,12.36333775759999
3021040,62.78594335400016
3021041,14.825190166536858
3021042,321.94691090212734
3021043,298.1085009206122
3021044,19.21261134360875
3021045,9.482200254043375
3021046,310.01589522749896
3021047,122.72716619554859
3021048,1.6392533044175828
3021049,0.0
3021050,25.095534697460934
3021051,3.7379092323001037
3021052,0.0
3021053,6.053292989555122
3021054,255.75021046620995
3021055,0.0
3021056,305.8918358377194
3021057,9.80229515997197
3021058,331.9446841084553
3021059,319.5026070534479
3021060,155.4908583795143
3021061,136.0761616426243
3021062,114.03346402565194
3021063,244.65999587543874
3021064,28.52320904460194
3021065,1.508759538130589
3021066,18.799352191595002
3021067,20.840435695650932
3021068,0.0
3021069,111.20240868984334
3021070,0.0
3021071,23.860947899691297
3021072,7.903349901777359
3021073,138.4565159143238
3021074,12.51325311793089
3021075,183.2906820846958
3021076,126.1667516068114
3021077,6.576312969586572
3021078,10.205052882565617
3021079,183.89164093233254
3021080,43.87317109504237
3021081,0.0
3021082,1.0295868348666517
3021083,9.17214007360541
3021084,5.677764935682912
3021085,0.2982762133806413
3021086,1.227151955402674
3021087,294.091690493938
3021088,0.2982762133806413
3021089,287.0168929858412
3021090,5.709512345770406
3021091,304.9473848341751
3021092,295.9934989460859
3021093,121.76485531256384
3021094,46.46828760046258
3021095,46.291072102017544
3021096,267.94529901710064
3021097,17.830997113507724
3021098,0.6912395335616782
3021099,15.868196532540908
3021100,10.573003758218446
3021101,0.5150309286356755
3021102,124.90980101062777
3021103,0.3361859832644131
3021104,9.207236570444332
3021105,1.4553081398056007
3021106,24.709925520632748
3021107,0.3361859832644131
3021108,271.6014579122131
3021109,184.74132558416608
3021110,2.5756948397557577
3021111,2.2957454568652715
3021112,187.36147661506746
3021113,30.65022508091538
3021114,344.5679042232841
3021115,0.9995514822984588
3021116,3.4316761342802207
3021117,10.353441412233332
3021118,1.156715506774434
3021119,6.335605170143696
3021120,262.8013360859115
3021121,0.33753155154999404
3021122,228.01509788818828
3021123,20.02356048616483
3021124,188.66222163055969
3021125,209.96523656220452
3021126,313.29621464889436
3021127,302.498842201755
3021128,162.5464685066903
3021129,311.8137453421793
3021130,44.21140593206903
3021131,3.3278176423034287
3021132,23.362065365027163
3021133,41.169359010499015
3021134,0.7681930123221737
3021135,298.81072828613355
3021136,11.246036052512796
3021137,51.08171663336969
3021138,12.264073739633377
3021139,117.70938416983198
3021140,4.45748820746586
3021141,309.8424108984371
3021142,325.8493003278871
3021143,13.336211734999363
3021144,13.208311840239459
3021145,335.99011341952354
3021146,116.43535923849103
3021147,8.009073868038909
3021148,1.6194238350820838
3021149,24.22827651253601
3021150,8.379169214619303
3021151,0.2982762133806413
3021152,8.221273874952871
3021153,181.3713122850615
3021154,0.2982762133806413
3021155,375.9895191494553
3021156,16.337071488798003
3021157,258.1422909023558
3021158,260.88619800307873
3021159,335.4905232237767
3021160,273.6281130862603
3021161,91.03623393325675
3021162,319.482841080031
3021163,29.11681020518856
3021164,1.7382811338680686
3021165,41.844574598990846
3021166,29.671285211363934
3021167,1.851919040878563
3021168,306.1065392737479
3021169,0.33117447237717573
3021170,6.692923395887875
3021171,7.505861575216171
3021172,55.86664161026482
3021173,1.0107405738435
3021174,265.024627103743
3021175,320.42213270956586
3021176,5.833886732357174
3021177,6.489721992393087
3021178,281.81203474344574
3021179,108.93030952888851
3021180,117.82679316744795
3021181,3.075803268258005
3021182,7.6146867624923775
3021183,7.633911542115477
3021184,0.6620456176581048
3021185,4.9048390307293355
3021186,250.78380881693164
3021187,0.2982762133806413
3021188,378.56965964568246
3021189,14.246063688218785
3021190,250.98797028783832
3021191,314.1509919115777
3021192,288.58041087035616
3021193,287.1209287220959
3021194,108.14091104010114
3021195,307.7176700632779
3021196,30.76183343320525
3021197,1.9276917157191507
3021198,32.90726375806545
3021199,33.49751907610708
3021200,0.33117447237717573
3021201,304.4693081955239
3021202,0.33117447237717573
3021203,8.426441349449442
3021204,7.321159218487014
3021205,68.83972393702942
3021206,1.9019776933166608
3021207,154.12890624070482
3021208,292.86193220154934
3021209,5.833886732357174
3021210,6.518132046413577
3021211,270.9021207956672
3021212,90.84567673070508
3021213,135.12594628111847
3021214,2.376752413472157
3021215,10.094054530056399
3021216,13.266700535740238
3021217,1.5812807148481323
3021218,24.72904910730028
3021219,281.02065628484036
3021220,0.21372630063737344
3021221,204.85145165367277
3021222,36.75808963322545
3021223,257.86373990715737
3021224,226.3481922333204
3021225,333.2017899194058
3021226,354.6277915450167
3021227,324.9050644226286
3021228,314.92474344020974
3021229,90.29684727981481
3021230,3.3987170821497537
3021231,65.98528589745854
3021232,68.67354834370221
3021233,0.24662455963390784
3021234,347.6321931173969
3021235,55.032958698817566
3021236,61.167088807452515
3021237,33.17437457079641
3021238,247.91935206844994
3021239,35.18375997896574
3021240,0.0
3021241,350.49436314475145
3021242,26.25415275630181
3021243,33.305733296001826
3021244,129.46993337822676
3021245,275.2144833792684
3021246,14.85205794389258
3021247,0.6819330262400051
3021248,107.49065432022739
3021249,3.864785654963309
3021250,0.9770127667864893
3021251,0.8682318545203147
3021252,228.22551302235922
3021253,0.18527107530561684
3021254,239.29183206088283
3021255,6.368622511783825
3021256,325.7389244510317
3021257,293.23127362741286
3021258,123.53752019054347
3021259,182.5760534328356
3021260,53.76795352578492
3021261,196.7940933799173
3021262,12.252334800279371
3021263,0.4020257905606507
3021264,15.532051712035473
3021265,9.681275711622726
3021266,0.22318084518938872
3021267,155.5863855880459
3021268,2.185737921596491
3021269,0.0
3021270,3.2697100034472375
3021271,49.70258629062793
3021272,1.0971337180346752
3021273,66.84561676597957
3021274,113.22542848718902
3021275,1.4704472361089787
3021276,3.6388556422065625
3021277,126.55600583625888
3021278,26.790442298061688
3021279,245.55759546186405
3021280,0.0
3021281,4.554815137188317
3021282,10.197095923560676
3021283,0.43182658417798825
3021284,3.3659372863023966
3021285,262.0710114168738
3021286,0.21372630063737344
3021287,358.8068274787984
3021288,10.053909732342337
3021289,262.84840035258884
3021290,193.54633943589113
3021291,284.49420494630624
3021292,310.9883098423863
3021293,81.99978186967033
3021294,319.64035413361506
3021295,18.594142462265022
3021296,0.71418258376806
3021297,32.59989090424026
3021298,28.208019371966408
3021299,0.24662455963390784
3021300,305.187385182691
3021301,1.8341258767702622
3021302,8.112155934256355
3021303,12.192858417540029
3021304,24.350245406934082
3021305,1.8279310226167158
3021306,323.53472501839383
3021307,303.4193948187172
3021308,4.977076920850625
3021309,10.800198187425032
3021310,152.79152593741372
3021311,101.32098739285868
3021312,137.20037218386852
3021313,2.5141261403101143
3021314,7.289025779103602
3021315,2.3337940887404596
3021316,0.18527107530561684
3021317,0.8776207350943757
3021318,312.49361578548064
3021319,0.18527107530561684
3021320,183.76655992848606
3021321,4.6514781868176245
3021322,336.77168608565023
3021323,226.1127503165868
3021324,114.47222511988392
3021325,178.84048485947412
3021326,22.566486737475923
3021327,270.1821009066734
3021328,3.0316694374293602
3021329,0.4020257905606507
3021330,11.560937517144776
3021331,5.792779100845055
3021332,0.22318084518938872
3021333,110.66727898727457
3021334,0.21816933430215127
3021335,0.0
3021336,0.6857273584363034
3021337,15.445343474954793
3021338,0.4020257905606507
3021339,86.66388054099019
3021340,104.13994636830363
3021341,0.5476949112974993
3021342,0.8713712324629468
3021343,70.51543452140774
3021344,11.98554830632172
3021345,249.90771716782157
3021346,0.0
3021347,1.3860215901789688
3021348,8.740597176597657
3021349,0.21372630063737344
3021350,3.541460157823823
3021351,242.6529676246332
3021352,0.21372630063737344
3021353,308.88084570225186
3021354,15.3812249611249
3021355,257.94086462621
3021356,325.27596147989294
3021357,212.4951405480193
3021358,164.95866785713184
3021359,59.141102207218196
3021360,273.62241843214997
3021361,8.44245974315487
3021362,0.989991736112558
3021363,37.32756127240584
3021364,26.102657357052355
3021365,0.44968055681906005
3021366,292.9562461489589
3021367,0.24662455963390784
3021368,0.0
3021369,15.579456648357942
3021370,38.132141828725146
3021371,1.4481021364141105
3021372,293.7613158212351
3021373,300.66379481745264
3021374,2.553808868821038
3021375,4.435507537385357
3021376,278.934100350228
3021377,32.495328571058515
3021378,108.27642511968878
3021379,0.0
3021380,1.1607123850340686
3021381,3.2710555717328185
3021382,0.48416253380338425
3021383,2.335439651613232
3021384,252.44609259885138
3021385,0.18527107530561684
3021386,256.5669261388019
3021387,10.285018560343376
3021388,230.73580623400088
3021389,194.11702268233978
3021390,241.85524632418387
3021391,151.2633754383321
3021392,81.79534689627172
3021393,284.130383784937
3021394,13.973304888409352
3021395,4.686696944639942
3021396,33.54552874903931
3021397,44.17951395414919
3021398,0.21816933430215127
3021399,224.6724818292191
3021400,2.613060847888864
3021401,4.804659936739506
3021402,3.467671085562697
3021403,32.907415133083276
3021404,2.144164382548076
3021405,175.62204183684818
3021406,300.13667737403824
3021407,3.863440086677728
3021408,7.602177948052923
3021409,141.53459323508088
3021410,31.125715314167472
3021411,161.69178112779505
3021412,4.926360786366589
3021413,3.768122605334003
3021414,3.412412527366887
3021415,0.18527107530561684
3021416,0.5187067583469843
3021417,151.58669857717445
3021418,0.18527107530561684
3021419,158.2630195135201
3021420,3.010872421524861
3021421,342.6371745090056
3021422,222.35213049616425
3021423,104.85755593088194
3021424,200.40428855487204
3021425,54.227587269512746
3021426,259.4807579097091
3021427,17.23370758736255
3021428,0.9190469859999588
3021429,11.076572477618353
3021430,19.50560780181401
3021431,0.22318084518938872
3021432,116.70861520099747
3021433,0.21816933430215127
3021434,0.0
3021435,0.2432033884491508
3021436,58.19911924097503
3021437,0.6639452297201216
3021438,232.2113740004015
3021439,113.34463958131079
3021440,1.0404812249090916
3021441,1.5336282518144144
3021442,66.1093681278461
3021443,24.3763927004532
3021444,318.37527192843805
3021445,0.0
3021446,1.9297316800708455
3021447,5.179720728697594
3021448,0.18527107530561684
3021449,1.6762132638676996
3021450,147.99811899811473
3021451,0.18527107530561684
3021452,347.4629149224559
3021453,10.687788855929908
3021454,179.00853313506607
3021455,305.0695582562286
3021456,251.91411207584602
3021457,156.26285198551417
3021458,87.83710657621967
3021459,310.3483637758222
3021460,13.622683941075662
3021461,0.4020257905606507
3021462,32.19381629320814
3021463,16.999022706071273
3021464,0.29602449832622424
3021465,273.5985741217854
3021466,0.21816933430215127
3021467,31.271254324390185
3021468,4.680672102721196
3021469,65.91203931285627
3021470,1.0950987889047508
3021471,238.58490951080302
3021472,278.90161725657174
3021473,3.519020657808493
3021474,4.650132618532042
3021475,132.2815251527148
3021476,49.78987569133267
3021477,115.85456468600853
3021478,1.094240987858787
3021479,2.3132052096482894
3021480,4.457250898858162
3021481,0.0
3021482,12.086756209447964
3021483,201.89043299640787
3021484,0.0
3021485,301.21920617486217
3021486,5.9623214019057285
3021487,249.865663687398
3021488,176.32504566189309
3021489,131.1716914174207
3021490,101.69659437552598
3021491,98.79214748478078
3021492,265.10198483366037
3021493,50.98467778012084
3021494,0.9203906691942331
3021495,25.632692333705414
3021496,30.398378859372
3021497,0.635843350208184
3021498,232.5883130497502
3021499,25.62372239833138
3021500,19.310501006411126
3021501,1.8582718496049269
3021502,75.662509949805
3021503,10.746736598611502
3021504,201.11864885519046
3021505,264.4897540975601
3021506,14.71413876129365
3021507,14.27998324277648
3021508,212.73391612580053
3021509,64.149970902793
3021510,0.0
3021511,0.0
3021512,11.147555460248487
3021513,8.972120006935068
3021514,0.18527107530561684
3021515,11.904908799915583
3021516,198.3587058550848
3021517,0.18527107530561684
3021518,347.39390402469695
3021519,14.010323742829403
3021520,223.60144322827304
3021521,224.586657856424
3021522,154.9208373757508
3021523,117.32859074277927
3021524,111.72962553883778
3021525,283.59873184547155
3021526,33.541152699373896
3021527,1.2269249435608458
3021528,50.91003623741719
3021529,82.67595427741617
3021530,0.21816933430215127
3021531,302.23625758915006
3021532,30.615814426252886
3021533,19.24652684992121
3021534,12.495493831327098
3021535,108.85866356515565
3021536,14.972092405008128
3021537,181.76590691430636
3021538,334.6036216906737
3021539,8.539489898340396
3021540,14.250998747143441
3021541,155.63777407674118
3021542,91.18651925431166
3021543,3.7071419806238475
3021544,7.932653333740336
3021545,21.28754912046341
3021546,9.498289575048407
3021547,0.13991849513919866
3021548,7.000739392737013
3021549,243.55747320976124
3021550,0.08064061371008366
3021551,284.3275573361133
3021552,4.481360183871564
3021553,252.71773622650832
3021554,316.59346353041263
3021555,210.7386511744472
3021556,292.8696614607135
3021557,72.55900146125974
3021558,308.73597510174193
3021559,46.51014458085882
3021560,3.050810897278021
3021561,24.421832003539972
3021562,21.36988727864122
3021563,0.11353887270661812
3021564,321.5740136466251
3021565,5.953561073589872
3021566,13.9194680905082
3021567,10.082222183993098
3021568,52.457306428424374
3021569,4.7654466866053635
3021570,167.98954352940683
3021571,320.90510274103974
3021572,7.752068085384027
3021573,11.017518938528367
3021574,258.53431234149315
3021575,55.98208952463362
3021576,116.59037089529551
3021577,9.657971192863675
3021578,16.910812701896376
3021579,4.174162836640217
3021580,1.4007694538545394
3021581,10.240212324424338
3021582,284.74858029783843
3021583,0.21372630063737344
3021584,342.8485536118554
3021585,9.061819169467839
3021586,241.50663986953717
3021587,238.3854575814889
3021588,240.23652162956276
3021589,188.03222890377722
3021590,121.13170238575181
3021591,310.0755647991369
3021592,32.895839419185954
3021593,3.2790531053520984
3021594,24.360596842989235
3021595,15.863412449020453
3021596,0.2516360705211451
3021597,271.04620715835836
3021598,23.325301399950153
3021599,25.865836495949015
3021600,3.043241402337984
3021601,82.07117858744331
3021602,9.60261812250981
3021603,324.40842892929334
3021604,303.2000238650844
3021605,7.758507297598745
3021606,11.173050893704593
3021607,333.18931079484054
3021608,66.78923815982596
3021609,7.4225266762486095
3021610,0.0
3021611,34.14837649295249
3021612,3.4068699478093123
3021613,0.11989595187943648
3021614,3.763216152734614
3021615,212.95528552164498
3021616,0.08064061371008366
3021617,357.09398175327084
3021618,10.655590472912401
3021619,221.22180206517012
3021620,283.73555783800555
3021621,287.07069901798343
3021622,236.49863209020256
3021623,67.69340518734221
3021624,262.96010236660425
3021625,15.556382510877338
3021626,3.4680869906850815
3021627,37.98480745774729
3021628,28.920435160099718
3021629,0.3165948698917703
3021630,334.49732849160847
3021631,0.11353887270661812
3021632,0.0
3021633,9.517940676390078
3021634,41.805414313072454
3021635,1.8373807876705825
3021636,153.23847615182586
3021637,314.76131291707503
3021638,2.7177050477469145
3021639,11.880464110629179
3021640,183.98410078133352
3021641,61.163597862318724
3021642,108.14333943276148
3021643,0.0
3021644,8.583807084742547
3021645,9.433474030955406
3021646,0.19988084450241547
3021647,12.678196490239339
3021648,210.07286178845072
3021649,0.19988084450241547
3021650,357.12641099516105
3021651,12.855381609787766
3021652,250.70848501400005
3021653,271.3478458093966
3021654,272.7796538545614
3021655,185.9703419345463
3021656,151.54357620184268
3021657,283.78545423301415
3021658,60.249157985330356
3021659,1.5677571892601565
3021660,34.88124509377729
3021661,45.12929672299031
3021662,0.23277910349894995
3021663,302.7003368916286
3021664,30.932925551779174
3021665,24.0525881306034
3021666,8.690938176505973
3021667,88.53423369660777
3021668,16.33249490716479
3021669,270.13869192424534
3021670,308.54765006273317
3021671,15.891163327607503
3021672,9.432128462669828
3021673,242.88910429456288
3021674,87.1956723684934
3021675,3.797694087474034
3021676,0.5812746283100573
3021677,7.570076648729881
3021678,5.291383731861184
3021679,0.19988084450241547
3021680,8.544780589681109
3021681,253.5636150606692
3021682,0.19988084450241547
3021683,352.5807513451532
3021684,8.89392331213085
3021685,240.80902623686015
3021686,209.47235719684406
3021687,185.80641535675502
3021688,148.128781731349
3021689,117.29537993635381
3021690,264.1127180144799
3021691,37.2117248372109
3021692,0.8146461564338624
3021693,28.899177583350475
3021694,28.286655376530415
3021695,0.23277910349894995
3021696,257.3523532572815
3021697,19.14205857505872
3021698,38.94179664241522
3021699,3.571284579190032
3021700,64.11997131600076
3021701,11.795707976212416
3021702,240.00074592143682
3021703,261.79306149530487
3021704,10.534687688035213
3021705,10.220102083349246
3021706,230.59650011757785
3021707,57.9402494177069
3021708,97.7555396896498
3021709,0.005798783600526344
3021710,19.274447836990653
3021711,7.648484069754844
3021712,0.2302316287219551
3021713,8.307798116523328
3021714,130.67466809454194
3021715,0.2302316287219551
3021716,115.16964593054787
3021717,19.396475252413282
3021718,127.16355057785559
3021719,174.85168223448377
3021720,304.13878971007165
3021721,270.30519593129173
3021722,69.90693089383967
3021723,155.2218587342651
3021724,17.545060933311653
3021725,0.26814139860572683
3021726,21.556662137775913
3021727,28.29535441594304
3021728,0.26312988771848944
3021729,292.7509993817935
3021730,0.26312988771848944
3021731,12.529146787035222
3021732,2.245378442556058
3021733,83.240484156571
3021734,5.419225265750596
3021735,253.14184416849704
3021736,309.6981022138387
3021737,4.101363088717888
3021738,2.6629253356510505
3021739,280.59915809011557
3021740,142.0616594642438
3021741,82.47959762442954
3021742,2.8096648073873296
3021743,1.9482455561244485
3021744,21.657557793803825
3021745,0.21372630063737344
3021746,25.518171573825118
3021747,267.44999204406855
3021748,0.21372630063737344
3021749,187.95227565342924
3021750,27.158040603499263
3021751,257.2102476359126
3021752,216.10912651870197
3021753,349.53174831226255
3021754,336.38555255343516
3021755,338.66116672819226
3021756,308.9390111366508
3021757,92.37103809394254
3021758,4.9637500792653215
3021759,149.41015783102688
3021760,144.2338350541409
3021761,0.44968055681906005
3021762,340.4886696130503
3021763,43.798211571413475
3021764,30.832680809414136
3021765,64.05423627315258
3021766,283.22284781857223
3021767,35.01317615782779
3021768,0.0
3021769,345.3484800687216
3021770,53.741880343601515
3021771,50.69328339460212
3021772,87.5126581760085
3021773,324.59771316030185
3021774,23.861989021060243
3021775,243.79993226866054
3021776,124.50115645186187
3021777,20.59023813995497
3021778,0.21372630063737344
3021779,24.842346273037148
3021780,267.44999204406855
3021781,0.21372630063737344
3021782,103.36946083286142
3021783,28.466144614818685
3021784,184.18602208947755
3021785,167.97298143975905
3021786,350.9163393270841
3021787,323.95125141104234
3021788,330.4136148953463
3021789,308.9390111366508
3021790,134.61860346277948
3021791,2.449526198051462
3021792,80.13109523004142
3021793,94.37635537388535
3021794,1.5577255698269443
3021795,347.44478261185446
3021796,58.156700311310985
3021797,47.84625634332606
3021798,12.485127950728694
3021799,253.37959995595062
3021800,27.291872577326888
3021801,31.332449748997945
3021802,274.6796461822355
3021803,30.886418634258693
3021804,43.021241035186385
3021805,142.30510749944784
3021806,316.7937164720901
3021807,30.54552814081082
3021808,200.67974366436414
3021809,126.28946064681917
3021810,17.55865753082455
3021811,0.21372630063737344
3021812,34.17330093195326
3021813,267.44235851102644
3021814,0.25298163880672603
3021815,224.59831011869147
3021816,16.1026244619343
3021817,257.2102476359126
3021818,237.0389831675635
3021819,287.00104624620934
3021820,255.22955863123246
3021821,317.19033688910304
3021822,308.9390111366508
3021823,61.00636562391489
3021824,4.595362794941257
3021825,60.83159691937307
3021826,39.87487312231778
3021827,0.9714515983655512
3021828,359.5537282886305
3021829,55.76183786200539
3021830,31.21210013612255
3021831,18.796128590769847
3021832,134.02143222034465
3021833,13.897417650889736
3021834,207.13138292185744
3021835,257.9539746826459
3021836,34.94403890909257
3021837,67.3011238038802
3021838,228.45528610324408
3021839,152.03433757550434
3021840,10.795084473604433
3021841,242.40438091490583
3021842,73.00416394585577
3021843,23.780759266393193
3021844,0.21372630063737344
3021845,32.37564157876602
3021846,263.41335142951937
3021847,0.21372630063737344
3021848,212.86541715209242
3021849,23.56774202458573
3021850,237.92430263335487
3021851,218.07221885745494
3021852,362.12883440681253
3021853,357.84810047201063
3021854,323.91707679760054
3021855,283.6271870708033
3021856,62.000936163921125
3021857,2.7343795152877957
3021858,87.74276389380194
3021859,107.9941554776791
3021860,2.460546513991673
3021861,329.18673557972164
3021862,52.34839885515524
3021863,35.03678641452254
3021864,28.767642802967856
3021865,266.53944516294297
3021866,20.6585724082147
3021867,0.0
3021868,269.32939470817496
3021869,33.48871917767491
3021870,42.93441700635929
3021871,247.17956369585661
3021872,277.7414884215577
3021873,16.6598753932695
3021874,176.53978841686404
3021875,83.41256278540328
3021876,19.018754237539696
3021877,0.21372630063737344
3021878,36.326789142011464
3021879,271.1702825240245
3021880,0.21372630063737344
3021881,245.6014671465754
3021882,20.289140622156744
3021883,257.2102476359126
3021884,216.91697154828884
3021885,366.7749367940912
3021886,228.9446315242267
3021887,288.8892190773546
3021888,308.6969481703234
3021889,63.26507699719153
3021890,0.4217072113591721
3021891,46.62541608502435
3021892,58.61840518083464
3021893,0.5277085035935988
3021894,351.5160189421776
3021895,43.74206353826838
3021896,21.370407205677385
3021897,19.01960072276758
3021898,142.88628618383103
3021899,10.358957536250808
3021900,233.93234715381627
3021901,361.4797712323883
3021902,26.474336491716645
3021903,39.537812707006836
3021904,148.03946008024096
3021905,130.2273534460725
3021906,3.16103329114704
3021907,165.8373619501989
3021908,33.130578571771906
3021909,15.503063351270795
3021910,0.21372630063737344
3021911,19.398993171379608
3021912,263.41335142951937
3021913,0.21372630063737344
3021914,209.96485966138212
3021915,31.764990673527155
3021916,257.2102476359126
3021917,216.10912651870197
3021918,354.86112378604406
3021919,354.2646364731657
3021920,333.55806657587846
3021921,308.6969481703234
3021922,80.65176454652182
3021923,3.095672901791144
3021924,75.75754113703523
3021925,67.9571160018809
3021926,0.8137069446479029
3021927,352.6597514606101
3021928,27.217369351147035
3021929,33.60149978625769
3021930,20.467016778962854
3021931,276.30233506957296
3021932,26.87100396152504
3021933,144.59412276925727
3021934,357.24413603264895
3021935,23.747527314521808
3021936,41.455999626800576
3021937,74.65341571336933
3021938,269.88973361643383
3021939,20.267413225419325
3021940,370.5036004542479
3021941,85.64553760926229
3021942,7.980194094285534
3021943,0.6124543485801245
3021944,10.350674926402423
3021945,180.23246930686844
3021946,0.21372630063737344
3021947,346.6158972548505
3021948,27.438896388602533
3021949,233.7077450192394
3021950,286.00157869907025
3021951,253.17697413769457
3021952,96.96197552483515
3021953,95.23859433166115
3021954,281.083075749953
3021955,49.85479471547109
3021956,1.8110543220476638
3021957,34.30723505830245
3021958,28.573013912262372
3021959,0.24662455963390784
3021960,256.209296058986
3021961,18.909523667964233
3021962,9.845211084156755
3021963,15.497087805653894
3021964,70.17621032811383
3021965,9.433880049714809
3021966,269.713974157195
3021967,296.35005929061714
3021968,3.591774229919365
3021969,7.794006803239383
3021970,244.8405613544406
3021971,67.62797025020703
3021972,0.8184860994471612
3021973,0.26123893713774216
3021974,12.309675007280687
3021975,13.691745895345822
3021976,0.21372630063737344
3021977,19.466231493302047
3021978,256.67224064424414
3021979,0.21372630063737344
3021980,235.81234392203237
3021981,44.51176226393015
3021982,223.80216386546118
3021983,230.414893199233
3021984,345.4022935469298
3021985,155.945702820237
3021986,172.4138832739613
3021987,276.98576985608605
3021988,97.9507623111139
3021989,2.43569694647462
3021990,71.07264852297999
3021991,44.582491991805675
3021992,0.2516360705211451
3021993,328.2956395509948
3021994,30.048791048364674
3021995,11.019742906625574
3021996,5.602372696697385
3021997,120.9897753998412
3021998,13.078955809143757
3021999,325.0571532473334
3022000,349.0044722185048
3022001,16.245888036390124
3022002,30.461923034517756
3022003,336.4273645265861
3022004,87.43579308988619
3022005,6.923394793258558
3022006,295.8915494737168
3022007,21.174655705110926
3022008,7.99592675383824
3022009,0.17008849374737464
3022010,10.636272945355543
3022011,266.6770955261533
3022012,0.17008849374737464
3022013,189.39791048187402
3022014,10.91853253388012
3022015,217.8663333140477
3022016,225.79665048748964
3022017,308.511105678005
3022018,333.51396091220283
3022019,301.82256500686
3022020,307.2638599706707
3022021,54.92878822840373
3022022,2.128981800989834
3022023,40.64499281359793
3022024,57.245777228184394
3022025,0.6705447768780612
3022026,320.97548994947863
3022027,4.916358017799675
3022028,50.80881878257977
3022029,5.163192578853769
3022030,191.24046199164786
3022031,11.819281501552995
3022032,180.9941816960502
3022033,321.9810196997889
3022034,24.87314106495802
3022035,14.280127375335713
3022036,59.36163631296364
3022037,133.78650412161744
3022038,27.567329092643792
3022039,5.008231438775136
3022040,59.300667314016856
3022041,16.112379614317128
3022042,0.21372630063737344
3022043,14.20331366905632
3022044,265.6051492793224
3022045,0.21372630063737344
3022046,220.68963000420484
3022047,13.68462126122423
3022048,235.70045624696613
3022049,233.47078696976524
3022050,336.71875687447005
3022051,276.511579292382
3022052,320.30587833727594
3022053,308.6969481703234
3022054,68.80681438157744
3022055,4.595362794941257
3022056,69.80998095267226
3022057,70.90355149475131
3022058,0.5277085035935988
3022059,342.3976513975443
3022060,11.103199787859953
3022061,54.29937800638894
3022062,12.830641346166992
3022063,280.69265765182723
3022064,12.71884078674728
3022065,341.41029870916765
3022066,323.69043311577605
3022067,17.813698518109508
3022068,32.85653645699067
3022069,346.3694457165974
3022070,148.55437551748756
3022071,127.98486724459184
3022072,7.730088306636717
3022073,12.67422307835215
3022074,13.26662783545701
3022075,0.21372630063737344
3022076,7.769166904206363
3022077,127.69885574038294
3022078,0.21372630063737344
3022079,351.2230373990398
3022080,12.478192141301781
3022081,166.57133522086835
3022082,283.79608422632197
3022083,267.25494533794426
3022084,134.38160791211993
3022085,138.37662145650935
3022086,155.44339313375343
3022087,26.507675753578457
3022088,2.2489465067555057
3022089,38.18053787989408
3022090,30.886844538647125
3022091,0.24662455963390784
3022092,287.7891735607239
3022093,9.158533210818423
3022094,16.388018098053546
3022095,10.231057641490903
3022096,103.03798710661596
3022097,5.80448608618103
3022098,295.57239011899344
3022099,310.6431894412979
3022100,5.782187892404728
3022101,7.759279001490945
3022102,260.6861139971879
3022103,88.20157652660448
3022104,6.980234018518753
3022105,0.27569412954817574
3022106,4.670995800397316
3022107,8.618585370987793
3022108,0.21372630063737344
3022109,2.404925915500696
3022110,218.33961934359786
3022111,0.21372630063737344
3022112,323.9500812090951
3022113,6.464273845694955
3022114,219.1292334551757
3022115,303.15701215734765
3022116,310.7572177274377
3022117,104.36062408104708
3022118,38.497653850929524
3022119,263.55016601653983
3022120,18.20090703148961
3022121,1.5846842979259674
3022122,28.260597502594173
3022123,11.603767520022847
3022124,0.24662455963390784
3022125,296.76645727067665
3022126,0.24662455963390784
3022127,0.0
3022128,6.130615238577354
3022129,32.45328101793209
3022130,1.3764222683999414
3022131,67.15874595897381
3022132,258.8557844852734
3022133,0.24662455963390784
3022134,3.3100244781951282
3022135,80.22913854212416
3022136,123.77417215958145
3022137,253.5601248782226
3022138,0.0
3022139,3.763075408903963
3022140,9.433999701754885
3022141,0.21372630063737344
3022142,11.369060580994777
3022143,288.28768391426456
3022144,0.21372630063737344
3022145,248.4190768795808
3022146,15.45407768442016
3022147,242.19813159049335
3022148,252.2447911608061
3022149,315.6918217386
3022150,239.99137661020865
3022151,198.2793463893308
3022152,314.92474344020974
3022153,44.32189089638378
3022154,1.6616348283719051
3022155,38.991235722408845
3022156,75.86555185421246
3022157,0.24662455963390784
3022158,304.982728504954
3022159,33.875864136250584
3022160,22.863691778546173
3022161,16.932094210719363
3022162,95.18004514929271
3022163,8.654293137491202
3022164,337.45317945457117
3022165,329.14123099111004
3022166,11.31767250935006
3022167,21.709036265112903
3022168,344.91085831287967
3022169,123.90915739019185
3022170,15.686086875911263
3022171,0.0
3022172,47.486677603673
3022173,5.308727807400111
3022174,0.21372630063737344
3022175,9.767803296510143
3022176,284.74858029783843
3022177,0.27300418206648813
3022178,238.33420390679066
3022179,17.00551951627632
3022180,235.96836732045927
3022181,202.9564500778519
3022182,183.31144051273876
3022183,266.4913024944261
3022184,228.89254874429471
3022185,290.0630157825023
3022186,39.471295227004134
3022187,4.246967764306871
3022188,39.04939452688627
3022189,41.57973046790016
3022190,0.6214167050150565
3022191,267.9861397979458
3022192,16.40469167281913
3022193,41.52631421984978
3022194,13.290599833379858
3022195,175.81216468895715
3022196,14.310453873798934
3022197,317.7400770422237
3022198,259.9666963981841
3022199,11.311860303352193
3022200,15.354466714928549
3022201,123.22774709770701
3022202,130.61619346223048
3022203,16.814991939827408
3022204,0.05479113333829604
3022205,47.458091022734195
3022206,5.030583188901432
3022207,1.4518702660015739
3022208,18.148169287662334
3022209,281.57726908872183
3022210,0.21372630063737344
3022211,246.22177326398017
3022212,20.81125405564254
3022213,233.41452685064297
3022214,233.71286697804805
3022215,299.4167619005874
3022216,301.58205414912015
3022217,178.71526319211713
3022218,313.0392496046079
3022219,47.21555521910459
3022220,4.440506170876988
3022221,45.4654798770897
3022222,54.70202918106684
3022223,0.24662455963390784
3022224,311.92456924996725
3022225,35.0328603898467
3022226,38.259470569266696
3022227,27.502730109237632
3022228,115.31116266824944
3022229,24.017228949005275
3022230,331.5575173683398
3022231,317.67315453824915
3022232,24.38315054435875
3022233,23.473301503672374
3022234,114.77865723654153
3022235,170.55860856625367
3022236,3.686740847852856
3022237,3.7253367237453743
3022238,42.99172266919715
3022239,16.820092047683296
3022240,1.2051174687535438
3022241,13.474554526236705
3022242,264.7960423259104
3022243,0.21372630063737344
3022244,363.5164699327123
3022245,17.886498274835535
3022246,273.95630534265734
3022247,178.56684101895175
3022248,333.06400974977123
3022249,264.5956679612813
3022250,118.39073616691098
3022251,314.92474344020974
3022252,14.220576934749593
3022253,1.9058057447844308
3022254,56.38506127827763
3022255,64.14064331705224
3022256,0.24662455963390784
3022257,344.4212487249665
3022258,14.181424195151722
3022259,6.428967054506117
3022260,13.54507975778088
3022261,60.215003158862366
3022262,4.440506170876988
3022263,323.35834296061483
3022264,345.14657060057266
3022265,8.73925160831208
3022266,9.938032420311316
3022267,330.3478552418045
3022268,143.32363916073993
3022269,142.81302333480173
3022270,163.15191090933936
3022271,20.305628879128676
3022272,4.990754221151389
3022273,0.3737447758936738
3022274,7.061586118102286
3022275,225.27451285001382
3022276,0.3737447758936738
3022277,312.1195332035472
3022278,10.646611973278748
3022279,290.285365414339
3022280,350.9560390229622
3022281,139.6019425338693
3022282,127.51426638077704
3022283,118.50893003873438
3022284,256.9449929171318
3022285,15.611655473657324
3022286,1.833261760559351
3022287,20.71702497835309
3022288,24.292428258808748
3022289,0.4470649192210403
3022290,164.8760187513924
3022291,14.306640638188513
3022292,13.104054398699066
3022293,9.601117807702538
3022294,62.95035449599164
3022295,7.188014815386011
3022296,239.40516415927829
3022297,163.80723826510527
3022298,3.44988913466036
3022299,7.239381354172702
3022300,251.7444734344316
3022301,59.37627637848721
3022302,7.706543011917639
3022303,0.15462866084478552
3022304,27.99662925843454
3022305,0.5821530923313336
3022306,0.0
3022307,2.0216447960655204
3022308,317.4446209619362
3022309,0.0
3022310,106.4976665529761
3022311,2.4585827058096865
3022312,249.2634759724354
3022313,290.6318792399156
3022314,254.61783602177942
3022315,81.36784962780624
3022316,30.764567700453707
3022317,273.4055024810731
3022318,4.160669357369239
3022319,0.0
3022320,10.367805478020081
3022321,5.906191901513822
3022322,0.0
3022323,163.54592328934427
3022324,3.8901826843514664
3022325,0.0
3022326,0.7734995510752352
3022327,10.713727231735003
3022328,0.0
3022329,185.03575064484033
3022330,179.99929992292928
3022331,0.16967869205253075
3022332,3.050967220754599
3022333,121.90450143023801
3022334,26.325808900326198
3022335,238.76700954029633
3022336,15.221878295311754
3022337,1.7134326878736876
3022338,6.829350275773307
3022339,0.0
3022340,5.685683980989466
3022341,249.6825148877811
3022342,0.0
3022343,232.6843568882578
3022344,11.684060030336688
3022345,266.9759642952067
3022346,354.1186121355529
3022347,343.9514263624112
3022348,249.5015298586277
3022349,65.3080867945018
3022350,304.48647129224713
3022351,22.775705424295193
3022352,0.3195430614752841
3022353,19.67154612632372
3022354,22.835534755288606
3022355,0.0
3022356,343.9966569897669
3022357,5.608723506712008
3022358,1.248586533275381
3022359,8.087559051006371
3022360,26.845000674610787
3022361,1.2571863633060523
3022362,278.9025837537885
3022363,326.02195647875374
3022364,2.5540112399948662
3022365,15.087837437103275
3022366,266.89094330480776
3022367,70.88793482026374
3022368,146.2391797586345
3022369,39.45661674060474
3022370,9.182419950968773
3022371,5.5912983288596
3022372,0.0
3022373,0.9872700789508824
3022374,246.80223453833466
3022375,0.0
3022376,194.7021803334482
3022377,13.419287037525422
3022378,280.45394508592506
3022379,327.44501689114196
3022380,196.10306986922757
3022381,75.53227066925511
3022382,33.70715453897397
3022383,273.6851430930007
3022384,5.2375223096980354
3022385,0.0
3022386,11.1412283691006
3022387,18.129446610257467
3022388,0.0
3022389,172.61663555227216
3022390,6.030406813660211
3022391,0.0
3022392,8.6720880509523
3022393,22.102969804423008
3022394,0.8136653479496533
3022395,142.29720265876384
3022396,191.6604531925227
3022397,0.6593018021286503
3022398,6.154159360663546
3022399,138.8091666694861
3022400,27.963073428081294
3022401,316.6770803180083
3022402,4.551245780131907
3022403,2.5790051775646297
3022404,4.050950850610422
3022405,0.0
3022406,4.988282524199662
3022407,255.56727259673892
3022408,0.0
3022409,129.79847535324782
3022410,6.155504928949129
3022411,295.45578421234677
3022412,263.0399227218772
3022413,150.45838574555393
3022414,78.94087731439154
3022415,28.028662436618067
3022416,273.74923088650183
3022417,13.755438681497791
3022418,0.0
3022419,12.259227111695694
3022420,9.950550621000383
3022421,0.0
3022422,142.5848837074225
3022423,0.5937184386178536
3022424,0.0
3022425,2.846811027055594
3022426,25.463272727765293
3022427,1.2511129464088697
3022428,149.9657556520166
3022429,204.48325947871297
3022430,0.0
3022431,3.989701903956412
3022432,80.9367722358372
3022433,20.409587857211335
3022434,181.59157797418743
3022435,11.747087501905428
3022436,0.3014894865320968
3022437,2.633821028486624
3022438,0.0
3022439,1.7743375921558315
3022440,319.7452014815514
3022441,0.0
3022442,169.6939564211158
3022443,9.855049323452231
3022444,282.15797713737726
3022445,325.57993197141633
3022446,242.9414508506103
3022447,52.19497952001598
3022448,31.995543818854145
3022449,257.9752423030271
3022450,3.221206909939905
3022451,0.19327793143473151
3022452,5.834278532327865
3022453,26.599988265830763
3022454,0.0
3022455,198.46628997228697
3022456,0.6205915958485463
3022457,0.0
3022458,2.632475460201043
3022459,11.701135381478535
3022460,0.5627630753242565
3022461,194.95107508416876
3022462,258.068958713124
3022463,0.31154358071571214
3022464,4.018649919031245
3022465,59.790736779143614
3022466,90.76209927756123
3022467,326.2957969338332
3022468,10.28132427910144
3022469,3.497435077774451
3022470,4.176582716992812
3022471,0.08466086664739439
3022472,2.3792728880169607
3022473,197.77234128244532
3022474,0.0
3022475,151.26855122550023
3022476,3.9289958785088426
3022477,268.3611040996292
3022478,309.68349232103463
3022479,248.26779855191356
3022480,119.85437749678009
3022481,52.18580162174782
3022482,284.2318593092851
3022483,5.894558856359625
3022484,0.6069511435383234
3022485,8.05215082341813
3022486,14.441828313326452
3022487,0.0
3022488,226.4858647023965
3022489,6.138032041352814
3022490,0.0
3022491,2.609518186409751
3022492,16.15652504164531
3022493,0.6069511435383234
3022494,128.17103766388428
3022495,197.73337394561668
3022496,0.19558262271222485
3022497,5.371623986911277
3022498,101.80294497388059
3022499,36.939306293184124
3022500,208.8395981626705
3022501,12.20013917833763
3022502,3.719472117289921
3022503,3.148992192365158
3022504,0.0
3022505,0.9277780292774381
3022506,222.11655501873864
3022507,0.0
3022508,154.5146199874716
3022509,4.244631391830864
3022510,266.09410269335723
3022511,252.3922608264894
3022512,155.58429996064316
3022513,152.96711746274616
3022514,23.95026529048982
3022515,218.55377348563323
3022516,4.1335962136908835
3022517,0.0
3022518,9.256318095758287
3022519,12.763123279084802
3022520,0.0
3022521,154.22437517163868
3022522,0.0
3022523,0.0
3022524,1.5476381980152292
3022525,19.4328656982495
3022526,0.5547861529747246
3022527,50.63874924830256
3022528,146.4291932910972
3022529,0.358249600908105
3022530,1.9651850911102218
3022531,58.4736481971406
3022532,37.20519860623264
3022533,293.4444522665846
3022534,0.0
3022535,0.5347783021257955
3022536,7.320779401917427
3022537,0.022371564930135424
3022538,3.004980266728374
3022539,221.71506050301304
3022540,0.0
3022541,314.94859040690403
3022542,6.719856703205152
3022543,268.797638790281
3022544,200.20053797554203
3022545,331.7576560621579
3022546,253.96970018250056
3022547,92.55732388171448
3022548,261.03165915712316
3022549,10.548759682064997
3022550,0.7075483284940418
3022551,20.77976879776006
3022552,25.404623119377135
3022553,0.0
3022554,276.1963820044634
3022555,0.0
3022556,0.0
3022557,7.3937932137095945
3022558,29.221205359463358
3022559,3.050967220754599
3022560,258.99993177587487
3022561,258.1380670336055
3022562,0.6511086938197527
3022563,7.073865571876901
3022564,328.3641434242711
3022565,48.597818115635754
3022566,113.29360816672474
3022567,33.54027665046583
3022568,10.910209689084889
3022569,2.4434001242514447
3022570,0.19243393424966324
3022571,3.109871413181681
3022572,244.01012968248517
3022573,0.0
3022574,158.48690922704108
3022575,6.62734027394232
3022576,246.50438835888716
3022577,157.09646236101352
3022578,195.70445162964677
3022579,216.18874369944308
3022580,47.3876696359831
3022581,261.5563867423699
3022582,11.226075239469171
3022583,0.080603196360009
3022584,13.947634806267674
3022585,19.25504554459999
3022586,0.0
3022587,174.66782484640424
3022588,10.320273543299937
3022589,2.698633741631753
3022590,6.41497905414922
3022591,36.76602019535107
3022592,0.4478281024373523
3022593,80.95974339326396
3022594,177.7037642138562
3022595,1.435776213132009
3022596,5.8140291796230645
3022597,148.98832505235487
3022598,43.73217248342002
3022599,126.99918633103088
3022600,47.887574659676396
3022601,10.227379005994854
3022602,5.66114943470424
3022603,0.0
3022604,1.9420497940546755
3022605,234.9156025741168
3022606,0.0
3022607,169.7762039828476
3022608,5.533399210598584
3022609,230.26226071303637
3022610,319.3315236471752
3022611,274.6218724289626
3022612,92.06824850358932
3022613,39.974285747275104
3022614,274.12231597699156
3022615,16.9201695296062
3022616,0.9746946035541388
3022617,10.551878198668964
3022618,18.100389061239916
3022619,0.0
3022620,176.30074652884755
3022621,7.8324523259909276
3022622,0.0
3022623,3.2521622732335023
3022624,25.761870228792553
3022625,2.371897061578099
3022626,150.36524628111974
3022627,180.355390181707
3022628,0.6754724905636257
3022629,4.4619540975518674
3022630,96.00045487173249
3022631,23.239687492085736
3022632,333.40135816603595
3022633,1.6352951503206496
3022634,3.6850873337697454
3022635,6.080414488906508
3022636,0.0
3022637,7.82041811472283
3022638,269.0592484340924
3022639,0.0
3022640,239.17309362487796
3022641,7.843482835329716
3022642,230.12365877638737
3022643,261.8671835798104
3022644,203.843319232522
3022645,159.08525203413103
3022646,78.05288766887105
3022647,274.90786540828265
3022648,32.98610741486774
3022649,0.9874977113845284
3022650,15.158374636856445
3022651,27.436510525655127
3022652,0.0
3022653,221.75117481430775
3022654,17.93733634233065
3022655,11.558443897902018
3022656,2.759926072936585
3022657,46.15032489052685
3022658,7.72604610650095
3022659,321.53650649800267
3022660,251.23583161782835
3022661,6.699076405475996
3022662,6.724359163131079
3022663,333.71228938403317
3022664,103.09636933178238
3022665,2.616197491483835
3022666,0.0
3022667,31.098051783010416
3022668,5.3019409569451055
3022669,0.0
3022670,3.852895104015591
3022671,244.52709233918688
3022672,0.0
3022673,337.7338682864388
3022674,6.010418608707967
3022675,244.73125381009356
3022676,274.80431655599864
3022677,350.53897248353695
3022678,157.2930702890322
3022679,70.38248328989056
3022680,293.54936391670657
3022681,8.481885478331959
3022682,0.0
3022683,16.748749781662003
3022684,15.651950444383406
3022685,0.0
3022686,299.4217174356447
3022687,0.8100041901267817
3022688,7.41786611360544
3022689,5.38672059180242
3022690,33.58954759927429
3022691,1.5322634919936533
3022692,282.4153586866023
3022693,304.62588486577704
3022694,2.5539165408490834
3022695,5.104212113879732
3022696,266.09636769673676
3022697,57.97586771600958
3022698,138.78593532685147
3022699,76.31415018142279
3022700,13.131806604380492
3022701,9.355419548192538
3022702,0.0
3022703,4.372184133740397
3022704,243.75917144870627
3022705,0.0
3022706,338.010274471392
3022707,5.486782679705674
3022708,244.57376122349868
3022709,323.21183781720856
3022710,291.6999164803457
3022711,274.2360912331742
3022712,69.15146947151598
3022713,265.0272834817216
3022714,15.470353262608274
3022715,0.0
3022716,33.55970725970751
3022717,27.962137130568287
3022718,0.0
3022719,293.17889090746576
3022720,3.5752245488523777
3022721,1.5914698674377183
3022722,8.62702420820805
3022723,51.74858927675745
3022724,0.7430702908815274
3022725,98.67600403611803
3022726,267.06315958936807
3022727,2.4043159780851804
3022728,4.673752042794015
3022729,148.5711289747275
3022730,140.3761026082244
3022731,125.68604101584566
3022732,0.0
3022733,4.852197739834309
3022734,3.677234734245126
3022735,0.12106321385998393
3022736,3.9516149820597426
3022737,245.91223214360937
3022738,0.0
3022739,142.85592885294153
3022740,5.927236732791868
3022741,345.9190231590247
3022742,317.01524811517294
3022743,137.7065571007321
3022744,72.40394349938488
3022745,41.45124071408055
3022746,265.5184723365024
3022747,6.039288985180707
3022748,0.46968362121498375
3022749,20.97060919913707
3022750,18.726431556356886
3022751,0.0
3022752,171.4805664358488
3022753,0.0
3022754,0.0
3022755,3.961226537833136
3022756,43.49570620562731
3022757,2.153469229017028
3022758,101.66329248002091
3022759,167.59494844977513
3022760,0.5148383393072339
3022761,5.485437111420091
3022762,117.04077310127155
3022763,23.760947429394324
3022764,327.55490775989585
3022765,8.02393226030402
3022766,1.361044855282845
3022767,0.871524522685794
3022768,0.0
3022769,1.66600308208599
3022770,234.33051698498664
3022771,0.0
3022772,275.7390227710431
3022773,6.886783242322905
3022774,213.69454827185712
3022775,331.14805952410717
3022776,121.70592133562236
3022777,40.24397459043412
3022778,49.7090971991447
3022779,270.02601601310727
3022780,20.965166686702197
3022781,0.0
3022782,9.692616372232834
3022783,14.674075797004079
3022784,0.15025712976355735
3022785,106.76203691037207
3022786,10.867564041169922
3022787,0.9140106238227028
3022788,3.4705776242999566
3022789,33.14793900794261
3022790,3.675889165959545
3022791,298.1587834123463
3022792,148.36282619581297
3022793,2.5539165408490834
3022794,5.104212113879732
3022795,280.9455671999484
3022796,27.96687670509009
3022797,6.556832218926147
3022798,0.0
3022799,5.023640032609941
3022800,0.9261510492479876
3022801,0.0
3022802,5.487995934387246
3022803,247.1475492106591
3022804,0.0
3022805,270.05494872865296
3022806,14.529462342628335
3022807,238.26135306609496
3022808,227.9008106583095
3022809,270.405615515823
3022810,217.5147426739862
3022811,142.27431567046042
3022812,255.30903245778052
3022813,29.996214304937002
3022814,0.2101045887858645
3022815,15.07532677771334
3022816,30.01557383758144
3022817,0.0
3022818,232.59811662880819
3022819,11.631012230490827
3022820,29.148618947229632
3022821,8.500982056242794
3022822,54.559626577543675
3022823,12.071477144432894
3022824,321.45521352002805
3022825,283.8200120738321
3022826,14.94029784660008
3022827,6.821038566456057
3022828,309.1106239498605
3022829,100.27133810373624
3022830,6.549922705510769
3022831,0.0
3022832,22.768533015082454
3022833,2.748544880533098
3022834,0.0
3022835,3.3065314358376474
3022836,252.79386626366247
3022837,0.0
3022838,305.37748612577286
3022839,7.2836864008805815
3022840,332.344589024374
3022841,331.55322330181474
3022842,153.42142365970142
3022843,110.68230283984305
3022844,66.10183364785814
3022845,246.78331712974042
3022846,22.167088666928134
3022847,0.6159435939122169
3022848,17.03093759269921
3022849,19.146580315804844
3022850,0.0
3022851,93.6035746822757
3022852,0.0
3022853,19.339243509605474
3022854,4.301184941806297
3022855,110.25671617723017
3022856,9.917013838873878
3022857,159.78405028905317
3022858,112.98488876377891
3022859,4.570385409017674
3022860,6.04964371150962
3022861,153.90025614658617
3022862,38.187844359774246
3022863,0.0
3022864,0.0
3022865,4.9759502868376435
3022866,3.615392199877404
3022867,0.0
3022868,0.23419254481534055
3022869,297.5527081402821
3022870,0.0
3022871,217.93052095523086
3022872,3.677234734245126
3022873,283.7736196857008
3022874,248.24435365156722
3022875,78.70877909105674
3022876,33.4302139977608
3022877,26.259809332919097
3022878,261.7722063102669
3022879,11.880822260109532
3022880,0.15664840091075063
3022881,6.990430021601733
3022882,6.536663432368976
3022883,0.0
3022884,73.25544419648719
3022885,0.0
3022886,8.182294278473313
3022887,0.2966578907337858
3022888,15.324055009456371
3022889,0.0
3022890,231.1875162454762
3022891,117.27229106593933
3022892,0.5596900873205727
3022893,0.5596900873205727
3022894,113.2587026198288
3022895,21.104246353109225
3022896,331.5053467943957
3022897,0.0
3022898,1.568415595207029
3022899,5.428883561444658
3022900,0.20761651580790533
3022901,3.3416238401449676
3022902,248.71531708036827
3022903,0.0
3022904,229.2830669277034
3022905,14.832017708898574
3022906,206.94587937109173
3022907,178.53241214019897
3022908,279.07528083645076
3022909,234.86515387175578
3022910,103.39121726644284
3022911,269.9213463567162
3022912,28.649620570449734
3022913,1.6173978226020365
3022914,14.18880877687444
3022915,25.276680848296476
3022916,0.0
3022917,196.65019689319882
3022918,7.0998686694001965
3022919,30.591297778241227
3022920,8.926496055134157
3022921,107.43923177388979
3022922,2.6102647465865103
3022923,280.636330696883
3022924,260.20032868245244
3022925,8.828026265785907
3022926,7.255328852240184
3022927,307.4661722165444
3022928,75.36712682761775
3022929,7.401989588904084
3022930,0.23718841541850477
3022931,16.463366307857136
3022932,5.875840896765326
3022933,0.0
3022934,2.0436606404578437
3022935,205.9024161124054
3022936,0.0
3022937,324.4412717299616
3022938,10.776416789560944
3022939,213.24214619253752
3022940,267.32803826406183
3022941,319.4332324295736
3022942,256.55390582335184
3022943,53.02941176515049
3022944,284.2318593092851
3022945,16.315000796999406
3022946,0.5280241591871384
3022947,22.64277332257343
3022948,17.764178519888898
3022949,0.3119389674973356
3022950,248.2185833980544
3022951,0.0
3022952,4.730496890207227
3022953,5.104212113879732
3022954,30.628963662042263
3022955,0.08715217686132788
3022956,188.7702034251373
3022957,266.5464296056733
3022958,3.675889165959545
3022959,4.301184941806297
3022960,210.31991481101346
3022961,75.21234194105531
3022962,121.28356930817696
3022963,0.5876250961656361
3022964,4.113982460810113
3022965,5.105557682165315
3022966,0.0
3022967,2.7155739661128013
3022968,242.57844099116107
3022969,0.0
3022970,316.7355479873001
3022971,9.89181037789969
3022972,243.55052335254837
3022973,288.42803591796854
3022974,251.00279692458224
3022975,257.65047739813633
3022976,52.13128208932694
3022977,272.1140214761993
3022978,15.072504611193386
3022979,0.6774869273707307
3022980,24.543951241287665
3022981,20.042806550753426
3022982,0.0
3022983,240.84671683937995
3022984,0.0
3022985,5.217353308452944
3022986,5.104212113879732
3022987,33.598236062742075
3022988,0.4842988551180793
3022989,121.34183585413501
3022990,211.4322351054293
3022991,3.675889165959545
3022992,4.570385409017674
3022993,178.6914579467381
3022994,62.255070515419476
3022995,139.10002119151164
3022996,0.7759092340724384
3022997,5.387000529953533
3022998,9.109027136972669
3022999,0.3011377758984261
3023000,15.954970937089167
3023001,268.3210166718349
3023002,0.0
3023003,207.27467799707944
3023004,25.632068504784062
3023005,248.80300194643226
3023006,221.67815287786954
3023007,331.6584055218495
3023008,350.2089794610416
3023009,309.3946695464855
3023010,306.1299021615216
3023011,70.4692222571278
3023012,1.9651850911102218
3023013,43.070521641110105
3023014,50.95474557774023
3023015,0.0
3023016,335.81563699808856
3023017,38.17701964486045
3023018,40.24152762244527
3023019,20.334307207332674
3023020,148.56784672396174
3023021,24.74183559820141
3023022,1.3039026822767914
3023023,347.5958805963574
3023024,18.825015572664135
3023025,22.89070155857711
3023026,203.6658360575593
3023027,213.52609958577963
3023028,10.578436020401508
3023029,0.0
3023030,73.22251074949854
3023031,2.555356808280447
3023032,0.28534263218098066
3023033,0.16597282770420865
3023034,219.72369691619105
3023035,0.0
3023036,162.48003498742813
3023037,4.426283057095213
3023038,325.3780880070617
3023039,259.6267643738174
3023040,111.27045666555422
3023041,194.63656559787503
3023042,34.43695000068593
3023043,183.53224477216494
3023044,6.909184368219047
3023045,0.0
3023046,8.709633803183138
3023047,5.798477647692745
3023048,0.0
3023049,130.53422302187772
3023050,0.4915539319022293
3023051,0.0
3023052,1.2047548638528922
3023053,29.5607028197164
3023054,0.43779976615026106
3023055,52.90019308494095
3023056,95.3485541890273
3023057,0.48920278946392753
3023058,2.136369647754091
3023059,94.6161658451606
3023060,22.18566307058664
3023061,232.61866057796595
3023062,0.0
3023063,3.135511018651951
3023064,6.880283253002656
3023065,0.0
3023066,0.8923346107424356
3023067,230.63105036175517
3023068,0.0
3023069,344.2676442733919
3023070,8.309548121145326
3023071,255.02524453748728
3023072,209.43183353695127
3023073,229.23453757370797
3023074,326.4724318412892
3023075,57.236149540578744
3023076,284.2318593092851
3023077,11.29370837412452
3023078,0.15025712976355735
3023079,18.048876327140114
3023080,19.650962636105465
3023081,0.0
3023082,272.7475585678473
3023083,0.2406440729750189
3023084,5.5943466909612924
3023085,7.432311908125357
3023086,14.234205144886193
3023087,0.377768769157049
3023088,317.754634006964
3023089,260.97857632926724
3023090,3.147646624079577
3023091,6.2308292250625525
3023092,125.58032553820873
3023093,58.27605308335682
3023094,138.78593532685147
3023095,0.9873296316103414
3023096,5.048862868292291
3023097,0.871524522685794
3023098,0.0
3023099,2.6107127084200434
3023100,291.93518151018355
3023101,0.0
3023102,140.09095205642296
3023103,3.148992192365158
3023104,347.11044922078537
3023105,157.32927124299945
3023106,85.04176980210757
3023107,158.34465989561807
3023108,15.900235922335694
3023109,261.33716905138425
3023110,0.2262189695929467
3023111,0.0
3023112,5.760718246467535
3023113,3.7620505645126197
3023114,0.0
3023115,86.8856087244614
3023116,0.0
3023117,0.0
3023118,0.187187885099905
3023119,16.232112793564585
3023120,0.0
3023121,64.61712642273535
3023122,90.64041402378764
3023123,0.26635809537750865
3023124,0.2262189695929467
3023125,56.9741662076416
3023126,9.04896159484103
3023127,175.1853565302766
3023128,0.0
3023129,0.3998732091880693
3023130,5.997087838636507
3023131,0.0
3023132,1.3560948256628391
3023133,198.13779231158438
3023134,0.0
3023135,231.2014546827683
3023136,7.442690310761562
3023137,237.31952888139233
3023138,303.94091739110416
3023139,177.82946795898144
3023140,170.03208973668953
3023141,42.747888006506514
3023142,263.52574767366764
3023143,3.136754788665862
3023144,0.0
3023145,26.778834615742475
3023146,16.027722645705825
3023147,0.0
3023148,214.21096334526396
3023149,0.0
3023150,0.0
3023151,10.136857220833981
3023152,30.056331356404137
3023153,0.49962199618381736
3023154,234.17696580352498
3023155,217.07498611698958
3023156,0.8396394702110587
3023157,1.2676888151247474
3023158,206.8860646371984
3023159,28.51205393214611
3023160,111.81775117316107
3023161,0.0
3023162,0.2379462672062659
3023163,1.9665306593958036
3023164,0.0
3023165,0.9852252319065411
3023166,244.65139200908175
3023167,0.0
3023168,157.62425552588115
3023169,6.920853924089889
3023170,237.41996612704153
3023171,228.79230908042584
3023172,220.56036134533394
3023173,160.19197257112756
3023174,57.12448579232612
3023175,274.06216825178626
3023176,6.751919627688893
3023177,3.1842109501874774
3023178,22.899508398659002
3023179,34.60422792064079
3023180,0.0
3023181,195.34718708497212
3023182,1.0792731803636577
3023183,3.3021739422870415
3023184,1.9651850911102218
3023185,17.973134842188298
3023186,0.8347355358652105
3023187,163.46959477306265
3023188,275.8354437150252
3023189,2.5589151743407146
3023190,5.925891164506285
3023191,134.98784476952343
3023192,26.914409103750078
3023193,158.60648768320374
3023194,3.423874791914123
3023195,2.120714358834653
3023196,1.8577658331491869
3023197,0.0
3023198,3.545487861483382
3023199,200.03177942383493
3023200,0.0
3023201,113.61476944616332
3023202,1.6236473252334653
3023203,343.50363834723515
3023204,165.71393877967276
3023205,97.4756597779574
3023206,189.9107964661267
3023207,34.56898753534454
3023208,249.32583617199262
3023209,5.05382276948657
3023210,0.16462725941862769
3023211,8.49141972811631
3023212,4.3113276099175595
3023213,0.0
3023214,91.97405439723646
3023215,0.0
3023216,0.0
3023217,0.0
3023218,19.388656579489915
3023219,0.3080107280872089
3023220,173.12039033505187
3023221,89.04035190363577
3023222,0.16179840775763601
3023223,0.3119389674973356
3023224,47.82354000630672
3023225,19.76926360400881
3023226,310.3500942732257
3023227,0.0
3023228,0.5910318087174397
3023229,3.760416610161225
3023230,0.0
3023231,0.6831684265148585
3023232,200.93528600748738
3023233,0.0
3023234,343.0401928821189
3023235,8.00572274337585
3023236,183.32218330962885
3023237,294.95174407433376
3023238,196.37311161904447
3023239,196.5854981541341
3023240,58.71520605144741
3023241,260.37545326561934
3023242,8.45943548009264
3023243,0.0
3023244,37.221276561768526
3023245,11.426581199868828
3023246,0.0
3023247,212.24660271140573
3023248,0.0
3023249,21.617795583802412
3023250,3.7729423999263343
3023251,31.771413010387683
3023252,0.20540888153630493
3023253,217.97603342087527
3023254,237.66978761651188
3023255,2.209722735608672
3023256,2.6420970502568135
3023257,109.84352991591048
3023258,38.51752937122671
3023259,119.42434596481257
3023260,0.0
3023261,0.9888596333657816
3023262,3.222552478225486
3023263,0.0
3023264,8.384502232483726
3023265,201.8588105375917
3023266,0.0
3023267,321.2983989783367
3023268,5.018229065635339
3023269,234.81633077883848
3023270,174.2945018113866
3023271,144.60636602277395
3023272,111.03822509591889
3023273,91.9747843157645
3023274,257.1241875895816
3023275,37.08412084355424
3023276,0.4562329893632257
3023277,21.952064333916084
3023278,28.64367822300869
3023279,0.19327793143473151
3023280,195.86660019997768
3023281,20.861797958283304
3023282,18.616967416318168
3023283,2.9444741436335264
3023284,68.99227872594706
3023285,8.931402551466716
3023286,191.07051820235196
3023287,268.3483836396474
3023288,13.646515099980935
3023289,12.472546407518402
3023290,233.90741616234584
3023291,56.96089973872843
3023292,0.0
3023293,0.0
3023294,8.599348437941574
3023295,5.486782679705674
3023296,0.0
3023297,8.304236336079564
3023298,195.21053809954338
3023299,0.0
3023300,353.8940114252121
3023301,10.19555386863718
3023302,235.19542390034516
3023303,244.24717932982045
3023304,143.61614827310362
3023305,78.89574581777131
3023306,85.92601412940033
3023307,273.5305163123208
3023308,23.82824487864445
3023309,0.17486939734715057
3023310,37.845061088607416
3023311,36.46418196962726
3023312,0.0
3023313,279.0279159559074
3023314,19.575744432596093
3023315,12.050557256393231
3023316,8.004377175090271
3023317,69.66748960409599
3023318,9.624150263966781
3023319,158.83033287677034
3023320,318.9157219386825
3023321,6.16213826055373
3023322,8.926496055134157
3023323,109.45100999981122
3023324,72.95592512823895
3023325,4.034639516476442
3023326,9.869011786489118
3023327,15.987098104268348
3023328,7.0642653157948585
3023329,0.0
3023330,4.6422702752309695
3023331,242.25417921520494
3023332,0.0
3023333,186.2490286210437
3023334,3.1570649368749586
3023335,245.10122638419455
3023336,295.15487123973537
3023337,183.48688864206756
3023338,291.08077911786165
3023339,56.818575774453954
3023340,273.7761892165269
3023341,30.19843401015065
3023342,0.9082958217255392
3023343,19.2015305539978
3023344,18.91344971362538
3023345,0.0
3023346,319.4324662317831
3023347,4.5559307412195595
3023348,11.030517637891972
3023349,8.770266960522916
3023350,31.148325952484026
3023351,3.933295676567461
3023352,154.21919018794742
3023353,295.66591149917696
3023354,5.999451450366615
3023355,8.077937460950602
3023356,214.5965636255317
3023357,45.30239059053239
3023358,121.3571295940373
3023359,14.061546205700482
3023360,12.386293072615032
3023361,2.137715216039672
3023362,0.1810541663384461
3023363,7.743447309474722
3023364,268.3210166718349
3023365,0.0
3023366,347.9491577548767
3023367,5.924947127829945
3023368,218.0395856800522
3023369,264.8753514755871
3023370,171.00954423363117
3023371,128.2077267324133
3023372,77.08445101208416
3023373,273.1494969902087
3023374,21.986962258630115
3023375,0.2616623881279492
3023376,14.861464735607036
3023377,9.350651333429399
3023378,0.0
3023379,168.35321117228557
3023380,16.27387555366801
3023381,17.15711994627509
3023382,1.2047548638528922
3023383,51.59347547272605
3023384,6.787434036400489
3023385,315.4294875190495
3023386,235.34979034402207
3023387,4.478916338032973
3023388,6.7957558088009735
3023389,320.9473226754343
3023390,51.48079806063947
3023391,6.121587458996694
3023392,0.0
3023393,22.99514156676786
3023394,2.070630429445289
3023395,0.0
3023396,4.368595711167209
3023397,219.31084264011056
3023398,0.0
3023399,344.8285750960671
3023400,7.84806162412238
3023401,222.7193981225016
3023402,288.4142303178735
3023403,273.02763260075125
3023404,232.4844694253661
3023405,57.601386345693285
3023406,253.07007758090927
3023407,9.659130638329085
3023408,2.2895921260387064
3023409,26.49548279695571
3023410,23.960436967507533
3023411,0.0
3023412,326.4834425437998
3023413,0.0
3023414,0.0
3023415,7.3288891381005135
3023416,25.464262707603115
3023417,0.9694532626630316
3023418,130.01776128040794
3023419,298.8441858944341
3023420,1.6211984838755575
3023421,9.000056340994485
3023422,160.81292256574457
3023423,49.88980853290697
3023424,111.89131145902141
3023425,0.0
3023426,7.808634794724279
3023427,6.870661662946886
3023428,0.0
3023429,8.469300270256474
3023430,221.52434855496298
3023431,0.0
3023432,349.70000396170815
3023433,9.432446285711418
3023434,219.56723645375084
3023435,245.65436686772932
3023436,197.76720912454294
3023437,129.82437359118774
3023438,107.26754947365954
3023439,265.3708190379306
3023440,38.29467791002502
3023441,0.5578591409784084
3023442,21.43823218037047
3023443,33.92156270876347
3023444,0.0
3023445,228.42271065848982
3023446,15.467635424578118
3023447,12.618246944877095
3023448,6.071741490868999
3023449,44.502012554348646
3023450,10.308194955943456
3023451,194.09518362309302
3023452,276.18628124331826
3023453,11.3460408192823
3023454,8.76433822349137
3023455,183.00313828293022
3023456,54.817241565360696
3023457,3.623420393463329
3023458,0.00873379691481095
3023459,5.390164899151097
3023460,4.029033767625177
3023461,0.0
3023462,5.065849802266893
3023463,248.561176749023
3023464,0.0
3023465,353.82232898396387
3023466,6.335047752336476
3023467,226.04280346284796
3023468,212.32101847551394
3023469,156.17569907313876
3023470,126.09580580684157
3023471,102.20063587406604
3023472,260.6342663627045
3023473,26.021837967608626
3023474,0.29977925545327516
3023475,20.601456213565182
3023476,24.724294582568508
3023477,0.0
3023478,175.73447282876748
3023479,10.888174352104386
3023480,28.343591762810117
3023481,6.007369714079376
3023482,45.697096796415984
3023483,8.918071781395255
3023484,216.4277418917822
3023485,205.30466156977428
3023486,6.869316094661303
3023487,6.869316094661303
3023488,191.9616428699636
3023489,47.36844467979674
3023490,101.45858141882357
3023491,0.0
3023492,13.393129937044653
3023493,5.983667398164092
3023494,0.0
3023495,4.006379003354602
3023496,115.9398629115419
3023497,0.0
3023498,84.57446108104124
3023499,12.950112189498647
3023500,123.46085875424045
3023501,148.37386430018762
3023502,296.12332939412414
3023503,264.8446216691713
3023504,57.31422286536972
3023505,138.77370598650683
3023506,10.290619372280402
3023507,0.0
3023508,13.067597810016421
3023509,19.233175136709875
3023510,0.0
3023511,268.1393971770645
3023512,0.0
3023513,6.602223797504026
3023514,1.084354273490085
3023515,43.19084240842858
3023516,3.4206476691546794
3023517,217.021982493533
3023518,284.7664110122459
3023519,2.6103472062213067
3023520,1.5019011665850783
3023521,241.88441678510412
3023522,131.31348031325297
3023523,70.2099556651248
3023524,1.1037389313653512
3023525,0.36571177780437125
3023526,16.56666070945851
3023527,0.0
3023528,16.038549521017426
3023529,246.0572094036777
3023530,0.0
3023531,195.89046678249792
3023532,22.631760204677025
3023533,235.19542390034516
3023534,220.57422708968087
3023535,358.19530657850424
3023536,329.91990178481825
3023537,333.7379137894024
3023538,298.8423403781684
3023539,76.07280034624948
3023540,2.7351020544020157
3023541,88.221191136051
3023542,105.52800921332224
3023543,0.0
3023544,333.4022313040496
3023545,28.26789043546388
3023546,22.93689781428554
3023547,45.73006379180191
3023548,231.9367138181983
3023549,24.157496750633463
3023550,1.3039026822767914
3023551,349.95000661560533
3023552,31.5618297892667
3023553,35.041425547290814
3023554,148.20407157251122
3023555,300.9984679896927
3023556,19.344110091406943
3023557,302.0857079065926
3023558,84.16217740455126
3023559,14.349817708694248
3023560,0.0
3023561,14.821947875300296
3023562,246.2352124524976
3023563,0.0
3023564,100.17612260395515
3023565,22.020512472265956
3023566,185.38302750329575
3023567,170.73694123973385
3023568,320.3081676856036
3023569,308.4991046275693
3023570,275.2310882910456
3023571,298.8423403781684
3023572,103.13096963174021
3023573,0.7337404339623749
3023574,56.2926863087151
3023575,72.85536413567978
3023576,0.12192727642593278
3023577,316.14801008049125
3023578,17.22100175580207
3023579,28.039275024885974
3023580,11.671024624787933
3023581,160.00293822522772
3023582,20.062117514246037
3023583,25.043320169728645
3023584,310.6361043022816
3023585,22.07431528248882
3023586,28.623281364214947
3023587,142.21863914969705
3023588,241.17339651346484
3023589,18.13654211535783
3023590,212.66877888052304
3023591,85.48552499239524
3023592,9.669088822609456
3023593,0.0
3023594,20.68173349624738
3023595,246.9388376188742
3023596,0.0
3023597,248.44091549725016
3023598,11.300899245385907
3023599,235.85344809215977
3023600,230.51960321951316
3023601,244.42059304457734
3023602,135.3505202791802
3023603,235.62804232336467
3023604,273.5305163123208
3023605,45.41858045657629
3023606,2.4622357710157368
3023607,37.55784721179337
3023608,25.14064058180465
3023609,0.187187885099905
3023610,344.50418054690675
3023611,29.4618666363476
3023612,19.187119807659776
3023613,12.522301510416217
3023614,83.71693331206532
3023615,9.695781768652301
3023616,209.43744270150984
3023617,268.74862836631496
3023618,19.543512205229863
3023619,36.879205061034575
3023620,219.11382805290424
3023621,130.62744057070907
3023622,0.9351536828690847
3023623,270.5563502308497
3023624,41.71165012498285
3023625,13.319412220516224
3023626,0.0
3023627,21.302033343541222
3023628,244.22699252688443
3023629,0.0
3023630,234.99126242943848
3023631,17.21403822591781
3023632,258.49654877568304
3023633,218.80939541543574
3023634,342.6518248804628
3023635,323.0666929766575
3023636,238.94077943040767
3023637,265.12514613372446
3023638,42.90964650216795
3023639,0.9312442047928845
3023640,57.61456539606333
3023641,57.55979473723289
3023642,0.5302845065274493
3023643,317.5603169021257
3023644,24.59087719287185
3023645,23.40171077385011
3023646,17.48789813298569
3023647,125.0278354606374
3023648,13.299853342848028
3023649,1.3039026822767914
3023650,264.17306995436934
3023651,20.114130145981907
3023652,24.798756350614134
3023653,232.83216262819454
3023654,209.04455222781567
3023655,11.498431168580444
3023656,196.15766125517322
3023657,60.3051641410434
3023658,11.023266825528097
3023659,0.0
3023660,22.224040492913673
3023661,244.78360533076594
3023662,0.0
3023663,237.69703198144595
3023664,12.895119862353996
3023665,258.49654877568304
3023666,248.89204809771098
3023667,346.45217668502016
3023668,107.64902049282995
3023669,160.19240974552812
3023670,298.60027741184103
3023671,33.3016113871341
3023672,0.0
3023673,28.49190508819852
3023674,34.17565645713198
3023675,0.0
3023676,337.8584799314145
3023677,23.336059436394564
3023678,11.85399804836084
3023679,12.790490261734089
3023680,79.62519835585768
3023681,5.771312642920291
3023682,187.14243900504675
3023683,341.26752404794456
3023684,17.570941147138146
3023685,25.909696806373482
3023686,183.83207287981074
3023687,91.42949012679883
3023688,6.071202355276879
3023689,171.63298082485275
3023690,22.474208352486254
3023691,10.138202789119559
3023692,0.0
3023693,12.613987557665276
3023694,244.8570179329372
3023695,0.0
3023696,239.19390862202837
3023697,23.12977621612787
3023698,237.6182797664049
3023699,221.8300378167041
3023700,346.82021724046825
3023701,342.61149863078987
3023702,308.7265909382752
3023703,298.60027741184103
3023704,67.67882926975325
3023705,0.8396394702110587
3023706,42.94596622257214
3023707,48.523017267773405
3023708,0.0
3023709,340.67256985858086
3023710,10.046612402730712
3023711,23.891786043328747
3023712,12.515993015087352
3023713,173.2929072825549
3023714,20.22717165150092
3023715,137.3853068880041
3023716,350.143979301385
3023717,15.691149608435746
3023718,29.060249414642527
3023719,115.6792323433029
3023720,197.7838418289468
3023721,19.48735512654177
3023722,314.8825394692655
3023723,77.3850257157551
3023724,5.927236732791868
3023725,0.1885334533854859
3023726,8.240843154237812
3023727,182.07142251262596
3023728,0.0
3023729,340.83032362136737
3023730,22.42207908812883
3023731,245.17888978369427
3023732,278.46575651461234
3023733,207.5727672139156
3023734,65.98817721791387
3023735,74.68936337136049
3023736,275.964390857262
3023737,38.312989536369145
3023738,0.4032363534106219
3023739,23.667087969669886
3023740,18.088147430489713
3023741,0.0
3023742,182.1258549137927
3023743,10.872960841448428
3023744,6.5975231116784645
3023745,9.228350835900141
3023746,35.6899893223427
3023747,6.828004707487724
3023748,242.71021299787975
3023749,230.66874511401946
3023750,2.0214385977018696
3023751,5.300595388659523
3023752,207.7533430724796
3023753,53.13493338134335
3023754,2.649576373324685
3023755,0.0
3023756,8.900964923168242
3023757,10.38962547590029
3023758,0.0
3023759,12.73173656594234
3023760,246.11235362897455
3023761,0.0
3023762,251.00504838492452
3023763,27.60077669334411
3023764,193.12663521707185
3023765,258.43491776412145
3023766,348.4424064037054
3023767,101.63041937527028
3023768,122.13247831748718
3023769,273.5305163123208
3023770,59.99070266750221
3023771,0.6818343060915519
3023772,45.311300800129146
3023773,31.62809065980884
3023774,0.0
3023775,321.7951871359874
3023776,18.1907755679406
3023777,8.1623920893915
3023778,3.6762629966013565
3023779,96.11414982774164
3023780,10.63492797178428
3023781,316.27041958486313
3023782,347.299211348342
3023783,10.992326011582138
3023784,22.635996991019642
3023785,329.7428043785178
3023786,70.574467241957
3023787,6.412659419899252
3023788,278.8427374531102
3023789,14.99585298746677
3023790,6.0960747346585675
3023791,0.0
3023792,5.230870813812325
3023793,243.94919947948662
3023794,0.0
3023795,175.46864110768777
3023796,9.189540664663545
3023797,194.03725741227518
3023798,212.24918439959688
3023799,237.15492069082285
3023800,317.1520360358051
3023801,214.27306292530574
3023802,303.0701185196094
3023803,43.75987762840797
3023804,1.2729591450414073
3023805,30.315318337468252
3023806,37.316878068787595
3023807,0.13507454820531525
3023808,279.9191553160195
3023809,3.230523216111987
3023810,38.01519109578463
3023811,3.6916619476949
3023812,99.32055452969063
3023813,9.530900386205166
3023814,198.4607988945327
3023815,286.64158125979395
3023816,20.285263191066377
3023817,10.028599203569982
3023818,106.2980454772338
3023819,111.44812507637025
3023820,11.30984658976028
3023821,3.5367008076162665
3023822,43.685851128463824
3023823,10.816778343494862
3023824,0.0
3023825,10.25957494131136
3023826,253.02799229304358
3023827,0.0
3023828,232.17013768312245
3023829,9.542313956336258
3023830,232.98841179288615
3023831,233.8706783864926
3023832,313.3844713483059
3023833,219.58023268111754
3023834,279.17377379369054
3023835,298.2522169960739
3023836,44.74822057162588
3023837,2.5589151743407146
3023838,47.829560451118915
3023839,46.9668248741043
3023840,0.0
3023841,321.1186651639123
3023842,6.7957558088009735
3023843,39.01478000938837
3023844,8.926496055134157
3023845,200.4748086842831
3023846,8.744844389869806
3023847,331.8651665531284
3023848,305.169478622359
3023849,12.896626556964327
3023850,22.394662232825
3023851,326.7157723063984
3023852,125.5961388544228
3023853,133.78313950030187
3023854,4.9759502868376435
3023855,9.163587475785368
3023856,7.005360034317844
3023857,0.0
3023858,4.075122730507315
3023859,206.48415661934604
3023860,0.0
3023861,353.60731473306424
3023862,8.022035660137718
3023863,138.87946452607702
3023864,287.0529315851032
3023865,210.0622679886915
3023866,89.61684837640458
3023867,94.66495914875931
3023868,141.43108803252997
3023869,16.037408218329407
3023870,0.6113470082349071
3023871,26.83443359168128
3023872,25.99078084668928
3023873,0.0
3023874,168.45437455731297
3023875,5.512510255098448
3023876,9.913261681728136
3023877,5.829211761181307
3023878,31.874838345046605
3023879,3.7325165031930005
3023880,253.17468782016465
3023881,212.51193321635228
3023882,2.4572371375241056
3023883,4.382236934707995
3023884,156.2232895986735
3023885,57.69923940840665
3023886,6.127130482831711
3023887,0.0
3023888,2.798952846709175
3023889,5.486782679705674
3023890,0.0
3023891,0.24071725929634638
3023892,209.33060482942162
3023893,0.0
3023894,214.09951883108104
3023895,3.677234734245126
3023896,238.86781446574747
3023897,254.61059187431258
3023898,222.5170920204646
3023899,75.01069038564289
3023900,25.459466406393528
3023901,249.22976429977277
3023902,10.765869989227834
3023903,0.33274905555397727
3023904,19.11676124227884
3023905,8.017973960527797
3023906,0.0
3023907,203.0182739582573
3023908,0.0
3023909,0.0
3023910,4.243285823545281
3023911,24.048564302707437
3023912,0.3010718646114363
3023913,48.840006521181365
3023914,191.82063434206574
3023915,0.0
3023916,2.4043159780851804
3023917,61.76112716614409
3023918,80.98242738472898
3023919,278.9690358409589
3023920,0.0
3023921,2.1267022599025194
3023922,5.983622549598236
3023923,0.0
3023924,6.642245612150831
3023925,268.2140060284112
3023926,0.0
3023927,250.39863830498078
3023928,13.944413777874725
3023929,215.2470460322897
3023930,262.95272376281946
3023931,301.16629214527387
3023932,160.59077535316936
3023933,118.13657211067654
3023934,304.2444083259198
3023935,33.433032007628626
3023936,0.34112036282528324
3023937,25.464562402568085
3023938,48.77530645217748
3023939,0.0
3023940,262.1941730966575
3023941,21.732260223113197
3023942,13.625582436471994
3023943,15.612174316483756
3023944,54.288540903665414
3023945,4.791371415656988
3023946,333.7689363296061
3023947,316.7351157858323
3023948,7.339834962468139
3023949,13.391146378701233
3023950,331.515137459623
3023951,80.12540312302028
3023952,10.630895981384455
3023953,0.7548071641565556
3023954,38.21577450234215
3023955,3.677234734245126
3023956,0.0
3023957,5.067158127455895
3023958,268.3210166718349
3023959,0.0
3023960,208.55340897603475
3023961,14.659037557942622
3023962,202.09489631306926
3023963,215.15164734611702
3023964,175.9628142039595
3023965,268.9581059495592
3023966,186.5925435384024
3023967,275.82648913068874
3023968,31.072981255280933
3023969,2.5540112399948662
3023970,32.21767565813952
3023971,30.400377093376274
3023972,0.2941960172021099
3023973,226.18403435436653
3023974,10.663736813567072
3023975,30.26760977811937
3023976,7.715542760292815
3023977,102.29639430239129
3023978,10.950928240742089
3023979,335.6644859792414
3023980,239.47262800764977
3023981,6.646353042223374
3023982,12.989078304617871
3023983,140.44055961152492
3023984,125.64033151600616
3023985,15.081006800135935
3023986,0.0
3023987,40.01838379261418
3023988,3.148992192365158
3023989,0.25086119652903976
3023990,12.084959466581237
3023991,267.6573932245297
3023992,0.0
3023993,279.79030740917693
3023994,15.498366394003728
3023995,245.69371020308796
3023996,246.80148405615395
3023997,276.01522217488287
3023998,293.5807891433537
3023999,146.4727871203185
3024000,284.2318593092851
3024001,36.018729441651445
3024002,2.5589151743407146
3024003,31.204325941849557
3024004,45.05667845893503
3024005,0.0
3024006,300.3056112044701
3024007,23.38141161310183
3024008,25.873824012274593
3024009,21.35329810243773
3024010,99.56933367128568
3024011,18.53828682026577
3024012,332.5424916044489
3024013,302.8953742849819
3024014,16.92826292609965
3024015,16.61769117491952
3024016,140.14236535094062
3024017,138.00427584215836
3024018,7.461312359838037
3024019,1.6294415566802687
3024020,37.69359357086699
3024021,11.020499877348053
3024022,0.24454727114425306
3024023,8.61664037044243
3024024,252.17819736849768
3024025,0.0
3024026,308.80277196058904
3024027,11.020499877348053
3024028,266.9759642952067
3024029,196.28177671219166
3024030,344.5026211074441
3024031,254.24007277583306
3024032,84.56131517144678
3024033,306.1299021615216
3024034,9.59904164746339
3024035,0.6725829930248826
3024036,44.6870501772002
3024037,37.22750174050751
3024038,0.0
3024039,348.30548232370353
3024040,9.698843195615607
3024041,4.196670185345169
3024042,9.180171021776294
3024043,31.730744305184135
3024044,3.1842109501874774
3024045,317.52065861396534
3024046,342.7241699249255
3024047,5.925891164506285
3024048,5.951173922161368
3024049,322.266042753907
3024050,94.48099562218803
3024051,126.37910817434368
3024052,137.42634120098884
3024053,14.60587347366132
3024054,4.461312024247227
3024055,0.37254512086948105
3024056,7.767006555138056
3024057,274.0418920660291
3024058,0.37254512086948105
3024059,319.2148779385577
3024060,9.940689608375706
3024061,294.4215842362059
3024062,348.19036754945955
3024063,124.9646723498849
3024064,122.34462310796637
3024065,117.85214329526023
3024066,273.23848149778064
3024067,16.875264711599947
3024068,1.7966186870001561
3024069,21.58213148701502
3024070,26.34393158311853
3024071,0.40544337986601564
3024072,160.8711054077057
3024073,13.876935405808936
3024074,15.30619692942478
3024075,11.052113687498007
3024076,73.99225033207425
3024077,6.416531945761808
3024078,247.7702065970844
3024079,152.8811936958112
3024080,3.448689479636167
3024081,10.76350844097791
3024082,260.15263079590176
3024083,62.196712914858495
3024084,5.673194612498862
3024085,0.1534290058205928
3024086,27.016910253533645
3024087,0.4232087835894923
3024088,0.0
3024089,1.6028982479463325
3024090,297.9736006298103
3024091,0.0
3024092,96.05715388054061
3024093,2.638568564338426
3024094,235.45165330102935
3024095,266.1085243734411
3024096,227.7345864639435
3024097,51.81991847716724
3024098,30.452407955242222
3024099,270.4537271156086
3024100,4.242651578261145
3024101,0.0
3024102,9.218114797066189
3024103,6.711473535889322
3024104,0.0
3024105,148.8530515977144
3024106,3.761856332357962
3024107,0.0
3024108,0.741760411861888
3024109,10.645370874873676
3024110,0.0
3024111,173.01693043636283
3024112,168.50647835929385
3024113,0.1990185212174924
3024114,2.4560374824999127
3024115,129.05389086083377
3024116,24.388680844067366
3024117,292.0072636469578
3024118,10.126593801079537
3024119,1.913149386755803
3024120,6.989505374910336
3024121,0.0
3024122,5.5715943171358004
3024123,247.38443618403392
3024124,0.0
3024125,216.39986683265698
3024126,11.767989407406892
3024127,267.4055463139582
3024128,337.70573354103925
3024129,329.3084826972815
3024130,208.99165325617543
3024131,72.8979988671871
3024132,304.1372112214558
3024133,24.901858088510394
3024134,0.2394444179508262
3024135,23.0455146752652
3024136,16.164962754439067
3024137,0.0
3024138,330.5622851235857
3024139,5.426338338134882
3024140,1.1344968694217152
3024141,9.80828884004119
3024142,28.487215935806034
3024143,1.2559867082818597
3024144,273.3477386501409
3024145,319.1485958537118
3024146,2.613969025908166
3024147,12.234725810740764
3024148,263.5071907005714
3024149,90.86203692546424
3024150,280.7363730549424
3024151,35.228164506776004
3024152,11.496103113577467
3024153,5.659949779680047
3024154,0.0
3024155,0.9412157790385148
3024156,254.48717422218226
3024157,0.0
3024158,164.74829589841923
3024159,14.01571811889945
3024160,268.3674232429253
3024161,314.67682426152135
3024162,186.52448423870837
3024163,49.28346469386917
3024164,36.59072982228271
3024165,273.3999708157104
3024166,5.236322654673843
3024167,0.0
3024168,10.069579003357585
3024169,19.50477932102122
3024170,0.0
3024171,160.42814049379047
3024172,6.0292071586360185
3024173,0.0
3024174,7.117573700626377
3024175,26.020252957240352
3024176,0.7305263421310771
3024177,146.68487513088803
3024178,169.46748602953903
3024179,0.7192595880419499
3024180,6.222810811483993
3024181,142.50642867216177
3024182,30.698920743409584
3024183,363.21584851985307
3024184,11.953517726972713
3024185,2.577805522540437
3024186,4.405846504221613
3024187,0.0
3024188,3.040364968591954
3024189,208.98629674078592
3024190,0.0
3024191,106.78146336917428
3024192,6.932666269903041
3024193,230.26470684566996
3024194,235.30236567703724
3024195,146.33541675280048
3024196,38.1023047317196
3024197,30.55198036728762
3024198,261.0361564514852
3024199,12.92055578481451
3024200,0.0
3024201,15.55101193589845
3024202,6.507235452960225
3024203,0.0
3024204,136.67585961140486
3024205,0.5925187835936608
3024206,0.0
3024207,1.8124107418584157
3024208,29.37202007953236
3024209,1.005325352526798
3024210,148.66947865246493
3024211,178.30512557646898
3024212,0.0
3024213,3.9885022489322193
3024214,90.11953010261215
3024215,19.552710358185394
3024216,243.8624851402409
3024217,7.389889422190669
3024218,0.30028983150790406
3024219,2.6276227399708
3024220,0.0
3024221,3.241850435243853
3024222,307.27264682801047
3024223,0.0
3024224,157.28327904014358
3024225,9.853849668428039
3024226,279.6964926198792
3024227,329.35655920684593
3024228,229.52742093307688
3024229,32.78003099456479
3024230,37.50377857131528
3024231,271.7245163991967
3024232,3.84530303076247
3024233,0.04086308254266535
3024234,6.445337052174539
3024235,17.358766871459967
3024236,0.0
3024237,182.93625517672754
3024238,0.7812638914829468
3024239,0.0
3024240,2.037545721946361
3024241,12.100958545129581
3024242,0.5615634203000638
3024243,199.12081733465925
3024244,228.86239327235978
3024245,0.39473254397241153
3024246,4.55127696886911
3024247,67.04850740880848
3024248,84.0330684013651
3024249,366.71220601254225
3024250,0.1434733745910747
3024251,3.4962354227502583
3024252,2.167470924309076
3024253,0.12272875762464093
3024254,2.073416348727248
3024255,203.66250425099733
3024256,0.0
3024257,137.3639504723341
3024258,3.9277962234846497
3024259,277.7467876642209
3024260,298.5923470315099
3024261,221.5567249253508
3024262,88.75613750464443
3024263,55.09149538761203
3024264,304.1372112214558
3024265,5.1230759867354205
3024266,0.7777299334967799
3024267,10.84193909164748
3024268,19.20919878477977
3024269,0.0
3024270,199.47799757667386
3024271,5.955646872775689
3024272,0.0
3024273,2.577779047196404
3024274,17.022683330142538
3024275,0.707242635640135
3024276,121.90855085372519
3024277,188.8234357808579
3024278,0.3521276214056801
3024279,4.330940650075701
3024280,109.28731673542822
3024281,37.52186583172039
3024282,313.31461575728713
3024283,6.661214553040553
3024284,4.246515004145691
3024285,3.147792537340965
3024286,0.0
3024287,1.0280695213792497
3024288,247.29577284727296
3024289,0.0
3024290,142.56915756936638
3024291,4.512632204018048
3024292,227.401217813033
3024293,230.077387212141
3024294,150.2488541634478
3024295,119.61433141064548
3024296,27.92223898707788
3024297,196.0942813889416
3024298,4.074497440405675
3024299,0.0
3024300,10.422404962801654
3024301,11.703652389503302
3024302,0.0
3024303,148.72636939613307
3024304,0.0
3024305,0.0
3024306,1.5464385429910366
3024307,24.076511186115237
3024308,0.6147439388880241
3024309,45.11798206052629
3024310,129.26915107191527
3024311,0.2604627331037565
3024312,1.9639854360860292
3024313,56.692487639152176
3024314,35.69268637192604
3024315,377.1035035625519
3024316,0.0
3024317,0.5975604353469055
3024318,7.254019242172074
3024319,0.19642575667096487
3024320,3.003780611704181
3024321,265.11017439232035
3024322,0.0
3024323,282.84112395855374
3024324,8.590376119797572
3024325,277.2255917388179
3024326,229.60775956877472
3024327,328.40117397931584
3024328,172.59436980861923
3024329,97.82451712530279
3024330,264.0973726146291
3024331,12.29538895311915
3024332,0.6806346510673592
3024333,23.667262223257694
3024334,25.22731805877433
3024335,0.0
3024336,264.62748491520466
3024337,0.0
3024338,0.0
3024339,11.240587142132917
3024340,26.768838385958475
3024341,3.049767565730406
3024342,245.4095747113591
3024343,252.3958576428695
3024344,0.64990903879556
3024345,6.639977632190787
3024346,316.9083579865542
3024347,47.487467160179875
3024348,276.2825036882654
3024349,26.309289062780245
3024350,10.980719354327253
3024351,2.442200469227252
3024352,0.2625691244513524
3024353,4.81479303035849
3024354,254.9728720379342
3024355,0.0
3024356,143.45832406201652
3024357,6.626140618918127
3024358,241.14079381549536
3024359,213.02240491553349
3024360,193.1627581938468
3024361,154.52540678228726
3024362,42.54610093686532
3024363,301.04338581798135
3024364,13.399152157543574
3024365,0.04182248445965216
3024366,13.24630215359624
3024367,20.931859908274927
3024368,0.0
3024369,170.11861642489322
3024370,8.387920416335383
3024371,6.571474995911986
3024372,7.542186359002801
3024373,37.95760166903956
3024374,0.811743841054994
3024375,90.08134786396236
3024376,163.57207505087914
3024377,1.4345765581078165
3024378,6.661041626421616
3024379,152.4881797709858
3024380,42.82464664468696
3024381,277.23188207177463
3024382,50.81722642900096
3024383,12.847187243112362
3024384,4.583577900448289
3024385,0.0
3024386,3.2679096154549394
3024387,265.83757933980115
3024388,0.0
3024389,151.88306184076276
3024390,5.783702326683382
3024391,244.4833488926883
3024392,311.20679239464323
3024393,264.2280882459865
3024394,55.53490092439657
3024395,38.16074786401537
3024396,276.45004804668014
3024397,14.144142027096875
3024398,0.9429554643407917
3024399,10.386314455678178
3024400,15.472296104601984
3024401,0.0
3024402,166.81642983152062
3024403,7.663446398788596
3024404,0.0
3024405,3.2509626182093094
3024406,36.20531889187685
3024407,2.563885478806557
3024408,140.69824734394493
3024409,173.31736176272946
3024410,0.5165281818217848
3024411,4.592785073842833
3024412,100.99974441674863
3024413,25.939006477089755
3024414,365.8029849591723
3024415,8.35997243826547
3024416,3.6838876787455526
3024417,5.577187759263306
3024418,0.0
3024419,6.0980053599924045
3024420,268.75059869058634
3024421,0.0
3024422,207.40291732316606
3024423,12.5187196705295
3024424,231.96566608186274
3024425,221.58615464257596
3024426,181.585341688624
3024427,145.39378361436206
3024428,81.489098289575
3024429,263.468282033275
3024430,24.809810932290418
3024431,0.960584033957846
3024432,16.256329974031356
3024433,30.627932124097814
3024434,0.0
3024435,191.6269990934332
3024436,18.536511952578817
3024437,12.776995963011412
3024438,3.2697851895908716
3024439,54.56515285000466
3024440,7.906498116741102
3024441,311.9458758338029
3024442,231.36812215372308
3024443,6.697876750451803
3024444,6.7098287380354265
3024445,321.62482037402344
3024446,92.952784891413
3024447,8.224366381657198
3024448,0.0
3024449,32.054437406455186
3024450,5.300741301920913
3024451,0.0
3024452,4.120895916202771
3024453,255.25066508533203
3024454,0.0
3024455,320.04511071402356
3024456,5.926037077767675
3024457,255.45482655623877
3024458,303.46171967285636
3024459,353.13683372168833
3024460,93.95058101550593
3024461,69.65432148152642
3024462,283.88259923849364
3024463,8.3635436459325
3024464,0.0
3024465,17.125092203117596
3024466,15.274331014346599
3024467,0.0
3024468,281.1006416212309
3024469,0.55849043229638
3024470,6.2194198095858795
3024471,5.39025931912892
3024472,36.4393184630022
3024473,1.4699063960319683
3024474,267.7807136938805
3024475,284.39594046459285
3024476,2.5527168858248905
3024477,5.103012458855539
3024478,245.97808198484282
3024479,57.6633930850665
3024480,289.2423165887219
3024481,79.65119173422487
3024482,14.017015087018375
3024483,8.926641968395542
3024484,0.11986355883579126
3024485,4.684355203792464
3024486,242.12397893428124
3024487,0.0
3024488,321.65514024476755
3024489,5.427683906420465
3024490,244.20310521279023
3024491,328.9065120465218
3024492,266.7777041575984
3024493,220.91076580889893
3024494,74.75958895400974
3024495,284.7994632340282
3024496,16.310974780583365
3024497,0.15544874588655785
3024498,31.83734175443514
3024499,28.17615381985313
3024500,0.0
3024501,273.06064977527114
3024502,3.146446969055384
3024503,3.644576618332786
3024504,10.197210918400117
3024505,57.047580091383445
3024506,0.9203288716218164
3024507,114.17300869721616
3024508,224.25744615456773
3024509,2.588255003505676
3024510,4.894969685924407
3024511,158.6405189114809
3024512,144.09435672065197
3024513,274.83089267893087
3024514,0.0
3024515,4.850998084810116
3024516,3.676035079220933
3024517,0.0
3024518,4.177343629621302
3024519,254.76368986651755
3024520,0.0
3024521,110.39950890530761
3024522,5.485583024681481
3024523,346.1931295579408
3024524,293.9420392352661
3024525,132.47869807393192
3024526,44.29876770908431
3024527,40.91976561810835
3024528,264.64901249082016
3024529,6.1079404360011536
3024530,0.31073931247314285
3024531,24.428504236884493
3024532,19.5177803445228
3024533,0.0
3024534,163.38065370304588
3024535,0.0
3024536,0.0
3024537,3.8854641050073946
3024538,23.11766361864991
3024539,1.9945249202751851
3024540,87.58422339917998
3024541,156.52664053660726
3024542,0.3364533348756328
3024543,5.29939573363533
3024544,132.27359781798668
3024545,26.156611312604145
3024546,366.2873182329759
3024547,29.67451515163833
3024548,1.202100546541004
3024549,1.2573322765674404
3024550,0.0
3024551,3.004050407356241
3024552,228.72689006198465
3024553,0.0
3024554,239.26408459448277
3024555,7.143927986102204
3024556,259.19323073151037
3024557,323.4610763117098
3024558,109.17746008783281
3024559,41.563656242977274
3024560,51.49897029142836
3024561,268.77388371331665
3024562,19.707902856404917
3024563,0.0
3024564,7.827433993867931
3024565,16.10939996392324
3024566,0.14905747473936456
3024567,109.17913995512447
3024568,11.941270850399029
3024569,0.8822714846093556
3024570,8.436225462655305
3024571,31.932816855480937
3024572,3.674689510935352
3024573,290.071055413768
3024574,144.82928315181383
3024575,2.5527168858248905
3024576,5.103012458855539
3024577,284.06985508769094
3024578,27.481143164238542
3024579,5.416721094602694
3024580,0.0
3024581,7.404604848002598
3024582,0.9249513942237949
3024583,0.0
3024584,3.997522132197153
3024585,259.71678046877
3024586,0.0
3024587,256.8866922391537
3024588,13.024169106335773
3024589,235.40311614325978
3024590,236.8632671588604
3024591,244.90470836891757
3024592,202.29669492985508
3024593,141.18465066083104
3024594,247.0949481249714
3024595,29.325959977099952
3024596,0.10741378663566781
3024597,16.088471672238587
3024598,30.731873177139125
3024599,0.0
3024600,215.07361751838104
3024601,13.173107009810984
3024602,29.21605723032827
3024603,9.34679856951173
3024604,57.20183591146905
3024605,10.59268605269824
3024606,319.21288825156614
3024607,255.80957068706223
3024608,13.733723261320238
3024609,6.736657035515765
3024610,320.53812241648205
3024611,96.58602896166616
3024612,3.9054813521422203
3024613,0.0
3024614,21.22671019149367
3024615,2.589600571791257
3024616,0.0
3024617,3.83357432269342
3024618,256.6503499832566
3024619,0.0
3024620,279.8310762123044
3024621,7.3739903941729725
3024622,324.6013376369697
3024623,340.9416118511855
3024624,152.95304845173064
3024625,105.97688680743572
3024626,70.00815466184103
3024627,235.19811947194552
3024628,21.600266060579333
3024629,0.7467745702031828
3024630,18.616533667725268
3024631,15.093462739638001
3024632,0.0
3024633,88.11580862742903
3024634,0.0
3024635,20.139543241342068
3024636,4.299985286782104
3024637,118.10595455879921
3024638,10.513853388815619
3024639,146.78201399796654
3024640,118.45710747205527
3024641,5.103012458855539
3024642,6.048444056485427
3024643,146.4797907067192
3024644,33.71897506263869
3024645,0.0
3024646,0.3000810240963456
3024647,7.241084832714656
3024648,3.7730883131877224
3024649,0.0
3024650,0.3043277350170295
3024651,298.69580187710295
3024652,0.0
3024653,196.24837137022521
3024654,3.676035079220933
3024655,258.57122602120296
3024656,202.66417078474046
3024657,72.6149588709306
3024658,32.033027966248554
3024659,27.500000188020724
3024660,244.95372950201156
3024661,9.123631907812312
3024662,0.18598823007571222
3024663,11.396397065398123
3024664,5.685903743236659
3024665,0.0
3024666,60.858283339875484
3024667,0.0
3024668,6.2973758659306975
3024669,0.10717409780279058
3024670,12.880260275339042
3024671,0.0
3024672,206.33884411194893
3024673,96.68920167459228
3024674,0.4880031344397348
3024675,0.55849043229638
3024676,119.50799965013059
3024677,22.89817757225091
3024678,328.0178289318364
3024679,0.16785065465187507
3024680,2.130406539224175
3024681,5.868137959506659
3024682,0.2777517060095944
3024683,3.538112231722995
3024684,249.0566468714775
3024685,0.0
3024686,214.3413630280478
3024687,13.174843451416558
3024688,181.58284477846968
3024689,176.75406693371062
3024690,248.49501757760046
3024691,211.79930349153028
3024692,100.33828002035085
3024693,269.73001746744995
3024694,27.41574878992886
3024695,2.020238942677677
3024696,15.0227447495825
3024697,25.55076583250306
3024698,0.0
3024699,171.380456064139
3024700,6.5450489376379455
3024701,32.173662677973134
3024702,9.695579614709967
3024703,93.33624035884915
3024704,3.3909846135538304
3024705,264.84862763419824
3024706,235.49610873834882
3024707,8.80154385310663
3024708,7.879424973062749
3024709,305.2641934380105
3024710,62.692100054977594
3024711,2.929468464733568
3024712,0.0
3024713,13.778289548209958
3024714,5.555434130526121
3024715,0.0
3024716,2.6802363437377155
3024717,210.8849092899113
3024718,0.0
3024719,312.0314119253185
3024720,11.636695649535527
3024721,216.32719511932325
3024722,305.54768242378
3024723,290.57654556284064
3024724,189.15958856723176
3024725,70.23040336659541
3024726,308.952360338014
3024727,17.71914035016722
3024728,0.35754751705722193
3024729,24.881452281325423
3024730,17.27633064566162
3024731,0.28019982828398854
3024732,227.19023076758143
3024733,0.0
3024734,5.840793636448379
3024735,4.569185753993481
3024736,34.202642288636596
3024737,0.08595252183713514
3024738,183.6214217366699
3024739,249.46443062954233
3024740,3.674689510935352
3024741,4.299985286782104
3024742,176.92084974939326
3024743,80.74617191156099
3024744,306.96672988312076
3024745,0.5864254411414433
3024746,4.255334891690992
3024747,5.104358027141122
3024748,0.0
3024749,2.5183024263430362
3024750,240.94324847673604
3024751,0.0
3024752,313.08014509488714
3024753,10.180608615747401
3024754,243.02237475524504
3024755,297.7609934158307
3024756,225.6437946322894
3024757,190.29421236339127
3024758,57.58305545362137
3024759,297.18547627771886
3024760,15.989355301850587
3024761,0.5890299164855343
3024762,22.608715189002382
3024763,21.414111786818054
3024764,0.0
3024765,218.0998033070737
3024766,0.0
3024767,10.348731765686635
3024768,5.103012458855539
3024769,39.92353621135216
3024770,0.5442566410313793
3024771,122.10437280797679
3024772,199.97991444217325
3024773,3.146446969055384
3024774,4.299985286782104
3024775,175.69739979702928
3024776,59.044979948081064
3024777,298.08474413087987
3024778,0.6169649253305977
3024779,5.82991113722317
3024780,9.477905815931091
3024781,0.3398859345417237
3024782,15.283858581368087
3024783,268.0869752432812
3024784,0.0
3024785,224.8179314797872
3024786,31.305312657294117
3024787,256.2304463565347
3024788,252.44830773972248
3024789,303.703388739443
3024790,327.1687022838174
3024791,297.3155257032838
3024792,305.7806420907303
3024793,67.68135392498793
3024794,1.9639854360860292
3024795,43.115510382051845
3024796,49.04383536427458
3024797,0.0
3024798,332.8958488018276
3024799,31.045878766248887
3024800,43.47193417218097
3024801,22.432323914199998
3024802,139.7755750441522
3024803,24.129238379072632
3024804,0.0
3024805,338.52432809253617
3024806,17.70258046223632
3024807,21.860576849017665
3024808,145.93123334579812
3024809,211.05736131569986
3024810,11.613658441434218
3024811,0.0
3024812,65.98582502545104
3024813,2.615314594193747
3024814,0.19003448552377158
3024815,0.21280813193090595
3024816,225.59716378905674
3024817,0.0
3024818,144.96387163747775
3024819,4.694283869282397
3024820,315.4414415708372
3024821,232.74283234426926
3024822,100.86739029915493
3024823,116.70703866734586
3024824,42.10100129124357
3024825,160.8578180532356
3024826,6.192900340440155
3024827,0.0
3024828,13.164602497086795
3024829,6.49242487435995
3024830,0.0
3024831,126.11839573852639
3024832,0.7703036597685231
3024833,0.0
3024834,1.621102101923692
3024835,25.096091289037332
3024836,0.3667930809354749
3024837,60.15890167816368
3024838,82.37446903373241
3024839,0.4880031344397348
3024840,2.5527168858248905
3024841,99.57260807279387
3024842,22.545559311259776
3024843,323.2847441975291
3024844,0.0
3024845,3.051129487711659
3024846,6.795901722062363
3024847,0.0
3024848,1.084323027970894
3024849,201.39448556592467
3024850,0.0
3024851,327.16481368849924
3024852,8.734235631864438
3024853,255.45482655623877
3024854,212.0895891336257
3024855,201.5862764566779
3024856,257.8711957860868
3024857,72.60048301735614
3024858,283.88259923849364
3024859,10.148894342086058
3024860,0.0
3024861,15.553347058173099
3024862,18.237346042309383
3024863,0.0
3024864,253.80615788654782
3024865,0.1470452291344939
3024866,4.177808366905785
3024867,12.152639276519489
3024868,17.132071511481055
3024869,0.4377265550703487
3024870,308.81665055778285
3024871,215.1443780616222
3024872,3.146446969055384
3024873,6.1182951623300665
3024874,131.78929235669645
3024875,56.12684559314404
3024876,307.9175957569548
3024877,0.5986260297432182
3024878,4.225702308963357
3024879,0.8397853834724468
3024880,0.0
3024881,0.17501531060853875
3024882,276.63262906560556
3024883,0.0
3024884,104.10846821790108
3024885,4.301330855067687
3024886,321.85348560504485
3024887,132.7130774112816
3024888,78.4458564332288
3024889,126.69713874189321
3024890,16.720354394234125
3024891,241.30303858396067
3024892,0.5198335384365874
3024893,0.0
3024894,5.944198841541408
3024895,3.760850909488427
3024896,0.0
3024897,78.08487649819386
3024898,0.0
3024899,0.0
3024900,0.18598823007571222
3024901,23.98594701026584
3024902,0.0
3024903,71.22466308952332
3024904,72.73337509383353
3024905,0.18598823007571222
3024906,0.0
3024907,53.819628994104114
3024908,9.378235404086432
3024909,289.31213701310725
3024910,0.0
3024911,0.45983099510136893
3024912,5.995888183612315
3024913,0.0
3024914,1.6988859346611584
3024915,205.81209097602192
3024916,0.0
3024917,194.9666265227381
3024918,9.18062292402684
3024919,268.2415056470767
3024920,293.5016267404156
3024921,169.07497998205992
3024922,155.99012796828654
3024923,43.237754970494144
3024924,263.1764876028762
3024925,3.0770806313989914
3024926,0.0
3024927,29.918856160112583
3024928,14.038551615818047
3024929,0.0
3024930,188.37700436676502
3024931,0.0
3024932,0.0
3024933,10.176161612656434
3024934,28.84202241514645
3024935,0.3406776874419762
3024936,229.2811447215904
3024937,188.0311860664422
3024938,1.1986512744828515
3024939,1.2664891601005548
3024940,200.202353658877
3024941,28.031035285039042
3024942,303.32695300204364
3024943,0.0
3024944,0.26728609637122736
3024945,1.965331004371611
3024946,0.0
3024947,0.9840255768823484
3024948,245.08097402783315
3024949,0.0
3024950,132.7917841309699
3024951,6.919654269065696
3024952,244.95522407379178
3024953,188.08692066911456
3024954,198.43275706494708
3024955,119.284603068228
3024956,56.83361204996549
3024957,299.0247322468425
3024958,6.636011209426963
3024959,3.1830112951632845
3024960,25.415820857386436
3024961,34.086739064672045
3024962,0.0
3024963,189.7812157082318
3024964,0.7630802631273365
3024965,5.465489909214185
3024966,2.5527168858248905
3024967,16.79973994871031
3024968,1.2598087154203437
3024969,159.49858630981154
3024970,251.35548921035618
3024971,2.5577155193165217
3024972,5.484237456395898
3024973,132.08514860872808
3024974,25.71987017452858
3024975,315.1308290432657
3024976,2.89443259500996
3024977,2.1195147038104603
3024978,1.8565661781249942
3024979,0.0
3024980,0.7354668603934389
3024981,198.7579648611543
3024982,0.0
3024983,130.50745609001356
3024984,1.6224476702092727
3024985,328.0582219866199
3024986,149.26909653018458
3024987,85.12654094266118
3024988,117.54791593525351
3024989,38.861922227829915
3024990,234.16515855444834
3024991,5.674728832812922
3024992,0.2114625636453251
3024993,7.5240996129985165
3024994,2.7792184649350675
3024995,0.0
3024996,81.95701830005234
3024997,0.0
3024998,0.0
3024999,0.0
3025000,23.14105933920458
3025001,0.29569792454247024
3025002,180.68784076970877
3025003,78.90535464093837
3025004,0.27847227511938816
3025005,3.4039949716093534
3025006,45.264036655996534
3025007,15.523607777692188
3025008,369.9915031930725
3025009,0.0
3025010,0.9936478794094551
3025011,3.676035079220933
3025012,0.0
3025013,0.8579763226723728
3025014,215.97319431358656
3025015,0.0
3025016,331.72324619117967
3025017,8.74499030313119
3025018,215.3154123514344
3025019,320.92600063569955
3025020,193.88324372821828
3025021,153.30130362618746
3025022,69.19962396631779
3025023,266.4557568937635
3025024,8.741757927605521
3025025,0.0
3025026,38.09067093988918
3025027,9.426501008274485
3025028,0.0
3025029,192.05823708016848
3025030,0.0
3025031,27.719555583106185
3025032,3.146446969055384
3025033,42.392825431213154
3025034,0.37656911413285626
3025035,208.7501500819444
3025036,202.03834755623865
3025037,2.1828090581819892
3025038,1.9639854360860292
3025039,123.74812310108567
3025040,39.80917337600578
3025041,297.5530921914144
3025042,0.0
3025043,0.9619459559390993
3025044,3.91649970489269
3025045,0.0
3025046,8.626025086118737
3025047,205.35142851433255
3025048,0.0
3025049,297.48516051030856
3025050,4.552622537154693
3025051,232.40894077980886
3025052,190.13772928691273
3025053,149.2351914514168
3025054,105.82557495376011
3025055,106.08701467496444
3025056,258.45800249170696
3025057,38.326452962208144
3025058,0.455033334339033
3025059,19.39404360723626
3025060,31.5319044693867
3025061,0.2226177605996931
3025062,183.96931860205834
3025063,20.739434893844855
3025064,18.113574118118883
3025065,0.9011082656334801
3025066,74.34975270293295
3025067,8.07673780592641
3025068,186.39695608367518
3025069,253.65572143154262
3025070,11.895347486569321
3025071,11.287408197708507
3025072,213.79935726252455
3025073,56.31007717501984
3025074,3.1352442864098364
3025075,0.0
3025076,8.84454119413725
3025077,5.485583024681481
3025078,0.0
3025079,7.361145400727758
3025080,199.5932265065258
3025081,0.0
3025082,340.1232598074482
3025083,8.926641968395542
3025084,246.34593913918184
3025085,236.20872784602832
3025086,132.9008729273117
3025087,77.07286451317292
3025088,94.3341133264293
3025089,298.49308030737706
3025090,24.390474566239128
3025091,0.17366974232295782
3025092,38.64318430250612
3025093,39.275930855731225
3025094,0.0
3025095,261.53159047909554
3025096,19.924872444620128
3025097,13.955568737954245
3025098,8.773460734666095
3025099,53.70147290464173
3025100,10.478362855636991
3025101,135.7181395295399
3025102,305.8646423771365
3025103,6.077756729613438
3025104,9.695579614709967
3025105,111.80713098879205
3025106,72.89502756888307
3025107,3.8107323233996087
3025108,9.922533475044757
3025109,11.782423987683657
3025110,7.4767210009563545
3025111,0.0
3025112,4.641070620206777
3025113,238.13519902609394
3025114,0.0
3025115,184.4502790825963
3025116,3.1558652818507658
3025117,245.53080840294595
3025118,317.0715960260921
3025119,178.43093002828996
3025120,227.74327771813745
3025121,59.984625808334975
3025122,266.7855119310183
3025123,30.060290863486866
3025124,0.9682536076388388
3025125,22.689636754531623
3025126,17.441505230731984
3025127,0.0
3025128,299.10514794134366
3025129,4.373545572642434
3025130,15.559326807767473
3025131,7.385277074002917
3025132,32.95707545894726
3025133,4.033587168669267
3025134,154.44074720308217
3025135,289.36237206464006
3025136,6.0681029011870615
3025137,8.847021020526423
3025138,198.43194259220715
3025139,46.53018488490892
3025140,306.56216502726966
3025141,2.2596414986297737
3025142,11.433624689437897
3025143,2.136515561015479
3025144,0.09585883924998526
3025145,6.6996662386846175
3025146,276.9548245614793
3025147,0.0
3025148,329.76425678476903
3025149,6.067410995965949
3025150,224.33368731009983
3025151,195.5729968415982
3025152,156.05030420503613
3025153,118.36591926261998
3025154,65.05846017715393
3025155,273.05624241028164
3025156,21.190466250593435
3025157,0.3619538802297605
3025158,15.41822796368527
3025159,9.957725325651737
3025160,0.0
3025161,156.89134046728645
3025162,15.899258523581084
3025163,19.212825732390307
3025164,1.2035552088286996
3025165,49.61482214979221
3025166,6.703052505460197
3025167,301.6472511170518
3025168,222.5856623385096
3025169,4.47771668300878
3025170,6.794556153776781
3025171,311.271663195538
3025172,50.91944955551914
3025173,8.521815845354396
3025174,0.0
3025175,22.67596608452078
3025176,2.038891290231942
3025177,0.0
3025178,4.0473405369762885
3025179,220.7125018415873
3025180,0.0
3025181,326.53599706290555
3025182,8.274439893870994
3025183,246.4964192846249
3025184,262.1677278615822
3025185,246.7219567484112
3025186,180.22682880443304
3025187,62.95950459209479
3025188,261.12618768871425
3025189,10.994288021340523
3025190,2.2883924710145136
3025191,26.476498754924815
3025192,24.635605571397438
3025193,0.0
3025194,324.54239213909597
3025195,0.0
3025196,0.0
3025197,8.43649170495341
3025198,38.5970744505931
3025199,1.1854502497053447
3025200,133.88688954288236
3025201,277.45000215935715
3025202,1.619998828851365
3025203,11.656602352717057
3025204,155.88902762275094
3025205,50.13487310522498
3025206,291.5920418082221
3025207,0.0
3025208,3.9996464041564592
3025209,5.487500847037355
3025210,0.0
3025211,7.456358229060032
3025212,231.40499722759793
3025213,0.0
3025214,337.38396393404815
3025215,11.193537114095609
3025216,237.5932122334504
3025217,267.9720553677056
3025218,177.38686367953738
3025219,108.73922106406323
3025220,107.0124386299864
3025221,260.6614918537423
3025222,28.36450415041568
3025223,0.617816926891708
3025224,20.36525004416383
3025225,48.7622273470698
3025226,0.0
3025227,206.16439972629718
3025228,16.37444020372603
3025229,12.745580494810492
3025230,5.874469951099234
3025231,50.04801282100463
3025232,11.09044342155539
3025233,177.9194516306211
3025234,232.33257885580414
3025235,10.115740016247356
3025236,6.697327312546622
3025237,169.26334520335823
3025238,51.61601485033825
3025239,4.776350134728189
3025240,0.0
3025241,7.663006856623495
3025242,3.846648599048051
3025243,0.0
3025244,5.814199431502781
3025245,241.85029667688582
3025246,0.0
3025247,361.46365538263984
3025248,5.374301587781242
3025249,230.3521556915122
3025250,234.17983916372853
3025251,143.39541962843757
3025252,104.91301818035524
3025253,101.95216434458817
3025254,252.2273360922675
3025255,23.601717568733502
3025256,0.486863738335885
3025257,22.137814581545978
3025258,23.926036597914866
3025259,0.0
3025260,170.9602203231736
3025261,11.441555975696208
3025262,31.21426450875757
3025263,1.6457093719758773
3025264,41.514987391232964
3025265,8.07673780592641
3025266,206.43717860800857
3025267,192.11356496643592
3025268,8.022836364767718
3025269,6.86811643963711
3025270,193.09417757037144
3025271,44.52671923966183
3025272,101.30261420349339
3025273,0.0
3025274,11.390562581135764
3025275,5.9824677431399
3025276,0.0
3025277,6.686266286350991
3025278,121.75243166169061
3025279,0.0
3025280,88.82115359861666
3025281,14.213721427441259
3025282,130.34088568441982
3025283,169.24970657280937
3025284,272.74078308836926
3025285,191.80898825162788
3025286,59.59619382236557
3025287,170.5611153371211
3025288,10.035008742329193
3025289,0.0
3025290,15.03711460461108
3025291,22.539253483758337
3025292,0.0
3025293,236.46907125125574
3025294,0.0
3025295,16.20492066611562
3025296,0.9254099647482441
3025297,46.08536038178997
3025298,4.174125678563413
3025299,199.30503220559407
3025300,281.8691286132432
3025301,2.0204161014582565
3025302,1.9366869410737229
3025303,220.49363381311684
3025304,124.5677218309482
3025305,268.5280117123338
3025306,1.3628380536555944
3025307,0.33879810037768854
3025308,13.138009603749323
3025309,0.0
3025310,14.23949356071855
3025311,241.16844605726178
3025312,0.0
3025313,208.10954704365042
3025314,19.582577089713418
3025315,232.57047178382322
3025316,239.16932493887933
3025317,355.9197759509128
3025318,321.7556122568466
3025319,329.27011185934646
3025320,298.49308030737706
3025321,79.19001801277695
3025322,2.5527168858248905
3025323,102.23750449820365
3025324,104.93943550472655
3025325,0.0
3025326,329.9115671947093
3025327,34.41479084175701
3025328,22.60364490897449
3025329,48.50772241581191
3025330,205.3523890020302
3025331,21.865745147290685
3025332,0.0
3025333,343.8201355386159
3025334,32.79502729690824
3025335,32.52837851300679
3025336,116.86757056022181
3025337,287.230274632434
3025338,17.334715119922425
3025339,235.79131597706055
3025340,79.36580003213567
3025341,13.3165179534393
3025342,0.0
3025343,13.996551508118962
3025344,247.2547123129097
3025345,0.0
3025346,99.14765590278974
3025347,21.032372680623247
3025348,162.5086154405587
3025349,166.5306558040091
3025350,313.2748735230471
3025351,281.86684074903457
3025352,246.26335701266586
3025353,298.49308030737706
3025354,100.95915892632179
3025355,0.7068267565356923
3025356,57.890423265848476
3025357,72.55521996732473
3025358,0.09743096275122798
3025359,313.8926811459919
3025360,22.99385445940097
3025361,28.61918194491859
3025362,8.305492537548542
3025363,136.1460382851482
3025364,19.311654487833923
3025365,24.21963383167443
3025366,352.5587322498173
3025367,21.470768087657746
3025368,23.993357406732144
3025369,116.08746533099492
3025370,225.86929715192846
3025371,18.129057424304087
3025372,216.70611915285244
3025373,73.50263869463924
3025374,10.557833864902936
3025375,0.0
3025376,21.028885099595506
3025377,244.7552230677658
3025378,0.0
3025379,211.52166711342107
3025380,11.061537576506577
3025381,232.57047178382322
3025382,249.76821076927416
3025383,205.6270226437495
3025384,125.08497703340022
3025385,224.1874000377443
3025386,264.775886062933
3025387,43.235811781329915
3025388,2.461036115991544
3025389,43.493116152541525
3025390,24.05598395270351
3025391,0.0
3025392,344.38076794374064
3025393,32.373195093524856
3025394,18.509623173624167
3025395,9.500104019541407
3025396,87.23777589516973
3025397,9.681251343556648
3025398,196.47133966870587
3025399,267.22323438919545
3025400,21.210203361556808
3025401,37.68675349800681
3025402,157.88502731221524
3025403,120.10650207312557
3025404,6.504293860891505
3025405,225.47585672143916
3025406,37.09850787474516
3025407,15.277655871153721
3025408,0.0
3025409,21.533099952221693
3025410,242.78160973803352
3025411,0.0
3025412,232.71090992859743
3025413,18.95684872681792
3025414,267.5376327245937
3025415,239.16932493887933
3025416,338.1952566433089
3025417,301.2789915821274
3025418,221.78929220176346
3025419,298.49308030737706
3025420,43.793583917216715
3025421,1.1898467891460358
3025422,60.18312715606846
3025423,66.63458146026858
3025424,0.47283134491161216
3025425,324.74098404151465
3025426,28.248965845234252
3025427,22.178398244534453
3025428,12.119819224569362
3025429,137.12942375704435
3025430,13.000269873087719
3025431,0.0
3025432,286.13449019804045
3025433,20.64733479874416
3025434,26.543677369513546
3025435,190.21407365168207
3025436,197.28161736441638
3025437,12.051468912321438
3025438,245.01114968813468
3025439,56.72708678610631
3025440,10.84088165695097
3025441,0.0
3025442,23.566861516737575
3025443,244.65657454563583
3025444,0.0
3025445,233.5165489768239
3025446,13.963916265776794
3025447,267.5376327245937
3025448,226.11312475302955
3025449,342.6186055426417
3025450,94.48330579781397
3025451,161.64316506515115
3025452,273.18125624152935
3025453,36.75331965123585
3025454,0.0
3025455,25.449759454765502
3025456,48.449594157571575
3025457,0.0
3025458,328.88429267446287
3025459,22.543705994613052
3025460,10.351046567784183
3025461,8.154234988410717
3025462,81.27013835040634
3025463,5.951764653160449
3025464,225.41884527517425
3025465,355.99885936900625
3025466,17.681115540791396
3025467,25.453875013299296
3025468,137.21121788881516
3025469,76.9693765089476
3025470,1.0927485072387224
3025471,180.5639407632576
3025472,22.926786860479492
3025473,10.192931655352897
3025474,0.0
3025475,12.107872190520672
3025476,244.7552230677658
3025477,0.0
3025478,226.98892433121605
3025479,26.779123682726752
3025480,232.91507139950411
3025481,239.16932493887933
3025482,336.63520575245855
3025483,333.34935327623697
3025484,298.40703272510854
3025485,264.775886062933
3025486,67.73704224534313
3025487,0.5458582162968733
3025488,44.80205682575109
3025489,49.82364569778121
3025490,0.0
3025491,335.76627200666525
3025492,15.876228752549466
3025493,22.725174489307
3025494,10.156225505336398
3025495,158.77450099261765
3025496,18.83325903699621
3025497,136.06330918831452
3025498,339.2153476942532
3025499,15.075149749509846
3025500,23.028728361431636
3025501,152.27442986514842
3025502,190.86973851483324
3025503,18.852580464533542
3025504,302.38961139086837
3025505,74.72241545884141
3025506,5.926037077767675
3025507,0.18733379836129319
3025508,8.885699846521222
3025509,176.27785367236575
3025510,0.0
3025511,330.373023545166
3025512,21.250013067011324
3025513,240.5062961591733
3025514,308.2064625613396
3025515,198.8505959330872
3025516,67.52520879928456
3025517,72.94375425826073
3025518,264.53276846739436
3025519,34.32130437918279
3025520,0.803028076794827
3025521,26.845458604133526
3025522,17.598644790307436
3025523,0.0
3025524,155.70077070267286
3025525,11.985843883752386
3025526,6.526472350809632
3025527,8.871394958951269
3025528,38.434407921485054
3025529,6.918308700780114
3025530,218.80602206549952
3025531,229.16197785807523
3025532,2.745999657223324
3025533,5.29939573363533
3025534,193.95984745240656
3025535,48.3694922061414
3025536,1.944710008930681
3025537,0.02645790107396525
3025538,8.718579754591115
3025539,12.040504159090462
3025540,0.0
3025541,12.305167630664373
3025542,254.12532780131565
3025543,0.0
3025544,208.83217332971495
3025545,28.55747586662083
3025546,230.85932330892132
3025547,246.65631344930466
3025548,327.23998767418084
3025549,90.68918817909771
3025550,124.14181586844121
3025551,260.11027532787654
3025552,65.9503155618466
3025553,0.7673959617051943
3025554,55.04316275572462
3025555,27.0971387477454
3025556,0.0
3025557,305.0772434248696
3025558,22.50698582264447
3025559,7.39090921976729
3025560,3.6750633415771636
3025561,94.43698635417323
3025562,8.828616996784987
3025563,321.78286924816354
3025564,335.5722734969068
3025565,10.294861785657258
3025566,22.418936246076655
3025567,317.87025152744684
3025568,72.37196074529396
3025569,5.139727125265835
3025570,222.08615918876157
3025571,17.56912187960659
3025572,6.164726185479014
3025573,0.0
3025574,6.866388151016443
3025575,244.37878149823803
3025576,0.0
3025577,199.03507573909096
3025578,8.760763084866548
3025579,233.90583336452792
3025580,244.8827959851773
3025581,211.82819795048584
3025582,299.18564483684
3025583,207.38248062330595
3025584,269.2457271707014
3025585,38.58021572224226
3025586,1.2717594900172147
3025587,29.399582456886478
3025588,44.13534355718598
3025589,0.0
3025590,253.74391977841776
3025591,3.1987840768986397
3025592,37.88143565494449
3025593,3.6904622926707074
3025594,79.1744043813898
3025595,8.941069181845322
3025596,192.50201199683917
3025597,262.3954662008369
3025598,18.79908880201269
3025599,10.02739954854579
3025600,76.37994322125036
3025601,101.81551655170506
3025602,13.175203937832059
3025603,2.321473927006453
3025604,40.77676959385456
3025605,10.206030090475078
3025606,0.0
3025607,10.619633374793427
3025608,243.33822254191503
3025609,0.0
3025610,232.1330255066033
3025611,9.779276315167202
3025612,232.9952111693246
3025613,232.69053051068008
3025614,292.72186368675244
3025615,197.84350337766298
3025616,254.83683953341534
3025617,298.2510173410497
3025618,35.42230519329247
3025619,2.5528115849706734
3025620,51.50062404759322
3025621,49.49403736403324
3025622,0.0
3025623,312.8990944334147
3025624,6.794556153776781
3025625,43.562958745451745
3025626,9.408802846140299
3025627,176.9400450826116
3025628,8.80154385310663
3025629,319.6071494138456
3025630,285.7957549801462
3025631,13.359218272436102
3025632,23.241342099367643
3025633,307.4893901356461
3025634,113.7881446002919
3025635,129.44123601048184
3025636,4.440923926951391
3025637,9.162387820761175
3025638,6.8229748657407185
3025639,0.0
3025640,2.834543494828042
3025641,209.50997125761972
3025642,0.0
3025643,331.78469805248886
3025644,6.8229748657407185
3025645,116.09530215805233
3025646,255.2669177096756
3025647,190.20070052738632
3025648,84.69874938255987
3025649,98.41578388983419
3025650,150.7092266260759
3025651,14.301664250247144
3025652,0.42186321530391135
3025653,22.668397789842487
3025654,21.333857309705547
3025655,0.0
3025656,155.9517861609717
3025657,5.951764653160449
3025658,10.325717366889638
3025659,5.98107732628846
3025660,40.78823780829921
3025661,3.8633474794839673
3025662,231.347330525649
3025663,196.8158416728063
3025664,2.4560374824999127
3025665,4.381037279683802
3025666,145.70935202811603
3025667,54.70393352604274
3025668,7.976654348641834
3025669,0.0
3025670,4.973791166544736
3025671,5.485583024681481
3025672,0.0
3025673,2.5271625287555315
3025674,216.0544460793253
3025675,0.0
3025676,196.05631418157057
3025677,3.945235546432307
3025678,251.26392230112188
3025679,225.76721275920616
3025680,186.48479763673433
3025681,61.84077821891325
3025682,28.10400562969031
3025683,243.288257854553
3025684,12.066249568251978
3025685,0.5247374727824355
3025686,19.359651568092747
3025687,8.319095237981006
3025688,0.0
3025689,178.56267566172187
3025690,0.0
3025691,0.0
3025692,4.242086168521088
3025693,22.160168770055925
3025694,0.18912788787787463
3025695,44.09355739604246
3025696,169.75055113030234
3025697,0.0
3025698,2.2453716693433394
3025699,51.43112966130149
3025700,82.75293860380228
3025701,334.9022350974879
3025702,0.0
3025703,2.186660045815819
3025704,5.982422894574043
3025705,0.0
3025706,7.15135111605747
3025707,254.92491412526465
3025708,0.0
3025709,230.66107973601555
3025710,11.092556764533633
3025711,253.63775831595376
3025712,243.1170221945665
3025713,272.3072702550199
3025714,143.99398836693533
3025715,123.55406541655303
3025716,283.88259923849364
3025717,29.49364977188968
3025718,0.2836672012094464
3025719,17.544732496283736
3025720,44.48091971338603
3025721,0.0
3025722,232.34437714381812
3025723,20.37587318630712
3025724,12.907004922685813
3025725,11.994176662103918
3025726,54.367647165332976
3025727,4.608986247079862
3025728,323.38053907302657
3025729,288.2442674080622
3025730,7.157449793891013
3025731,12.352285332377626
3025732,336.8472225538998
3025733,78.90612141115916
3025734,10.213105002049065
3025735,0.8516111467691962
3025736,32.79127083447625
3025737,3.676035079220933
3025738,0.0
3025739,5.447183469972056
3025740,277.0430767891214
3025741,0.0
3025742,179.04351028529257
3025743,13.992382161653463
3025744,256.15463294414326
3025745,226.10752190079543
3025746,164.49998825323013
3025747,240.0134876550658
3025748,180.64685358530596
3025749,275.4772290598973
3025750,32.12315065161787
3025751,2.613969025908166
3025752,29.36844484563678
3025753,36.754540250304146
3025754,0.10741378663566781
3025755,194.2601706356134
3025756,11.423450914542341
3025757,35.583996747012755
3025758,10.493158184990763
3025759,102.21227103450295
3025760,13.885937416066916
3025761,326.48455094180594
3025762,216.59631259147264
3025763,6.645153387199181
3025764,11.641425836620982
3025765,118.69904579938013
3025766,107.01325850603942
3025767,12.822288643175694
3025768,0.0
3025769,39.397686541491
3025770,3.147792537340965
3025771,0.35839551416949317
3025772,10.02835730422664
3025773,1.6709727726218209
3025774,0.0
3025775,127.85542941721
3025776,17.191984279329855
3025777,13.843571572725923
3025778,18.232971107642445
3025779,244.8961378864502
3025780,269.2741250336086
3025781,135.62142281589192
3025782,19.80745275853628
3025783,34.56288144371474
3025784,2.5577155193165217
3025785,30.23967521649368
3025786,41.68922111808569
3025787,0.0
3025788,276.7548056746549
3025789,26.54079430910995
3025790,28.45222948134646
3025791,18.39722003842931
3025792,95.69680140893358
3025793,17.889786934398867
3025794,326.79371914649954
3025795,266.595390288611
3025796,16.05168878442432
3025797,16.488400913696807
3025798,155.62063649901796
3025799,120.1977187812422
3025800,0.0
3025801,1.3679431243416402
3025802,29.452022734624137
3025803,11.232814851328696
3025804,0.24334761612006034
3025805,10.52849186756524
3025806,248.05921717938668
3025807,0.0
3025808,288.32422889035485
3025809,12.290711254149143
3025810,267.4055463139582
3025811,157.6674486653458
3025812,321.5016899944108
3025813,183.18120881171708
3025814,86.87668581142852
3025815,303.89514825512845
3025816,9.056654248942513
3025817,0.5747961252205336
3025818,44.444259459713535
3025819,41.24277377584773
3025820,0.0
3025821,329.61032282497627
3025822,8.50407300234208
3025823,4.115362722530507
3025824,7.367180891886863
3025825,35.71512765754693
3025826,3.1830112951632845
3025827,310.6958360096908
3025828,332.77297497026717
3025829,5.924691509482092
3025830,5.838632256075889
3025831,314.62018316952145
3025832,94.00315619029637
3025833,282.0037617057555
3025834,142.51380919604634
3025835,15.337376999670822
3025836,4.841415238314793
3025837,0.7290137287092026
3025838,3.221025239961713
3025839,279.344640776591
3025840,0.7290137287092026
3025841,323.0749877804418
3025842,10.403974698359379
3025843,285.7449582539422
3025844,350.1220323244926
3025845,117.79023736872038
3025846,131.12890755232138
3025847,142.5125263334578
3025848,289.3423791496868
3025849,16.57606670751837
3025850,2.2721231692873336
3025851,27.728080552774482
3025852,23.855524839669243
3025853,0.7619119877057371
3025854,156.8794454524977
3025855,15.369637164218638
3025856,23.65084445667919
3025857,7.756099203631026
3025858,82.89302360566097
3025859,6.8308789871114906
3025860,251.95747316335908
3025861,158.29812837828462
3025862,3.863036520985847
3025863,11.082005115632214
3025864,259.7932932839386
3025865,54.20870211287219
3025866,150.08457358775777
3025867,0.2912709280806449
3025868,28.309135515570024
3025869,4.402452963538277
3025870,0.1260015433052131
3025871,3.0548194091701597
3025872,299.942131202229
3025873,0.1260015433052131
3025874,102.05189583909562
3025875,5.671339228424343
3025876,242.09732172013543
3025877,298.3975256012618
3025878,255.60715698175062
3025879,59.10803055656127
3025880,44.990891455234205
3025881,272.8339855704554
3025882,8.115724322469843
3025883,0.3166337035497408
3025884,20.28373827576584
3025885,15.228574252498287
3025886,0.15889980230174747
3025887,210.7551832463777
3025888,10.013239565050148
3025889,0.0
3025890,2.5211611766429876
3025891,21.259272485863544
3025892,1.9853699911704512
3025893,245.7899815802185
3025894,222.5293776514335
3025895,3.4797039862421935
3025896,5.6554348156856245
3025897,158.23289402497818
3025898,35.17991154641904
3025899,282.12557279098587
3025900,2.6739868896556285
3025901,4.309694543362542
3025902,7.02660216955233
3025903,0.20891403096217262
3025904,5.557026476335114
3025905,232.52982083126633
3025906,0.1260015433052131
3025907,163.179725059382
3025908,13.099561349627406
3025909,238.7252463958688
3025910,333.9742637129861
3025911,352.1882001945533
3025912,186.24874821588185
3025913,70.72617986622771
3025914,291.5681723480777
3025915,29.247505575995813
3025916,0.46550732139370427
3025917,23.05878123155772
3025918,20.986788627240195
3025919,0.24181228995870693
3025920,325.7336084749294
3025921,7.848597517144103
3025922,1.2130946841153272
3025923,8.24274811880709
3025924,30.369654605685255
3025925,1.6703337496315402
3025926,229.8195906577263
3025927,298.5567834246366
3025928,3.1603466985730044
3025929,12.124799834350386
3025930,267.5714471206846
3025931,92.32607810200918
3025932,146.93474918142365
3025933,33.384522885359154
3025934,10.193782546562336
3025935,4.963681114515856
3025936,0.19956182916554174
3025937,0.4819167776085971
3025938,261.35802252375464
3025939,0.19956182916554174
3025940,156.83690082529387
3025941,15.192990945598279
3025942,261.5621839946614
3025943,337.64069453848816
3025944,176.3202671344036
3025945,68.88959653470856
3025946,36.48191990256856
3025947,287.86043759834206
3025948,5.650669696023525
3025949,0.3532632340737217
3025950,10.475264095953134
3025951,19.123858922293046
3025952,0.23246008816207606
3025953,160.68825385191334
3025954,6.51340530583034
3025955,0.0
3025956,3.973111558969408
3025957,28.388373372035478
3025958,1.119159361078268
3025959,124.1203399700533
3025960,165.6294015692389
3025961,1.2656372607067892
3025962,6.126852693902841
3025963,130.3728761366887
3025964,28.848096393248444
3025965,304.89368944478633
3025966,6.3339300216067835
3025967,2.644365295381932
3025968,5.0551501855005565
3025969,0.19956182916554174
3025970,2.2169343964829378
3025971,217.25470482036087
3025972,0.19956182916554174
3025973,93.07738366372834
3025974,7.312769483970607
3025975,174.81468459674477
3025976,271.86389813946647
3025977,132.64252043602625
3025978,37.44850008519961
3025979,29.833011680387187
3025980,275.49662323411684
3025981,14.35353226037076
3025982,0.23246008816207606
3025983,9.294543222069501
3025984,6.348575185926419
3025985,0.23246008816207606
3025986,129.05960658656193
3025987,1.0068658249433418
3025988,0.0
3025989,1.685390516105971
3025990,35.15856938103096
3025991,1.4245763282223272
3025992,119.66130311762967
3025993,179.80882173322422
3025994,0.3901939894100694
3025995,4.402849290281899
3025996,75.04563578350911
3025997,19.56860812463763
3025998,154.1313664031487
3025999,0.0
3026000,0.7146368728575851
3026001,3.601456037268858
3026002,0.19956182916554174
3026003,2.9473332115526834
3026004,289.13966526145634
3026005,0.19956182916554174
3026006,143.6055911855597
3026007,10.402263790506108
3026008,263.2420548254919
3026009,336.7643533907371
3026010,208.79966633167925
3026011,29.01845070120489
3026012,33.2308476439798
3026013,292.40593773342096
3026014,3.04562284652653
3026015,0.3532632340737217
3026016,9.271030839263796
3026017,18.567913027611958
3026018,0.23246008816207606
3026019,168.1836500878905
3026020,1.0831320978490893
3026021,0.0
3026022,1.8041304147220605
3026023,11.900524834255702
3026024,0.9759104616497447
3026025,184.52408835514427
3026026,229.62099043991185
3026027,0.8531725931101963
3026028,4.965624010218792
3026029,67.90477884799066
3026030,87.02598942504443
3026031,317.42935225089985
3026032,2.739904638190276
3026033,3.9105824640999383
3026034,2.547574138376641
3026035,0.6233302696192895
3026036,1.2499857766182298
3026037,191.26177506852608
3026038,0.1260015433052131
3026039,130.38745639309
3026040,5.144846017742987
3026041,261.9274246887687
3026042,322.1062633407767
3026043,222.15250967566496
3026044,88.38785802546172
3026045,51.71409053605132
3026046,290.4803939983844
3026047,5.537423028085103
3026048,1.029428386782965
3026049,9.421139393164337
3026050,17.990450362618812
3026051,0.24181228995870693
3026052,182.914815566588
3026053,6.439845019970011
3026054,0.0
3026055,2.3492676743179546
3026056,22.108083502395242
3026057,0.8573149373111366
3026058,119.3364639933857
3026059,170.15879838845856
3026060,0.7407606403528711
3026061,4.745287691425383
3026062,99.49226214971746
3026063,39.78239620224301
3026064,132.1597207054569
3026065,0.0
3026066,4.1326195036154045
3026067,8.968685788395057
3026068,0.24680468921685883
3026069,0.8557570268609133
3026070,227.81453152993194
3026071,0.1260015433052131
3026072,154.93579042907868
3026073,8.102922499924073
3026074,188.31616284962107
3026075,259.832382771414
3026076,151.04003650029568
3026077,141.92097083321877
3026078,47.804751802182146
3026079,196.3246478173713
3026080,11.676601916970226
3026081,0.2797029482133931
3026082,22.545722401573478
3026083,22.164097797536538
3026084,0.2797029482133931
3026085,184.58802617393448
3026086,0.15889980230174747
3026087,0.0
3026088,0.971325038323305
3026089,48.93537371349832
3026090,3.721755280706818
3026091,64.91499206344604
3026092,174.02687427846107
3026093,0.8828310075404721
3026094,7.3423121266152656
3026095,76.76747067483731
3026096,38.52854365578326
3026097,359.9439371778192
3026098,0.0
3026099,3.533063205775512
3026100,7.7601646082048985
3026101,0.37915287452205637
3026102,0.46045117145075315
3026103,261.723263217862
3026104,0.1260015433052131
3026105,285.47147508072584
3026106,8.100115842070469
3026107,261.9274246887687
3026108,247.13719889543216
3026109,322.12372426178763
3026110,143.79848963724172
3026111,83.24761070764578
3026112,290.4803939983844
3026113,11.157800326200388
3026114,0.8362102566535924
3026115,25.018961018077402
3026116,23.773494933624317
3026117,0.15889980230174747
3026118,254.3159546883877
3026119,0.15889980230174747
3026120,0.0
3026121,7.798646947413331
3026122,32.546442873528065
3026123,3.464114607080086
3026124,228.7971510989431
3026125,246.89160255749712
3026126,1.1707861661062717
3026127,7.235976338804818
3026128,309.08327540063505
3026129,51.50580674474697
3026130,124.34019573656623
3026131,16.239457529645154
3026132,10.923182609334477
3026133,2.8223036832948165
3026134,0.642672338518918
3026135,5.218856342440677
3026136,250.0774300433734
3026137,0.11081896174697096
3026138,141.66556881206253
3026139,8.14901177053268
3026140,184.893124312044
3026141,253.4489404223353
3026142,182.34809021918355
3026143,149.8388188581361
3026144,38.97994981214533
3026145,299.4403186344945
3026146,10.955600497969915
3026147,0.6444536637161354
3026148,17.539079348000435
3026149,20.15315539330986
3026150,0.14371722074350538
3026151,161.4220698020599
3026152,8.80655805880855
3026153,2.0378461166249338
3026154,6.295641399995678
3026155,48.60905430823073
3026156,1.2260908824046743
3026157,78.11906693927995
3026158,156.32562544755265
3026159,1.848923599457497
3026160,6.227176565948554
3026161,145.3449268275527
3026162,41.98004499973688
3026163,152.07905107582786
3026164,27.85315058555136
3026165,10.010276464254321
3026166,4.963681114515856
3026167,0.3282634424929066
3026168,3.2533417746542503
3026169,249.4073027660354
3026170,0.19956182916554174
3026171,139.79012751692485
3026172,5.5310777721015985
3026173,196.87475911298264
3026174,327.55832968202384
3026175,256.6564088275437
3026176,43.485058462351915
3026177,36.22719772886912
3026178,290.7260669025905
3026179,13.031597979714407
3026180,1.3573025056904724
3026181,7.295698740593566
3026182,16.506417655564437
3026183,0.3153725758190355
3026184,156.3296086436636
3026185,8.446066722259895
3026186,0.0
3026187,3.64774702117762
3026188,29.47017045809856
3026189,2.9525184977537475
3026190,130.1565218744394
3026191,168.02636797380652
3026192,1.0019618905974934
3026193,4.849387461474867
3026194,101.24647320999935
3026195,21.510673746311834
3026196,321.13605254886585
3026197,5.972515286785928
3026198,4.098234720095229
3026199,5.799546319613224
3026200,0.1260015433052131
3026201,3.077385818014251
3026202,239.9632881290734
3026203,0.1260015433052131
3026204,256.45084176418254
3026205,9.210065779138137
3026206,204.8853955916104
3026207,239.79651310191196
3026208,185.97101107808246
3026209,147.06550810487715
3026210,91.34423824962214
3026211,291.9871792896933
3026212,24.12670606858839
3026213,1.1866469374007231
3026214,17.596367234727992
3026215,43.476200934165604
3026216,0.15889980230174747
3026217,192.0651531552216
3026218,18.02791069635566
3026219,18.967118155118293
3026220,1.4717304309960821
3026221,62.174701474138885
3026222,9.242964038134675
3026223,319.8493507818318
3026224,230.4617322738616
3026225,7.054324673540469
3026226,7.124175779385109
3026227,331.40328455152326
3026228,106.60913826852024
3026229,142.47688733791983
3026230,0.0
3026231,33.22704334381725
3026232,5.680844515988479
3026233,0.1260015433052131
3026234,5.939116952375967
3026235,238.5210849249621
3026236,0.1260015433052131
3026237,316.08491815761073
3026238,6.306140291835241
3026239,238.7252463958688
3026240,313.83973847022264
3026241,340.77375403049757
3026242,70.42794489631085
3026243,63.77443556522634
3026244,290.4803939983844
3026245,9.06951424170872
3026246,0.3166337035497408
3026247,16.142455323050104
3026248,13.824332041327732
3026249,0.15889980230174747
3026250,270.6319692680416
3026251,1.0560193495621601
3026252,4.676883914749198
3026253,4.776216313807506
3026254,42.61980704834307
3026255,1.7571267404123385
3026256,273.61585611342105
3026257,271.5214625024459
3026258,2.9670639271745705
3026259,5.517359500205221
3026260,248.9967928913023
3026261,55.39629291224529
3026262,124.34019573656623
3026263,124.3448086119081
3026264,13.127126959305153
3026265,10.089528423390135
3026266,0.5305062570925111
3026267,4.078487346468749
3026268,237.587215745933
3026269,0.1260015433052131
3026270,327.0568699908582
3026271,5.807787120488031
3026272,237.7913772168397
3026273,331.5793259827437
3026274,258.91719665155
3026275,228.7493815461356
3026276,72.02572602398841
3026277,282.2129255463614
3026278,14.686334599178624
3026279,0.41205113351859074
3026280,31.727468001536273
3026281,26.553619797702538
3026282,0.24181228995870693
3026283,259.3594188557266
3026284,4.186089786251817
3026285,0.07702108857978907
3026286,7.849566184800118
3026287,70.91497988681326
3026288,1.4973245010349938
3026289,108.16592891992681
3026290,236.78832548945036
3026291,2.9720625606662017
3026292,4.881708998029549
3026293,150.91450553836893
3026294,141.68704899599277
3026295,138.99885967325164
3026296,0.0
3026297,5.265345126159798
3026298,4.681434069135253
3026299,0.22430186114600506
3026300,1.8874240554877781
3026301,249.77254346014274
3026302,0.1260015433052131
3026303,112.15560416000652
3026304,5.865686238749047
3026305,328.0464623601572
3026306,325.3058926529852
3026307,128.37225023349953
3026308,44.108465947040166
3026309,47.33858491060421
3026310,290.4803939983844
3026311,6.452436371506196
3026312,0.6945468696336694
3026313,22.802830177183953
3026314,20.25398120816025
3026315,0.15889980230174747
3026316,161.1922910236092
3026317,0.2797029482133931
3026318,0.0
3026319,3.791418731383571
3026320,31.431438004361414
3026321,2.3783324774357126
3026322,102.90792857472081
3026323,161.1415306053033
3026324,0.8779270731946239
3026325,5.89858449774558
3026326,125.20769127829398
3026327,24.72660844136535
3026328,326.4054880108547
3026329,28.499114045452995
3026330,1.5859081037015303
3026331,2.0025508842768387
3026332,0.1260015433052131
3026333,0.0
3026334,205.65553326159858
3026335,0.22430186114600506
3026336,247.59062417012754
3026337,7.084501287813346
3026338,275.4390717031807
3026339,316.737098114834
3026340,115.35354093693822
3026341,37.93916653254369
3026342,54.22337572258581
3026343,270.1027763514876
3026344,23.397171239099972
3026345,0.3101042436999663
3026346,9.75005069537673
3026347,17.839138917490025
3026348,0.5634045160890457
3026349,108.54402936387632
3026350,12.059471664578501
3026351,2.7881080046806703
3026352,3.9947700590200848
3026353,35.422083100093616
3026354,4.089036552285028
3026355,305.16495681358987
3026356,138.33562886259207
3026357,3.560794010405064
3026358,5.517359500205221
3026359,291.1532234904275
3026360,26.687532341334947
3026361,144.85035700272874
3026362,0.0
3026363,7.707617481643987
3026364,1.3050546082913599
3026365,0.1260015433052131
3026366,2.653689967884656
3026367,243.83176286283066
3026368,0.1260015433052131
3026369,169.3310412947424
3026370,12.802810606060325
3026371,180.25150775015337
3026372,252.04601551951674
3026373,249.7076522995264
3026374,202.16767829594227
3026375,158.00038620623738
3026376,273.60353080010395
3026377,32.53980070547705
3026378,0.679505481702997
3026379,18.51079255461251
3026380,29.286617589531573
3026381,0.15889980230174747
3026382,210.12516559516084
3026383,11.31176203745088
3026384,42.05601233135266
3026385,9.589362477258538
3026386,70.79530786763424
3026387,10.941472589326766
3026388,326.4349508445125
3026389,257.36254841452956
3026390,13.179184916375924
3026391,8.243740112932933
3026392,326.3270549634813
3026393,108.3696013540218
3026394,154.7554179946366
3026395,0.0
3026396,21.758708871649798
3026397,2.9391643016696674
3026398,0.1260015433052131
3026399,4.633303842817508
3026400,254.74886016140124
3026401,0.1260015433052131
3026402,285.5426054848513
3026403,8.321715805315932
3026404,321.64340701464846
3026405,335.6276071494978
3026406,164.45010245192276
3026407,104.78351209617261
3026408,69.3447224276564
3026409,252.83472013217207
3026410,23.54357453976575
3026411,1.0033769578352163
3026412,20.10996232710266
3026413,18.188906252867913
3026414,0.15889980230174747
3026415,95.39423656826426
3026416,0.15889980230174747
3026417,38.23287486088573
3026418,4.451247811609625
3026419,139.46654865613453
3026420,11.24783846253299
3026421,157.7914058879825
3026422,128.5374809325067
3026423,5.517359500205221
3026424,6.462791097835109
3026425,157.90437088936628
3026426,41.62120092084061
3026427,296.8846575613118
3026428,2.1088509495024077
3026429,7.968802599140601
3026430,4.153191527255284
3026431,0.1260015433052131
3026432,0.10147575630953964
3026433,298.3558692903907
3026434,0.1260015433052131
3026435,190.81197362106238
3026436,4.056138293288495
3026437,244.7246152331186
3026438,206.51035233319251
3026439,62.94054116749929
3026440,31.02685873509572
3026441,29.151752248845614
3026442,239.39028234429549
3026443,7.391550557057469
3026444,0.41205113351859074
3026445,6.326913157849267
3026446,6.376803510310976
3026447,0.2797029482133931
3026448,60.437493106635564
3026449,0.15889980230174747
3026450,11.992158277887466
3026451,0.25634781920238975
3026452,17.456180696195254
3026453,0.24181228995870693
3026454,205.1442353215537
3026455,92.6281937090253
3026456,0.972837473646061
3026457,0.972837473646061
3026458,119.9669577328678
3026459,22.236356779241795
3026460,373.3337111985615
3026461,0.0
3026462,2.2939068315057023
3026463,6.248241173574225
3026464,0.6578549200771602
3026465,2.6475473766390496
3026466,249.0744052858912
3026467,0.1260015433052131
3026468,237.51280288301584
3026469,13.343927115926016
3026470,143.22376183765786
3026471,179.94180761782877
3026472,254.71554752298957
3026473,206.52453671668374
3026474,111.80028155016191
3026475,294.37064367296307
3026476,30.37159491386166
3026477,2.817463364410668
3026478,16.392188481921306
3026479,23.62097280764914
3026480,0.24181228995870693
3026481,173.46882868667828
3026482,7.019877626231724
3026483,40.732897677317666
3026484,9.159740800853589
3026485,83.64230582653215
3026486,3.779617632501021
3026487,272.2092023849635
3026488,207.2317591626098
3026489,9.22784288203994
3026490,8.293772014412435
3026491,302.26699748730783
3026492,67.91983103076761
3026493,178.27614796847567
3026494,0.0
3026495,18.947792525438285
3026496,5.484461241208688
3026497,0.1260015433052131
3026498,3.2617161343297982
3026499,207.83910519738816
3026500,0.1260015433052131
3026501,329.1694423532595
3026502,14.472026157999348
3026503,225.99191613130674
3026504,340.1960040625843
3026505,291.75099893769664
3026506,181.85974677166627
3026507,58.837922753085714
3026508,296.62538443096327
3026509,16.41850644582943
3026510,0.7251000927418739
3026511,25.3508995096344
3026512,16.599342301901295
3026513,0.9647703583348555
3026514,218.69851903189843
3026515,0.15889980230174747
3026516,4.695005041047175
3026517,4.8745010859770925
3026518,39.00656972148317
3026519,0.4606681206879898
3026520,184.42020855488866
3026521,243.81911397209186
3026522,4.089036552285028
3026523,4.714332328131786
3026524,191.5230585877499
3026525,66.40947665026584
3026526,142.01082284029386
3026527,0.38747474204320187
3026528,4.59270297373215
3026529,5.484461241208688
3026530,0.22430186114600506
3026531,2.1124187473290124
3026532,233.99078245115913
3026533,0.1260015433052131
3026534,331.54153753800665
3026535,10.560711829814974
3026536,238.7252463958688
3026537,332.17013822192035
3026538,218.58062340564376
3026539,172.57171675976903
3026540,57.95252837410857
3026541,295.5376060812699
3026542,14.044187149998551
3026543,0.9679335393002129
3026544,21.888730592628175
3026545,20.254893400535217
3026546,0.15889980230174747
3026547,211.62226530027033
3026548,0.15889980230174747
3026549,5.181861459292892
3026550,4.8745010859770925
3026551,68.31837285641335
3026552,1.090634313696219
3026553,110.05244442136755
3026554,185.12030772011386
3026555,3.560794010405064
3026556,4.983532795343163
3026557,166.19454748980272
3026558,58.152778598968276
3026559,142.01082284029386
3026560,0.38747474204320187
3026561,6.244258178572852
3026562,8.344055631331997
3026563,0.7321359084937795
3026564,12.838629452803687
3026565,244.44275956672175
3026566,0.1260015433052131
3026567,233.55454276132744
3026568,33.40775812554276
3026569,253.9914470480469
3026570,237.5936923869549
3026571,312.33675432219115
3026572,334.1201342568552
3026573,307.0957649079239
3026574,293.2116032173522
3026575,74.24078019343185
3026576,2.3783324774357126
3026577,50.1287788662563
3026578,42.49695118888623
3026579,0.15889980230174747
3026580,330.6212320174721
3026581,32.9838106254192
3026582,61.26813788134624
3026583,26.038124551435274
3026584,168.957978439652
3026585,24.313852117295994
3026586,0.0
3026587,333.1660430631307
3026588,17.51958677064179
3026589,22.06179476665233
3026590,141.90669519969947
3026591,219.55432100111932
3026592,129.54503744731602
3026593,0.0
3026594,65.81340781603116
3026595,3.1225445052306218
3026596,0.34875157903548315
3026597,0.6769070180627396
3026598,206.74948634218532
3026599,0.1260015433052131
3026600,139.46208269788778
3026601,5.608213788212023
3026602,310.32080471214755
3026603,266.5521644058407
3026604,105.5767577563893
3026605,104.27494411822074
3026606,42.012997911471714
3026607,212.33196317638087
3026608,6.852288898116311
3026609,0.2797029482133931
3026610,8.821159337135155
3026611,6.0614305263255455
3026612,0.15889980230174747
3026613,119.64995805505447
3026614,1.2943603955849619
3026615,0.11099029571792217
3026616,1.354817733656218
3026617,30.468000564545836
3026618,0.6626630145689469
3026619,57.25745418362904
3026620,72.71539750273779
3026621,0.972837473646061
3026622,2.9670639271745705
3026623,92.70908941993852
3026624,22.34262675093037
3026625,231.6448757389444
3026626,0.0
3026627,3.465476529061339
3026628,7.946288150729933
3026629,0.20891403096217262
3026630,0.76409178187723
3026631,144.79673918771326
3026632,0.1260015433052131
3026633,329.7167493802286
3026634,8.260873755415897
3026635,238.7252463958688
3026636,241.67997744302386
3026637,205.96505466981284
3026638,255.7639014672595
3026639,69.26575851378347
3026640,296.62538443096327
3026641,12.176469811807047
3026642,0.5328650318998911
3026643,19.375837359529253
3026644,19.17651886747442
3026645,0.15889980230174747
3026646,247.59905030371934
3026647,0.7191369242018231
3026648,5.647069111319515
3026649,7.302089634690525
3026650,17.30533518447947
3026651,0.9841042277351879
3026652,306.2358605456343
3026653,212.19125841834753
3026654,3.560794010405064
3026655,6.022337044748915
3026656,107.32501293511572
3026657,57.67736476639697
3026658,143.77477580417303
3026659,0.6825065715320817
3026660,6.816087325172803
3026661,1.2198885975400124
3026662,0.1260015433052131
3026663,0.14781525380834476
3026664,272.91857340692775
3026665,0.1260015433052131
3026666,107.86466458047315
3026667,4.153191527255284
3026668,310.92887615833627
3026669,179.66170148334257
3026670,74.23005760305642
3026671,130.22190058263627
3026672,20.199183936531618
3026673,242.36588272945824
3026674,0.9647200639754223
3026675,0.2797029482133931
3026676,8.12595916856166
3026677,4.44035597619591
3026678,0.24181228995870693
3026679,78.97452314626459
3026680,0.15889980230174747
3026681,0.11099029571792217
3026682,0.7319218097714844
3026683,22.981216139241724
3026684,0.2797029482133931
3026685,60.835228385973785
3026686,73.61562375394709
3026687,0.3101042436999663
3026688,0.8630939123602399
3026689,45.015866881409806
3026690,9.197275439986074
3026691,162.89776706654357
3026692,0.0
3026693,1.0062086677662094
3026694,5.240390462902283
3026695,0.1260015433052131
3026696,1.3682623478914826
3026697,209.4960804259555
3026698,0.1260015433052131
3026699,190.2110704255305
3026700,6.52306051343709
3026701,226.6755800557119
3026702,308.39672100230337
3026703,156.19523408155902
3026704,117.31954292407751
3026705,50.39327845035701
3026706,292.7026827592647
3026707,3.6061556815829934
3026708,0.3101042436999663
3026709,28.83624557824113
3026710,13.354261238517237
3026711,0.2797029482133931
3026712,180.53536576400708
3026713,0.15889980230174747
3026714,0.11099029571792217
3026715,11.003301864078624
3026716,48.205747094702936
3026717,0.7244852446025027
3026718,236.44550450359023
3026719,184.98877290785023
3026720,1.6741557567700243
3026721,2.269567651189096
3026722,204.60749676069346
3026723,23.768582713658777
3026724,124.34019573656623
3026725,0.0
3026726,0.5555410679942094
3026727,2.3454342184391783
3026728,0.2772059847034319
3026729,0.0
3026730,230.48163878377935
3026731,0.1260015433052131
3026732,114.84700894153349
3026733,8.467808178335332
3026734,193.17602894316013
3026735,270.0243239131201
3026736,199.438707292407
3026737,88.52020092273013
3026738,64.17745741383071
3026739,286.0371983201943
3026740,7.0735633656978
3026741,3.5973583365129644
3026742,27.16613140508651
3026743,33.01231032762141
3026744,0.15889980230174747
3026745,180.7148605587933
3026746,0.9133704917296264
3026747,3.2666820931269878
3026748,2.324205512946441
3026749,21.30615762516687
3026750,1.8061863880851827
3026751,163.48746665906683
3026752,245.37665850426382
3026753,2.9720625606662017
3026754,5.89858449774558
3026755,140.79797461421444
3026756,22.317019236700613
3026757,107.07121992457535
3026758,2.6954818959117177
3026759,2.475387242917462
3026760,2.2366693921925616
3026761,0.1260015433052131
3026762,0.11842320524587323
3026763,213.88224276557804
3026764,0.1260015433052131
3026765,88.19399385284355
3026766,1.8896608754473656
3026767,317.5971192395664
3026768,190.06145134089945
3026769,73.50634105414082
3026770,125.90788521825077
3026771,42.01835903777698
3026772,279.46487528692523
3026773,6.1589269800072435
3026774,0.5777746457441156
3026775,7.048743647308805
3026776,3.333833691628337
3026777,0.24181228995870693
3026778,73.7571522125235
3026779,0.15889980230174747
3026780,0.11099029571792217
3026781,0.3733988283047975
3026782,38.07600283518654
3026783,0.6934229017993332
3026784,155.79497607646294
3026785,66.18097320530823
3026786,0.8174449113370972
3026787,0.6945468696336694
3026788,40.97070271166704
3026789,15.786116364486928
3026790,309.73252513984175
3026791,0.0
3026792,1.4385344049482898
3026793,6.889991256859782
3026794,0.1260015433052131
3026795,2.0762069935771095
3026796,226.42014952408152
3026797,0.1260015433052131
3026798,341.0176838912844
3026799,19.188850687459183
3026800,214.04809321729022
3026801,339.99661887572756
3026802,242.43170788638602
3026803,138.44234360759992
3026804,117.18784327162041
3026805,288.27319556125275
3026806,13.17133349054008
3026807,0.2797029482133931
3026808,69.30099724505418
3026809,23.32809696810645
3026810,0.15889980230174747
3026811,260.11831891828547
3026812,0.15889980230174747
3026813,36.46604667191782
3026814,10.828496127206709
3026815,84.97241074885012
3026816,5.828420437967822
3026817,286.0405120202291
3026818,285.919973746278
3026819,6.5784811896988415
3026820,10.281102178148673
3026821,142.23707468242478
3026822,52.48858079121247
3026823,307.2618533320846
3026824,0.2922361651960054
3026825,1.2116045953446704
3026826,2.4189945042995067
3026827,0.19956182916554174
3026828,7.764350872458084
3026829,202.32851719364731
3026830,0.19956182916554174
3026831,309.8087804910516
3026832,4.932725751222259
3026833,171.865267364549
3026834,169.931014861925
3026835,137.40074695185422
3026836,116.72117650237976
3026837,112.28235602237451
3026838,284.9027743761684
3026839,39.5958711447264
3026840,0.8644764413428658
3026841,20.787917969745013
3026842,24.491149446729565
3026843,0.23246008816207606
3026844,187.44065418281343
3026845,23.82622587172886
3026846,29.215693434582345
3026847,0.993896288218321
3026848,89.96937952937455
3026849,8.491084847276097
3026850,199.38111817017537
3026851,242.42907765471261
3026852,13.077915162671681
3026853,13.905097424808107
3026854,219.86454583138882
3026855,66.14756015137573
3026856,176.1139691543288
3026857,0.0
3026858,9.782779038867071
3026859,5.865686238749047
3026860,0.1260015433052131
3026861,5.0409102413256965
3026862,191.6598506265006
3026863,0.1260015433052131
3026864,336.8346141709761
3026865,9.306745182463114
3026866,229.43102778590804
3026867,240.92323319536885
3026868,125.88544198942449
3026869,75.13672199961016
3026870,121.53323808484805
3026871,285.50554638072884
3026872,26.531714819498806
3026873,0.5880167836726388
3026874,41.56326750577592
3026875,35.90828210006965
3026876,0.15889980230174747
3026877,264.92140966233626
3026878,21.09590281066828
3026879,23.572116665823124
3026880,8.696785027231522
3026881,60.277690547732576
3026882,10.51042821289541
3026883,143.11498839514374
3026884,310.96642677360893
3026885,5.898373687732632
3026886,9.22675343263018
3026887,125.13744516671989
3026888,65.27055878755716
3026889,159.26270588698193
3026890,1.7335557317355788
3026891,15.065304312437595
3026892,7.2495652219902595
3026893,0.2824743168225011
3026894,4.513612770576618
3026895,222.66417237608343
3026896,0.19956182916554174
3026897,153.9950181420345
3026898,3.6191503718344293
3026899,228.8595979406859
3026900,296.1538675947202
3026901,162.49229315504593
3026902,221.09840292708304
3026903,57.68805204284185
3026904,285.751219284935
3026905,25.915592004289035
3026906,1.9321781733986712
3026907,21.57768362794082
3026908,15.939630741113293
3026909,0.23246008816207606
3026910,295.5543562941868
3026911,6.089086940344709
3026912,12.068808145335293
3026913,8.292501154524878
3026914,38.49104426931762
3026915,4.290189556301302
3026916,151.3514506054774
3026917,274.96359875497524
3026918,5.787303060845342
3026919,8.672270360829032
3026920,199.04253590054796
3026921,46.19116838505051
3026922,126.23607868441557
3026923,5.405755972095865
3026924,11.928528933551707
3026925,2.934165668178036
3026926,0.5294182411926643
3026927,3.0321411027770537
3026928,254.1196254894522
3026929,0.1260015433052131
3026930,322.7890940358411
3026931,6.429892838838576
3026932,188.3184836291375
3026933,229.81469980525364
3026934,166.7968067822308
3026935,115.34231715239962
3026936,74.78802113873834
3026937,289.16014006218785
3026938,19.641255118029296
3026939,0.6185562678617931
3026940,14.535171115931238
3026941,9.147292460872446
3026942,0.15889980230174747
3026943,153.71303661269073
3026944,18.392898704818244
3026945,26.12238599076943
3026946,0.9750438359502513
3026947,66.08430368913405
3026948,7.887682761409882
3026949,309.65862688821363
3026950,211.82653116557202
3026951,5.273288721898816
3026952,7.208903195126463
3026953,313.3211308482147
3026954,50.466731314919606
3026955,144.4546082550325
3026956,0.0
3026957,22.116902118603598
3026958,2.4189945042995067
3026959,0.19956182916554174
3026960,4.352828215342329
3026961,209.62462289808767
3026962,0.19956182916554174
3026963,318.88187171124963
3026964,13.688231102516935
3026965,225.4456565091569
3026966,284.803422201002
3026967,238.40291186415166
3026968,155.83004595145505
3026969,51.75202996351768
3026970,282.9162959629298
3026971,10.268416927474616
3026972,2.7027395123641935
3026973,25.826222244035254
3026974,22.071757043392616
3026975,0.3153725758190355
3026976,316.5224104374516
3026977,0.23246008816207606
3026978,0.0
3026979,7.548803113748483
3026980,34.262456412420256
3026981,1.0769372436955442
3026982,125.96695147769664
3026983,269.8940669262645
3026984,2.034345870201046
3026985,9.41320372731998
3026986,155.51282392191743
3026987,49.819586816188846
3026988,124.47212572053641
3026989,0.0
3026990,4.693112241733194
3026991,7.641568019704005
3026992,0.19956182916554174
3026993,5.405849771712173
3026994,229.0910683098567
3026995,0.19956182916554174
3026996,334.05605365763296
3026997,11.283164772985678
3026998,203.28984109379755
3026999,208.52775026027015
3027000,178.0005339860774
3027001,107.381422834289
3027002,121.08172202799581
3027003,282.787534479464
3027004,28.904280092228294
3027005,1.0576645135955165
3027006,20.14315286824505
3027007,32.114456117987444
3027008,0.23246008816207606
3027009,201.9783465317211
3027010,15.40115599609254
3027011,19.824002491886667
3027012,5.75884858705026
3027013,59.17946134344572
3027014,11.031231546355627
3027015,160.24889413191477
3027016,231.35924566228104
3027017,12.277299259311132
3027018,7.2245643627257765
3027019,175.64246779158393
3027020,57.4597208335601
3027021,159.0799471802311
3027022,0.0
3027023,6.160584462646681
3027024,4.226751813115614
3027025,0.19956182916554174
3027026,4.062222433655983
3027027,241.79355512169874
3027028,0.19956182916554174
3027029,356.2760956998458
3027030,6.449551683540211
3027031,161.48578398248043
3027032,229.08646601313492
3027033,143.37977084975486
3027034,108.7046906731643
3027035,110.71946045360451
3027036,284.9027743761684
3027037,26.38409216724925
3027038,0.9366541982205686
3027039,21.154331063412567
3027040,23.624148890971064
3027041,0.23246008816207606
3027042,171.22106549982988
3027043,11.25652728755508
3027044,37.94798658081779
3027045,2.594770826352424
3027046,53.886594130402905
3027047,8.491084847276097
3027048,210.5164643970586
3027049,216.36861832301727
3027050,7.76596992701712
3027051,7.2824634809867925
3027052,197.4917620589572
3027053,47.85562272485606
3027054,285.6448043044008
3027055,0.0
3027056,12.987320003889547
3027057,7.083032834924555
3027058,0.18243220867743679
3027059,6.558808436720832
3027060,117.79657310156581
3027061,0.18243220867743679
3027062,78.79456651853812
3027063,13.197721990670662
3027064,126.26175260819038
3027065,199.7783641432992
3027066,261.90001792973356
3027067,180.0318226230597
3027068,55.766648088254435
3027069,174.65474252814587
3027070,10.633915652761257
3027071,0.29824295533093054
3027072,11.644957072955306
3027073,22.484028915285638
3027074,0.2153304676739711
3027075,239.57987384307836
3027076,0.2153304676739711
3027077,7.375816388364598
3027078,0.6663591076806405
3027079,56.49004803534817
3027080,6.298467576579918
3027081,206.6947421344438
3027082,275.06609436777137
3027083,2.434763142807936
3027084,2.3204944982342517
3027085,232.47329054162012
3027086,110.3630140905011
3027087,91.91852561191843
3027088,0.8505166294810954
3027089,0.44006997071957105
3027090,12.7782242818993
3027091,0.1260015433052131
3027092,13.023225095996317
3027093,232.8506331649941
3027094,0.1260015433052131
3027095,200.37808801994697
3027096,22.72519771074212
3027097,230.8512598444723
3027098,224.98399288253503
3027099,332.92086574307194
3027100,325.8306990674481
3027101,338.3094218779001
3027102,286.59332473042224
3027103,82.52913725573661
3027104,3.0502458030906694
3027105,101.6475613490858
3027106,123.28337239508114
3027107,0.15889980230174747
3027108,328.9570434046818
3027109,28.282401609397517
3027110,29.135635498182218
3027111,51.491313883866226
3027112,221.8578190470551
3027113,22.831487761838066
3027114,0.0
3027115,340.2377979058854
3027116,30.668895683990574
3027117,33.304201043453375
3027118,160.14757161735648
3027119,300.177324639823
3027120,144.40616186245927
3027121,231.13107502048044
3027122,78.0979378188423
3027123,13.488991947206587
3027124,0.1260015433052131
3027125,12.908880033387907
3027126,231.16755819207728
3027127,0.1260015433052131
3027128,87.58657780950422
3027129,23.84108610228428
3027130,141.20390089842286
3027131,150.67621064135972
3027132,323.53725323186575
3027133,290.1474029743362
3027134,259.2270766991372
3027135,286.59332473042224
3027136,98.07146747166806
3027137,0.9328896599785703
3027138,63.2293189430505
3027139,76.30618132314996
3027140,0.5729354450384011
3027141,327.3486351363891
3027142,16.47027077944368
3027143,41.83549439581606
3027144,15.625944626987375
3027145,164.27402867387607
3027146,18.764885913376528
3027147,22.456414706909992
3027148,334.85940730188094
3027149,21.355518044916394
3027150,28.05529821823103
3027151,116.55454425530982
3027152,237.7576708440805
3027153,143.39471763922955
3027154,202.05739214346713
3027155,83.32281356881803
3027156,11.804738473698084
3027157,0.1260015433052131
3027158,19.48998887600835
3027159,233.6323619232191
3027160,0.20891403096217262
3027161,217.37134254591638
3027162,11.856344109804516
3027163,252.38755304556489
3027164,222.17367496717648
3027165,256.1593069943158
3027166,114.6694182255242
3027167,221.12713010232451
3027168,286.59332473042224
3027169,35.46706893630064
3027170,3.464114607080086
3027171,43.052399077359524
3027172,24.176180820868453
3027173,0.3166337035497408
3027174,353.0039188609249
3027175,26.38011901829397
3027176,29.2037927802951
3027177,9.565826869356705
3027178,93.0067406598913
3027179,10.025747279061695
3027180,107.14696663298288
3027181,259.3009940396168
3027182,20.612924025178046
3027183,39.45781188314296
3027184,197.79468501975822
3027185,122.28840216250785
3027186,168.18379168605546
3027187,236.57994097936654
3027188,39.20123625986463
3027189,13.52520943017202
3027190,0.1260015433052131
3027191,20.575871300249368
3027192,226.245330154096
3027193,0.1260015433052131
3027194,217.40645060194595
3027195,18.340269843413022
3027196,252.38755304556489
3027197,224.98399288253503
3027198,343.2507348114117
3027199,308.70029542013395
3027200,227.49808134040822
3027201,286.59332473042224
3027202,42.50527616868964
3027203,1.156107453211569
3027204,63.36313012120462
3027205,61.05355436567008
3027206,0.6988942483544904
3027207,338.13857860778563
3027208,18.39218803648233
3027209,29.190678849469762
3027210,18.62225045625606
3027211,149.82615373047696
3027212,13.34331531543674
3027213,0.0
3027214,292.27382350371516
3027215,21.949857216761746
3027216,28.23935017662127
3027217,158.15511703502074
3027218,206.38747429163905
3027219,166.0917050976126
3027220,237.43421027123662
3027221,57.58569682383402
3027222,10.450701656418536
3027223,0.1260015433052131
3027224,21.614394558594853
3027225,233.6323619232191
3027226,0.1260015433052131
3027227,257.5806030360742
3027228,14.390578542501357
3027229,230.8512598444723
3027230,216.7300753440856
3027231,344.48942767430896
3027232,90.17677293702933
3027233,178.56383996875826
3027234,286.59332473042224
3027235,33.516783792759576
3027236,0.24181228995870693
3027237,26.14817946734975
3027238,51.74362741868043
3027239,0.2797029482133931
3027240,333.8520603536401
3027241,28.672667668575894
3027242,18.997124101111822
3027243,11.368826201138498
3027244,102.752622376219
3027245,6.366111694510131
3027246,189.97611196381584
3027247,350.8743644789383
3027248,17.855252114052675
3027249,23.609223871575423
3027250,175.18615708961482
3027251,78.64621064180457
3027252,171.22619790472987
3027253,154.52070666162615
3027254,24.509237697949473
3027255,10.159379529234775
3027256,0.1260015433052131
3027257,12.087888977697212
3027258,222.6393839106073
3027259,0.1260015433052131
3027260,226.43630180558253
3027261,22.183814392216117
3027262,217.76499172047545
3027263,224.98399288253503
3027264,326.11388138759946
3027265,336.02560213146853
3027266,302.3837161920695
3027267,286.59332473042224
3027268,66.69333671331064
3027269,1.0290909802377057
3027270,45.69932727296341
3027271,48.406891411969305
3027272,0.569795787236239
3027273,337.513561604188
3027274,17.061713339192107
3027275,40.58885246991789
3027276,8.773352153179202
3027277,171.9196433683061
3027278,17.657470907625378
3027279,144.79750563735337
3027280,328.6953651995289
3027281,15.195493717077467
3027282,27.392161021693695
3027283,137.082337546252
3027284,203.7747587042979
3027285,142.1287483630883
3027286,312.22203603518733
3027287,70.52677199508423
3027288,6.306140291835241
3027289,0.5674370124288588
3027290,7.309716262991378
3027291,171.84721287310745
3027292,0.1260015433052131
3027293,323.89632437493015
3027294,22.931493740013146
3027295,171.5741699986242
3027296,320.9680579040234
3027297,191.5885437997224
3027298,62.519500956014696
3027299,73.77635099438073
3027300,269.61663559563306
3027301,28.259405389052745
3027302,1.191661095742018
3027303,29.68934761534454
3027304,16.459862257725764
3027305,0.15889980230174747
3027306,156.72089956520875
3027307,10.650024203298836
3027308,9.342093197890234
3027309,8.226430348438903
3027310,52.49323559905308
3027311,7.332655742129796
3027312,229.753280857602
3027313,220.43005187857003
3027314,3.002602044855356
3027315,5.713742774985012
3027316,204.5463835563963
3027317,47.57749364002783
3027318,139.18967900784313
3027319,0.0
3027320,9.662350945224656
3027321,11.08357802480238
3027322,0.1260015433052131
3027323,12.993979274588197
3027324,229.2600475380329
3027325,0.1260015433052131
3027326,199.72816255992078
3027327,30.046784638133815
3027328,211.45134831957492
3027329,220.6791148212977
3027330,323.23338768896497
3027331,89.36508783927316
3027332,135.21705582644344
3027333,285.50554638072884
3027334,58.133249891798535
3027335,1.212360959803213
3027336,55.53880374970268
3027337,30.402433361704453
3027338,0.15889980230174747
3027339,313.74782886292957
3027340,7.9998266519671235
3027341,14.483532968624452
3027342,3.974794510578683
3027343,102.43988497324217
3027344,9.242964038134675
3027345,325.47007695405716
3027346,338.36952378499126
3027347,11.908907491628142
3027348,22.008121843819012
3027349,321.23290183235076
3027350,77.4933239556958
3027351,167.3621126354289
3027352,257.88296788654026
3027353,19.376737490718828
3027354,6.474978293701941
3027355,0.11081896174697096
3027356,6.738930301386286
3027357,228.31848463429142
3027358,0.11081896174697096
3027359,195.35011076308263
3027360,9.69619444781258
3027361,212.3053532904531
3027362,230.697463928833
3027363,218.0448197956114
3027364,311.28365901206695
3027365,210.2486480079634
3027366,291.0631658381907
3027367,48.91001694124193
3027368,1.6861065313668953
3027369,34.722978467648204
3027370,38.520994954665746
3027371,0.33592777228462095
3027372,270.79128707617485
3027373,3.555231999987303
3027374,57.568057133429356
3027375,3.461950919792261
3027376,102.10799138551813
3027377,9.355416223195009
3027378,187.03408853400876
3027379,275.2743438930486
3027380,21.25901396303654
3027381,9.369013008632534
3027382,112.16390624169824
3027383,119.29844692551355
3027384,168.43731429006542
3027385,2.1225232279082116
3027386,48.27183016891917
3027387,11.130121397817081
3027388,0.1260015433052131
3027389,4.841647493862545
3027390,239.38023383338026
3027391,0.1260015433052131
3027392,229.39496841537786
3027393,10.089528423390135
3027394,224.0056157392358
3027395,254.57464124796823
3027396,313.02576663612393
3027397,199.12765648860082
3027398,281.87929157396775
3027399,298.64707477000695
3027400,40.45654432854242
3027401,3.0283160672578457
3027402,43.803167803958665
3027403,46.27682511096448
3027404,0.2797029482133931
3027405,313.7678674658523
3027406,7.151004076865447
3027407,62.902234581900224
3027408,10.501896347206623
3027409,188.10324355236412
3027410,9.998674135383338
3027411,327.8451959427388
3027412,291.7965551090357
3027413,13.375334448010982
3027414,24.566959931557054
3027415,322.30296291699
3027416,134.18970107138662
3027417,292.64040468876277
3027418,4.775799932715211
3027419,9.46384485328139
3027420,7.203078079808285
3027421,0.1260015433052131
3027422,4.446859181525366
3027423,187.15685003054315
3027424,0.1260015433052131
3027425,335.72304228372343
3027426,7.203078079808285
3027427,156.7424379207124
3027428,232.29964712441347
3027429,190.79912366868822
3027430,83.48858777014928
3027431,104.49066904655186
3027432,190.52091790997233
3027433,13.34910823150627
3027434,0.6991406865034073
3027435,27.885894301133437
3027436,22.620554793213618
3027437,0.15889980230174747
3027438,159.50883649778132
3027439,6.366111694510131
3027440,13.005711099651627
3027441,6.3778617292567725
3027442,65.944240175313
3027443,4.119949867115994
3027444,235.68888387571334
3027445,198.58245942584028
3027446,2.8703845238495926
3027447,4.878566196949584
3027448,157.45940972718176
3027449,67.06937374817535
3027450,168.37500402051575
3027451,0.0
3027452,5.388138207894418
3027453,6.306140291835241
3027454,0.1260015433052131
3027455,0.24447606955547935
3027456,184.82531747898682
3027457,0.1260015433052131
3027458,186.04631276417626
3027459,4.95063453634663
3027460,184.7213376962653
3027461,248.2008777028324
3027462,185.005209256123
3027463,51.31232085196546
3027464,25.458376108011894
3027465,247.8738084672262
3027466,12.743252007015279
3027467,0.9133704917296264
3027468,15.938905441353858
3027469,6.09546136636893
3027470,0.15889980230174747
3027471,163.3465619898201
3027472,0.15889980230174747
3027473,0.11099029571792217
3027474,4.451247811609625
3027475,33.73824078783481
3027476,0.7049660763535595
3027477,43.678609103825856
3027478,137.82888350972937
3027479,0.15889980230174747
3027480,2.629179226503865
3027481,50.89727621122856
3027482,74.48667873814416
3027483,211.14515428678368
3027484,0.0
3027485,2.720405502481151
3027486,6.432377214486249
3027487,0.1260015433052131
3027488,2.279918409424443
3027489,238.99690398381273
3027490,0.1260015433052131
3027491,264.5885771730693
3027492,11.607838146138144
3027493,233.7716633908059
3027494,240.38375443201258
3027495,278.17748061733977
3027496,153.19406512274082
3027497,124.30672914080529
3027498,292.12382486765887
3027499,28.35774603392393
3027500,0.521876864536815
3027501,18.791925658736716
3027502,47.96342456215636
3027503,0.15889980230174747
3027504,231.03283749170853
3027505,18.523054475232733
3027506,21.278001703444545
3027507,7.736078413209425
3027508,68.94060381486031
3027509,5.617063371660034
3027510,334.6774991372288
3027511,286.08530356916174
3027512,7.641647941085335
3027513,12.678198891905105
3027514,347.12433395356294
3027515,83.92499849766955
3027516,154.44346522942004
3027517,0.0
3027518,38.166505780090695
3027519,4.056138293288495
3027520,0.1260015433052131
3027521,2.821234982862155
3027522,239.40667532519188
3027523,0.20891403096217262
3027524,217.00209598014814
3027525,13.844627726729977
3027526,212.34954809393486
3027527,208.20205473879824
3027528,167.83182420852097
3027529,247.02979070844674
3027530,192.838513426695
3027531,293.2116032173522
3027532,33.8803332057815
3027533,3.1603466985730044
3027534,31.420081000555424
3027535,28.56130635119027
3027536,0.6232519751113528
3027537,198.2380202025902
3027538,12.360203301762901
3027539,46.477751937476064
3027540,7.927847638694359
3027541,117.97709984793069
3027542,14.566599003063935
3027543,332.0724013687298
3027544,202.6849459256227
3027545,7.1293515343935026
3027546,12.041850293383561
3027547,144.30635412263828
3027548,116.49105099458232
3027549,130.86587327786907
3027550,0.0
3027551,41.48250354246176
3027552,3.5278957514085296
3027553,0.6419115154569027
3027554,9.980802778635603
3027555,247.72660179344732
3027556,0.1260015433052131
3027557,173.32656198249234
3027558,18.207081567976683
3027559,236.25127688648124
3027560,245.20509927650406
3027561,255.76542401478102
3027562,281.72914878402617
3027563,146.83924617842908
3027564,258.399506331525
3027565,34.212666278514256
3027566,2.629179226503865
3027567,36.45753991318728
3027568,43.256657123513435
3027569,0.15889980230174747
3027570,301.7301036535546
3027571,26.630548866416728
3027572,39.74757278035904
3027573,18.21924343952636
3027574,122.71890150326432
3027575,18.589569798793203
3027576,329.19337139620103
3027577,298.7446708853948
3027578,17.883927320119984
3027579,18.278942539032606
3027580,175.9127846938414
3027581,138.8867703378781
3027582,154.93310170997626
3027583,2.1076589261664265
3027584,36.97051931934432
3027585,11.485453213404606
3027586,0.6234508301876258
3027587,9.68574169390353
3027588,233.99078245115913
3027589,0.1260015433052131
3027590,323.501514637596
3027591,13.582730847586713
3027592,238.7252463958688
3027593,207.90084015647588
3027594,333.13945324161887
3027595,156.0041364384489
3027596,100.29226804700751
3027597,293.2116032173522
3027598,8.24993583330036
3027599,1.090634313696219
3027600,41.37908128519934
3027601,38.18206145021784
3027602,0.15889980230174747
3027603,321.9554863886729
3027604,9.057792965728485
3027605,3.2666820931269878
3027606,10.542629623111672
3027607,43.5672367172694
3027608,3.592454402167116
3027609,307.5610938747506
3027610,326.383616582559
3027611,6.339038550831774
3027612,7.241152093813214
3027613,310.372646742729
3027614,99.34606986488825
3027615,122.22498410116452
3027616,107.40406885460031
3027617,15.77915984265878
3027618,5.007377982894237
3027619,0.8867299073052303
3027620,7.907083243206261
3027621,260.4817532328788
3027622,0.8867299073052303
3027623,321.28644820988103
3027624,11.331974091555415
3027625,293.2201688015401
3027626,342.3778215756526
3027627,113.6180061829209
3027628,117.86994725319725
3027629,128.7241911169646
3027630,304.2165192252355
3027631,16.705006253595723
3027632,2.5618699791985184
3027633,27.25700378475501
3027634,28.357917144733932
3027635,0.9196281663017646
3027636,145.0064924470029
3027637,12.286160486851381
3027638,13.991946968443685
3027639,8.556673796455183
3027640,93.75228319752279
3027641,6.9306960474465
3027642,246.80963502951192
3027643,166.63409364057105
3027644,4.020752699581872
3027645,7.766438035221991
3027646,256.80425375446436
3027647,57.67896751481384
3027648,33.48108944874013
3027649,0.6676137922563412
3027650,28.311077212175128
3027651,0.9304886920639318
3027652,0.2837177219012405
3027653,1.331854909301598
3027654,295.9385326893364
3027655,0.2837177219012405
3027656,82.14489261666328
3027657,2.9952024434490863
3027658,178.28934202798925
3027659,286.9806375948649
3027660,229.14245279980588
3027661,36.66022471891166
3027662,33.165798785877215
3027663,302.1487863021347
3027664,4.501773629165472
3027665,0.46782042229599347
3027666,14.117824037826741
3027667,9.103907840090594
3027668,0.37950592529497235
3027669,146.71418476071383
3027670,4.27766604571202
3027671,0.0
3027672,1.3029317963938816
3027673,13.09789464303617
3027674,0.44531759422514
3027675,244.62692123321293
3027676,166.3392885488962
3027677,0.5265440966647539
3027678,3.0281007024456206
3027679,130.67589365605772
3027680,28.187522032344305
3027681,210.29200756585237
3027682,6.522016937036198
3027683,2.058507205890626
3027684,7.365970013412706
3027685,0.3666302095582
3027686,6.292154824473505
3027687,245.32117747390384
3027688,0.2837177219012405
3027689,191.7958554679472
3027690,13.257277528223431
3027691,244.25198249718656
3027692,284.6427360595959
3027693,352.024816234421
3027694,193.19059717767126
3027695,77.1126307801229
3027696,303.4786276181555
3027697,25.766825857776503
3027698,0.5926840158005776
3027699,23.07198497259399
3027700,18.231020828050518
3027701,0.3995284685547345
3027702,341.4374073791035
3027703,6.620041124719717
3027704,1.8194500981968966
3027705,7.364329768760564
3027706,41.00370725711426
3027707,1.8231459938817194
3027708,345.7082784075541
3027709,318.73817011325957
3027710,2.817434889289047
3027711,12.342997660190507
3027712,267.98012284787507
3027713,100.72701310881908
3027714,135.27444885093408
3027715,62.3696673163955
3027716,8.819831247118895
3027717,5.121397293111881
3027718,0.357278007761569
3027719,0.6396329562046246
3027720,272.8760227187683
3027721,0.357278007761569
3027722,158.86199656873447
3027723,15.641526739195314
3027724,253.50698332733518
3027725,326.263732788119
3027726,191.8981088181596
3027727,68.54470432963134
3027728,37.68254779976441
3027729,302.63652217266815
3027730,6.433681650466313
3027731,0.5413807081563222
3027732,12.70588084516652
3027733,19.288147067883003
3027734,0.4530662111553008
3027735,146.85084270059306
3027736,6.601270378581726
3027737,0.01646104308559941
3027738,2.7629994085127576
3027739,35.633103229378214
3027740,1.0885914017674923
3027741,190.90027737357147
3027742,176.14638734412947
3027743,1.2656087855851683
3027744,6.725022925585061
3027745,142.93782998512995
3027746,32.002018984251684
3027747,318.04305090327733
3027748,4.266247002878323
3027749,2.8632389149154522
3027750,5.212866364096582
3027751,0.357278007761569
3027752,2.8822116387766914
3027753,172.18398811400655
3027754,0.357278007761569
3027755,93.60284448962712
3027756,8.045495756913542
3027757,254.6248114323612
3027758,237.04100610565567
3027759,126.92218601826114
3027760,38.20910405940262
3027761,26.50877143859604
3027762,302.63652217266815
3027763,14.297542564011632
3027764,0.4530662111553008
3027765,10.428393687943279
3027766,6.208298316092779
3027767,0.39017626675810346
3027768,120.7376973343614
3027769,1.2350693013960141
3027770,0.01646104308559941
3027771,2.3282204552124823
3027772,39.35287580454255
3027773,1.5260390002267101
3027774,208.9751794146663
3027775,167.66683612241528
3027776,0.5413807081563222
3027777,4.0267387640158665
3027778,91.58301403515998
3027779,20.843100165862626
3027780,161.3028240572065
3027781,11.889817261348476
3027782,0.8723530514536123
3027783,3.759172215864886
3027784,0.357278007761569
3027785,3.2450082931049633
3027786,279.9088459170399
3027787,0.357278007761569
3027788,135.9946714727015
3027789,11.342763210029158
3027790,274.76005502050555
3027791,339.2547397969808
3027792,213.88725614182914
3027793,40.3454542594859
3027794,38.292547402273385
3027795,304.31639300349866
3027796,4.417366250708173
3027797,0.510979412669749
3027798,11.314278036762856
3027799,22.135038294328673
3027800,0.4530662111553008
3027801,169.69137325727968
3027802,1.485357742743813
3027803,0.01646104308559941
3027804,2.665862448483713
3027805,13.385855726664337
3027806,1.199210003756569
3027807,233.4594114807892
3027808,240.79607179788914
3027809,0.8850679237568629
3027810,5.304525702367751
3027811,77.61996312057263
3027812,89.73693812994863
3027813,329.3865492811203
3027814,8.277091135652231
3027815,3.4745685594654687
3027816,2.7052903169726688
3027817,0.6795553010893128
3027818,4.125008113978155
3027819,126.7556855933065
3027820,0.2837177219012405
3027821,137.70504517383102
3027822,4.460711681802391
3027823,264.48932333794215
3027824,310.6533675930598
3027825,225.05893881497443
3027826,88.41336476769402
3027827,55.63194539515265
3027828,302.39084926846203
3027829,5.695139206681128
3027830,1.2128585877814817
3027831,12.091113788674935
3027832,18.79102495544298
3027833,0.3995284685547345
3027834,188.47630010698384
3027835,6.527710092721397
3027836,0.0
3027837,5.168646240215367
3027838,23.633967270145973
3027839,1.0910217176790407
3027840,155.5946207629198
3027841,171.95746686623704
3027842,0.7101926810420957
3027843,4.790113861191936
3027844,104.27023057714638
3027845,41.77044313969252
3027846,133.5777100893923
3027847,12.774032909425081
3027848,4.29033568221143
3027849,4.21385447188452
3027850,0.4045208678128859
3027851,3.6463083406856356
3027852,228.73951831242786
3027853,0.2837177219012405
3027854,124.82419991290129
3027855,5.642177419804714
3027856,206.194213854054
3027857,217.26013428439674
3027858,142.58949202929895
3027859,107.48612081274491
3027860,33.607435576830355
3027861,195.847655090846
3027862,5.083811529963719
3027863,0.43741912680942036
3027864,9.626253711199473
3027865,12.725300837684923
3027866,0.3995284685547345
3027867,137.970065273487
3027868,0.316615980897775
3027869,0.0
3027870,2.1185017629367473
3027871,28.390800032457534
3027872,1.4410425193217284
3027873,54.617036906098456
3027874,124.30360985469886
3027875,0.8828025324188509
3027876,2.5360486560317406
3027877,61.56819027614877
3027878,33.708151465499604
3027879,301.40960278504696
3027880,0.06460160685235172
3027881,1.3321937707969267
3027882,7.98344129152208
3027883,0.7342451493345578
3027884,3.5416000043677736
3027885,273.24126341287564
3027886,0.2837177219012405
3027887,280.30877027268053
3027888,8.843549690413989
3027889,273.4454248837824
3027890,202.06249924285981
3027891,339.2429887076922
3027892,158.49049167232357
3027893,88.83532421856391
3027894,302.39084926846203
3027895,14.128153565556309
3027896,0.9633869510604663
3027897,21.831701787643755
3027898,24.82581852081183
3027899,0.316615980897775
3027900,257.7205056151655
3027901,0.316615980897775
3027902,0.0
3027903,11.308071469115847
3027904,43.12238143931142
3027905,3.556343244325586
3027906,301.5176641924901
3027907,241.7853143955029
3027908,1.2219722587412685
3027909,7.393692517400844
3027910,316.11189510974185
3027911,54.5191807250157
3027912,117.60382174720647
3027913,27.881931148969876
3027914,11.15287587631824
3027915,2.562472968795852
3027916,0.8003885171149452
3027917,6.299486117784923
3027918,243.77002797888207
3027919,0.26853514034299847
3027920,144.35418997070732
3027921,8.79023439515904
3027922,147.48495297337996
3027923,204.00224851009094
3027924,180.60594990224627
3027925,138.26107549039276
3027926,50.44430507479044
3027927,299.2970238649876
3027928,11.575497430653495
3027929,0.837613260847165
3027930,16.175180327356045
3027931,17.186299491274454
3027932,0.30143339933953284
3027933,161.87057441127297
3027934,8.91062180272847
3027935,2.644201530706505
3027936,7.3219149078956
3027937,55.2673554922316
3027938,1.3838070610007016
3027939,150.0499362111386
3027940,160.41197114615866
3027941,2.0066397780535254
3027942,6.38489274454458
3027943,143.94661619388432
3027944,42.48048864691421
3027945,134.46965750442874
3027946,47.855073595125084
3027947,10.098141537005707
3027948,5.121397293111881
3027949,0.49250908093870865
3027950,1.2769674086657927
3027951,260.9253029610493
3027952,0.357278007761569
3027953,141.6283467366795
3027954,6.065115013892135
3027955,221.25919531658076
3027956,311.38937708383867
3027957,268.5924401239106
3027958,51.94378731786571
3027959,37.73336986144419
3027960,302.63652217266815
3027961,14.33143485771067
3027962,1.5150186842864997
3027963,13.279015980312757
3027964,17.670121417678995
3027965,0.473088754415063
3027966,157.94834751141488
3027967,9.353560825784395
3027968,0.01646104308559941
3027969,4.448321614001769
3027970,37.96835854206215
3027971,2.9219505384429723
3027972,155.7741049524636
3027973,161.52264478313148
3027974,1.114305424169982
3027975,5.245764623093115
3027976,141.45056103219702
3027977,23.442397299737333
3027978,326.5945984304577
3027979,7.055880539539763
3027980,4.525151365902632
3027981,6.548362580659222
3027982,0.2837177219012405
3027983,6.316860859753527
3027984,245.44380002415986
3027985,0.2837177219012405
3027986,230.88903675911624
3027987,10.138065172334166
3027988,182.38772368570957
3027989,266.68468713319004
3027990,176.75582890842918
3027991,136.24860490071893
3027992,88.08202177690042
3027993,304.0342801377365
3027994,24.47813183892371
3027995,1.308919697461748
3027996,21.18359540957189
3027997,27.125072737626393
3027998,0.316615980897775
3027999,186.5813835428039
3028000,16.862887248520124
3028001,13.164234666809355
3028002,9.358559588219954
3028003,76.14924888938711
3028004,9.21902855146635
3028005,302.0123273218394
3028006,225.84471534271597
3028007,7.212040852136495
3028008,7.178436322080927
3028009,323.74781899238127
3028010,89.12054606252747
3028011,29.95611247890165
3028012,0.06460160685235172
3028013,30.124413866242474
3028014,5.838560694584505
3028015,0.34660766629843787
3028016,6.912440881872833
3028017,244.04782102627988
3028018,0.2837177219012405
3028019,321.97133762676145
3028020,6.463856470431267
3028021,250.24324659088234
3028022,279.2582231641394
3028023,356.08771085202886
3028024,92.6206640585861
3028025,85.50070967797686
3028026,303.4786276181555
3028027,10.552958304906868
3028028,0.3614598733162948
3028029,18.881215505015113
3028030,13.037174636951313
3028031,0.316615980897775
3028032,280.38461697637183
3028033,1.1305536522420887
3028034,5.283239328830765
3028035,6.427649340669518
3028036,54.25152580523751
3028037,2.0114301317885235
3028038,332.96752981741554
3028039,289.34888791954324
3028040,3.1247801057705984
3028041,6.056300676341606
3028042,254.66833700730305
3028043,63.76264304348811
3028044,135.27444885093408
3028045,100.19263763092479
3028046,13.748680260879235
3028047,11.158328972789299
3028048,0.6882224356885384
3028049,7.161113866419472
3028050,243.11395184725077
3028051,0.2837177219012405
3028052,314.66321454049864
3028053,7.176240566770257
3028054,243.31811331815746
3028055,325.1034756605034
3028056,271.6919175589096
3028057,222.82240811201422
3028058,82.44898484679956
3028059,295.21115916613246
3028060,13.615756470216468
3028061,0.5392278279254636
3028062,32.10265214080965
3028063,26.150248263021194
3028064,0.3995284685547345
3028065,272.83526105721154
3028066,4.872048506727812
3028067,1.7447865392642412
3028068,9.053475176874077
3028069,72.25847685293621
3028070,1.629326657228531
3028071,128.70273942402613
3028072,246.97225806114088
3028073,3.1297787392622296
3028074,5.420650174165929
3028075,153.69683803247364
3028076,150.2739317964666
3028077,133.1592372155324
3028078,0.06460160685235172
3028079,5.423061304755824
3028080,4.738485630624111
3028081,0.4045208678128859
3028082,2.782694623114397
3028083,252.7846001213768
3028084,0.2837177219012405
3028085,113.68049819906692
3028086,6.5470383463473665
3028087,340.6002907266421
3028088,300.9786500982486
3028089,123.7929789223113
3028090,47.59222085218885
3028091,55.17509830801267
3028092,302.39084926846203
3028093,6.610152550102222
3028094,0.8473591138838484
3028095,22.94087225959286
3028096,21.05450197268005
3028097,0.316615980897775
3028098,149.74104255424285
3028099,0.43741912680942036
3028100,0.0
3028101,4.343805964847843
3028102,40.366350742746135
3028103,2.5360486560317406
3028104,125.66033521887938
3028105,151.65441989675736
3028106,0.9390560390104951
3028107,6.126151782186246
3028108,117.91116111660459
3028109,26.412461807407606
3028110,329.35822533774336
3028111,13.678569488340663
3028112,1.7387203479517095
3028113,1.022264161043062
3028114,0.2837177219012405
3028115,0.0
3028116,219.56840968963692
3028117,0.4045208678128859
3028118,226.42965182764362
3028119,7.325399342325471
3028120,233.71209773631566
3028121,268.52170913367155
3028122,119.40008440122045
3028123,40.88169910283544
3028124,64.71453385630379
3028125,302.39084926846203
3028126,27.233512747773226
3028127,0.46782042229599347
3028128,9.359051326697672
3028129,20.700309963381695
3028130,0.7211206946850729
3028131,106.04609132565575
3028132,11.787402058705464
3028133,1.2245754114297822
3028134,9.353768729493359
3028135,47.944397644884575
3028136,4.246752730881053
3028137,300.93804115360643
3028138,140.49630274827786
3028139,3.718510189001092
3028140,5.675075678801247
3028141,288.2591194691904
3028142,28.39506207120191
3028143,23.68832342142518
3028144,0.06460160685235172
3028145,5.4964999598946225
3028146,1.457866852541539
3028147,0.2837177219012405
3028148,5.358655377494439
3028149,247.0902386828334
3028150,0.2837177219012405
3028151,182.51706661221968
3028152,15.402789614622467
3028153,231.3154335819449
3028154,234.6260473410729
3028155,258.7757797777678
3028156,201.68144657470404
3028157,156.46820293088197
3028158,297.0499219302968
3028159,42.30065583320597
3028160,0.8677611444881784
3028161,19.686986409127538
3028162,26.036852572709147
3028163,0.316615980897775
3028164,214.79114832105353
3028165,11.687832112938352
3028166,29.706670702812396
3028167,10.18985775901809
3028168,72.69743272915733
3028169,12.273146554345868
3028170,330.62485753671064
3028171,253.67518051253208
3028172,15.04615649856973
3028173,7.547804887275421
3028174,325.68230447866796
3028175,104.59752051406124
3028176,31.80387449786079
3028177,0.06460160685235172
3028178,23.749365017430986
3028179,3.6856119300045576
3028180,0.34660766629843787
3028181,2.889248478309494
3028182,245.95263891980184
3028183,0.2837177219012405
3028184,291.38411141671025
3028185,8.479431983911958
3028186,342.79607203928094
3028187,337.93346151602725
3028188,147.89526428304418
3028189,119.58931463325457
3028190,87.48864093424805
3028191,269.1831414668787
3028192,23.01734369574496
3028193,1.1305536522420887
3028194,24.97585289454892
3028195,20.711029205824016
3028196,0.316615980897775
3028197,100.6716032008241
3028198,0.316615980897775
3028199,22.81076092606501
3028200,5.141248973939189
3028201,138.05533513572462
3028202,12.240436267557152
3028203,152.81938700263797
3028204,120.41189501531515
3028205,5.675075678801247
3028206,6.620507276431135
3028207,176.84396260502749
3028208,40.833381387497646
3028209,20.78791022921562
3028210,0.401028865248146
3028211,5.735097989665961
3028212,4.31090770585131
3028213,0.2837177219012405
3028214,3.6198791801953787
3028215,317.36211374818765
3028216,0.2837177219012405
3028217,188.5820947427089
3028218,3.6856119300045576
3028219,249.3775329147539
3028220,202.38442079004295
3028221,61.89243131079483
3028222,27.079345848790364
3028223,32.5456391128631
3028224,253.8252806621523
3028225,5.617176560540231
3028226,0.7275119658322662
3028227,11.20633701987392
3028228,7.879908200325382
3028229,0.43741912680942036
3028230,56.500347579503575
3028231,0.37950592529497235
3028232,6.869439085876405
3028233,0.804124107201472
3028234,20.671121462813105
3028235,0.3995284685547345
3028236,201.70878638645428
3028237,97.97243584322693
3028238,1.1305536522420887
3028239,1.1305536522420887
3028240,117.92226020201386
3028241,19.52948395786423
3028242,335.3586312873884
3028243,0.44510160105384416
3028244,2.108739675939392
3028245,6.587609017434602
3028246,0.8155710986731873
3028247,0.18555748060313312
3028248,237.78882019041257
3028249,0.34660766629843787
3028250,241.31127012823703
3028251,14.451621095763405
3028252,147.92836568508343
3028253,190.0966400430957
3028254,248.8794081471116
3028255,204.71258799309763
3028256,120.97593141386508
3028257,299.53690264716846
3028258,29.243832662491336
3028259,2.817434889289047
3028260,19.01706909617175
3028261,27.03559617219057
3028262,0.3995284685547345
3028263,171.0531926719772
3028264,8.021515305527007
3028265,33.770712160870396
3028266,9.497359620055677
3028267,91.1572147084519
3028268,3.1603182234513834
3028269,266.66977069314646
3028270,217.4787594248128
3028271,9.468740936552067
3028272,8.45148819300846
3028273,311.12747021324776
3028274,69.20465951328147
3028275,40.34458410872671
3028276,0.4522434330047638
3028277,16.593406841398913
3028278,5.642177419804714
3028279,0.2837177219012405
3028280,1.7714176467889133
3028281,201.10121721081805
3028282,0.2837177219012405
3028283,333.25273678582084
3028284,13.66511659233712
3028285,236.92226610284092
3028286,275.4777364142565
3028287,310.34486419605156
3028288,193.00070604561546
3028289,63.91742607893934
3028290,308.535839701041
3028291,16.466581300215122
3028292,1.1694256289259501
3028293,28.725086230663674
3028294,18.64150058485941
3028295,0.9085165548213407
3028296,240.3316857185299
3028297,0.316615980897775
3028298,5.301360455128742
3028299,5.675075678801247
3028300,56.78332373690671
3028301,0.6134803649381692
3028302,280.30645377467516
3028303,272.2922333287611
3028304,4.51595319809243
3028305,5.675075678801247
3028306,178.56526248665912
3028307,72.9229392879398
3028308,135.27444885093408
3028309,1.5236040547289846
3028310,4.774326163874877
3028311,6.023402417345073
3028312,0.3820180397420324
3028313,2.777695989622766
3028314,244.1704435765359
3028315,0.2837177219012405
3028316,336.66946987603455
3028317,10.635246132494899
3028318,250.24324659088234
3028319,273.6297248662028
3028320,240.38979242533833
3028321,173.33989870552713
3028322,73.7116998266351
3028323,308.535839701041
3028324,14.728916382625696
3028325,1.1868071588337328
3028326,28.0239821846439
3028327,21.595320764035648
3028328,0.316615980897775
3028329,215.30887299056474
3028330,0.316615980897775
3028331,5.603657004292082
3028332,5.617176560540231
3028333,89.36366056846401
3028334,1.0906058385745978
3028335,162.8059154215343
3028336,204.38294946395223
3028337,3.718510189001092
3028338,4.872048506727812
3028339,176.5680667902954
3028340,56.6108289459698
3028341,135.27444885093408
3028342,0.9287293679618708
3028343,6.401974357168878
3028344,8.418589934011923
3028345,0.8777053272053164
3028346,15.483425189317344
3028347,245.33678938073618
3028348,0.2837177219012405
3028349,210.22761275654614
3028350,51.12538572108285
3028351,258.74634743903215
3028352,249.7548092301152
3028353,317.0864706607518
3028354,328.8946866611635
3028355,300.8260010764016
3028356,305.12205848742997
3028357,70.94111022131337
3028358,2.5360486560317406
3028359,57.443454806174714
3028360,45.21127492038072
3028361,0.316615980897775
3028362,335.8091258703608
3028363,32.31947753195272
3028364,39.909680172905865
3028365,27.505855808657433
3028366,179.361477784779
3028367,26.404517707920622
3028368,3.394987955404297
3028369,337.66827887949205
3028370,20.599868315896142
3028371,22.999033365678514
3028372,128.3357914565241
3028373,219.06930498978005
3028374,31.587834091783662
3028375,0.4870388419748761
3028376,65.06198686069405
3028377,3.183673471046493
3028378,0.657682951499384
3028379,0.6463390587519641
3028380,249.22116588927864
3028381,0.2837177219012405
3028382,151.5424604013894
3028383,5.83087713830684
3028384,336.47480554396384
3028385,240.3003872521484
3028386,108.03698756012356
3028387,107.62731813522066
3028388,47.11827853363209
3028389,204.2656901792458
3028390,7.075565581433497
3028391,0.43741912680942036
3028392,12.884577535964198
3028393,7.879908200325382
3028394,0.316615980897775
3028395,165.01655817006443
3028396,1.452076574180989
3028397,0.0
3028398,2.1931653218694023
3028399,36.98906365805613
3028400,0.9103380069029031
3028401,126.97195631355336
3028402,89.17815835029111
3028403,1.1305536522420887
3028404,3.1247801057705984
3028405,108.93962769297843
3028406,22.008540619603927
3028407,270.8244945566671
3028408,0.14751409450931133
3028409,3.706374583573466
3028410,8.488441039856562
3028411,0.34660766629843787
3028412,0.920391571278961
3028413,172.54612010139698
3028414,0.2837177219012405
3028415,338.94767413732137
3028416,8.418589934011923
3028417,250.24324659088234
3028418,239.855384368548
3028419,219.5749644036384
3028420,263.08036300947805
3028421,81.3524438318198
3028422,307.4480613513476
3028423,10.389934083340531
3028424,0.7580514500214205
3028425,22.470962483426355
3028426,18.570254285500454
3028427,0.316615980897775
3028428,261.65813177890016
3028429,0.9352305088116061
3028430,6.277331536947784
3028431,8.842846347938938
3028432,21.205783514780663
3028433,1.0906058385745978
3028434,361.5978214978832
3028435,228.64104559805287
3028436,3.718510189001092
3028437,6.180053223344941
3028438,126.98345103834576
3028439,59.38169676870254
3028440,117.60382174720647
3028441,1.5581931965318565
3028442,4.797765528909065
3028443,1.3649725601365328
3028444,0.2837177219012405
3028445,0.7690882098637756
3028446,312.4588100573031
3028447,0.2837177219012405
3028448,123.21503950058946
3028449,4.839150247731279
3028450,341.29939949661053
3028451,125.42501006903069
3028452,79.20690776763429
3028453,152.86898179411153
3028454,16.94888501553851
3028455,291.941572122528
3028456,1.127340176917298
3028457,0.43741912680942036
3028458,6.3291660013123865
3028459,4.332914129434128
3028460,0.3995284685547345
3028461,75.91999140709758
3028462,0.316615980897775
3028463,0.0
3028464,0.7580514500214205
3028465,41.53824747925124
3028466,0.43741912680942036
3028467,99.58778932009704
3028468,73.70075644693623
3028469,0.47434988214576795
3028470,0.9596526500187746
3028471,46.51515894078625
3028472,9.54997405391791
3028473,159.7261681995367
3028474,0.06460160685235172
3028475,1.0061801926445884
3028476,16.48760193405284
3028477,0.2837177219012405
3028478,4.077308864310904
3028479,244.7523123501141
3028480,0.2837177219012405
3028481,243.14825377971317
3028482,23.763455923253062
3028483,266.0385338287888
3028484,341.0177435203213
3028485,195.83596601191732
3028486,136.3034012244567
3028487,95.59494176969207
3028488,296.23509824401975
3028489,6.234761983734159
3028490,0.47434988214576795
3028491,58.49536341996403
3028492,28.686182403129692
3028493,0.43741912680942036
3028494,290.3539613424272
3028495,0.316615980897775
3028496,0.0
3028497,53.94394353659101
3028498,63.46248526649164
3028499,4.433848095960334
3028500,321.0362779971802
3028501,308.9612560027546
3028502,6.8371291540334855
3028503,4.4351959674446615
3028504,276.57159618049803
3028505,32.95296736221922
3028506,299.8721150683157
3028507,0.06460160685235172
3028508,3.457798011375348
3028509,2.5031503970352063
3028510,0.4414516231492336
3028511,0.796593670188589
3028512,235.31044648819923
3028513,0.2837177219012405
3028514,131.69169490017578
3028515,10.719679856232498
3028516,169.39207271015968
3028517,232.2606246428593
3028518,206.2009875271001
3028519,107.60896700778544
3028520,70.65161365073277
3028521,297.94765359027207
3028522,7.322783192610408
3028523,4.134426266460305
3028524,22.501829641655902
3028525,35.1009705423472
3028526,0.316615980897775
3028527,197.8372087074818
3028528,1.0857019042287497
3028529,3.873037507208556
3028530,3.1297787392622296
3028531,26.356407107050515
3028532,1.8061579129635617
3028533,240.0797069363684
3028534,255.8597613993776
3028535,3.1297787392622296
3028536,6.4967547294278
3028537,139.30796294217157
3028538,25.46632891685478
3028539,124.2992984918699
3028540,3.6476813285086
3028541,2.3242415344632974
3028542,1.7211030650493926
3028543,0.2837177219012405
3028544,3.4128752741771664
3028545,234.61713737302605
3028546,0.2837177219012405
3028547,99.20575234343158
3028548,2.1553631285270196
3028549,340.72370791271317
3028550,152.63683234896058
3028551,82.87802664067188
3028552,118.90501177840963
3028553,47.78472134104697
3028554,285.11526019378533
3028555,4.95140382866889
3028556,0.8932354780577911
3028557,9.094745869774956
3028558,3.4854339195351507
3028559,0.37950592529497235
3028560,100.65001132660052
3028561,0.316615980897775
3028562,0.0
3028563,0.3995284685547345
3028564,47.22699733483805
3028565,0.6648761326994319
3028566,282.8392019892055
3028567,74.84966502713046
3028568,0.7306516236344281
3028569,0.8522630482296966
3028570,63.10955649589811
3028571,15.91739396654558
3028572,318.8837436507205
3028573,0.1274915512495491
3028574,1.113401828843933
3028575,4.21385447188452
3028576,0.2837177219012405
3028577,0.4822602780718119
3028578,235.38171686461658
3028579,0.2837177219012405
3028580,339.1791993908232
3028581,9.78453782201371
3028582,215.65588034271195
3028583,258.141483775184
3028584,188.8594334666124
3028585,155.73204752769934
3028586,90.73128903697035
3028587,299.0958724816371
3028588,10.206379032896402
3028589,0.47434988214576795
3028590,31.20459457763354
3028591,9.040738998883691
3028592,0.316615980897775
3028593,183.47128796241003
3028594,0.316615980897775
3028595,27.189078371617118
3028596,3.94645794360715
3028597,57.80330987891526
3028598,1.1418204063312154
3028599,292.8572801416631
3028600,193.94980816952489
3028601,3.11987617142475
3028602,1.860838509969377
3028603,123.22733527501184
3028604,39.26681196550334
3028605,139.07680336040838
3028606,0.4462434809381484
3028607,1.3950347963431875
3028608,2.5767106828955346
3028609,0.357278007761569
3028610,6.094200631768867
3028611,189.13674171282213
3028612,0.357278007761569
3028613,286.96340945837613
3028614,5.090441929818285
3028615,167.84424199317928
3028616,203.32865066969995
3028617,153.89753106284687
3028618,115.17129532075597
3028619,105.66151120626324
3028620,287.1717713992601
3028621,37.99373040505798
3028622,1.0833500608763849
3028623,25.716957390153645
3028624,23.138661811748463
3028625,0.39017626675810346
3028626,182.38595220208146
3028627,19.70215961055834
3028628,17.831855245862798
3028629,1.1910011070376687
3028630,94.59002315381305
3028631,9.570919905916005
3028632,190.16729692375787
3028633,255.9053283392238
3028634,11.60300485977565
3028635,11.225211123382099
3028636,214.00512573441338
3028637,59.66573076340263
3028638,29.022715598481604
3028639,0.13816189271268023
3028640,10.186887628682966
3028641,6.023402417345073
3028642,0.2837177219012405
3028643,5.346847586359423
3028644,174.36352685569912
3028645,0.2837177219012405
3028646,345.4193057158244
3028647,11.100709692502267
3028648,222.2918361256453
3028649,244.5739766957028
3028650,126.8364476863989
3028651,73.13355379271775
3028652,107.32893324342851
3028653,297.4160016508066
3028654,27.180869670370424
3028655,0.7331007462691592
3028656,38.901349718388694
3028657,43.34003941765011
3028658,0.316615980897775
3028659,263.3125872618502
3028660,20.829305699248565
3028661,14.824288236475079
3028662,11.464045632553347
3028663,76.78979778243949
3028664,10.751326267407537
3028665,145.67325995809253
3028666,312.4387519480918
3028667,6.056089866328658
3028668,11.302470940030778
3028669,115.88295665734283
3028670,76.31908624468856
3028671,29.424166531147147
3028672,7.1488612563560565
3028673,14.845446237867106
3028674,7.327729739853325
3028675,0.4401904954185286
3028676,5.018716633478087
3028677,234.18217257109697
3028678,0.357278007761569
3028679,136.19645539134498
3028680,3.693684674514358
3028681,240.37759813569943
3028682,301.8603245045754
3028683,161.891708501649
3028684,227.4303476133313
3028685,62.821328608339385
3028686,297.6616745550127
3028687,27.78584585722538
3028688,1.93214969827705
3028689,22.326993160192142
3028690,16.909792283629596
3028691,0.4530662111553008
3028692,318.2741048587855
3028693,5.214809259799519
3028694,11.283075198601367
3028695,13.119002684596051
3028696,49.9897827151178
3028697,4.417366250708173
3028698,231.6621103824376
3028699,287.2521905615377
3028700,5.421140262055517
3028701,9.419084240472136
3028702,207.4376367842689
3028703,44.53342190799898
3028704,117.6773820330668
3028705,6.043206548494803
3028706,11.6906389195249
3028707,2.6743349536790717
3028708,0.562343386687696
3028709,7.502221545041244
3028710,253.83197840325238
3028711,0.2837177219012405
3028712,320.6790163533927
3028713,7.365970013412706
3028714,173.8147141278889
3028715,214.12320042115184
3028716,167.85865235644465
3028717,118.19969679321841
3028718,73.45965348576954
3028719,304.0342801377365
3028720,21.969759428173845
3028721,0.7408290279228178
3028722,13.623306962750135
3028723,10.61297042151355
3028724,0.37950592529497235
3028725,153.5964756587601
3028726,16.882052493862318
3028727,19.386771391666834
3028728,1.7756184287744075
3028729,81.61706392789286
3028730,7.3666193737224885
3028731,299.7574237160053
3028732,192.874661600558
3028733,5.431004900494842
3028734,7.3087202554614725
3028735,304.3185980165154
3028736,53.40737373422328
3028737,27.032559339314655
3028738,0.1274915512495491
3028739,22.516728791198744
3028740,2.5767106828955346
3028741,0.357278007761569
3028742,4.905215448806608
3028743,219.213229813389
3028744,0.357278007761569
3028745,336.59723991582706
3028746,10.559979969102134
3028747,220.53765370292447
3028748,307.648669881544
3028749,254.33773213289737
3028750,147.89847443646886
3028751,57.07500962189125
3028752,285.3609330979915
3028753,12.230400819958366
3028754,1.133626640245772
3028755,27.169803103535827
3028756,21.743050933596162
3028757,0.473088754415063
3028758,331.8216063762049
3028759,0.39017626675810346
3028760,0.09937353074255897
3028761,6.814883883736058
3028762,35.11823208918237
3028763,1.204113938102417
3028764,152.11557558669847
3028765,287.957088963762
3028766,2.7807934985359344
3028767,10.29751210072241
3028768,163.57372385073808
3028769,44.93458756647621
3028770,106.0963522626492
3028771,0.13816189271268023
3028772,4.850828420329219
3028773,7.315777752269701
3028774,0.357278007761569
3028775,4.82254049008925
3028776,227.96151490464115
3028777,0.357278007761569
3028778,342.9882186975497
3028779,12.748563240939365
3028780,168.61300954442004
3028781,230.47142256369227
3028782,185.55704924628517
3028783,109.98375949856084
3028784,129.07179324280077
3028785,297.41961158868537
3028786,27.263961830328018
3028787,1.0576360384738965
3028788,24.75257133622739
3028789,30.058827320940004
3028790,0.39017626675810346
3028791,197.27128197543922
3028792,16.41299209258058
3028793,14.429787415451875
3028794,6.559423179874415
3028795,61.606587198219906
3028796,12.302423864130633
3028797,175.78777544646337
3028798,248.0969854792032
3028799,10.560053012087414
3028800,7.465462417237902
3028801,160.6860951990694
3028802,57.372162417731786
3028803,23.21859354649407
3028804,0.6330535497114402
3028805,5.877846588156513
3028806,4.38446799171164
3028807,0.357278007761569
3028808,3.0130536720083523
3028809,240.6311718889314
3028810,0.357278007761569
3028811,341.53308289273076
3028812,5.9121209804448345
3028813,142.30022825458394
3028814,225.4073736315749
3028815,158.62882385627697
3028816,110.46837740002144
3028817,105.01656717198529
3028818,288.0379707138218
3028819,23.87108351892118
3028820,1.0381168702249515
3028821,27.322858773596376
3028822,21.382761416946057
3028823,0.39017626675810346
3028824,160.29249022789557
3028825,11.835005032290645
3028826,31.24876447753451
3028827,6.446646740654799
3028828,60.68510832345064
3028829,8.648801025872123
3028830,209.99046797066717
3028831,188.15416963340215
3028832,6.814883883736058
3028833,7.440179659582818
3028834,202.50554317978964
3028835,45.029718208415794
3028836,133.70682692234465
3028837,0.2364622105534722
3028838,13.145036182485573
3028839,6.462388017542476
3028840,0.4030383316706614
3028841,4.262378551565642
3028842,105.14386201038947
3028843,0.340148387273464
3028844,99.68817277857245
3028845,16.3423376237872
3028846,105.66967913698439
3028847,142.36704829203734
3028848,271.6583529484521
3028849,178.60210225277353
3028850,68.62195063528841
3028851,163.41122567784427
3028852,11.17963336186602
3028853,0.43593659066719587
3028854,14.975123348937396
3028855,21.34487498774792
3028856,0.43593659066719587
3028857,241.43168815969995
3028858,0.3730466462699985
3028859,8.493582208318593
3028860,1.4669337005047978
3028861,72.83043999128567
3028862,5.978678856186101
3028863,273.5878662327584
3028864,283.40967133659876
3028865,2.592479321403964
3028866,4.046516759187876
3028867,225.0922023672892
3028868,118.66399687300934
3028869,123.62440021753974
3028870,1.7466171356944997
3028871,0.7555308030332469
3028872,13.445725125537827
3028873,0.2837177219012405
3028874,16.65379334761491
3028875,259.91188605624797
3028876,0.2837177219012405
3028877,182.15575482562437
3028878,25.65115470167776
3028879,222.2918361256453
3028880,237.14510972569533
3028881,342.07592174074466
3028882,327.47016710047143
3028883,341.869520483363
3028884,298.50378000050006
3028885,81.25301189601367
3028886,3.1247801057705984
3028887,101.6100905628935
3028888,102.94283794514413
3028889,0.316615980897775
3028890,351.5921152806226
3028891,19.645415750829518
3028892,23.128681934727965
3028893,54.47609418544653
3028894,244.43030297255243
3028895,24.13623684688493
3028896,3.394987955404297
3028897,346.41718837678354
3028898,35.29505818270285
3028899,34.91809580332825
3028900,134.74253440461916
3028901,299.776495733577
3028902,46.77972348804261
3028903,210.33128751806507
3028904,77.14336956929084
3028905,12.83592086435596
3028906,0.2837177219012405
3028907,12.255480052368936
3028908,259.91188605624797
3028909,0.2837177219012405
3028910,87.29806476165693
3028911,25.92452728196174
3028912,135.87422299321395
3028913,145.98388542620768
3028914,324.468702126481
3028915,282.00440140271786
3028916,260.7342214942469
3028917,298.50378000050006
3028918,90.79997102919754
3028919,1.0600663543854447
3028920,67.96239961775612
3028921,71.2104123420919
3028922,0.7945216773063293
3028923,329.4197116060067
3028924,16.906555845618502
3028925,33.375793118233275
3028926,19.51707429206709
3028927,210.1327273007088
3028928,19.53480569670467
3028929,20.300234251130746
3028930,333.82631065022923
3028931,21.973041753360857
3028932,24.550233575408622
3028933,107.94555138977131
3028934,245.01262640923795
3028935,46.43013416627998
3028936,218.38541801033506
3028937,75.21856470702969
3028938,10.773212231778956
3028939,0.2837177219012405
3028940,20.706744040356156
3028941,238.87649069031588
3028942,0.34660766629843787
3028943,211.66597646081146
3028944,11.837518983025312
3028945,234.1859281768931
3028946,203.01442723955262
3028947,209.45550249319993
3028948,112.8120161081831
3028949,217.00587439862414
3028950,298.50378000050006
3028951,34.986401073032226
3028952,3.621830785676114
3028953,44.700310852278506
3028954,26.990784975301047
3028955,0.47434988214576795
3028956,350.96133853910476
3028957,28.947758532629393
3028958,21.31275013967272
3028959,10.596960256806167
3028960,133.2117398861228
3028961,10.266645333573821
3028962,185.56401127023983
3028963,269.06844890965044
3028964,20.98568658835644
3028965,34.32555202526974
3028966,150.31552692064926
3028967,120.40808069651308
3028968,38.9210561722422
3028969,276.86072708703824
3028970,42.40947320512317
3028971,14.874983670556926
3028972,0.2837177219012405
3028973,20.511644760023643
3028974,242.497953214822
3028975,0.2837177219012405
3028976,221.50979023274448
3028977,19.508637561093526
3028978,255.7222213779858
3028979,237.80313391750994
3028980,350.85688782050596
3028981,296.9681920502102
3028982,229.45446491577363
3028983,298.50378000050006
3028984,48.515399833185754
3028985,1.3138236318075962
3028986,76.33793347230208
3028987,66.37106983406731
3028988,1.0338742489171113
3028989,248.50901461350543
3028990,24.462376666638352
3028991,29.60670856545377
3028992,12.423648107685825
3028993,174.90287594802817
3028994,15.451633583950612
3028995,3.394987955404297
3028996,279.4336075739354
3028997,20.308097390412076
3028998,27.02691844209076
3028999,199.95390739144392
3029000,213.09245385873797
3029001,44.230031182351375
3029002,235.71465478700037
3029003,59.80615519314638
3029004,10.538566729169922
3029005,0.2837177219012405
3029006,23.11852104271082
3029007,236.9353145041018
3029008,0.2837177219012405
3029009,264.3055122709524
3029010,15.73837255923415
3029011,255.7222213779858
3029012,221.36595635840638
3029013,343.5778966578875
3029014,89.99584049465257
3029015,183.28144315182882
3029016,298.50378000050006
3029017,42.41651468833062
3029018,0.4149162987385669
3029019,30.942705033676354
3029020,55.830717447655935
3029021,0.3995284685547345
3029022,333.5556642608966
3029023,26.542814383928818
3029024,12.139659114039748
3029025,6.0236144286320075
3029026,123.85261283897951
3029027,6.523827873106157
3029028,148.00447099659226
3029029,366.1883419782864
3029030,16.170238966376505
3029031,21.80924028873041
3029032,166.1011726108395
3029033,85.20119958473539
3029034,29.967366308786115
3029035,145.89940842270144
3029036,23.8141271455404
3029037,10.813932923932596
3029038,0.2837177219012405
3029039,10.879951385265796
3029040,236.9353145041018
3029041,0.2837177219012405
3029042,222.4697744573633
3029043,25.052492149836542
3029044,255.7222213779858
3029045,237.14510972569533
3029046,332.2980053787682
3029047,331.52557172626746
3029048,307.03099339904907
3029049,298.50378000050006
3029050,57.40224130330351
3029051,1.5987871730393768
3029052,51.40754012805105
3029053,57.921639002785604
3029054,0.7580514500214205
3029055,336.6943119617502
3029056,12.130902217072647
3029057,28.97616423857676
3029058,7.780297593642729
3029059,176.40463655933885
3029060,17.020768382672166
3029061,162.3466493864603
3029062,339.67773468298867
3029063,17.378292374605035
3029064,25.914409037712026
3029065,132.1357491191614
3029066,195.10528965591368
3029067,38.482456160548416
3029068,311.25156063425254
3029069,71.13130080383955
3029070,6.463856470431267
3029071,0.5765004956169094
3029072,5.005486478002151
3029073,160.35950008585542
3029074,0.2837177219012405
3029075,326.41651960932427
3029076,23.91110737411991
3029077,181.72053277832572
3029078,315.04523535191714
3029079,185.33029527846145
3029080,63.23985823098241
3029081,79.92728583330333
3029082,295.76681168571344
3029083,24.50774174813357
3029084,1.161093136431243
3029085,26.960250762696493
3029086,20.596690371456134
3029087,0.316615980897775
3029088,147.02633651797112
3029089,10.792946413303747
3029090,7.09853557075534
3029091,10.267176682944264
3029092,62.528818112935845
3029093,7.4903719207258215
3029094,218.04400955156208
3029095,200.62178956715903
3029096,3.1297787392622296
3029097,5.871458953581038
3029098,200.63314296854318
3029099,50.48922450347054
3029100,27.10245377614951
3029101,0.4639125162049578
3029102,8.154798991375682
3029103,10.024523046695927
3029104,0.2837177219012405
3029105,10.185716661409009
3029106,241.18547812935262
3029107,0.2837177219012405
3029108,212.5235570416948
3029109,34.70367477387999
3029110,217.7476562663316
3029111,227.69646213978126
3029112,338.2171052570658
3029113,92.04501498892371
3029114,165.2578447139577
3029115,297.4160016508066
3029116,60.33952581541551
3029117,1.2172544524780649
3029118,61.78341387011956
3029119,33.138516778176744
3029120,0.316615980897775
3029121,317.9583673785732
3029122,15.175879250175885
3029123,9.719841134283099
3029124,4.775369103402834
3029125,120.84021977649509
3029126,9.4006802167307
3029127,331.3488048826701
3029128,339.8493757492249
3029129,12.31187876158669
3029130,21.36571491129705
3029131,325.52802111656564
3029132,82.83911027688252
3029133,38.12934344763348
3029134,237.36346034572537
3029135,18.539656183164592
3029136,5.854333476319859
3029137,0.26853514034299847
3029138,3.6267234087260656
3029139,233.6919858859542
3029140,0.26853514034299847
3029141,170.50895495306364
3029142,9.298582477530147
3029143,171.3526394568731
3029144,212.56177417480987
3029145,211.64517399801292
3029146,289.8649729158591
3029147,217.62977880305866
3029148,301.885842758575
3029149,43.0547702725205
3029150,1.8389187756170744
3029151,33.43795968183773
3029152,34.72650285351878
3029153,0.6753986289376764
3029154,246.7267462374931
3029155,3.712948178583331
3029156,47.247195261857364
3029157,4.262525512616407
3029158,131.07444151776048
3029159,10.114263977453705
3029160,234.28770105191228
3029161,277.2818525368508
3029162,18.471551340188462
3029163,9.441931149455812
3029164,127.88550834578042
3029165,113.71157030418995
3029166,42.1316168446835
3029167,2.8935371469521605
3029168,45.4982294692556
3029169,11.353398081134268
3029170,0.2837177219012405
3029171,5.943348663945697
3029172,228.6465877564233
3029173,0.2837177219012405
3029174,211.62448691453278
3029175,10.24724460198616
3029176,212.4065328074336
3029177,242.7876971599245
3029178,310.3828599040704
3029179,194.00123820934715
3029180,274.739772083996
3029181,287.63076041846057
3029182,37.60324442030332
3029183,3.3180628771690324
3029184,54.62932260902577
3029185,43.050264483346474
3029186,0.43741912680942036
3029187,316.89218327237506
3029188,7.3087202554614725
3029189,47.55350545243941
3029190,9.497359620055677
3029191,201.3915022891083
3029192,10.868774410318354
3029193,327.28045491064967
3029194,295.3356018323718
3029195,13.931281492381816
3029196,24.05921638490831
3029197,327.5357108244072
3029198,117.93601330813627
3029199,150.00113583453228
3029200,5.5468138517591585
3029201,9.734451040706888
3029202,7.98344129152208
3029203,0.2837177219012405
3029204,1.7242556938528137
3029205,171.11302588813513
3029206,0.2837177219012405
3029207,338.61679748501695
3029208,8.284110454765054
3029209,139.11483294442263
3029210,210.22336812888474
3029211,200.33321321576554
3029212,80.03745109096145
3029213,128.6100891043047
3029214,182.62083234875357
3029215,14.30354313925887
3029216,0.8568568650994345
3029217,31.331845453144748
3029218,22.36757918560178
3029219,0.316615980897775
3029220,152.21442642974765
3029221,7.302188869084262
3029222,10.414274140805016
3029223,7.178436322080927
3029224,86.43086274897368
3029225,4.189227443261849
3029226,242.63778901375537
3029227,205.9237004932429
3029228,3.0281007024456206
3029229,5.334325497169864
3029230,151.31128572816525
3029231,57.46019996635889
3029232,36.63849957245697
3029233,0.1854047527639974
3029234,3.3698164116306897
3029235,6.463856470431267
3029236,0.2837177219012405
3029237,0.8090100629042495
3029238,211.11412968266342
3029239,0.2837177219012405
3029240,188.96231970043922
3029241,3.411062790272693
3029242,178.8519844443491
3029243,222.05342577231303
3029244,181.81467589702126
3029245,59.8188157075878
3029246,38.9854492081022
3029247,258.0947251995303
3029248,15.977798648278904
3029249,0.8828025324188509
3029250,18.93236214793147
3029251,10.653541092600785
3029252,0.37950592529497235
3029253,181.88088981933126
3029254,0.316615980897775
3029255,0.0
3029256,4.343805964847843
3029257,25.45337926478946
3029258,0.6885552259719974
3029259,56.425716763073325
3029260,166.56973301611418
3029261,0.316615980897775
3029262,2.786895405099893
3029263,54.44616306277883
3029264,73.12367566679929
3029265,222.87687834089775
3029266,0.06460160685235172
3029267,3.40965459145159
3029268,5.741881291259527
3029269,0.2837177219012405
3029270,5.156494995854705
3029271,249.68688833381853
3029272,0.2837177219012405
3029273,232.25168215127482
3029274,11.510219720058268
3029275,243.74296364443984
3029276,258.7553783673692
3029277,268.8998933930588
3029278,134.92589499890826
3029279,123.26256333475806
3029280,304.0342801377365
3029281,30.179604749285364
3029282,0.649053558943688
3029283,20.01446312789743
3029284,46.34014529535517
3029285,0.316615980897775
3029286,222.19001826255382
3029287,18.584413421801898
3029288,16.432788040623983
3029289,5.5621758396755405
3029290,82.11691795543959
3029291,5.77477955025606
3029292,324.1789716719624
3029293,283.3932265567998
3029294,6.64464419455075
3029295,14.096810957085308
3029296,314.92584978001975
3029297,84.05028481061217
3029298,40.60388228177305
3029299,0.06460160685235172
3029300,32.124755660419424
3029301,4.21385447188452
3029302,0.2837177219012405
3029303,5.630953033946429
3029304,255.47247107313908
3029305,0.3666302095582
3029306,207.45873156497856
3029307,15.068877025426517
3029308,206.2985277043882
3029309,209.59508078279242
3029310,154.6190078165895
3029311,235.19387962788466
3029312,179.99964944893222
3029313,304.9004794522982
3029314,29.96996517392397
3029315,2.817434889289047
3029316,38.02561900850178
3029317,33.64471793315677
3029318,0.6232234999897319
3029319,186.9481361543116
3029320,11.122480516598712
3029321,31.488149654488627
3029322,6.922841053041827
3029323,148.42915640626916
3029324,12.443665288156172
3029325,328.8693608589404
3029326,196.9016110193818
3029327,6.438855611166784
3029328,12.486343240549258
3029329,132.20239893984711
3029330,112.42256837692639
3029331,33.525168003821655
3029332,0.1854047527639974
3029333,37.90841090945276
3029334,3.6856119300045576
3029335,0.8962149068330859
3029336,9.296244976205521
3029337,253.04118646512845
3029338,0.2837177219012405
3029339,181.8854977343952
3029340,19.402495286343793
3029341,193.977441763246
3029342,273.5196827287268
3029343,247.51942515163034
3029344,258.79429003493544
3029345,142.3544302526892
3029346,305.98825780199167
3029347,34.0912874250114
3029348,2.786895405099893
3029349,31.563448031787033
3029350,38.67929791229885
3029351,0.316615980897775
3029352,284.5723948704577
3029353,23.305679560256895
3029354,27.55026724355886
3029355,22.551782691432166
3029356,154.52999332499866
3029357,19.376597181585648
3029358,325.08893080183987
3029359,280.43965614469727
3029360,16.839857687986175
3029361,17.330706497350498
3029362,146.4390544152205
3029363,137.25019430204432
3029364,30.418692764767314
3029365,2.7535862580409187
3029366,33.643896691085665
3029367,12.921526953172172
3029368,0.6642177161027323
3029369,11.008412141967822
3029370,244.1704435765359
3029371,0.2837177219012405
3029372,344.47578942525524
3029373,12.343601500755998
3029374,250.24324659088234
3029375,160.130096899098
3029376,274.7021158705794
3029377,156.0300200341686
3029378,109.73347015490927
3029379,305.12205848742997
3029380,9.631625672706251
3029381,1.0906058385745978
3029382,44.80088157845546
3029383,38.23554995745236
3029384,0.316615980897775
3029385,335.6443674846983
3029386,10.12000665317345
3029387,3.6884776381261792
3029388,9.33832700064971
3029389,48.13982619643635
3029390,4.395155537093639
3029391,354.50439609775117
3029392,343.1742456975192
3029393,6.056300676341606
3029394,7.398868272409239
3029395,316.0393020224243
3029396,104.07628306420276
3029397,114.93723060514033
3029398,139.98584169078376
3029399,14.836795491175577
